"card_id","card_name","v0_coef","v0_se","v0_z","v0_p","v0_or","v0_or_lower","v0_or_upper","v0_aic","v0_converged","v0_separation","v0_win_rate_lift_prob","v0_win_rate_lift_mean_prob","v1_coef","v1_se","v1_z","v1_p","v1_or","v1_or_lower","v1_or_upper","v1_aic","v1_converged","v1_separation","v1_win_rate_lift_prob","v1_win_rate_lift_mean_prob","v2_coef","v2_se","v2_z","v2_p","v2_or","v2_or_lower","v2_or_upper","v2_aic","v2_converged","v2_separation","v2_win_rate_lift_prob","v2_win_rate_lift_mean_prob","n_games","v0_p_adj","v0_significant_raw","v0_significant_fdr","v1_p_adj","v1_significant_raw","v1_significant_fdr","v2_p_adj","v2_significant_raw","v2_significant_fdr","best_aic","aic_improvement_v0_to_v1","aic_improvement_v1_to_v2","or_range","or_mean","or_cv","confidence","v0_win_rate_lift_pct","v0_win_rate_lift_mean_pct","v0_win_rate_lift_std","v0_win_rate_lift_mean_std","v1_win_rate_lift_pct","v1_win_rate_lift_mean_pct","v1_win_rate_lift_std","v1_win_rate_lift_mean_std","v2_win_rate_lift_pct","v2_win_rate_lift_mean_pct","v2_win_rate_lift_std","v2_win_rate_lift_mean_std","ridge_coef","ridge_or","ridge_lambda_min"
"2b5801fb-2026-4f25-98bc-ebb2f99684b9","Undercity Sewers",0.231715408750169,0.2141338592065,1.0821054157844,0.279205689610952,1.26076087625409,0.82862551633795,1.91825855679383,2598.76963743922,TRUE,FALSE,0.0527800879051353,0.0577086647272924,0.392998431786199,0.218792452447737,1.79621567101395,0.0724602233483926,1.48141606615032,0.964799689332376,2.27466238361552,2586.77838687627,TRUE,FALSE,0.0880192423863024,0.097905792029063,0.628619688208171,0.207620954936883,3.02772756439384,0.00246400114899611,1.8750206790874,1.24817516482924,2.81667401024307,2768.24274405672,TRUE,FALSE,0.150814629795567,0.153245450701936,108,0.70564468414073,FALSE,FALSE,0.682611960387743,FALSE,FALSE,0.139108896777108,TRUE,FALSE,2586.77838687627,11.9912505629482,-181.464357180452,0.614259802833314,1.5390658738306,0.39911209343137,"low",5.27800879051353,5.77086647272924,0.105560175810271,0.115417329454585,8.80192423863024,9.7905792029063,0.176038484772605,0.195811584058126,15.0814629795567,15.3245450701936,0.301629259591134,0.306490901403872,0.109133654140949,1.11531140636816,0.317757956168309
"825969b9-3c70-4fca-8cab-696e9ca7cdb2","Prismatic Ending",0.132653262495334,0.213986063531439,0.619915429566487,0.535313466858174,1.14185400607342,0.750692307148751,1.73683752819857,2599.56532920505,TRUE,FALSE,0.0302756062790793,0.0331219532042902,0.0924991458974493,0.219878027869749,0.420683898221261,0.673985920496949,1.09691220468439,0.712866018386322,1.68785768118002,2589.87829604885,TRUE,FALSE,0.0208831182881148,0.0229984325934597,0.571906115918534,0.212043453637399,2.69711752995927,0.0069942579709165,1.77164078775347,1.16917801051786,2.68454508432082,2770.17674435266,TRUE,FALSE,0.138028078026226,0.139178401119865,106,0.843913075544079,FALSE,FALSE,0.959606096866589,FALSE,FALSE,0.18057902397639,TRUE,FALSE,2589.87829604885,9.68703315620178,-180.298448303815,0.674728583069076,1.33680233283709,0.504733247762293,"low",3.02756062790793,3.31219532042902,0.0605512125581586,0.0662439064085805,2.08831182881148,2.29984325934597,0.0417662365762297,0.0459968651869194,13.8028078026226,13.9178401119865,0.276056156052453,0.27835680223973,0.0522184511183396,1.05360587875819,0.317757956168309
"3d8ca18d-9099-4f1e-95c1-f04da58a26bd","Gut, True Soul Zealot",0.356205054130961,0.180154660829275,1.97721808856514,0.0480169838209516,1.42790031510451,1.00310673483428,2.03258460846879,2595.96380670111,TRUE,FALSE,0.0810253977736506,0.0883170846936006,0.116048790613099,0.193237723371444,0.600549357487661,0.548140176989627,1.12305066512704,0.768974748209129,1.64016152595338,2589.69362823153,TRUE,FALSE,0.0262209913058542,0.0288660548761275,0.564240273596341,0.183541949095409,3.07417610185145,0.0021108479216911,1.7581115914196,1.22690906750463,2.51930354885269,2767.92518826769,TRUE,FALSE,0.136826744030224,0.137845674700038,158,0.340629627565346,TRUE,FALSE,0.959606096866589,FALSE,FALSE,0.139108896777108,TRUE,FALSE,2589.69362823153,6.27017846958415,-178.231560036159,0.635060926292553,1.43635419055038,0.442133932194823,"low",8.10253977736506,8.83170846936006,0.162050795547301,0.176634169387201,2.62209913058542,2.88660548761275,0.0524419826117084,0.0577321097522551,13.6826744030224,13.7845674700038,0.273653488060447,0.275691349400076,0.119849369548641,1.12732702901026,0.317757956168309
"bbec97ff-bb84-4496-9e09-d4fc1570c516","Mawloc",0.524312342307486,0.197299576298143,2.65744281941685,0.00787359459860071,1.68929679094278,1.14752238772601,2.48685662119819,2592.7275717934,TRUE,FALSE,0.117871284771373,0.128656836657024,0.495985166266875,0.208231308746277,2.3818952551041,0.0172237958057896,1.64211519893942,1.09182630260712,2.46975395275686,2584.25559892586,TRUE,FALSE,0.110523220443812,0.123269713127662,0.556966415982525,0.198226407141005,2.80974883223474,0.0049580175917395,1.74536973543735,1.18346036289864,2.57407481389519,2769.55391417988,TRUE,FALSE,0.134628269095546,0.135886416733544,127,0.173097283465316,TRUE,FALSE,0.386730757430499,TRUE,FALSE,0.153520877071554,TRUE,FALSE,2584.25559892586,8.4719728675359,-185.298315254024,0.10325453649793,1.69226057510652,0.0610157430934833,"medium",11.7871284771373,12.8656836657024,0.235742569542746,0.257313673314048,11.0523220443812,12.3269713127662,0.221046440887624,0.246539426255324,13.4628269095546,13.5886416733544,0.269256538191092,0.271772833467088,0.105453695244321,1.11121464880872,0.317757956168309
"416d2d51-8f29-4e95-b037-e8c32b081e6c","Mana Drain",0.141936926380297,0.189220337940842,0.750114538029587,0.453185724340532,1.15250395364839,0.795380282457198,1.66997522125102,2599.38645448117,TRUE,FALSE,0.0323952006899244,0.0354359626107871,0.302650798941906,0.196080200895827,1.54350514513547,0.122708260094981,1.35344175861823,0.921579351070558,1.98767972811421,2587.64567130549,TRUE,FALSE,0.0680868522692147,0.0754313500688669,0.552569936224359,0.187106016123129,2.9532451584065,0.00314452123984814,1.73771309618767,1.20423215085298,2.50752880374707,2768.75888851395,TRUE,FALSE,0.13358807469228,0.135543959471395,139,0.799408358464044,FALSE,FALSE,0.682611960387743,FALSE,FALSE,0.139108896777108,TRUE,FALSE,2587.64567130549,11.7407831756777,-181.11321720846,0.585209142539284,1.41455293615143,0.413706074607192,"low",3.23952006899244,3.54359626107871,0.0647904013798489,0.0708719252215743,6.80868522692147,7.54313500688669,0.136173704538429,0.150862700137734,13.358807469228,13.5543959471395,0.26717614938456,0.27108791894279,0.107907915318286,1.11394516337761,0.317757956168309
"a6539e26-b63b-4725-9407-caaf451de084","Troll of Khazad-dûm",0.281309908219185,0.168227255120125,1.67220173697961,0.094484548099841,1.32486412660193,0.952737830994409,1.84233783613344,2597.13281670716,TRUE,FALSE,0.0639930255978461,0.0699751016878195,0.490664699406823,0.178781706323353,2.7444905270083,0.00606049035838021,1.63340158025774,1.15056434295915,2.31886268570312,2582.40642925749,TRUE,FALSE,0.109290011049009,0.121969096142235,0.542560305027023,0.16984116519393,3.19451591378044,0.00140065562781132,1.72040599233495,1.23327301280179,2.39995260395575,2767.30039249089,TRUE,FALSE,0.131162267836773,0.134008772583856,175,0.482984000779561,FALSE,FALSE,0.358273134128225,TRUE,FALSE,0.139108896777108,TRUE,FALSE,2582.40642925749,14.7263874496734,-184.893963233397,0.395541865733016,1.55955723306488,0.253624462986644,"low",6.39930255978461,6.99751016878194,0.127986051195692,0.139950203375639,10.9290011049009,12.1969096142235,0.218580022098017,0.24393819228447,13.1162267836773,13.4008772583856,0.262324535673546,0.268017545167712,0.118520459622057,1.12582990792077,0.317757956168309
"1daf4348-05c5-4c55-bcf2-c7bec7988bfc","Plateau",0.483047219470959,0.199530836198594,2.42091512607194,0.0154814914354505,1.62100644627176,1.09632840201835,2.39678356778593,2593.92033145822,TRUE,FALSE,0.10907284427478,0.118857777125855,0.293841207145581,0.209626087521179,1.40173969099096,0.160992993584404,1.34157085488665,0.889562131503582,2.02325649321333,2588.06190402302,TRUE,FALSE,0.0661746436116951,0.0732850116708288,0.531124836062237,0.20123441230909,2.63933404812714,0.00830690826592442,1.70084440414198,1.14649032887831,2.52324124699018,2770.49424937624,TRUE,FALSE,0.128905759071047,0.129890726516832,126,0.219837178383397,TRUE,FALSE,0.682611960387743,FALSE,FALSE,0.181473995963272,TRUE,FALSE,2588.06190402302,5.85842743520061,-182.432345353219,0.359273549255322,1.5544739017668,0.231122277991915,"low",10.907284427478,11.8857777125855,0.218145688549559,0.23771555425171,6.61746436116951,7.32850116708288,0.13234928722339,0.146570023341658,12.8905759071047,12.9890726516832,0.257811518142094,0.259781453033664,0.150018712964226,1.16185598429433,0.317757956168309
"8c2996d9-3287-4480-8c04-7a378e37e3cf","Flooded Strand",0.220465106135559,0.179497786199116,1.22823300946452,0.219359510505433,1.24665642331903,0.876910315370451,1.772304659395,2598.43070622115,TRUE,FALSE,0.0502524182757636,0.0549402032089811,0.317793499119172,0.18469090267589,1.72067759978877,0.0853093433442003,1.37409248062051,0.956761944668495,1.97345866003485,2587.0630487404,TRUE,FALSE,0.0714390566755116,0.0792056388615159,0.526914709685451,0.180053608770085,2.92643237358426,0.00342874041352026,1.69369868699433,1.19006703384142,2.41046526015152,2768.93797886085,TRUE,FALSE,0.127623821198301,0.129396126485687,149,0.66275270915529,FALSE,FALSE,0.682611960387743,FALSE,FALSE,0.139108896777108,TRUE,FALSE,2587.0630487404,11.367657480745,-181.874930120447,0.447042263675298,1.43814919697795,0.310845539958362,"low",5.02524182757636,5.49402032089811,0.100504836551527,0.109880406417962,7.14390566755116,7.92056388615159,0.142878113351023,0.158411277723032,12.7623821198301,12.9396126485687,0.255247642396601,0.258792252971374,0.145882643645252,1.15706039169288,0.317757956168309
"eeeffc0b-dc92-458e-ad58-86ff6077a508","Sentinel of the Nameless City",0.450795346594899,0.206719170831325,2.18071379051114,0.0292045923937158,1.56956003341666,1.04668263945929,2.35364436709444,2595.1143702159,TRUE,FALSE,0.101700739917939,0.111119351891953,0.438270702116139,0.219508061390081,1.99660413080366,0.0458682037718477,1.55002444552949,1.008067268244,2.38334866870956,2585.98685030637,TRUE,FALSE,0.0978955077422402,0.109121585319261,0.523862355090332,0.213814522613089,2.45007845439149,0.0142825091145386,1.68853679998681,1.1104728224179,2.5675158070971,2771.52363064066,TRUE,FALSE,0.126794916261351,0.128454703198453,109,0.319004009223665,TRUE,FALSE,0.682611960387743,TRUE,FALSE,0.237196305976526,TRUE,FALSE,2585.98685030637,9.12751990952665,-185.536780334281,0.13851235445732,1.60270709297765,0.0864239979121697,"medium",10.1700739917939,11.1119351891953,0.203401479835878,0.222238703783906,9.78955077422402,10.9121585319261,0.19579101548448,0.218243170638523,12.6794916261351,12.8454703198453,0.253589832522702,0.256909406396906,0.15437684127751,1.16693055153113,0.317757956168309
"310a1c46-8331-4a09-9fcb-d942f8102364","Thoughtseize",0.0617356564847389,0.175394918077228,0.351980873571012,0.724852606466137,1.06368113035196,0.754244733842122,1.50006688320299,2599.8283040269,TRUE,FALSE,0.0140956217315018,0.0154300960941394,0.127192798464556,0.177830297053363,0.715248192080501,0.474455695199057,1.13563594554294,0.801432454969035,1.60920485914066,2589.54232526578,TRUE,FALSE,0.028720556006074,0.0316337604125064,0.50866314244441,0.170779411043381,2.97848048155642,0.00289681479062744,1.66306642526109,1.18997880590311,2.32423461754988,2768.6042924382,TRUE,FALSE,0.123474587686966,0.124968287979698,164,0.913378039687918,FALSE,FALSE,0.942275646409316,FALSE,FALSE,0.139108896777108,TRUE,FALSE,2589.54232526578,10.285978761121,-179.061967172424,0.599385294909128,1.28746116705199,0.46555601850236,"low",1.40956217315018,1.54300960941394,0.0281912434630035,0.0308601921882787,2.8720556006074,3.16337604125064,0.057441112012148,0.0632675208250127,12.3474587686966,12.4968287979698,0.246949175373931,0.249936575959395,0.110634883645068,1.11698700216991,0.317757956168309
"24a5cc2c-0fbf-4a5f-b175-6e0ffd0d0787","Misty Rainforest",0.25869604802429,0.182213921406847,1.41973810797186,0.155683939401554,1.29524005421694,0.906247131614651,1.85120232607949,2597.91846181517,TRUE,FALSE,0.0588974335923268,0.0643875716722054,0.264842487702762,0.186659241104438,1.41885548304881,0.155941153117291,1.30322568553938,0.903924332697091,1.87891522112473,2588.02467330718,TRUE,FALSE,0.0596282548394125,0.0660182018306675,0.490671891288095,0.176385827753753,2.7818101801983,0.00540566468561808,1.63341332753022,1.15598832288746,2.30801561376421,2769.77711492871,TRUE,FALSE,0.119135406872905,0.120713349405404,150,0.566849215256941,FALSE,FALSE,0.682611960387743,FALSE,FALSE,0.153520877071554,TRUE,FALSE,2588.02467330718,9.89378850799358,-181.752441621536,0.338173273313277,1.41062635576218,0.239732705923078,"low",5.88974335923268,6.43875716722054,0.117794867184654,0.128775143344411,5.96282548394125,6.60182018306675,0.119256509678825,0.132036403661335,11.9135406872905,12.0713349405404,0.238270813745809,0.241426698810807,0.132024745813981,1.14113655727082,0.317757956168309
"68841ca8-a043-4f30-9a17-e983ed960bc2","Demonic Tutor",-0.0180000197227189,0.169791909833064,-0.106012234272034,0.915572645343278,0.982161012987415,0.704130082935994,1.36997449592017,2599.94124591818,TRUE,FALSE,-0.00410649615595835,-0.00449991157550444,0.174643881062545,0.177657274935056,0.983038162250249,0.325588656783296,1.19082206680382,0.840663029374861,1.68683187583666,2589.08672990044,TRUE,FALSE,0.0393810282042139,0.043424848871369,0.484280296301757,0.169070138162418,2.86437511417025,0.00417832879713595,1.62300650462261,1.16521174457639,2.2606621726122,2769.37771071649,TRUE,FALSE,0.117456980978956,0.119743587386198,172,0.974307760668449,FALSE,FALSE,0.845702464012326,FALSE,FALSE,0.148330672298326,TRUE,FALSE,2589.08672990044,10.8545160177391,-180.290980816051,0.640845491635197,1.26532986147128,0.506465160705244,"low",-0.410649615595835,-0.449991157550444,-0.0082129923119167,-0.00899982315100889,3.93810282042139,4.34248488713691,0.0787620564084279,0.0868496977427381,11.7456980978956,11.9743587386198,0.234913961957912,0.239487174772396,0.0619861734503479,1.06394763390155,0.317757956168309
"819a513c-3be6-4bdc-8ba6-1f7326a8f3ea","Fiery Confluence",0.391516051477429,0.186623896557472,2.09788809846685,0.0359150316065262,1.47922167101068,1.02606717182935,2.13250829191477,2595.48438434073,TRUE,FALSE,0.0886746277927104,0.09688287879244,0.363939694580216,0.190378798694141,1.91166084184045,0.055919709998259,1.43898743280018,0.990839464851918,2.08982878176569,2586.35167625746,TRUE,FALSE,0.0816408434046014,0.0907143846656392,0.477927593370163,0.183562422092255,2.60362435798524,0.00922437962798043,1.61272870690547,1.12540756052146,2.31106842828732,2770.75068437257,TRUE,FALSE,0.116188485305177,0.117554356872554,140,0.333744739049673,TRUE,FALSE,0.682611960387743,FALSE,FALSE,0.187123129596174,TRUE,FALSE,2586.35167625746,9.13270808326342,-184.399008115101,0.173741274105291,1.51031260357211,0.115036631287038,"medium",8.86746277927104,9.688287879244,0.177349255585421,0.19376575758488,8.16408434046014,9.07143846656392,0.163281686809203,0.181428769331278,11.6188485305177,11.7554356872554,0.232376970610354,0.235108713745108,0.131020168766209,1.13999077328752,0.317757956168309
"06cb1bd6-73e0-4104-b344-4bc52d7dcedf","Baleful Strix",0.176909574532173,0.20160401526302,0.877510174097327,0.380209595154512,1.193523163357,0.803937060857185,1.77190182021321,2599.17726533101,TRUE,FALSE,0.0403424924136614,0.0441312990095948,0.326185248720038,0.206053112068975,1.58301539561727,0.113417955376367,1.38567203906977,0.925261525708147,2.0751830120573,2587.52279672409,TRUE,FALSE,0.0732599422041377,0.0812943836754524,0.473362477328444,0.195056964288866,2.42679095849881,0.0152330301864466,1.60538319253426,1.09532467626396,2.35296004072715,2771.66518121917,TRUE,FALSE,0.115067811779788,0.116783489919567,122,0.755030235272011,FALSE,FALSE,0.682611960387743,FALSE,FALSE,0.237196305976526,TRUE,FALSE,2587.52279672409,11.6544686069142,-184.14238449508,0.411860029177258,1.39485946498701,0.295269910349781,"low",4.03424924136614,4.41312990095948,0.0806849848273228,0.0882625980191896,7.32599422041377,8.12943836754524,0.146519884408275,0.162588767350905,11.5067811779788,11.6783489919567,0.230135623559576,0.233566979839135,0.0916180673230157,1.09594616448397,0.317757956168309
"26d40e03-6de4-4373-9fbf-04c1dd79e995","Jetmir's Garden",0.468688316983501,0.214608643625031,2.18392096919639,0.0289680558766774,1.59789688381089,1.04922875526011,2.43347738850292,2595.08456325876,TRUE,FALSE,0.105684684325128,0.11537728262331,0.393510409787779,0.219524451228419,1.79255844889153,0.0730435553989968,1.482174712776,0.963909841056969,2.27909477175135,2586.78800471015,TRUE,FALSE,0.0881329943641337,0.0980609834665721,0.472029165155519,0.212669379528533,2.21954456350021,0.0264496989724456,1.60324414190945,1.05674896524658,2.43235798008773,2772.62918355546,TRUE,FALSE,0.11479612446952,0.115829367428071,106,0.319004009223665,TRUE,FALSE,0.682611960387743,FALSE,FALSE,0.288912096468252,TRUE,FALSE,2586.78800471015,8.29655854860812,-185.841178845315,0.12106942913345,1.56110524616545,0.0775536623368821,"medium",10.5684684325128,11.537728262331,0.211369368650255,0.230754565246621,8.81329943641337,9.80609834665721,0.176265988728267,0.196121966933144,11.479612446952,11.5829367428071,0.229592248939039,0.231658734856143,0.0879404340627057,1.0919230786694,0.317757956168309
"7c024bae-5631-4e20-ac69-df392ac9e109","Orcish Bowmasters",0.142886956616044,0.178367733396815,0.801080744229468,0.42308490295233,1.15359938751643,0.813252368827448,1.63638201115481,2599.30771536703,TRUE,FALSE,0.0326050757055308,0.0356738109484436,0.231949485040635,0.181847834848153,1.27551414199855,0.202127321842952,1.26105602502548,0.882962744469774,1.80105254521021,2588.41674886204,TRUE,FALSE,0.052264148772381,0.0577487384317961,0.467454889902746,0.175647510518059,2.66132374164611,0.00778340800069374,1.59592720949667,1.13109452405519,2.25178674623975,2770.46147935853,TRUE,FALSE,0.113680983166659,0.115575292304516,153,0.790500739726721,FALSE,FALSE,0.696094999265457,FALSE,FALSE,0.181473995963272,TRUE,FALSE,2588.41674886204,10.8909665049937,-182.044730496498,0.442327821980248,1.33686087401286,0.330870497131471,"low",3.26050757055308,3.56738109484436,0.0652101514110616,0.0713476218968873,5.2264148772381,5.77487384317961,0.104528297544762,0.115497476863592,11.3680983166659,11.5575292304516,0.227361966333317,0.231150584609033,0.106802231133495,1.11271417249672,0.317757956168309
"4a1f905f-1d55-4d02-9d24-e58070793d3f","Atraxa, Grand Unifier",0.191956819837929,0.180115351140161,1.06574380597106,0.286539469436363,1.21161819796518,0.851233105512438,1.72457890574716,2598.8108502533,TRUE,FALSE,0.0437479966027679,0.0478723393633448,0.352380290828075,0.192927483814053,1.82649088591082,0.0677763528720745,1.42244936532054,0.974571319040707,2.07615610819786,2586.6876853629,TRUE,FALSE,0.0790124110110745,0.0876982508806698,0.437875643953405,0.184051434621783,2.37909389216781,0.0173552547125224,1.54941221666082,1.080187710546,2.22246392335304,2771.93827009047,TRUE,FALSE,0.106611416423261,0.108521038689937,149,0.70564468414073,FALSE,FALSE,0.682611960387743,FALSE,FALSE,0.237196305976526,TRUE,FALSE,2586.6876853629,12.1231648904013,-185.250584727572,0.337794018695636,1.39449325998218,0.242234242638041,"low",4.37479966027679,4.78723393633448,0.0874959932055357,0.0957446787266896,7.90124110110745,8.76982508806698,0.158024822022149,0.17539650176134,10.6611416423261,10.8521038689937,0.213222832846522,0.217042077379874,0.0956786823004927,1.10040542744171,0.317757956168309
"95c14c4d-6c16-4826-8d93-d89ad04aee09","Etali, Primal Conqueror // Etali, Primal Sickness",0.20058311985226,0.188713053736413,1.0629000796756,0.287827266892966,1.22211519005246,0.844260261283996,1.76908188890173,2598.81696267605,TRUE,FALSE,0.0456917556687172,0.0500093841601506,0.339997734770842,0.202191720673227,1.68156111258547,0.092653976653626,1.40494440803895,0.945257371525338,2.08818132409244,2587.20994056174,TRUE,FALSE,0.076241622694801,0.0846280455566926,0.412913687121165,0.196411542390414,2.10228829780483,0.0355280290489919,1.51121458302342,1.02834124674532,2.22082846834235,2773.20174739446,TRUE,FALSE,0.100658710081832,0.102418883713981,131,0.70564468414073,FALSE,FALSE,0.682611960387743,FALSE,FALSE,0.305756371209506,TRUE,FALSE,2587.20994056174,11.6070221143168,-185.991806832723,0.289099392970964,1.37942472703828,0.209579680068285,"low",4.56917556687172,5.00093841601506,0.0913835113374345,0.100018768320301,7.6241622694801,8.46280455566926,0.152483245389602,0.169256091113385,10.0658710081832,10.2418883713981,0.201317420163664,0.204837767427962,0.0987872910124321,1.10383147970913,0.317757956168309
"5427d8a6-ac9e-4e50-bd39-81713b2ade25","Fatal Push",0.18001259166677,0.175476281720332,1.02585141366095,0.304961627326693,1.19723243817881,0.848809142624516,1.68867821875199,2598.89418246853,TRUE,FALSE,0.041053829883328,0.0449081953970516,0.219699827941772,0.177688712346771,1.23643097549727,0.216298408117577,1.24570274930262,0.87935196318788,1.76468058818511,2588.51784325982,TRUE,FALSE,0.0495151884140231,0.0547288329405158,0.407592840639174,0.171603161307355,2.37520589675585,0.0175391634700953,1.50319499664028,1.0738503467984,2.10419934645565,2771.94834564003,TRUE,FALSE,0.0995265955264813,0.100858337006961,159,0.70564468414073,FALSE,FALSE,0.709244149972952,FALSE,FALSE,0.237196305976526,TRUE,FALSE,2588.51784325982,10.3763392087044,-183.430502380207,0.305962558461473,1.31537672804057,0.232604509369149,"low",4.1053829883328,4.49081953970516,0.0821076597666559,0.0898163907941032,4.95151884140231,5.47288329405158,0.0990303768280461,0.109457665881032,9.95265955264813,10.0858337006961,0.199053191052963,0.201716674013923,0.0315777233800468,1.03208158934797,0.317757956168309
"bd8fa327-dd41-4737-8f19-2cf5eb1f7cdd","Black Lotus",0.385789761759742,0.170935683901447,2.2569293488314,0.024012489815294,1.47077542507106,1.05206596982962,2.05612614895555,2594.790240363,TRUE,FALSE,0.0874013388441522,0.0955366146921701,0.462073554734721,0.172914611467428,2.67226436686504,0.00753412667292535,1.58736205692665,1.13106641327974,2.22773682445756,2582.80888077218,TRUE,FALSE,0.10310673881534,0.115002824909397,0.405907651971826,0.167318950247099,2.42595146199743,0.0152683121707827,1.50066396270097,1.08108212758732,2.08309088780813,2771.69216748669,TRUE,FALSE,0.0991682997342819,0.10056358755435,166,0.319004009223665,TRUE,FALSE,0.358273134128225,TRUE,FALSE,0.237196305976526,TRUE,FALSE,2582.80888077218,11.9813595908145,-188.883286714506,0.116586631855593,1.51960048156623,0.0767218971498543,"medium",8.74013388441522,9.55366146921701,0.174802677688304,0.19107322938434,10.310673881534,11.5002824909397,0.206213477630679,0.230005649818794,9.91682997342819,10.056358755435,0.198336599468564,0.2011271751087,0.115059488659575,1.12194017830409,0.317757956168309
"4acf970d-d2d7-413d-aba7-587ee53d8d5c","Stomping Ground",0.481946464945671,0.179642738841065,2.68280515012668,0.00730075131199436,1.61922309778503,1.13865381069039,2.30261684085599,2592.6111526677,TRUE,FALSE,0.10866700897825,0.118678389712835,0.338037580497337,0.184375812780249,1.8334160831618,0.066740717630415,1.4021931975329,0.976931235676531,2.01257334334897,2586.64963668587,TRUE,FALSE,0.0759597707113027,0.0842906501495289,0.403679928384479,0.17796223583983,2.2683460144196,0.0233081254116768,1.49732461914281,1.05640744204473,2.12226923614973,2772.43257282346,TRUE,FALSE,0.0987046423094952,0.0996741561821576,152,0.173097283465316,TRUE,FALSE,0.682611960387743,FALSE,FALSE,0.285490010933524,TRUE,FALSE,2586.64963668587,5.96151598182541,-185.782936137591,0.217029900252122,1.50624697148691,0.144086530536143,"medium",10.866700897825,11.8678389712835,0.217334017956499,0.23735677942567,7.59597707113027,8.42906501495289,0.151919541422605,0.168581300299058,9.87046423094952,9.96741561821576,0.19740928461899,0.199348312364315,0.119256635942357,1.12665902238944,0.317757956168309
"612b2e6e-fe8d-49ad-b845-6fa7fa59ffd1","Concealing Curtains // Revealing Eye",0.0693763303400264,0.187538781275175,0.369930581121943,0.711434214835835,1.07183949898159,0.742153131101867,1.54798230099958,2599.81534786634,TRUE,FALSE,0.0158345350663684,0.0173384459148402,0.1275452962916,0.189402413813618,0.673409032775643,0.500687103617854,1.13603632530841,0.783735698457925,1.64670122205683,2589.6009419864,TRUE,FALSE,0.0287805096446842,0.031723739019261,0.392081542500651,0.182043249954176,2.15378237094397,0.0312572428483347,1.4800583941444,1.03590637961865,2.11464365233829,2772.9686397472,TRUE,FALSE,0.0957528441720223,0.0969911598255301,137,0.913378039687918,FALSE,FALSE,0.949908449985502,FALSE,FALSE,0.293940071484106,TRUE,FALSE,2589.6009419864,10.2144058799358,-183.367697760793,0.408218895162812,1.2293114061448,0.33207118482941,"low",1.58345350663684,1.73384459148402,0.0316690701327368,0.0346768918296805,2.87805096446843,3.1723739019261,0.0575610192893685,0.0634474780385219,9.57528441720223,9.69911598255301,0.191505688344045,0.19398231965106,0.0379875014336298,1.03871825030837,0.317757956168309
"9d3a7998-ccac-45ad-a4e9-3a2cb057f63b","Elite Spellbinder",0.367688738922961,0.174704170006012,2.1046363055347,0.0353229787971973,1.44439238586806,1.02559052198899,2.03421279704067,2595.46209183944,TRUE,FALSE,0.0833905549261622,0.0911230422303416,0.24429531987284,0.183586686169898,1.33068102578397,0.183293988919095,1.27672131599775,0.890889760263946,1.8296509752678,2588.27342040334,TRUE,FALSE,0.0550430002299427,0.0609240419856658,0.386336414914251,0.17690824928594,2.18382362876594,0.0289752106087508,1.47157964889247,1.04039062782921,2.08147459724135,2772.8321547204,TRUE,FALSE,0.0945436922319396,0.0953687738872232,159,0.333744739049673,TRUE,FALSE,0.682611960387743,FALSE,FALSE,0.2915726346125,TRUE,FALSE,2588.27342040334,7.1886714360985,-184.55873431706,0.194858332894715,1.39756445025276,0.139427081777498,"medium",8.33905549261622,9.11230422303416,0.166781109852324,0.182246084460683,5.50430002299427,6.09240419856658,0.110086000459885,0.121848083971332,9.45436922319396,9.53687738872232,0.189087384463879,0.190737547774446,0.11932440218567,1.1267353744259,0.317757956168309
"cf3eb762-6c3f-4b11-a4f9-968f79370217","Mystic Confluence",-0.0232824864918262,0.197566758674643,-0.117846173354335,0.906189543374857,0.976986459311069,0.663309663659241,1.43899990301895,2599.93860258602,TRUE,FALSE,-0.00531148431086375,-0.00582040361568759,0.101209393562342,0.203198786508572,0.498080698715553,0.618427164151461,1.10650831322479,0.742999261658917,1.64786253555878,2589.80728196369,TRUE,FALSE,0.0228405448383005,0.0251534606103774,0.384277482418644,0.195136569477075,1.9692745621614,0.0489215706636996,1.46855288275632,1.00181144493132,2.15274798502602,2773.74692437244,TRUE,FALSE,0.0938523208604479,0.0951846994721086,123,0.974307760668449,FALSE,FALSE,0.959606096866589,FALSE,FALSE,0.34003579488252,TRUE,FALSE,2589.80728196369,10.1313206223313,-183.939642408751,0.491566423445252,1.18401588509739,0.415168774027738,"low",-0.531148431086375,-0.582040361568759,-0.0106229686217275,-0.0116408072313752,2.28405448383005,2.51534606103774,0.0456810896766009,0.0503069212207548,9.38523208604479,9.51846994721086,0.187704641720896,0.190369398944217,0.0698931442163892,1.0723935836749,0.317757956168309
"3a2d7cf9-dddb-4de3-b4f2-c52e3ec8fb4b","Brain Freeze",0.522491228848594,0.207249954541426,2.52106800218457,0.0116999239025154,1.6862231893588,1.12331183546794,2.53121934137452,2593.49974517337,TRUE,FALSE,0.117241801896179,0.128176362312924,0.694064260432488,0.217701612930924,3.18814477802106,0.00143188823101698,2.00183500103774,1.30652259364272,3.06718260432594,2579.71962140588,TRUE,FALSE,0.152007241113874,0.171699562674081,0.382449472142307,0.209168745306173,1.82842552113841,0.0674857140473306,1.46587080517486,0.972853991034797,2.20873557313406,2774.28042954344,TRUE,FALSE,0.0934528766270525,0.0949037568909145,110,0.184598799350798,TRUE,FALSE,0.189959036201822,TRUE,FALSE,0.400045246762185,FALSE,FALSE,2579.71962140588,13.7801237674907,-194.56080813756,0.535964195862874,1.71797633185713,0.311974144185966,"low",11.7241801896179,12.8176362312924,0.234483603792357,0.256352724625848,15.2007241113874,17.1699562674081,0.304014482227747,0.343399125348162,9.34528766270525,9.49037568909145,0.186905753254105,0.189807513781829,0.127562695685392,1.13605609182375,0.317757956168309
"073bfdca-d7b8-4f4b-93f3-6e7c44bc0b0a","Sol Ring",0.245686245065939,0.171433638576706,1.43312740198306,0.1518214318117,1.2784983754326,0.913635405916524,1.78907043816246,2597.88143862441,TRUE,FALSE,0.0559549830572825,0.0611839193353686,0.255199030378761,0.174786658139797,1.46006012755646,0.144273549615662,1.29071848749935,0.916326240858091,1.81807978391248,2587.90674590894,TRUE,FALSE,0.0574651691011073,0.0635742639809331,0.381751332959128,0.169282190525535,2.25511810648234,0.0241259164169175,1.46484778047666,1.05122719571664,2.04121338252154,2772.5091003479,TRUE,FALSE,0.0933757524202626,0.0946567137778957,162,0.564653445607896,FALSE,FALSE,0.682611960387743,FALSE,FALSE,0.285490010933524,TRUE,FALSE,2587.90674590894,9.9746927154647,-184.60235443896,0.186349405044053,1.34468821446954,0.138581868301393,"medium",5.59549830572825,6.11839193353686,0.111909966114565,0.122367838670737,5.74651691011073,6.35742639809331,0.114930338202215,0.127148527961866,9.33757524202626,9.46567137778957,0.186751504840525,0.189313427555791,0.118818053361241,1.12616499771059,0.317757956168309
"327cf118-cc92-4073-85d0-94d2a0a6989a","Scalding Tarn",-0.00926840979588314,0.179638758172346,-0.0515947109086057,0.958851633812152,0.990774409523078,0.69672786934633,1.40892014480026,2599.94981907332,TRUE,FALSE,-0.00211468807249535,-0.00231708930321889,0.0555448072222003,0.18146629721819,0.306088833429023,0.759537009797647,1.0571163824599,0.74072256105634,1.50865533847309,2589.96226918181,TRUE,FALSE,0.0125388204488024,0.0137853445323656,0.377792337682173,0.173574764518945,2.17653953746795,0.029514940628883,1.45905991964887,1.03830107868811,2.05032614606889,2772.87150919024,TRUE,FALSE,0.0923585883024071,0.0936665190282261,151,0.981043916170438,FALSE,FALSE,0.959606096866589,FALSE,FALSE,0.2915726346125,TRUE,FALSE,2589.96226918181,9.98754989150893,-182.909240008428,0.468285510125792,1.16898357054395,0.400592037326829,"low",-0.211468807249535,-0.231708930321889,-0.0042293761449907,-0.00463417860643778,1.25388204488024,1.37853445323656,0.0250776408976048,0.0275706890647313,9.23585883024071,9.36665190282261,0.184717176604814,0.187333038056452,0.0274823070708479,1.02786342903154,0.317757956168309
"09521f23-52d6-482d-9f3b-c4d12fcc08cc","Tidehollow Sculler",0.237490441151584,0.201715856507573,1.17735137565979,0.239055288967649,1.26806287551198,0.85395853724869,1.88297602999831,2598.55722290384,TRUE,FALSE,0.0540450297707597,0.0591401949123452,0.374203269497802,0.210848377846847,1.77475052603729,0.0759390885819722,1.45383264025448,0.961693437556315,2.19782028589077,2586.87608061402,TRUE,FALSE,0.0837814632177011,0.0932750616692139,0.376188903871021,0.202683498981396,1.85604109738381,0.0634477004153394,1.45672228826065,0.979149683232078,2.16722719871664,2774.18728720504,TRUE,FALSE,0.0919166989906662,0.0929744216656267,116,0.66275270915529,FALSE,FALSE,0.682611960387743,FALSE,FALSE,0.400045246762185,FALSE,FALSE,2586.87608061402,11.6811422898209,-187.31120659102,0.188659412748671,1.39287260134237,0.135446280274917,"medium",5.40450297707597,5.91401949123452,0.108090059541519,0.11828038982469,8.37814632177011,9.32750616692139,0.167562926435402,0.186550123338428,9.19166989906662,9.29744216656267,0.183833397981332,0.185948843331253,0.112513003253993,1.11908680858818,0.317757956168309
"0359f212-9564-41a9-870b-d2c57455a695","Brainstorm",0.148562345028254,0.213436410381179,0.696049679447545,0.486397718336773,1.16016512604731,0.76355278640068,1.76278987343,2599.46607663412,TRUE,FALSE,0.0338712752628758,0.037082313595605,0.30402950188868,0.218033843306597,1.39441426742709,0.163192542144919,1.35530903967629,0.883983544804538,2.07793754060707,2588.09854229422,TRUE,FALSE,0.0682569279239537,0.0757842345514936,0.368685654780909,0.208433333318078,1.76884209887043,0.0769202290292604,1.44583304152956,0.960939642916727,2.17540529146403,2774.50773907157,TRUE,FALSE,0.0900845487305518,0.0913219739033994,103,0.807818432793238,FALSE,FALSE,0.682611960387743,FALSE,FALSE,0.400045246762185,FALSE,FALSE,2588.09854229422,11.3675343399032,-186.409196777352,0.285667915482243,1.32043573575105,0.216343671825693,"low",3.38712752628758,3.7082313595605,0.0677425505257517,0.07416462719121,6.82569279239537,7.57842345514936,0.136513855847907,0.151568469102987,9.00845487305518,9.13219739033994,0.180169097461104,0.182643947806799,0.07885119735296,1.08204329918317,0.317757956168309
"261ac92e-c61a-4c11-aa6a-9ae1cb703e5c","Dreams of Steel and Oil",0.11971756754945,0.207002227335883,0.578339513976317,0.563034921836475,1.1271784548455,0.751257508859284,1.6912060832471,2599.61686524457,TRUE,FALSE,0.0273101559187063,0.0298992159143955,0.222450854014733,0.214735224410046,1.03593089874232,0.30023438127389,1.24913442819989,0.820017017550383,1.90281029090764,2588.97723258738,TRUE,FALSE,0.0500935218291299,0.055447633487052,0.367356970612628,0.202792915091332,1.8114881895513,0.0700653156329015,1.44391326173024,0.970331859338193,2.14863140618968,2774.35033118533,TRUE,FALSE,0.0898080581313002,0.0909345412603547,114,0.859687730115907,FALSE,FALSE,0.804401549828157,FALSE,FALSE,0.400045246762185,FALSE,FALSE,2588.97723258738,10.6396326571976,-185.373098597957,0.316734806884745,1.27340871492521,0.248729887876845,"low",2.73101559187063,2.98992159143955,0.0546203118374126,0.0597984318287911,5.00935218291299,5.5447633487052,0.10018704365826,0.110895266974104,8.98080581313002,9.09345412603547,0.1796161162626,0.181869082520709,0.1030912150562,1.10859252479375,0.317757956168309
"207d5f12-fbc6-4c75-9d84-fd2f0023fbd0","Sneak Attack",0.0439234118863286,0.200738322543771,0.218809300235889,0.826798601880931,1.04490232472578,0.705023812390776,1.54862977537584,2599.90454328585,TRUE,FALSE,0.010024285471768,0.0109793787535047,0.094607075063089,0.209402956946871,0.451794360702807,0.651417132661481,1.09922685661688,0.72918870888106,1.65704661576832,2589.85156278523,TRUE,FALSE,0.0213502021902468,0.0234971503235694,0.363032649372709,0.201069188748803,1.8055110861677,0.0709947422943004,1.43768279791645,0.969414536258027,2.13214445432529,2774.37131528218,TRUE,FALSE,0.0887832429221369,0.0901560354096934,119,0.954381711722466,FALSE,FALSE,0.959606096866589,FALSE,FALSE,0.400045246762185,FALSE,FALSE,2589.85156278523,10.0529805006245,-184.519752496948,0.39278047319067,1.1939373264197,0.328979138602285,"low",1.0024285471768,1.09793787535047,0.0200485709435361,0.0219587575070095,2.13502021902468,2.34971503235694,0.0427004043804935,0.0469943006471388,8.87832429221369,9.01560354096934,0.177566485844274,0.180312070819387,0.0877964904477052,1.0917659146258,0.317757956168309
"24c0d87b-0049-4beb-b9cb-6f813b7aa7dc","Fable of the Mirror-Breaker // Reflection of Kiki-Jiki",0.479258547011079,0.182212347368864,2.63021992708806,0.0085329646778677,1.6148766031078,1.12989233132133,2.30803092557972,2592.89599535599,TRUE,FALSE,0.108062605567585,0.118023141373895,0.343456329029742,0.188639066160707,1.8207062620695,0.0686515197839157,1.40981195328261,0.974065975826705,2.04048780364352,2586.70100023701,TRUE,FALSE,0.077138518163884,0.0856294878996444,0.361264361553539,0.180433315354374,2.0022043093539,0.0452627624152917,1.43514280731613,1.0076441317936,2.04401019408022,2773.59939744498,TRUE,FALSE,0.0885243243546685,0.0894606818715855,148,0.173097283465316,TRUE,FALSE,0.682611960387743,FALSE,FALSE,0.34003579488252,TRUE,FALSE,2586.70100023701,6.19499511898175,-186.898397207977,0.205064649825193,1.48661045456885,0.137941078777538,"medium",10.8062605567585,11.8023141373895,0.216125211135171,0.23604628274779,7.7138518163884,8.56294878996444,0.154277036327768,0.171258975799289,8.85243243546685,8.94606818715855,0.177048648709337,0.178921363743171,0.0707610246958075,1.07332469712157,0.317757956168309
"47a6234f-309f-4e03-9263-66da48b57153","Solitude",0.265587338527954,0.182191538120346,1.45773695786311,0.144913060858463,1.30419675587303,0.912553946165091,1.86392178257266,2597.80722978297,TRUE,FALSE,0.0604502739311117,0.0660869818532455,0.215825953437124,0.18760364410852,1.15043582688766,0.249964411130427,1.2408863881942,0.859093780415617,1.79235266685405,2588.72371348856,TRUE,FALSE,0.0486482416163359,0.0538092785119184,0.360475584649194,0.181593858894545,1.98506484108876,0.047137257875593,1.43401124614861,1.00456199557782,2.04704962275412,2773.6701449556,TRUE,FALSE,0.0882915009668855,0.0891023127026409,147,0.564653445607896,FALSE,FALSE,0.755211625117462,FALSE,FALSE,0.34003579488252,TRUE,FALSE,2588.72371348856,9.08351629441268,-184.946431467045,0.193124857954407,1.32636479673862,0.145604631869965,"medium",6.04502739311117,6.60869818532455,0.120900547862223,0.132173963706491,4.86482416163359,5.38092785119184,0.0972964832326718,0.107618557023837,8.82915009668855,8.91023127026409,0.176583001933771,0.178204625405282,0.0928786934634691,1.0973286140604,0.317757956168309
"ea1feac0-d3a7-45eb-9719-1cdaf51ea0b6","Mox Sapphire",0.194780747142076,0.174610860783971,1.11551335505447,0.264630498691757,1.21504455529164,0.862899939142572,1.71089741043538,2598.70082954432,TRUE,FALSE,0.044401838424923,0.0485751938453501,0.240304013857165,0.177785149109821,1.35165403331144,0.176486016297845,1.2716356864322,0.897488584071508,1.80175809219993,2588.21651846444,TRUE,FALSE,0.0541178091456751,0.0598346807101329,0.359611403995935,0.172429671461377,2.08555407516674,0.037019035036958,1.4327725366846,1.02188529322311,2.00887238077652,2773.26249038563,TRUE,FALSE,0.0880360820989846,0.0893114440062603,157,0.69091511275112,FALSE,FALSE,0.682611960387743,FALSE,FALSE,0.309217822073414,TRUE,FALSE,2588.21651846444,10.4843110798811,-185.045971921194,0.217727981392956,1.30648425946948,0.166651821340249,"medium",4.4401838424923,4.85751938453501,0.088803676849846,0.0971503876907003,5.41178091456751,5.98346807101329,0.10823561829135,0.119669361420266,8.80360820989846,8.93114440062604,0.176072164197969,0.178622888012521,0.146253251244881,1.1574892865382,0.317757956168309
"fa87bf1e-2062-4983-b1c4-98bffea69a4c","Pyrogoyf",0.229492075953478,0.176705980333409,1.29872274566187,0.194039095245687,1.25796089904312,0.889717176919897,1.77861646888699,2598.25291065699,TRUE,FALSE,0.0522944580655282,0.0571759699630429,0.0858391982435909,0.183381424696864,0.468091020589932,0.639719500347084,1.08963109962231,0.760645096798005,1.56090657556611,2589.83645654175,TRUE,FALSE,0.0193805261525504,0.0213328927961334,0.358087146865886,0.1739024221981,2.05912685021703,0.0394820883004359,1.43059028650753,1.01738783802332,2.01161100158814,2773.3708643333,TRUE,FALSE,0.0877468443477047,0.0886303387768659,160,0.63516551674127,FALSE,FALSE,0.959606096866589,FALSE,FALSE,0.320368945066394,TRUE,FALSE,2589.83645654175,8.41645411524496,-183.534407791557,0.340959186885219,1.25939409505765,0.270732718394722,"low",5.22944580655282,5.71759699630429,0.104588916131056,0.114351939926086,1.93805261525504,2.13328927961334,0.0387610523051009,0.0426657855922669,8.77468443477047,8.86303387768659,0.175493688695409,0.177260677553732,0.0494071813573297,1.05064806796127,0.317757956168309
"0cb33b46-4d1b-4f97-bfdc-d815aee111da","Mana Crypt",0.263357548768668,0.167347118453868,1.57372024807984,0.115552138622713,1.30129191110282,0.937402240475498,1.80643971689536,2597.45599850903,TRUE,FALSE,0.0599374806649858,0.0655509171039196,0.191938549772472,0.171980544451178,1.1160480412769,0.26440157117293,1.21159606182361,0.864898329289708,1.69726887810275,2588.8044878996,TRUE,FALSE,0.0432837335034176,0.0478019614055736,0.357941631709373,0.167001020855881,2.14334996202371,0.0320850078028426,1.43038212908348,1.03109323321201,1.98429489138223,2773.02385586097,TRUE,FALSE,0.087653607029281,0.0886882813758448,171,0.512155897762738,FALSE,FALSE,0.75827324977958,FALSE,FALSE,0.293940071484106,TRUE,FALSE,2588.8044878996,8.65151060942662,-184.219367961366,0.218786067259868,1.31442336733664,0.166450226537882,"medium",5.99374806649858,6.55509171039196,0.119874961329972,0.131101834207839,4.32837335034176,4.78019614055736,0.0865674670068352,0.0956039228111473,8.7653607029281,8.86882813758448,0.175307214058562,0.17737656275169,0.0863093078612292,1.09014346610669,0.317757956168309
"a3bb2881-e8fb-4fba-a9f9-d93e6ca24378","Laelia, the Blade Reforged",0.433648153978413,0.174054410609388,2.49145168146071,0.012722227014821,1.54287591785114,1.09691479700533,2.17014676471125,2593.65255220337,TRUE,FALSE,0.0979930586327788,0.107109914053281,0.225065638787514,0.187256803435323,1.20190900762252,0.229398784135618,1.25240491983438,0.867657961159016,1.80776083830329,2588.60296151539,TRUE,FALSE,0.0507329212763749,0.0561084029171667,0.356224595390962,0.179418941644764,1.98543471567378,0.0470961267844259,1.42792821834845,1.00457389825271,2.02969537661914,2773.67982775814,TRUE,FALSE,0.0873243559641038,0.0881455037986373,163,0.190163814326798,TRUE,FALSE,0.732014097691186,FALSE,FALSE,0.34003579488252,TRUE,FALSE,2588.60296151539,5.04959068797552,-185.076866242754,0.290470998016768,1.40773635201132,0.206339061715465,"low",9.79930586327788,10.7109914053281,0.195986117265558,0.214219828106563,5.07329212763749,5.61084029171667,0.10146584255275,0.112216805834333,8.73243559641038,8.81455037986373,0.174648711928208,0.176291007597275,0.0824474218099344,1.08594157509547,0.317757956168309
"bb41ff5c-9617-4033-a4fa-99323640b9c3","Duress",0.0185293927401451,0.179078222590572,0.103470943993615,0.917589209028014,1.01870212717644,0.717154540796286,1.44704378886251,2599.94177046328,TRUE,FALSE,0.00422854551781361,0.00463224303751708,0.13822094541802,0.185626879987078,0.744617080390739,0.456503239321534,1.14822921823437,0.798031076461278,1.65210400508892,2589.50014564154,TRUE,FALSE,0.0311767537138084,0.0343543865385222,0.334406244305525,0.177697670059358,1.88188311188222,0.0598518879118652,1.39711059652846,0.986214710447705,1.97920189006917,2774.09425574342,TRUE,FALSE,0.0818945119131543,0.083156978606054,152,0.974307760668449,FALSE,FALSE,0.932129613068102,FALSE,FALSE,0.400045246762185,FALSE,FALSE,2589.50014564154,10.4416248217422,-184.594110101888,0.37840846935202,1.18801398064642,0.318521899166641,"low",0.422854551781361,0.463224303751708,0.00845709103562721,0.00926448607503416,3.11767537138084,3.43543865385222,0.0623535074276168,0.0687087730770445,8.18945119131543,8.3156978606054,0.163789023826309,0.166313957212108,0.0418259884612445,1.04271301886627,0.317757956168309
"fe30c0ff-f74b-456a-a61e-3720d84d713f","Parallax Wave",-0.106155691969271,0.178193005876562,-0.595734335627104,0.551352716592816,0.899284625781711,0.634185371325009,1.27519945229531,2599.59838501732,TRUE,FALSE,-0.0241797067533527,-0.0265192842161474,-0.0979426003440153,0.186530296663934,-0.525076098069343,0.599530291163465,0.906700946582701,0.629051605576482,1.30689851078365,2589.78085924714,TRUE,FALSE,-0.0220717819952568,-0.0241319773523817,0.325202913615003,0.175843835241182,1.84938478604589,0.0644022706974186,1.38431151313732,0.980736946730758,1.9539575538502,2774.21634384487,TRUE,FALSE,0.0796911264106672,0.0805624675975104,155,0.846400927093837,FALSE,FALSE,0.959606096866589,FALSE,FALSE,0.400045246762185,FALSE,FALSE,2589.78085924714,9.81752577018869,-184.435484597737,0.485026887355612,1.06343236183391,0.456095662275288,"low",-2.41797067533527,-2.65192842161474,-0.0483594135067054,-0.0530385684322948,-2.20717819952568,-2.41319773523816,-0.0441435639905136,-0.0482639547047633,7.96911264106672,8.05624675975104,0.159382252821334,0.161124935195021,0.0590568848196015,1.06083558446467,0.317757956168309
"8a720448-017f-4f4a-9501-678245eaed17","Mishra's Bauble",0.198573745809863,0.189638093292197,1.04711950200795,0.29504446578976,1.21966196905747,0.841039277270853,1.76873465837681,2598.8507538261,TRUE,FALSE,0.0452302586736056,0.049510769460157,0.26043031563708,0.192399205637424,1.35359350769805,0.175866099342721,1.29748829605676,0.889876911583321,1.8918075707897,2588.21365925237,TRUE,FALSE,0.0585616376783374,0.0649013379843664,0.323920271935063,0.187802774820009,1.72478959507126,0.0845653975538538,1.38253707571952,0.95678825924967,1.99773434431359,2774.6663613286,TRUE,FALSE,0.0793495534329781,0.0804432614018179,127,0.70564468414073,FALSE,FALSE,0.682611960387743,FALSE,FALSE,0.421343384303412,FALSE,FALSE,2588.21365925237,10.6370945737303,-186.452702076231,0.162875106662051,1.29989578027792,0.125298588650875,"medium",4.52302586736056,4.9510769460157,0.0904605173472112,0.0990215389203141,5.85616376783374,6.49013379843664,0.117123275356675,0.129802675968733,7.93495534329781,8.04432614018179,0.158699106865956,0.160886522803636,0.0873999941760299,1.09133311931765,0.317757956168309
"6989018c-37b1-4282-a4af-9cc97f160b4d","Oliphaunt",0.445605753005498,0.175342217064239,2.54134891451865,0.0110425659995491,1.56143575381722,1.10731150251239,2.2018028420792,2593.39374889107,TRUE,FALSE,0.10061352786689,0.109984459589188,0.342121337804496,0.178271722313068,1.91910042358645,0.0549716258835543,1.40793112242141,0.992735278660757,1.9967760671878,2586.3290558739,TRUE,FALSE,0.076805439394553,0.0852816826242817,0.317971127016519,0.170484019442318,1.8651081084119,0.0621662522490391,1.37433657945734,0.983952602687582,1.91960570913214,2774.14574558839,TRUE,FALSE,0.0780577046159131,0.0789551889242339,161,0.184475808463056,TRUE,FALSE,0.682611960387743,FALSE,FALSE,0.400045246762185,FALSE,FALSE,2586.3290558739,7.06469301716925,-187.816689714485,0.187099174359883,1.44790115189866,0.129220958291618,"medium",10.061352786689,10.9984459589188,0.20122705573378,0.219968919178376,7.6805439394553,8.52816826242817,0.153610878789106,0.170563365248563,7.80577046159131,7.89551889242339,0.156115409231826,0.157910377848468,0.0720977957024714,1.07476044587727,0.317757956168309
"5b8ba842-c662-4686-bca3-93ddb7fa11a6","Mother of Runes",0.16157286367458,0.17536395714366,0.921357309143168,0.356863909546182,1.17535809594821,0.833484234050101,1.65745985019792,2599.09925179367,TRUE,FALSE,0.0368582927560759,0.040324545392334,0.0431698858694243,0.18304067192836,0.235848598099119,0.813550155848837,1.04411526021301,0.729358549009253,1.49470610592083,2590.00041257475,TRUE,FALSE,0.00974572446534762,0.0107138691666973,0.315262033270697,0.17422768977941,1.80948294539089,0.070376007345299,1.37061841153204,0.974116630472278,1.92851119800699,2774.35768754168,TRUE,FALSE,0.0773740272689411,0.0781857951903176,158,0.746069719174284,FALSE,FALSE,0.961188495007595,FALSE,FALSE,0.400045246762185,FALSE,FALSE,2590.00041257475,9.09883921892015,-184.357274966933,0.326503151319032,1.19669725589776,0.272836884775917,"low",3.68582927560759,4.0324545392334,0.0737165855121519,0.080649090784668,0.974572446534762,1.07138691666973,0.0194914489306952,0.0214277383333945,7.73740272689411,7.81857951903176,0.154748054537882,0.156371590380635,0.058639363933733,1.0603927559032,0.317757956168309
"18a3cca1-e50e-49b6-9e1a-f86640e3b177","Snuff Out",0.275017458345132,0.180294308537618,1.52538069879089,0.127164170072684,1.31655365951516,0.92463206664509,1.87459812492969,2597.60763769541,TRUE,FALSE,0.06253276592469,0.0684117769503003,0.306287857899907,0.182918613352183,1.67444882883621,0.0940424231978417,1.35837326875085,0.94910805559192,1.94411787613171,2587.22770594641,TRUE,FALSE,0.0688055317490899,0.0763413262270861,0.30982016517147,0.175482110365124,1.76553703694827,0.0774735513095781,1.36317994485621,0.966450911928351,1.92276662903698,2774.51778822914,TRUE,FALSE,0.0760032005659916,0.0769733827502042,147,0.539024243293169,FALSE,FALSE,0.682611960387743,FALSE,FALSE,0.400045246762185,FALSE,FALSE,2587.22770594641,10.3799317489961,-187.290082282721,0.0466262853410568,1.34603562437407,0.034639711235532,"medium",6.253276592469,6.84117769503003,0.12506553184938,0.136823553900601,6.88055317490899,7.63413262270861,0.13761106349818,0.152682652454172,7.60032005659916,7.69733827502042,0.152006401131983,0.153946765500408,0.0802596578623949,1.08356838820127,0.317757956168309
"2bf2da97-3331-4614-b4ff-f03d061500a7","Fire Covenant",0.16216502196613,0.187645400941912,0.864209946804561,0.387472569024166,1.17605430010146,0.81414242102491,1.69884737739862,2599.20284542168,TRUE,FALSE,0.0369693583697799,0.0404692630151963,0.16858500160481,0.189943704524092,0.887552456803993,0.374781537267705,1.18362883291926,0.815703246013799,1.71750844558255,2589.26545805621,TRUE,FALSE,0.038005337476756,0.0419703430219729,0.304753923133171,0.182159299024499,1.67300777267585,0.0943257659092253,1.35629121004707,0.949064702574679,1.93825125037373,2774.84213846213,TRUE,FALSE,0.0747420871628802,0.0756976021623091,137,0.755030235272011,FALSE,FALSE,0.898551184299798,FALSE,FALSE,0.443753955029926,FALSE,FALSE,2589.26545805621,9.93738736547311,-185.576680405925,0.180236909945613,1.23865811435593,0.145509812479073,"medium",3.69693583697799,4.04692630151963,0.0739387167395599,0.0809385260303925,3.8005337476756,4.19703430219729,0.0760106749535119,0.0839406860439458,7.47420871628802,7.56976021623091,0.14948417432576,0.151395204324618,0.0173979931130584,1.01755021972635,0.317757956168309
"079e6263-e54c-4899-a336-5315909b9322","Magda, Brazen Outlaw",0.161444848303534,0.180675326006267,0.893563342998665,0.371555566751084,1.17520764167588,0.824746847980346,1.67459021448276,2599.14957336525,TRUE,FALSE,0.0368375376472422,0.0402917089444839,-0.0644163315929676,0.188415070379761,-0.341885240194072,0.732437257696383,0.937614559696922,0.64810026183969,1.35645842829964,2589.93943936455,TRUE,FALSE,-0.0145216340974436,-0.0159030336158709,0.304333303001872,0.178614924309019,1.70385147926021,0.0884088376833396,1.3557208466218,0.955278891028704,1.9240234775686,2774.72814814287,TRUE,FALSE,0.074778310382894,0.0755212505231029,154,0.755030235272011,FALSE,FALSE,0.959606096866589,FALSE,FALSE,0.425561184780821,FALSE,FALSE,2589.93943936455,9.21013400070206,-184.78870877832,0.418106286924876,1.1561810159982,0.361627012673184,"low",3.68375376472422,4.02917089444839,0.0736750752944844,0.0805834178889678,-1.45216340974436,-1.59030336158709,-0.0290432681948872,-0.0318060672317417,7.4778310382894,7.55212505231029,0.149556620765788,0.151042501046206,0.0603052920000403,1.06216076623669,0.317757956168309
"5ab21006-7f61-49e0-8b6a-0397c5d4c3bd","Imperial Seal",0.00686852126911251,0.186875801590493,0.0367544712084432,0.970680776210891,1.00689216365975,0.698089437936872,1.45229504150024,2599.95112929838,TRUE,FALSE,0.00156735270943609,0.00171712484928183,0.0711875759859516,0.198637877551512,0.358378658005399,0.720059960885145,1.07378262281332,0.727498993083572,1.5848944562366,2589.92749775417,TRUE,FALSE,0.0160671291564845,0.017668902226392,0.303905468070153,0.190199822895125,1.5978220349749,0.110082589242222,1.35514094594568,0.933432912882294,1.96736900749302,2775.09446545866,TRUE,FALSE,0.0745465402121555,0.075661494104429,137,0.981043916170438,FALSE,FALSE,0.959606096866589,FALSE,FALSE,0.482967072048253,FALSE,FALSE,2589.92749775417,10.0236315442094,-185.166967704487,0.348248782285934,1.14527191080625,0.304075197339619,"low",0.156735270943609,0.171712484928183,0.00313470541887218,0.00343424969856365,1.60671291564845,1.7668902226392,0.032134258312969,0.035337804452784,7.45465402121555,7.5661494104429,0.149093080424311,0.151322988208858,0.0434025034287915,1.04435816800775,0.317757956168309
"605c2218-9d12-4ac3-a721-fca590b89847","Karakas",0.448276313972713,0.170417619513658,2.63045755041066,0.00852700179263884,1.56561123615266,1.12104106930016,2.18648416181367,2592.93949129954,TRUE,FALSE,0.101137271102149,0.110649544379684,0.449489606854129,0.176765620324007,2.54285650133903,0.0109950374014536,1.56751193393893,1.10852354583743,2.21654620893486,2583.50781550704,TRUE,FALSE,0.100320363091679,0.11188680271605,0.300093040122274,0.169719992972458,1.7681655229091,0.0770332361181706,1.3499844044472,0.967966164733908,1.88277024409385,2774.50859299367,TRUE,FALSE,0.0737076856070838,0.0744884192260027,169,0.173097283465316,TRUE,FALSE,0.358273134128225,TRUE,FALSE,0.400045246762185,FALSE,FALSE,2583.50781550704,9.4316757925003,-191.000777486633,0.217527529491738,1.49436919151293,0.145564784610896,"medium",10.1137271102149,11.0649544379684,0.202274542204298,0.221299088759368,10.0320363091679,11.188680271605,0.200640726183358,0.223773605432101,7.37076856070838,7.44884192260027,0.147415371214168,0.148976838452005,0.0740845768935304,1.0768978823222,0.317757956168309
"70e33f45-7d47-423b-a123-8541f1d1afb4","Lingering Souls",0.0777841300320387,0.196208416439949,0.396436256116695,0.691783223878644,1.08088930194465,0.735809249153311,1.58780510628642,2599.79502020478,TRUE,FALSE,0.0177502143367825,0.0194379190935061,0.114317430414875,0.20536061902408,0.556666759956887,0.577755131705276,1.12110794216675,0.749619613679724,1.67669441280972,2589.7453922449,TRUE,FALSE,0.0257920711654152,0.0284417597196758,0.288408377537232,0.194718885018114,1.48115257290222,0.13856592109738,1.33430209187848,0.910974259716032,1.95434948178037,2775.45232925899,TRUE,FALSE,0.0708013791335111,0.0715915881306236,125,0.913378039687918,FALSE,FALSE,0.959606096866589,FALSE,FALSE,0.526570053444985,FALSE,FALSE,2589.7453922449,10.0496279598747,-185.706937014082,0.253412789933823,1.17876644532996,0.214981339974339,"low",1.77502143367825,1.94379190935061,0.0355004286735649,0.0388758381870121,2.57920711654152,2.84417597196758,0.0515841423308305,0.0568835194393515,7.08013791335111,7.15915881306236,0.141602758267022,0.143183176261247,0.0948081320412924,1.09944788606604,0.317757956168309
"2b73d294-6ab1-4051-9b0f-d8e335d37674","Unholy Heat",0.313924302729195,0.184289708565063,1.70342828784911,0.0884879476462616,1.36878611925211,0.953816927295733,1.96429250377137,2597.02310898539,TRUE,FALSE,0.0712884470095301,0.0779672601439617,0.165800321748001,0.193478317801732,0.856945231030518,0.391475153843548,1.18033739048395,0.807819060031136,1.72463912317292,2589.31887033003,TRUE,FALSE,0.0373946680036184,0.0412962637629972,0.287384214025388,0.185566206541703,1.54868830581393,0.121456666392436,1.33293624790537,0.926514529913468,1.91763753682953,2775.24519083012,TRUE,FALSE,0.0706028618507649,0.0714047836393845,141,0.482984000779561,FALSE,FALSE,0.901078059394778,FALSE,FALSE,0.505684807211064,FALSE,FALSE,2589.31887033003,7.7042386553594,-185.926320500085,0.188448728768155,1.29401991921381,0.145630469801924,"medium",7.12884470095301,7.79672601439617,0.14257689401906,0.155934520287923,3.73946680036184,4.12962637629972,0.0747893360072367,0.0825925275259944,7.0602861850765,7.14047836393845,0.14120572370153,0.142809567278769,0.0592157016139076,1.0610040763508,0.317757956168309
"73cc6df4-3564-4ace-bf8a-eac3e62d725a","Ursine Monstrosity",0.200430961037014,0.20561072022649,0.974807932272351,0.329655541666971,1.22192924859972,0.816632541741715,1.82837569195929,2599.00144727819,TRUE,FALSE,0.0456082185747402,0.049966640404467,0.176064866231001,0.234276645393413,0.751525470818232,0.452336477753254,1.19251541012196,0.753431360915721,1.88748846563797,2589.48899997423,TRUE,FALSE,0.0396518724710812,0.0438686886339972,0.284908114980695,0.227262422155929,1.25365254967323,0.209968321874737,1.32963984852517,0.8516954812241,2.07579136646946,2776.08273855169,TRUE,FALSE,0.0698455845148467,0.0707704865784192,106,0.725753285530386,FALSE,FALSE,0.932129613068102,FALSE,FALSE,0.580596037307114,FALSE,FALSE,2589.48899997423,9.51244730395956,-186.593738577457,0.137124438403214,1.24802816908228,0.109872871302293,"medium",4.56082185747402,4.9966640404467,0.0912164371494803,0.0999332808089339,3.96518724710812,4.38686886339972,0.0793037449421625,0.0877373772679945,6.98455845148467,7.07704865784192,0.139691169029693,0.141540973156838,0.0203876500843993,1.02059689782638,0.317757956168309
"be77b98a-dd79-477c-8ab2-7ebf5637a89e","Headliner Scarlett",0.128033403618699,0.188019470790655,0.680958217147917,0.495897929119593,1.13659096831428,0.786246628438679,1.64304555660725,2599.48713834496,TRUE,FALSE,0.0292058623994304,0.0319728715198798,-0.00357702460742343,0.196410149058073,-0.0182120151355611,0.985469717534617,0.996429365323847,0.678045477887357,1.4643139914055,2590.05576305502,TRUE,FALSE,-0.00080723814666458,-0.000885892639578278,0.272127466809529,0.190929985862321,1.42527359220442,0.154078130600987,1.31275432325217,0.902943492104481,1.90856230571054,2775.62036399596,TRUE,FALSE,0.0668486561701148,0.067653858647739,131,0.81404078123433,FALSE,FALSE,0.992458864467486,FALSE,FALSE,0.561002424239491,FALSE,FALSE,2590.05576305502,9.43137528993793,-185.564600940945,0.316324957928319,1.14859155229677,0.275402476446726,"low",2.92058623994304,3.19728715198798,0.0584117247988607,0.0639457430397596,-0.080723814666458,-0.0885892639578278,-0.00161447629332916,-0.00177178527915656,6.68486561701148,6.7653858647739,0.13369731234023,0.135307717295478,0.041962338433554,1.04285520245066,0.317757956168309
"01006833-6007-4c16-9ebb-20d31c60a57a","Taiga",0.0704405693343775,0.197107996439328,0.357370429444043,0.720814510991643,1.07298079957267,0.729138846376819,1.57896922098239,2599.82458525604,TRUE,FALSE,0.0160730262320217,0.0176041001983987,0.0313425176966162,0.199935203679323,0.156763376933292,0.875431336895792,1.03183886643842,0.697306319826111,1.52686332537244,2590.03150236448,TRUE,FALSE,0.00707390146104859,0.00777339398637228,0.268157339411961,0.193752359328134,1.38402102736626,0.166352016269488,1.30755285342816,0.894404375156234,1.91154528309355,2775.73706290008,TRUE,FALSE,0.0658435514128032,0.0667106401950643,120,0.913378039687918,FALSE,FALSE,0.96173465993211,FALSE,FALSE,0.577230261802472,FALSE,FALSE,2590.03150236448,9.79308289156006,-185.705560535604,0.275713986989749,1.13745750647975,0.242394977763204,"low",1.60730262320217,1.76041001983987,0.0321460524640435,0.0352082003967974,0.707390146104859,0.777339398637228,0.0141478029220972,0.0155467879727446,6.58435514128032,6.67106401950643,0.131687102825606,0.133421280390129,0.0266924018977111,1.02705183497504,0.317757956168309
"2be39749-ad6f-4160-99eb-c677eee7f1b2","Thraben Inspector",-0.0581548884516553,0.179254770131558,-0.324425890641429,0.745615620942569,0.943503798276236,0.663985984167799,1.34069007266382,2599.84733770008,TRUE,FALSE,-0.0132609190154835,-0.0145354740280976,-0.0119357319986046,0.187269058419851,-0.0637357398991408,0.94918064626384,0.988135216296749,0.684557190825376,1.42633985702284,2590.05203309651,TRUE,FALSE,-0.00269342591589938,-0.00295481821093047,0.267066595151479,0.174574923122696,1.52981075617474,0.126063578397247,1.30612742518817,0.927650480838452,1.83902114650632,2775.31090717478,TRUE,FALSE,0.0655994515067301,0.0664047523619104,154,0.926346732634772,FALSE,FALSE,0.976308867591612,FALSE,FALSE,0.50660465471752,FALSE,FALSE,2590.05203309651,9.795304603575,-185.258874078267,0.362623626911932,1.07925547992038,0.335994242010874,"low",-1.32609190154835,-1.45354740280976,-0.0265218380309669,-0.0290709480561953,-0.269342591589938,-0.295481821093047,-0.00538685183179877,-0.00590963642186093,6.55994515067301,6.64047523619104,0.13119890301346,0.132809504723821,0.0629300553877005,1.06495234894707,0.317757956168309
"4ced112a-e775-4f97-97b3-74877e9dce12","Dragon's Rage Channeler",0.410319056640036,0.200677809765813,2.04466581092782,0.0408878164593948,1.50729862203555,1.01713570983782,2.23367355409488,2595.72103628065,TRUE,FALSE,0.092716429891325,0.101397034130237,0.312532042786716,0.205758027633341,1.51893000910587,0.128780114423167,1.36688173917212,0.913242622734299,2.04585905472547,2587.72713310628,TRUE,FALSE,0.0701755065107194,0.0779319971954562,0.260519478778582,0.195736568141732,1.33096989107289,0.183198918211925,1.29760398934702,0.884153848449794,1.90439267568816,2775.87800870144,TRUE,FALSE,0.0640383157715365,0.0647995253290821,120,0.333744739049673,TRUE,FALSE,0.682611960387743,FALSE,FALSE,0.580596037307114,FALSE,FALSE,2587.72713310628,7.99390317436428,-188.150875595152,0.209694632688531,1.39059478351823,0.150794922556807,"medium",9.2716429891325,10.1397034130237,0.18543285978265,0.202794068260473,7.01755065107194,7.79319971954562,0.140351013021439,0.155863994390912,6.40383157715365,6.47995253290821,0.128076631543073,0.129599050658164,0.082407404118972,1.08589811909063,0.317757956168309
"2398892d-28e9-4009-81ec-0d544af79d2b","Ancestral Recall",0.191335264500123,0.165616138654496,1.15529359671452,0.247970217250821,1.21086534420123,0.875226676547825,1.67521731349723,2598.61411081572,TRUE,FALSE,0.0435741045285993,0.0477233027347325,0.299914813427295,0.171444436572762,1.74934118261697,0.0802320612731191,1.34974382262821,0.964528129455696,1.8888079373601,2586.98622759186,TRUE,FALSE,0.0673086991913226,0.0747485082997808,0.252418217578945,0.165255527725855,1.52744190195977,0.12665116367938,1.28713422689697,0.931012461463785,1.77947620104342,2775.32338746717,TRUE,FALSE,0.0620093824907405,0.0628380403001294,175,0.670700397135554,FALSE,FALSE,0.682611960387743,FALSE,FALSE,0.50660465471752,FALSE,FALSE,2586.98622759186,11.6278832238577,-188.337159875309,0.138878478426978,1.28258113124213,0.108280462766889,"medium",4.35741045285993,4.77233027347325,0.0871482090571986,0.095446605469465,6.73086991913226,7.47485082997808,0.134617398382645,0.149497016599562,6.20093824907405,6.28380403001294,0.124018764981481,0.125676080600259,0.0661550366825299,1.06839234433122,0.317757956168309
"bd3d4b4b-cf31-4f89-8140-9650edb03c7b","Ancient Tomb",0.173485125898226,0.204622613155162,0.84782968618759,0.396532827831958,1.18944299474187,0.796462528540255,1.77632291167985,2599.2301355748,TRUE,FALSE,0.0395387093251017,0.043279954134997,0.0982785011768569,0.207128102594974,0.474481733504962,0.635156420829127,1.10327000432066,0.735141280473715,1.65574255556614,2589.83038895611,TRUE,FALSE,0.0221758286191621,0.0244328785631642,0.250671840538248,0.20162979430384,1.24322817172796,0.21378376421575,1.28488836686481,0.865435391164985,1.9076387817722,2776.10802032607,TRUE,FALSE,0.0616143972166965,0.0623699187145706,110,0.760914345299163,FALSE,FALSE,0.959606096866589,FALSE,FALSE,0.580596037307114,FALSE,FALSE,2589.83038895611,9.39974661869473,-186.277631369966,0.181618362544149,1.19253378864245,0.152296198458997,"medium",3.95387093251017,4.3279954134997,0.0790774186502034,0.086559908269994,2.21758286191621,2.44328785631642,0.0443516572383242,0.0488657571263283,6.16143972166965,6.23699187145706,0.123228794433393,0.124739837429141,0.0867224530158242,1.09059394664804,0.317757956168309
"c86b8a75-9e31-4a44-95b8-c83b9a49646f","Ocelot Pride",0.304806692312161,0.16032868807419,1.90113632172376,0.0572841591740937,1.35636278230908,0.990606857466846,1.85716460911418,2596.31155071196,TRUE,FALSE,0.069228112786345,0.0757673238660242,0.21915547911277,0.165918926336234,1.32085883118995,0.186548439017616,1.24502483699688,0.899383620401621,1.72349908267944,2588.30373088597,TRUE,FALSE,0.0493746666376521,0.0546306639621182,0.24770989118896,0.16055039172885,1.54287939457234,0.122860041188604,1.28108822329732,0.935224308244443,1.75485925825841,2775.26965809179,TRUE,FALSE,0.0609411809768118,0.0616247936870369,186,0.36152669345428,FALSE,FALSE,0.682611960387743,FALSE,FALSE,0.505684807211064,FALSE,FALSE,2588.30373088597,8.0078198259921,-186.965927205822,0.111337945312202,1.29415861420109,0.0860311433934491,"medium",6.9228112786345,7.57673238660242,0.13845622557269,0.151534647732048,4.93746666376521,5.46306639621182,0.0987493332753043,0.109261327924236,6.09411809768118,6.16247936870369,0.121882361953624,0.123249587374074,0.049354086237878,1.05059228515751,0.317757956168309
"7d48d622-f397-4f31-b1a5-0c23f60aa71c","Mana Tithe",0.304492065964101,0.191326705882165,1.59147707352278,0.111502251023264,1.3559361019662,0.931920025465341,1.9728760648718,2597.39848945902,TRUE,FALSE,0.0691467660768497,0.0756455030324061,0.192574260758418,0.196697273576423,0.979038790202636,0.327560813525901,1.21236653162275,0.824521224165572,1.7826498141227,2589.09213804837,TRUE,FALSE,0.0434007117384357,0.0479877891767594,0.242030765702185,0.18684330062307,1.29536764173551,0.195193435066267,1.27383338259182,0.883218988951379,1.83720176638396,2775.97481708101,TRUE,FALSE,0.0595384599083837,0.0602488428111852,133,0.512155897762738,FALSE,FALSE,0.845702464012326,FALSE,FALSE,0.580596037307114,FALSE,FALSE,2589.09213804837,8.30635141064795,-186.882679032638,0.143569570343449,1.28071200539359,0.112101369971407,"medium",6.91467660768497,7.56455030324061,0.138293532153699,0.151291006064812,4.34007117384357,4.79877891767594,0.0868014234768713,0.0959755783535189,5.95384599083837,6.02488428111852,0.119076919816767,0.12049768562237,0.0329473452880829,1.03349611936815,0.317757956168309
"2dc16614-5cf8-444d-a5ae-cac25018af68","Burst Lightning",0.294150870136969,0.186549380443585,1.5767989657083,0.114841789726292,1.34198635405978,0.931009390274057,1.93438153610085,2597.44759453866,TRUE,FALSE,0.0668125735336939,0.0731117862870987,0.198034160149323,0.190638691571154,1.03879311443663,0.298900964367656,1.21900403447026,0.838938668979803,1.77125085658739,2588.97207842047,TRUE,FALSE,0.0446221413896489,0.0493430743499044,0.238743475286552,0.184338281005408,1.29513779766422,0.195272697950214,1.2696527974855,0.884653217424006,1.82220354192206,2775.97577586357,TRUE,FALSE,0.0587289919036214,0.0594215093392654,134,0.512155897762738,FALSE,FALSE,0.804401549828157,FALSE,FALSE,0.580596037307114,FALSE,FALSE,2588.97207842047,8.47551611818972,-187.003697443096,0.122982319589519,1.27688106200518,0.0963146241642824,"medium",6.68125735336939,7.31117862870987,0.133625147067388,0.146223572574197,4.46221413896489,4.93430743499044,0.0892442827792977,0.0986861486998087,5.87289919036214,5.94215093392654,0.117457983807243,0.118843018678531,0.0592488571376848,1.06103925507986,0.317757956168309
"72c6d541-e2cb-4d6e-acac-90a8f53b7006","Elegant Parlor",0.171276636733429,0.193953255272789,0.883082042075211,0.377191946010758,1.18681902135076,0.8114993089482,1.73572469367302,2599.1691688722,TRUE,FALSE,0.039044282199085,0.0427331429492348,0.0584184070196525,0.198368552644008,0.294494294791222,0.768380222332091,1.06015848067547,0.718647751219959,1.56395953683866,2589.9692410725,TRUE,FALSE,0.0131857099356437,0.0145033522012377,0.237261311807909,0.189425745929264,1.25252937843258,0.210377030143956,1.26777235838184,0.874578563632925,1.83773856290359,2776.08403135404,TRUE,FALSE,0.0583759926961282,0.0590760097477103,129,0.755030235272011,FALSE,FALSE,0.959606096866589,FALSE,FALSE,0.580596037307114,FALSE,FALSE,2589.9692410725,9.19992779970607,-186.114790281541,0.207613877706378,1.17158328680269,0.17720795443657,"medium",3.9044282199085,4.27331429492348,0.07808856439817,0.0854662858984696,1.31857099356437,1.45033522012377,0.0263714198712873,0.0290067044024754,5.83759926961282,5.90760097477103,0.116751985392256,0.118152019495421,0.0419135891525198,1.04280436524847,0.317757956168309
"e5145f31-a4ac-44ef-8f85-e4d95f2c9ff5","Library of Alexandria",0.00806240909012603,0.165608672603025,0.0486834956370441,0.961171528852372,1.00809499783268,0.728672721694653,1.39466662384697,2599.95011011121,TRUE,FALSE,0.00183977789606497,0.00201559398059786,0.101860995952906,0.173802665541883,0.586072691321062,0.557826666944499,1.10722955164168,0.787578501733819,1.55661597838152,2589.71232265802,TRUE,FALSE,0.0229812028606736,0.0253186067217241,0.232665821813593,0.165522469862224,1.40564493755596,0.15982958500192,1.26195968945436,0.912325705796184,1.74558520897746,2775.68472347443,TRUE,FALSE,0.0572038529511698,0.0579533887939401,179,0.981043916170438,FALSE,FALSE,0.959606096866589,FALSE,FALSE,0.574577242285383,FALSE,FALSE,2589.71232265802,10.2377874531899,-185.97240081641,0.253864691621681,1.12576141297624,0.225504879360294,"low",0.183977789606497,0.201559398059786,0.00367955579212994,0.00403118796119573,2.29812028606736,2.53186067217241,0.0459624057213472,0.0506372134434483,5.72038529511698,5.79533887939401,0.11440770590234,0.11590677758788,0.0177485092377982,1.0179069500023,0.317757956168309
"c2089ec9-0665-448f-bfe9-d181de127814","Brazen Borrower // Petty Theft",0.00139778208448923,0.177280367406518,0.0078845847678328,0.993709076726438,1.00139875943719,0.707461733373367,1.41746108389598,2599.95241823436,TRUE,FALSE,0.000318952602120801,0.000349445476168719,0.134130551390713,0.193943336030156,0.691596597935477,0.489190698755541,1.14354210091161,0.781923485988457,1.67239961452781,2589.57695068978,TRUE,FALSE,0.0302476772576543,0.0333701632095467,0.232316349188251,0.187670644885661,1.23789391425489,0.215755399181595,1.26151874614191,0.873263343805168,1.82239362061498,2776.12686540839,TRUE,FALSE,0.0571117489371379,0.0578648617702733,152,0.996839480399675,FALSE,FALSE,0.945103118684174,FALSE,FALSE,0.580596037307114,FALSE,FALSE,2589.57695068978,10.3754675445784,-186.549914718612,0.260119986704716,1.1354865354969,0.229082405271221,"low",0.0318952602120801,0.0349445476168719,0.000637905204241602,0.000698890952337439,3.02476772576543,3.33701632095467,0.0604953545153086,0.0667403264190933,5.71117489371379,5.78648617702733,0.114223497874276,0.115729723540547,0.0570310184042796,1.05868864871871,0.317757956168309
"5f6927e1-c580-483a-8e2a-6e2deb74800e","Mox Jet",0.167207111624661,0.18133481547268,0.92209050528332,0.356481369090185,1.18199904570176,0.828441439889946,1.68644598974366,2599.10048190597,TRUE,FALSE,0.0380958719480343,0.0417240801227243,0.265626727735871,0.185161564409132,1.43456731197703,0.151410434980931,1.30424812816197,0.907292908843578,1.87487763128464,2587.99222682382,TRUE,FALSE,0.0596810983236841,0.0662124339752302,0.231557439290304,0.175438530438984,1.31987790088585,0.186875787001974,1.26056173026935,0.893774225067964,1.7778716718966,2775.91638818782,TRUE,FALSE,0.0569264145281052,0.0576736004801143,147,0.746069719174284,FALSE,FALSE,0.682611960387743,FALSE,FALSE,0.580596037307114,FALSE,FALSE,2587.99222682382,11.1082550821479,-187.924161363996,0.12224908246021,1.24893630137769,0.0978825600035468,"medium",3.80958719480343,4.17240801227243,0.0761917438960686,0.0834481602454487,5.96810983236841,6.62124339752302,0.119362196647368,0.13242486795046,5.69264145281052,5.76736004801143,0.11385282905621,0.115347200960229,0.0346703989118186,1.03527842366373,0.317757956168309
"45fd6e91-df76-497f-b642-33dc3d5f6a5a","Mox Ruby",0.205844193586718,0.172190841608867,1.19544217139199,0.231914317419423,1.2285617712794,0.876647894376314,1.72174488244565,2598.51675546192,TRUE,FALSE,0.0468885804008788,0.0513203834715888,0.14986072819755,0.174608596042785,0.858266612262486,0.390745261151573,1.16167244324646,0.824999812395968,1.635737178508,2589.31734976258,TRUE,FALSE,0.0337987613487861,0.037294457430562,0.231080332786091,0.16642756476455,1.38847391724447,0.16499278176379,1.25996045151729,0.909265912889501,1.74591427753277,2775.72555804223,TRUE,FALSE,0.0568553069627205,0.057569891562801,163,0.66275270915529,FALSE,FALSE,0.901078059394778,FALSE,FALSE,0.577230261802472,FALSE,FALSE,2589.31734976258,9.19940569933806,-186.408208279653,0.0982880082708242,1.21673155534772,0.0807803560603271,"medium",4.68885804008788,5.13203834715888,0.0937771608017576,0.102640766943178,3.37987613487861,3.7294457430562,0.0675975226975722,0.0745889148611241,5.68553069627205,5.7569891562801,0.113710613925441,0.115139783125602,0.0971400979057423,1.10201475276562,0.317757956168309
"0c9a7cb0-5bff-48ff-b620-2838816ac9b5","Counterspell",-0.00947884848915256,0.180361490026502,-0.0525547248903286,0.958086691387129,0.990565934187421,0.695595219547798,1.41062049076543,2599.94971878216,TRUE,FALSE,-0.00216280751535547,-0.0023696979762825,0.136119620310276,0.195907566791374,0.694815532343538,0.4871709129391,1.14581894861557,0.78046981741997,1.68219325552729,2589.57291879066,TRUE,FALSE,0.0306936368585813,0.0338757233139527,0.226068265346273,0.1887173351969,1.19791997439135,0.230948172810253,1.25366124397605,0.866045603704232,1.81476184155348,2776.22616781168,TRUE,FALSE,0.0555834796055349,0.0563070914226941,145,0.981043916170438,FALSE,FALSE,0.945103118684174,FALSE,FALSE,0.580596037307114,FALSE,FALSE,2589.57291879066,10.3767999915008,-186.65324902102,0.263095309788632,1.13001537559301,0.232824539799349,"low",-0.216280751535547,-0.23696979762825,-0.00432561503071094,-0.00473939595256501,3.06936368585813,3.38757233139527,0.0613872737171626,0.0677514466279053,5.55834796055349,5.63070914226941,0.11116695921107,0.112614182845388,0.0778608706051838,1.08097225319201,0.317757956168309
"311a6257-dd77-4bb6-81cb-c8e7862350f3","Necromancy",0.0770851140257808,0.187936223040815,0.410166346745405,0.681683925834687,1.08013400703397,0.747313963364947,1.56117713617713,2599.7841064292,TRUE,FALSE,0.0175854253698692,0.0192635165790987,0.224267783844963,0.20054730811689,1.11827870416614,0.263447979295826,1.25140608089629,0.844673649305703,1.85399080531449,2588.80166372842,TRUE,FALSE,0.0504513737409912,0.0557920448718301,0.225541666194096,0.19263234600897,1.17084005291403,0.24166307491469,1.25300124082166,0.858973049310157,1.82777807844088,2776.29010187117,TRUE,FALSE,0.055443894895089,0.0562561741906729,131,0.913378039687918,FALSE,FALSE,0.75827324977958,FALSE,FALSE,0.591657873067,FALSE,FALSE,2588.80166372842,10.9824427007825,-187.488438142752,0.172867233787688,1.19484710958397,0.144677283311902,"medium",1.75854253698692,1.92635165790987,0.0351708507397384,0.0385270331581974,5.04513737409912,5.57920448718301,0.100902747481982,0.11158408974366,5.5443894895089,5.62561741906729,0.110887789790178,0.112512348381346,0.0274666953225954,1.02784738241171,0.317757956168309
"0ad38866-fc5f-4f62-89c1-afc0f50765aa","Novice Inspector",0.188945865180106,0.189978854565923,0.994562608622013,0.319949040808989,1.20797555717361,0.832424551744986,1.75295760278816,2598.95834435397,TRUE,FALSE,0.043056846463814,0.0471220919714758,0.0839291366557979,0.195481599084466,0.429345457827632,0.667671839947804,1.08755182351892,0.74140014139667,1.59531797041635,2589.87144452929,TRUE,FALSE,0.0189417276764095,0.020858410750049,0.224201328010651,0.18715510984178,1.19794393110714,0.23093884559163,1.2513229204244,0.867081167936889,1.80583907145059,2776.21913117695,TRUE,FALSE,0.0551872764806739,0.0558325504474168,131,0.710499937527833,FALSE,FALSE,0.959606096866589,FALSE,FALSE,0.580596037307114,FALSE,FALSE,2589.87144452929,9.08689982468786,-186.347686647668,0.163771096905478,1.18228343370564,0.138521011321429,"medium",4.3056846463814,4.71220919714758,0.086113692927628,0.0942441839429515,1.89417276764095,2.0858410750049,0.037883455352819,0.041716821500098,5.51872764806739,5.58325504474168,0.110374552961348,0.111665100894834,0.0809723409356015,1.08434090429708,0.317757956168309
"1c0f2873-5849-4cab-855a-2fbbc41dbb6c","Chaos Defiler",0.0978886756326294,0.191764794817416,0.510462182205193,0.609727702619361,1.10284000530854,0.757319296744252,1.60600169906891,2599.69151568082,TRUE,FALSE,0.0223291170774403,0.0244561406180615,0.115609859327807,0.195513875759142,0.591312810300119,0.554310847850378,1.12255783122317,0.765215843060644,1.6467720785815,2589.70583349627,TRUE,FALSE,0.0260756610963115,0.02874689266457,0.223919038574218,0.19102420786591,1.17220241913737,0.241115797401806,1.25096973503499,0.860287701679467,1.81907200918769,2776.28421748841,TRUE,FALSE,0.0550651331415934,0.0558062735221678,126,0.875296119588919,FALSE,FALSE,0.959606096866589,FALSE,FALSE,0.591657873067,FALSE,FALSE,2589.70583349627,9.98568218454784,-186.578383992141,0.148129729726454,1.15878919052224,0.127831473522545,"medium",2.23291170774404,2.44561406180615,0.0446582341548807,0.0489122812361229,2.60756610963115,2.874689266457,0.0521513221926229,0.0574937853291401,5.50651331415934,5.58062735221678,0.110130266283187,0.111612547044336,0.0658944747191734,1.06811399818913,0.317757956168309
"139b90cd-8272-457a-be32-1298145345be","Watery Grave",-0.211092384959434,0.184335322197452,-1.14515428970971,0.252145249674112,0.809699259392553,0.56417566316425,1.16207226483993,2598.64612767178,TRUE,FALSE,-0.0479427774273349,-0.0526163680385259,-0.111350402430065,0.18686531086366,-0.595885891904825,0.551251458682756,0.894625215151354,0.620266278480963,1.29033981590081,2589.70162427162,TRUE,FALSE,-0.0250914358296094,-0.0274445594886327,0.223622743829906,0.180636495747048,1.23797100306382,0.215726812858747,1.25059913418346,0.877722505876764,1.7818822964533,2776.12559720138,TRUE,FALSE,0.0550014047760216,0.0557275289016223,140,0.675558970824979,FALSE,FALSE,0.959606096866589,FALSE,FALSE,0.580596037307114,FALSE,FALSE,2589.70162427162,8.94450340015419,-186.423972929759,0.440899874790911,0.984974536242457,0.447625657890491,"low",-4.79427774273349,-5.26163680385259,-0.0958855548546698,-0.105232736077052,-2.50914358296094,-2.74445594886327,-0.0501828716592189,-0.0548891189772654,5.50014047760216,5.57275289016223,0.110002809552043,0.111455057803245,0.00897468836862048,1.00901508163284,0.317757956168309
"68924203-c3d9-41ce-8ca8-c6dd491eb3ca","Psychic Frog",0.0613672336344068,0.172817616896641,0.355098251766251,0.722515986308027,1.0632893180988,0.757785211612604,1.49195861394163,2599.82630822191,TRUE,FALSE,0.0140019987221389,0.0153380552644904,0.228501272524133,0.180712848271901,1.26444397677983,0.206070716902478,1.2567151243312,0.881882977729784,1.79086448384393,2588.45297656155,TRUE,FALSE,0.0513990663799707,0.0568748441208122,0.220974397867768,0.172252543385086,1.28285129220856,0.199544180132788,1.24729149683345,0.889904978961998,1.74820471269602,2776.014658712,TRUE,FALSE,0.0543337655936023,0.0551093041300174,161,0.913378039687918,FALSE,FALSE,0.696094999265457,FALSE,FALSE,0.580596037307114,FALSE,FALSE,2588.45297656155,11.3733316603552,-187.561682150444,0.193425806232409,1.18909864642115,0.162665903972362,"medium",1.40019987221389,1.53380552644904,0.0280039974442779,0.0306761105289808,5.13990663799707,5.68748441208122,0.102798132759941,0.113749688241624,5.43337655936023,5.51093041300174,0.108667531187205,0.110218608260035,0.0426622345370756,1.04358534822668,0.317757956168309
"0d16e8e0-31b2-4389-afd6-783c501f6fa0","Ajani, Nacatl Pariah // Ajani, Nacatl Avenger",0.449860593504437,0.169503477180533,2.65399035457724,0.00795461006336278,1.56809356782316,1.12483209792661,2.18603064580113,2592.82147106154,TRUE,FALSE,0.10143403550695,0.111035306502964,0.327449155100537,0.176654893873641,1.85360930524097,0.0637950753697435,1.38742450604503,0.981381077254083,1.96146716559925,2586.59518945439,TRUE,FALSE,0.0735078714824256,0.0816547609641962,0.219965682948093,0.170310761165606,1.29155481099755,0.19651136196676,1.24603396964126,0.892397686444635,1.73980802178634,2775.98723274866,TRUE,FALSE,0.0541727862749022,0.0547866757711981,170,0.173097283465316,TRUE,FALSE,0.682611960387743,FALSE,FALSE,0.580596037307114,FALSE,FALSE,2586.59518945439,6.22628160715294,-189.392043294271,0.3220595981819,1.40051734783648,0.229957592941935,"low",10.143403550695,11.1035306502964,0.2028680710139,0.222070613005927,7.35078714824256,8.16547609641962,0.147015742964851,0.163309521928392,5.41727862749022,5.47866757711981,0.108345572549804,0.109573351542396,0.0437255479956788,1.04469559673914,0.317757956168309
"758f95f8-bcb0-43ae-b474-56ebd855951e","Lion's Eye Diamond",0.332331163308907,0.198609871363539,1.67328623208563,0.0942709615077152,1.3942144847519,0.944646793768102,2.05773633310949,2597.13982213483,TRUE,FALSE,0.0752893483867291,0.0824528011730815,0.497554034913604,0.209780552397342,2.37178341475236,0.0177024642485792,1.64469348395577,1.09022506024312,2.48115435501306,2584.39828269084,TRUE,FALSE,0.110450514261808,0.12372773534946,0.219204517742024,0.201635528994981,1.08713240585433,0.276978298151628,1.24508589280531,0.838617044850161,1.84856590977087,2776.47789822361,TRUE,FALSE,0.0539191874521998,0.0546731960869311,118,0.482984000779561,FALSE,FALSE,0.386730757430499,TRUE,FALSE,0.629288795424248,FALSE,FALSE,2584.39828269084,12.7415394439913,-192.079615532769,0.399607591150465,1.42799795383766,0.279837649680479,"low",7.52893483867291,8.24528011730815,0.150578696773458,0.164905602346163,11.0450514261808,12.372773534946,0.220901028523616,0.24745547069892,5.39191874521998,5.46731960869311,0.1078383749044,0.109346392173862,0.0535042404091856,1.05496146522639,0.317757956168309
"17db2b6a-eaa8-4a08-9e86-370bbd058574","Bayou",-0.0827009981023682,0.196553385640786,-0.420755907270454,0.673933331978092,0.92062637510441,0.626287571508248,1.35329672996189,2599.77545545533,TRUE,FALSE,-0.0188605508444659,-0.0206654766851804,0.0419676156963865,0.205696517686245,0.204026865250101,0.838332505018158,1.04286070588618,0.696841317615254,1.56069742764866,2590.01445840409,TRUE,FALSE,0.00946998734183564,0.0104126111954519,0.215294980428589,0.196981717159748,1.09296935539449,0.274407254839078,1.24022768590746,0.842999271459285,1.82463350202985,2776.46866973856,TRUE,FALSE,0.0529136616816537,0.0536581389337504,121,0.913378039687918,FALSE,FALSE,0.961188495007595,FALSE,FALSE,0.62848113205079,FALSE,FALSE,2590.01445840409,9.76099705124398,-186.454211334476,0.319601310803047,1.06790492229935,0.299278806688989,"low",-1.88605508444659,-2.06654766851804,-0.0377211016889317,-0.0413309533703607,0.946998734183564,1.04126111954519,0.0189399746836713,0.0208252223909039,5.29136616816537,5.36581389337504,0.105827323363307,0.107316277867501,-0.0656621319594614,0.936447206430365,0.317757956168309
"fe964e7e-e2c5-4263-889d-0a531eb51442","Luminarch Aspirant",0.0953890966996255,0.176698067099792,0.539842332546588,0.589305770212225,1.10008681201025,0.778069743036327,1.55537598626603,2599.66046284379,TRUE,FALSE,0.0217685050015546,0.0238330430969611,-0.0888119438858969,0.186825350576194,-0.475374158870781,0.634520309730764,0.915017632055841,0.634454546563648,1.3196489354641,2589.83038977404,TRUE,FALSE,-0.0200167614166926,-0.0218902288196311,0.212320576144392,0.175142686203992,1.21227200944661,0.2254082747398,1.23654422812707,0.877253663143437,1.74298688321847,2776.18646561287,TRUE,FALSE,0.0522939570463646,0.0528749793958314,160,0.875296119588919,FALSE,FALSE,0.959606096866589,FALSE,FALSE,0.580596037307114,FALSE,FALSE,2589.83038977404,9.83007306975378,-186.356075838832,0.321526596071228,1.08388289073105,0.296643298663351,"low",2.17685050015546,2.38330430969611,0.0435370100031091,0.0476660861939222,-2.00167614166926,-2.18902288196311,-0.0400335228333851,-0.0437804576392622,5.22939570463646,5.28749793958314,0.104587914092729,0.105749958791663,0.0599747767110142,1.06180976387307,0.317757956168309
"006d2bf1-20f7-4b09-8d98-8233d91682bd","Flame Slash",0.264543011200228,0.185164426488634,1.42869241255942,0.15309265954862,1.30283545850389,0.906305109012301,1.8728574020562,2597.89750132537,TRUE,FALSE,0.060157913544153,0.0658265239105336,0.104752260314384,0.191560895641812,0.546835302494376,0.584491887249341,1.11043547734038,0.762839903197328,1.61641642521312,2589.75620940943,TRUE,FALSE,0.0236398645738837,0.0260544728751516,0.210472692321342,0.18422303239397,1.14248848032875,0.2532510316746,1.23426134794971,0.860187877683938,1.77100969981628,2776.35140093502,TRUE,FALSE,0.0518292127320007,0.0524127708950358,141,0.564653445607896,FALSE,FALSE,0.959606096866589,FALSE,FALSE,0.599444526920439,FALSE,FALSE,2589.75620940943,8.14129191593929,-186.595191525587,0.192399981163513,1.21584409459799,0.158243957443515,"medium",6.0157913544153,6.58265239105336,0.120315827088306,0.131653047821067,2.36398645738837,2.60544728751516,0.0472797291477674,0.0521089457503032,5.18292127320007,5.24127708950358,0.103658425464001,0.104825541790072,0.00169696724518733,1.00169840790891,0.317757956168309
"377cee38-e769-47b0-abd5-0f528600f36a","Badlands",0.116119368114843,0.17444048743005,0.665667528367842,0.505623633106867,1.12312993003445,0.797890437560797,1.58094492722012,2599.50869604115,TRUE,FALSE,0.0264819039024018,0.0290043085639651,0.12995803435692,0.177762424359696,0.731077081250614,0.464732072383657,1.13878059266195,0.803758588952328,1.61344619646785,2589.52061765499,TRUE,FALSE,0.0293064001141468,0.0323165300724239,0.207163674653884,0.171843248895576,1.20553862886852,0.227995434913161,1.23018390522861,0.87840361466334,1.72284404961555,2776.20626098351,TRUE,FALSE,0.0509733020662116,0.0516604619706108,155,0.815892680695172,FALSE,FALSE,0.932129613068102,FALSE,FALSE,0.580596037307114,FALSE,FALSE,2589.52061765499,9.98807838616449,-186.68564332853,0.107053975194166,1.164031475975,0.0919682821330042,"medium",2.64819039024018,2.90043085639651,0.0529638078048036,0.0580086171279303,2.93064001141468,3.23165300724239,0.0586128002282936,0.0646330601448478,5.09733020662116,5.16604619706108,0.101946604132423,0.103320923941222,-0.00365294037553827,0.996353723494446,0.317757956168309
"f05e9a3e-8a35-4687-85cb-e31b3927a5e2","Daze",-0.000685525906169467,0.173063032461157,-0.00396113425507744,0.996839480399675,0.99931470901303,0.711849284158551,1.40286702518812,2599.95246471181,TRUE,FALSE,-0.000156425062614735,-0.000171381471307297,0.1665424868091,0.179966979607986,0.925405800396669,0.354754862769973,1.18121372080613,0.830113539289277,1.68081327214016,2589.19831257102,TRUE,FALSE,0.0375286329837884,0.0414298007945373,0.207089663459171,0.172509403259589,1.20045434942202,0.229962931900835,1.23009286121725,0.877192539892025,1.72496730011395,2776.21983407398,TRUE,FALSE,0.0509511196635126,0.0516567789874822,160,0.996839480399675,FALSE,FALSE,0.881776359601452,FALSE,FALSE,0.580596037307114,FALSE,FALSE,2589.19831257102,10.7541521407952,-187.02152150296,0.230778152204221,1.1368737636788,0.20299364764778,"low",-0.0156425062614735,-0.0171381471307297,-0.00031285012522947,-0.000342762942614594,3.75286329837884,4.14298007945373,0.0750572659675768,0.0828596015890747,5.09511196635126,5.16567789874822,0.101902239327025,0.103313557974964,0.066685214107655,1.06895893201609,0.317757956168309
"3003d481-1b52-4aa9-bbdc-e948fbc8d49d","Sylvan Library",0.178149870499954,0.21200914018366,0.840293349360434,0.400743929431088,1.19500440372231,0.788685183871908,1.81065341928325,2599.24460634096,TRUE,FALSE,0.0405768154350271,0.0444372324321157,0.0705139480955765,0.241585457927257,0.291879936402499,0.770378424287784,1.07305953646331,0.668316410323525,1.72292158475869,2589.9708472489,TRUE,FALSE,0.015911400915821,0.0175184279388714,0.205133991134413,0.230936277457423,0.888270969779675,0.374395011396757,1.22768955345891,0.780749352084586,1.93048080750612,2776.87352240748,TRUE,FALSE,0.0504782609701215,0.0511041307219081,104,0.763834066835094,FALSE,FALSE,0.959606096866589,FALSE,FALSE,0.695417904839936,FALSE,FALSE,2589.9708472489,9.27375909206194,-186.902675158578,0.154630016995601,1.16525116454817,0.132701019059319,"medium",4.05768154350271,4.44372324321157,0.0811536308700542,0.0888744648642315,1.5911400915821,1.75184279388714,0.0318228018316419,0.0350368558777429,5.04782609701215,5.11041307219081,0.100956521940243,0.102208261443816,0.0970772905077154,1.10194554025996,0.317757956168309
"54f449ff-4025-465e-9ec5-a5cf42c4c9d3","Xander's Lounge",0.0269933883448052,0.170836658918393,0.158007002219001,0.874451281059148,1.02736101018427,0.735028163265589,1.43595946114173,2599.92750331527,TRUE,FALSE,0.00616009606886059,0.00674803005857316,0.153147991773418,0.176063048513645,0.869847438552952,0.384383782871851,1.16549745021483,0.825360033737986,1.64580819391661,2589.29798564616,TRUE,FALSE,0.0345282487820285,0.0381007190364784,0.203679265998681,0.170050637172729,1.19775655878192,0.231011803576422,1.22590490101073,0.878429185647224,1.7108297980956,2776.2252709782,TRUE,FALSE,0.0501364089778826,0.0507919200849725,162,0.973361514157262,FALSE,FALSE,0.901078059394778,FALSE,FALSE,0.580596037307114,FALSE,FALSE,2589.29798564616,10.6295176691074,-186.927285332038,0.198543890826454,1.13958778713661,0.1742243055494,"medium",0.616009606886059,0.674803005857316,0.0123201921377212,0.0134960601171463,3.45282487820285,3.81007190364784,0.0690564975640569,0.0762014380729568,5.01364089778826,5.07919200849725,0.100272817955765,0.101583840169945,0.0452218633060893,1.04625996085437,0.317757956168309
"0adcd4e5-d542-4293-8774-ace2305ef820","Walk-In Closet // Forgotten Cellar",0.239445187502439,0.202026632510716,1.1852159516134,0.235932074533309,1.2705440410251,0.855108419015428,1.88780992478484,2598.54463784346,TRUE,FALSE,0.0544320180169841,0.0596227445501942,0.279424986018741,0.209869055400822,1.33142537609976,0.183049084224828,1.32236921289494,0.8764125402291,1.99524796251234,2588.27737477963,TRUE,FALSE,0.0627345863618801,0.069648947479412,0.202860202610703,0.20215608504605,1.00348303917981,0.315627856312077,1.22490121828517,0.824180496360208,1.82045438005699,2776.65427889943,TRUE,FALSE,0.0499118036291312,0.0505792952341547,113,0.66275270915529,FALSE,FALSE,0.682611960387743,FALSE,FALSE,0.684634642532387,FALSE,FALSE,2588.27737477963,10.2672630638308,-188.376904119794,0.0974679946097703,1.2726048240684,0.0765893644015696,"medium",5.44320180169841,5.96227445501942,0.108864036033968,0.119245489100388,6.27345863618801,6.9648947479412,0.12546917272376,0.139297894958824,4.99118036291312,5.05792952341547,0.0998236072582624,0.101158590468309,0.0909596811413394,1.09522484615248,0.317757956168309
"7eb39e97-53c2-4df0-9fb3-a3d6a24ec41f","Avacyn's Pilgrim",0.151365565079648,0.188580724947198,0.802656608314715,0.422173239454969,1.16342188676741,0.803922300359735,1.68368321914164,2599.30691789683,TRUE,FALSE,0.0344968268808752,0.0377826378096954,0.0453611916496005,0.20959082638182,0.216427371525145,0.828654632430752,1.04640574467727,0.693893472525799,1.57800156053907,2590.0092428899,TRUE,FALSE,0.0102372643885818,0.0112577605936814,0.197089756043917,0.204110837397623,0.965601623886203,0.33424356244281,1.21785334549882,0.816304782935626,1.81692769924591,2776.72996109736,TRUE,FALSE,0.0485117468539356,0.0491248246289471,127,0.790500739726721,FALSE,FALSE,0.961188495007595,FALSE,FALSE,0.691230156430161,FALSE,FALSE,2590.0092428899,9.2976750069306,-186.720718207463,0.171447600821547,1.14256032564783,0.150055622423557,"medium",3.44968268808752,3.77826378096954,0.0689936537617503,0.0755652756193909,1.02372643885818,1.12577605936814,0.0204745287771636,0.0225155211873628,4.85117468539356,4.91248246289471,0.0970234937078712,0.0982496492578943,0.0508687589176721,1.05218479435006,0.317757956168309
"9d48aaff-46ab-411b-9456-171d4709f951","Fear of Missing Out",0.238046059014815,0.187482214270341,1.26969942157587,0.204191718929032,1.26876762966618,0.878605681472446,1.83218858247188,2598.33467900362,TRUE,FALSE,0.054134348892133,0.0592844051911214,0.168616015976589,0.195293080629249,0.863399847210639,0.387917663420353,1.1836655429932,0.807220493361718,1.7356647027562,2589.30908725083,TRUE,FALSE,0.0379967230058288,0.041984561803832,0.195974778225903,0.18829616238401,1.04077946010516,0.29797791494274,1.21649622275446,0.84106553240048,1.75950981578357,2776.57769287993,TRUE,FALSE,0.0482440252026703,0.0488741427170174,133,0.64560083962813,FALSE,FALSE,0.901078059394778,FALSE,FALSE,0.656724306622268,FALSE,FALSE,2589.30908725083,9.02559175278702,-187.268605629101,0.085102086672985,1.22297646513795,0.0695860379156077,"medium",5.4134348892133,5.92844051911214,0.108268697784266,0.118568810382243,3.79967230058288,4.1984561803832,0.0759934460116576,0.083969123607664,4.82440252026703,4.88741427170174,0.0964880504053406,0.0977482854340348,-0.004435764801594,0.995574058672852,0.317757956168309
"6efb6a69-562c-4d95-858d-b067444cfd7e","Palantír of Orthanc",0.130993103400108,0.21262577089016,0.616073502528425,0.537846009413656,1.13995991943742,0.751447894483203,1.729339622167,2599.57229979071,TRUE,FALSE,0.0298621915157424,0.0327083276518316,0.207376362800655,0.21750157742994,0.953447626684243,0.340363320174418,1.23044557859003,0.803380580526169,1.88453188758953,2589.1445231898,TRUE,FALSE,0.0466767500474628,0.0516453238812244,0.190828593486774,0.210622956529171,0.906019916496349,0.364925310833515,1.21025198922797,0.80092145026503,1.82878093344306,2776.84132949554,TRUE,FALSE,0.0469680544459183,0.0475980529527394,100,0.843913075544079,FALSE,FALSE,0.863064133299416,FALSE,FALSE,0.695417904839936,FALSE,FALSE,2589.1445231898,10.4277766009086,-187.696806305744,0.0904856591526073,1.19355249575181,0.0758120480453701,"medium",2.98621915157424,3.27083276518316,0.0597243830314848,0.0654166553036633,4.66767500474628,5.16453238812244,0.0933535000949257,0.103290647762449,4.69680544459183,4.75980529527394,0.0939361088918366,0.0951961059054788,0.108446017175555,1.11454474064127,0.317757956168309
"866b7fd4-86e3-4b42-b1ea-33bad0db1f9f","Prismari Command",-0.0878060969670873,0.209846741123539,-0.418429642971653,0.675633017231352,0.915938462751423,0.60707331688798,1.38194719518902,2599.77757596724,TRUE,FALSE,-0.0200201383522379,-0.0219395383690434,0.0599103968357258,0.216488413315574,0.276737197701176,0.781981907247169,1.06174140689332,0.694608505713423,1.62292112152294,2589.97946670368,TRUE,FALSE,0.0135184160435584,0.0148691201616087,0.190579917478493,0.206844613210681,0.921367564377316,0.35685855715987,1.20995106601201,0.806674107462942,1.81483646072136,2776.81378522996,TRUE,FALSE,0.0469021463998559,0.0475429468266787,105,0.913378039687918,FALSE,FALSE,0.960413023730856,FALSE,FALSE,0.695417904839936,FALSE,FALSE,2589.97946670368,9.7981092635614,-186.834318526274,0.294012603260592,1.06254364521892,0.276706377741326,"low",-2.00201383522379,-2.19395383690434,-0.0400402767044757,-0.0438790767380869,1.35184160435584,1.48691201616087,0.0270368320871168,0.0297382403232174,4.69021463998559,4.75429468266787,0.0938042927997117,0.0950858936533574,0.00938184806286776,1.00942599555308,0.317757956168309
"068bb15a-fc2d-42a2-859b-837b946d23c0","Underground Sea",-0.290466326955103,0.195149645424058,-1.48842866879888,0.136637880695845,0.747914713453844,0.510196347638297,1.09639440029335,2597.74260705334,TRUE,FALSE,-0.0658031097942166,-0.0721985791104459,-0.1600964227419,0.200391091605747,-0.798919859456012,0.424336882693041,0.852061626886796,0.57530038707562,1.26196510957248,2589.41840892917,TRUE,FALSE,-0.0360487052867622,-0.0393513480333241,0.187964036425798,0.189964589085851,0.989468812741991,0.322433821369766,1.20679011408336,0.831630906835146,1.75118837873834,2776.68376272664,TRUE,FALSE,0.0462585287446989,0.0468872168565477,127,0.562393595907536,FALSE,FALSE,0.921487398586617,FALSE,FALSE,0.688505302774538,FALSE,FALSE,2589.41840892917,8.32419812416401,-187.265353797472,0.458875400629519,0.935588818141335,0.490466956991996,"low",-6.58031097942166,-7.21985791104459,-0.131606219588433,-0.144397158220892,-3.60487052867622,-3.93513480333241,-0.0720974105735245,-0.0787026960666483,4.62585287446989,4.68872168565477,0.0925170574893978,0.0937744337130955,-0.01982116121871,0.980373986518845,0.317757956168309
"fa7a55aa-ae61-4933-b7a4-dcc55dac6fcd","Inti, Seneschal of the Sun",0.123963472891062,0.172231032299374,0.719751088036145,0.471678265014364,1.13197452248731,0.807663836945237,1.58650946216286,2599.43308374617,TRUE,FALSE,0.028281247157901,0.0309600768700312,-0.0765055311808161,0.181285904327959,-0.42201588405027,0.673013423552692,0.926347790477524,0.649322411498363,1.32156262239957,2589.87823690632,TRUE,FALSE,-0.017247085789044,-0.0188740528363169,0.187284940900306,0.173069475242533,1.08213733610651,0.279191507829068,1.20597086652184,0.859047354902447,1.6929983226182,2776.4882637131,TRUE,FALSE,0.0461549082545237,0.0466768274453196,165,0.801823220191631,FALSE,FALSE,0.959606096866589,FALSE,FALSE,0.629288795424248,FALSE,FALSE,2589.87823690632,9.55484683985014,-186.610026806778,0.279623076044319,1.08809772649556,0.256983420914684,"low",2.8281247157901,3.09600768700312,0.0565624943158021,0.0619201537400623,-1.7247085789044,-1.88740528363169,-0.0344941715780881,-0.0377481056726338,4.61549082545237,4.66768274453196,0.0923098165090474,0.0933536548906393,0.0454283438701175,1.04647601550598,0.317757956168309
"1e3e8085-cfcd-4e88-b441-4d1f8ac63904","Forth Eorlingas!",0.203916078799291,0.166191963895311,1.2269912095614,0.21982589485336,1.22619524536089,0.885307558661356,1.69834174015088,2598.44022923599,TRUE,FALSE,0.0464543007196333,0.050845133542374,0.0944219914542463,0.172893984277711,0.546126528627975,0.584978965342382,1.09902342656969,0.78313497363162,1.54232990840368,2589.75725009856,TRUE,FALSE,0.0213103356691539,0.0234774100517851,0.18504354586063,0.167285652613014,1.10615311576478,0.268660251830772,1.20327083645101,0.866895939316985,1.67016667190097,2776.43562537728,TRUE,FALSE,0.045599574681678,0.0461253523572814,176,0.66275270915529,FALSE,FALSE,0.959606096866589,FALSE,FALSE,0.620321231869425,FALSE,FALSE,2589.75725009856,8.68297913743163,-186.678375278719,0.127171818791207,1.17616316946053,0.108124299496248,"medium",4.64543007196333,5.0845133542374,0.0929086014392667,0.101690267084748,2.13103356691539,2.34774100517851,0.0426206713383079,0.0469548201035701,4.5599574681678,4.61253523572814,0.091199149363356,0.0922507047145629,0.0489303155177014,1.05014716922842,0.317757956168309
"56995b84-2307-4955-9c7c-dc4f04acdc07","Inquisition of Kozilek",0.236599909712593,0.168851335876383,1.40123208670265,0.161144682147726,1.26693412832174,0.909965394146193,1.76393750337334,2597.98087863615,TRUE,FALSE,0.0538235295468982,0.0589389821223275,0.250526832258652,0.172144592304089,1.45532792465594,0.145578499430082,1.28470206092154,0.916790249301042,1.80025844144214,2587.92917234231,TRUE,FALSE,0.0563433189454675,0.0624130852660159,0.184582493421378,0.164963870905806,1.11892678322742,0.263171375733061,1.20271619336638,0.870448490748428,1.661817163405,2776.40760336937,TRUE,FALSE,0.045465259287374,0.0460455840256622,167,0.5733321887486,FALSE,FALSE,0.682611960387743,FALSE,FALSE,0.612628448427781,FALSE,FALSE,2587.92917234231,10.0517062938461,-188.478431027057,0.081985867555155,1.25145079420322,0.0655126577368583,"medium",5.38235295468982,5.89389821223275,0.107647059093796,0.117877964244655,5.63433189454675,6.24130852660159,0.112686637890935,0.124826170532032,4.5465259287374,4.60455840256622,0.090930518574748,0.0920911680513243,0.040267135704538,1.04108884905205,0.317757956168309
"729daf0e-b822-41bd-a908-ca8ec34032f0","Tropical Island",-0.0341094210892634,0.214467513356517,-0.159042367561571,0.873635494135931,0.966465747116775,0.634787014068486,1.47144793395098,2599.9271887509,TRUE,FALSE,-0.00778232626765659,-0.00852664666627906,0.0120095465663636,0.225071662207611,0.0533587678189614,0.957446056898601,1.01208195072747,0.651074690528241,1.57326016490866,2590.0532473551,TRUE,FALSE,0.00271028766962502,0.00297638412569262,0.182966715537041,0.215984514699306,0.847128859176629,0.396923300964691,1.2007744402833,0.786342419443097,1.83362771839122,2776.94582846732,TRUE,FALSE,0.0450283962323226,0.0456210444244188,102,0.973361514157262,FALSE,FALSE,0.978110360284902,FALSE,FALSE,0.718001385184537,FALSE,FALSE,2590.0532473551,9.87394139580283,-186.892581112216,0.234308693166526,1.05977404604251,0.221093066056391,"low",-0.778232626765659,-0.852664666627906,-0.0155646525353132,-0.0170532933325581,0.271028766962502,0.297638412569262,0.00542057533925003,0.00595276825138524,4.50283962323226,4.56210444244188,0.0900567924646452,0.0912420888488377,0.0241547727246796,1.02444886236285,0.317757956168309
"10158a5e-5a03-41ab-85d2-0907ccf32c9b","Dack Fayden",0.0189997711314476,0.205340659431888,0.0925280515997851,0.92627850486085,1.01918141535881,0.681493939100225,1.52419661836496,2599.943916344,TRUE,FALSE,0.0043355979976408,0.00474982221432391,0.0802465113037921,0.20993509894096,0.382244377946347,0.702280107628035,1.0835541430996,0.718042670078909,1.63512508372138,2589.90986698987,TRUE,FALSE,0.0181054352875232,0.019932492084462,0.181805339956899,0.204476879846726,0.889124188970307,0.373936340282726,1.19938069965592,0.803346344725736,1.79065240310296,2776.87148893518,TRUE,FALSE,0.0447664412397233,0.0453549719726674,108,0.974307760668449,FALSE,FALSE,0.959606096866589,FALSE,FALSE,0.695417904839936,FALSE,FALSE,2589.90986698987,10.0340493541298,-186.961621945309,0.180199284297112,1.10070541937144,0.16371254390663,"medium",0.43355979976408,0.474982221432391,0.00867119599528161,0.00949964442864781,1.81054352875232,1.9932492084462,0.0362108705750464,0.039864984168924,4.47664412397233,4.53549719726674,0.0895328824794466,0.0907099439453347,0.0229055109171203,1.02316985659817,0.317757956168309
"29632951-3c3d-478c-8c5a-9a34f30a5c28","Dauthi Voidwalker",0.059466410739075,0.184801143270645,0.32178594616152,0.747614861838804,1.06127011310211,0.738788327484898,1.52451549525433,2599.84881221289,TRUE,FALSE,0.0135704396745771,0.0148630702911391,0.0141433947366207,0.186380018491138,0.0758847158140681,0.939510816808103,1.01424388574639,0.70387011083179,1.4614779686529,2590.05033458401,TRUE,FALSE,0.00319208961318723,0.00350540676916744,0.179553236897779,0.179275764798913,1.00154773903309,0.316562072432206,1.1966826100415,0.842124627438276,1.70051940356143,2776.6570653217,TRUE,FALSE,0.0442328718946236,0.0447859868213282,140,0.926346732634772,FALSE,FALSE,0.976308867591612,FALSE,FALSE,0.684634642532387,FALSE,FALSE,2590.05033458401,9.79847762887994,-186.606730737693,0.182438724295107,1.09073220296333,0.167262618449746,"medium",1.35704396745771,1.48630702911391,0.0271408793491542,0.0297261405822783,0.319208961318723,0.350540676916744,0.00638417922637445,0.00701081353833488,4.42328718946236,4.47859868213282,0.0884657437892472,0.0895719736426563,0.0644127737485148,1.06653254455127,0.317757956168309
"a9738cda-adb1-47fb-9f4c-ecd930228c4d","Ragavan, Nimble Pilferer",0.29379354974939,0.177897541997073,1.65147616122894,0.0986413845319289,1.34150692063639,0.946593401222448,1.90117617109018,2597.20692835347,TRUE,FALSE,0.0667211166927137,0.073033826077589,0.161005785817207,0.188911888693387,0.852279795256968,0.394058817393581,1.17469176534604,0.81118307053275,1.70109657572801,2589.32724817327,TRUE,FALSE,0.0363042791585833,0.0400907627280317,0.17663005928001,0.182011401571929,0.970434037398518,0.33183018942668,1.19318960204894,0.835176426021592,1.70467147069703,2776.71856995885,TRUE,FALSE,0.0435281560662971,0.0440519957080122,149,0.484517845951345,FALSE,FALSE,0.901078059394778,FALSE,FALSE,0.691230156430161,FALSE,FALSE,2589.32724817327,7.87968018020047,-187.39132178558,0.166815155290348,1.23646276267712,0.134913205901299,"medium",6.67211166927137,7.3033826077589,0.133442233385427,0.146067652155178,3.63042791585833,4.00907627280318,0.0726085583171666,0.0801815254560635,4.35281560662971,4.40519957080122,0.0870563121325942,0.0881039914160243,0.0367050448740393,1.03738699309693,0.317757956168309
"071daca8-ccc6-4707-843e-adac40dd1588","Fury",0.32025199190436,0.177277502792846,1.80650103289521,0.0708401129498107,1.37747483311126,0.973154994923115,1.94977873591946,2596.66486203611,TRUE,FALSE,0.0726561119315694,0.079527958945832,0.148242822442257,0.187231030404128,0.79176417564056,0.428498194576408,1.15979448630309,0.803538646591459,1.67399944752496,2589.42768233795,TRUE,FALSE,0.0334345390386528,0.0369089201531668,0.173334780663659,0.180617198833803,0.959680372538361,0.337216104497503,1.18926418109805,0.834706653482696,1.69442676243402,2776.73988077321,TRUE,FALSE,0.0427227581561789,0.0432357678105469,150,0.433684761397864,FALSE,FALSE,0.921920358028029,FALSE,FALSE,0.691230156430161,FALSE,FALSE,2589.42768233795,7.23717969816471,-187.312198435257,0.217680346808172,1.24217783350414,0.175240888169856,"medium",7.26561119315694,7.9527958945832,0.145312223863139,0.159055917891664,3.34345390386528,3.69089201531668,0.0668690780773057,0.0738178403063335,4.27227581561789,4.32357678105469,0.0854455163123579,0.0864715356210938,0.0081291432626532,1.00816227446299,0.317757956168309
"4cbdacc1-7a1b-4633-85f5-eb50c2bf406d","Snapcaster Mage",0.113273749801677,0.205229640463719,0.551936599146859,0.580991792001325,1.11993847392403,0.749029923116032,1.67451545881832,2599.64739748074,TRUE,FALSE,0.0258303708308166,0.0282929185047846,0.280302908172705,0.211758195122822,1.32369331921311,0.185604918135902,1.32353065987808,0.873940350712778,2.00440843154638,2588.2978427968,TRUE,FALSE,0.06293952916795,0.0698706750245841,0.172477717743328,0.201879883900039,0.854358118358789,0.392906594134345,1.18824534353227,0.799949358893663,1.76502047376953,2776.93303141302,TRUE,FALSE,0.042473828631925,0.0430390952240931,112,0.875296119588919,FALSE,FALSE,0.682611960387743,FALSE,FALSE,0.715291491885602,FALSE,FALSE,2588.2978427968,11.3495546839417,-188.635188616226,0.203592185954042,1.21057149244479,0.168178572867994,"medium",2.58303708308166,2.82929185047846,0.0516607416616331,0.0565858370095692,6.293952916795,6.98706750245841,0.1258790583359,0.139741350049168,4.2473828631925,4.30390952240931,0.08494765726385,0.0860781904481862,0.0570904429102822,1.05875156263797,0.317757956168309
"ee8e9928-d9b2-4570-adb8-44b34115decd","Tireless Tracker",0.174649741935017,0.187955933648859,0.929205790657823,0.352782447045232,1.19082904608055,0.823868879943508,1.72123726421896,2599.08701331645,TRUE,FALSE,0.0397837821929877,0.0435723913742772,0.1282465509893,0.190900424246277,0.671798145528747,0.501712209499385,1.13683325551115,0.781986125803556,1.65270176565862,2589.60405736864,TRUE,FALSE,0.0289185599785919,0.0319031730270841,0.170756804036003,0.185346552092623,0.921283952186338,0.356902197301458,1.18620223434445,0.824875809378481,1.70580313395778,2776.81322229483,TRUE,FALSE,0.0420595863715145,0.0426047903948606,131,0.746069719174284,FALSE,FALSE,0.949908449985502,FALSE,FALSE,0.695417904839936,FALSE,FALSE,2589.60405736864,9.48295594780757,-187.209164926189,0.0539957905693949,1.17128817864538,0.0460994924680636,"medium",3.97837821929877,4.35723913742772,0.0795675643859755,0.0871447827485544,2.89185599785919,3.19031730270841,0.0578371199571838,0.0638063460541681,4.20595863715145,4.26047903948606,0.084119172743029,0.0852095807897212,0.0513106004997,1.05264979606516,0.317757956168309
"9721f8da-39ed-4ada-a571-61e08a86032b","Broadside Bombardiers",0.584650135200087,0.178845740340025,3.26901906687035,0.00107921028895168,1.79436309132333,1.26378664015825,2.54769183435918,2589.11348891568,TRUE,FALSE,0.130460884582567,0.142977169885419,0.400464067607548,0.189629997570374,2.11181813393702,0.0347020512978182,1.49251716582318,1.02920768912446,2.16439064128241,2585.55481756144,TRUE,FALSE,0.0895529205146442,0.0997818406274779,0.164578214284482,0.182261796765422,0.902977020995248,0.366538090783124,1.17889577243509,0.824766545886196,1.68507712782169,2776.84582924079,TRUE,FALSE,0.0405761996494507,0.0410426628823948,153,0.146932589775944,TRUE,FALSE,0.657025504572025,TRUE,FALSE,0.695417904839936,FALSE,FALSE,2585.55481756144,3.5586713542375,-191.291011679348,0.615467318888239,1.48859200986053,0.4134560140128,"low",13.0460884582567,14.2977169885419,0.260921769165135,0.285954339770839,8.95529205146442,9.97818406274779,0.179105841029288,0.199563681254956,4.05761996494507,4.10426628823948,0.0811523992989014,0.0820853257647896,0.103691630025267,1.109258340203,0.317757956168309
"54a3ea87-005e-4985-b2a5-21711d0b71c0","Springheart Nantuko",0.0512069338569929,0.186250058954243,0.274936470595015,0.783365046966976,1.05254067705095,0.730633595899341,1.51627557651962,2599.87684922512,TRUE,FALSE,0.0116842168394307,0.0127994671146143,0.019430390888322,0.189028973019354,0.102790543576263,0.91812921064125,1.01962038952079,0.703937013540365,1.47687324111266,2590.04552640661,TRUE,FALSE,0.00438518092730193,0.00481678994470658,0.164355152656919,0.182380431828395,0.901166594514722,0.367499749448348,1.17863283535204,0.824390879085968,1.68509307394354,2776.84998574587,TRUE,FALSE,0.0404891108196848,0.0410152784982626,137,0.950750740763339,FALSE,FALSE,0.976308867591612,FALSE,FALSE,0.695417904839936,FALSE,FALSE,2590.04552640661,9.83132281851022,-186.804459339264,0.159012445831251,1.08359796730793,0.14674487275599,"medium",1.16842168394307,1.27994671146143,0.0233684336788613,0.0255989342292285,0.438518092730193,0.481678994470658,0.00877036185460386,0.00963357988941316,4.04891108196848,4.10152784982626,0.0809782216393697,0.0820305569965252,0.0460733477484578,1.04715121432409,0.317757956168309
"0e51d796-7279-4c06-87f0-37adbdaa41df","Underworld Breach",0.360082568285832,0.206268338350852,1.74569966076592,0.0808631540821867,1.43344776699914,0.95675935686413,2.14763773771656,2596.89536730337,TRUE,FALSE,0.0814383505879479,0.0892091031039084,0.498135829951081,0.215044164136141,2.3164350074421,0.0205345291975981,1.64565063686932,1.07966333776057,2.50834303982726,2584.66987804451,TRUE,FALSE,0.11052527951533,0.12389020080409,0.162708297381315,0.205561098431438,0.791532535206726,0.428633298110328,1.1766933950762,0.78647727121734,1.76051794080814,2777.03617468544,TRUE,FALSE,0.0400821707869271,0.0406182317309906,109,0.45930271518682,FALSE,FALSE,0.416557592294133,TRUE,FALSE,0.747219956519706,FALSE,FALSE,2584.66987804451,12.225489258863,-192.366296640932,0.468957241793121,1.41859726631489,0.330578137240697,"low",8.14383505879479,8.92091031039084,0.162876701175896,0.178418206207817,11.052527951533,12.389020080409,0.22105055903066,0.24778040160818,4.0082170786927,4.06182317309906,0.0801643415738541,0.0812364634619811,0.0161797539754866,1.0163113549942,0.317757956168309
"df9d9075-2d1e-4848-b661-816d539e05eb","Emperor of Bones",-0.0300061659170011,0.178110165501691,-0.168469698697328,0.866213779878656,0.970439549880342,0.684475730766295,1.37587481577708,2599.92410736007,TRUE,FALSE,-0.00684551606622689,-0.00750109573292251,0.0387945062082222,0.183258593865933,0.211692698224036,0.83234678497945,1.03955683922295,0.725864197260881,1.48881626350115,2590.01125998398,TRUE,FALSE,0.00875545179932577,0.00962384800877131,0.161129234562234,0.174813772768463,0.921719336013909,0.356674992002287,1.17483678852154,0.834013441318884,1.65493913081418,2776.81260130128,TRUE,FALSE,0.0397029222171314,0.0402164982845799,153,0.973361514157262,FALSE,FALSE,0.961188495007595,FALSE,FALSE,0.695417904839936,FALSE,FALSE,2590.01125998398,9.91284737608703,-186.801341317298,0.204397238641203,1.06161105920828,0.192534956063511,"medium",-0.684551606622689,-0.750109573292251,-0.0136910321324538,-0.015002191465845,0.875545179932577,0.962384800877131,0.0175109035986515,0.0192476960175426,3.97029222171314,4.02164982845799,0.0794058444342628,0.0804329965691598,0.0425351292593043,1.04345271145071,0.317757956168309
"0ce44270-a684-4489-9077-521456e6dfaa","Lórien Revealed",-0.1255225416313,0.176566519682579,-0.710907944818512,0.477141282437978,0.882035881675301,0.624007482056674,1.24675956448238,2599.4475987339,TRUE,FALSE,-0.0285946980788369,-0.0313482180101047,-0.0416639739629268,0.185784773281035,-0.224259357896366,0.822555498506228,0.959192039925654,0.666442023533181,1.38053924717869,2590.00582460706,TRUE,FALSE,-0.00940038132145168,-0.0103034553928517,0.1574991275939,0.178314580471916,0.88326555897489,0.37709280755405,1.17057973676035,0.825308972918719,1.66029567722738,2776.88278014654,TRUE,FALSE,0.0388005646339024,0.0393163361124057,153,0.801823220191631,FALSE,FALSE,0.961188495007595,FALSE,FALSE,0.695417904839936,FALSE,FALSE,2590.00582460706,9.44177412683939,-186.876955539475,0.288543855085044,1.00393588612043,0.287412631697111,"low",-2.85946980788369,-3.13482180101047,-0.0571893961576738,-0.0626964360202095,-0.940038132145168,-1.03034553928517,-0.0188007626429034,-0.0206069107857034,3.88005646339024,3.93163361124057,0.0776011292678049,0.0786326722248114,0.0222576044278562,1.02250715291665,0.317757956168309
"02d6d693-f1f3-4317-bcc0-c21fa8490d38","Jace, Vryn's Prodigy // Jace, Telepath Unbound",0.122597558786251,0.169199993262878,0.724571889289479,0.468714709527342,1.13042939801465,0.811367301401807,1.57495948097485,2599.42685879204,TRUE,FALSE,0.027953030073975,0.0306198589015836,0.264442437204338,0.179246027676286,1.47530431012906,0.140130748182186,1.30270443372479,0.916787307890759,1.85107148303633,2587.87538343281,TRUE,FALSE,0.0594043385560983,0.0658010528485645,0.157143494042624,0.169958321835396,0.924600174593494,0.355173922201269,1.1701635133474,0.838639102725344,1.63274362418798,2776.80768136841,TRUE,FALSE,0.0387177285090433,0.0392440748744351,171,0.801823220191631,FALSE,FALSE,0.682611960387743,FALSE,FALSE,0.695417904839936,FALSE,FALSE,2587.87538343281,11.5514753592302,-188.932297935603,0.172275035710148,1.20109911502895,0.143431156974914,"medium",2.7953030073975,3.06198589015836,0.0559060601479501,0.0612397178031672,5.94043385560983,6.58010528485645,0.118808677112197,0.131602105697129,3.87177285090433,3.92440748744351,0.0774354570180867,0.0784881497488702,0.0335080408692129,1.03407575856078,0.317757956168309
"641b21e1-9188-4bc3-96e8-cda2acbc5ed5","Time Spiral",-0.0182194000297002,0.190713620003354,-0.095532768081167,0.923891664109648,0.981945569835737,0.675691887045658,1.42700707320299,2599.94335514809,TRUE,FALSE,-0.00415709609607031,-0.00455474679033346,0.142051321099245,0.200833056572873,0.707310457368362,0.479373568323001,1.15263580155546,0.7775701065609,1.70861672769739,2589.55525360235,TRUE,FALSE,0.0320171275993604,0.0353093530044612,0.150731731370309,0.194927883369287,0.773269215080689,0.43936307084509,1.16268470440758,0.79348001911393,1.70367960036717,2777.06542827147,TRUE,FALSE,0.0371367183230273,0.0376425983673264,127,0.974307760668449,FALSE,FALSE,0.945103118684174,FALSE,FALSE,0.747219956519706,FALSE,FALSE,2589.55525360235,10.3881015457414,-187.510174669122,0.180739134571847,1.09908869193293,0.164444540189007,"medium",-0.415709609607031,-0.455474679033346,-0.00831419219214061,-0.00910949358066693,3.20171275993604,3.53093530044612,0.0640342551987207,0.0706187060089224,3.71367183230273,3.76425983673264,0.0742734366460546,0.0752851967346528,0.0397680070168189,1.0405693414024,0.317757956168309
"d67be074-cdd4-41d9-ac89-0a0456c4e4b2","Sheoldred, the Apocalypse",-0.025374479019668,0.181547200408844,-0.139767944438276,0.888843341272116,0.974944747306135,0.683036492019037,1.39160538478716,2599.93294962602,TRUE,FALSE,-0.00578929048401588,-0.00634334738327186,0.0703187748933947,0.185553109723822,0.378968452741414,0.704711290646574,1.07285012443392,0.745749653541024,1.54342329766104,2589.91240606532,TRUE,FALSE,0.0158663065659557,0.017458393144104,0.149250935547097,0.177429301074638,0.841185388451214,0.400244084831252,1.1609642798667,0.819951165669208,1.64380284529061,2776.95564059787,TRUE,FALSE,0.0367761336610164,0.0372607842030824,145,0.974307760668449,FALSE,FALSE,0.959606096866589,FALSE,FALSE,0.719426076532124,FALSE,FALSE,2589.91240606532,10.0205435606968,-187.043234532548,0.18601953256056,1.06958638386892,0.173917259387399,"medium",-0.578929048401588,-0.634334738327186,-0.0115785809680318,-0.0126866947665437,1.58663065659557,1.7458393144104,0.0317326131319114,0.034916786288208,3.67761336610164,3.72607842030824,0.0735522673220328,0.0745215684061648,0.00358088480681848,1.00358730383446,0.317757956168309
"d51269cf-a333-4a64-94cd-245798d840d2","Elder Gargaroth",0.167760826484351,0.189573467843048,0.884938321765804,0.376189897982923,1.18265371737149,0.815622894045148,1.71484864564773,2599.16840484593,TRUE,FALSE,0.0382106181715658,0.0418600602585606,0.0999880455007842,0.198194985678774,0.504493315803865,0.613914758106395,1.10515770638974,0.74940619471059,1.6297884439884,2589.8011613294,TRUE,FALSE,0.0225529703654267,0.0248621213831048,0.148185834551887,0.193481121156065,0.765892990832723,0.443739976810351,1.1597283939453,0.793709968911831,1.69453578813795,2777.07633881351,TRUE,FALSE,0.0365143438944217,0.0369840543354615,128,0.755030235272011,FALSE,FALSE,0.959606096866589,FALSE,FALSE,0.747219956519706,FALSE,FALSE,2589.8011613294,9.36724351653311,-187.275177484109,0.077496010981746,1.14917993923551,0.067435923945296,"medium",3.82106181715658,4.18600602585606,0.0764212363431316,0.0837201205171213,2.25529703654267,2.48621213831048,0.0451059407308534,0.0497242427662097,3.65143438944217,3.69840543354615,0.0730286877888433,0.0739681086709231,0.0332575287805508,1.03381674252735,0.317757956168309
"064dfdeb-485f-473e-9fa0-8fdb7638cdc6","Dismember",-0.259189382445168,0.17952102849917,-1.44378285158034,0.148800067192756,0.77167686715248,0.542780325331845,1.09710164408446,2597.87153228423,TRUE,FALSE,-0.0587889107121581,-0.0645113676802003,-0.24745635420067,0.182113702787268,-1.35880139941875,0.174209529767825,0.780784298022048,0.546402600357578,1.11570501245571,2588.21228702807,TRUE,FALSE,-0.0555578524473943,-0.0605018991387749,0.144615641812772,0.1749245059448,0.826731743683799,0.408389124949411,1.15559532237506,0.820175948959689,1.62818789162122,2776.97964689813,TRUE,FALSE,0.0356354272832932,0.0361040333230701,148,0.564653445607896,FALSE,FALSE,0.682611960387743,FALSE,FALSE,0.722393450531227,FALSE,FALSE,2588.21228702807,9.65924525615765,-188.767359870059,0.383918455222576,0.902685495849861,0.425306994504353,"low",-5.87889107121581,-6.45113676802003,-0.117577821424316,-0.129022735360401,-5.55578524473943,-6.05018991387749,-0.111115704894789,-0.12100379827755,3.56354272832932,3.610403332307,0.0712708545665863,0.0722080666461401,-0.0114060005494175,0.988658801264339,0.317757956168309
"1066a94a-8e4f-4d77-820b-7a77a18116f0","Wooded Foothills",0.112605710393209,0.187338587939998,0.601081238155138,0.547785879019112,1.11919056073395,0.775243642225931,1.61573400026792,2599.59059168948,TRUE,FALSE,0.0256825285280832,0.0281272899122791,0.0115401977589214,0.190391887443464,0.0606128649381044,0.95166752762489,1.01160704272833,0.69654150158435,1.46918569327147,2590.05242010082,TRUE,FALSE,0.00260448739168826,0.00286001726652629,0.138682935105259,0.183548876179544,0.755564065505921,0.449910607622781,1.1487598108465,0.80165826757183,1.64614918400731,2777.09172407526,TRUE,FALSE,0.0341933217296186,0.0346203563621722,136,0.846400927093837,FALSE,FALSE,0.976308867591612,FALSE,FALSE,0.747219956519706,FALSE,FALSE,2590.05242010082,9.5381715886565,-187.039303974439,0.137152768118167,1.09318580476959,0.125461534095821,"medium",2.56825285280832,2.81272899122791,0.0513650570561664,0.0562545798245583,0.260448739168826,0.286001726652629,0.00520897478337651,0.00572003453305259,3.41933217296186,3.46203563621722,0.0683866434592372,0.0692407127243444,0.0211728513819115,1.0213985865371,0.317757956168309
"7c884e1e-fecb-4330-b3de-5fc2a60f7173","Kolaghan's Command",0.123154926031502,0.18639328870164,0.660726182199809,0.508787929875027,1.1310596379554,0.784918082754632,1.6298463912593,2599.51519888116,TRUE,FALSE,0.0280819579560389,0.0307572320167243,0.131921458819301,0.190050334319334,0.694139577769114,0.48759468044786,1.14101869879203,0.78617395326994,1.65602493643799,2589.57334408076,TRUE,FALSE,0.0297474170031403,0.0328274042998243,0.137644269314125,0.184075158132759,0.747761244430674,0.454604182448147,1.14756725277059,0.800000408550606,1.64613740887626,2777.10392187581,TRUE,FALSE,0.0339311839905379,0.0343630841430535,135,0.816360294262756,FALSE,FALSE,0.945103118684174,FALSE,FALSE,0.750625510553918,FALSE,FALSE,2589.57334408076,9.94185480039505,-187.530577795047,0.0165076148151921,1.13988186317267,0.0144818646111676,"medium",2.80819579560389,3.07572320167243,0.0561639159120779,0.0615144640334486,2.97474170031403,3.28274042998243,0.0594948340062806,0.0656548085996486,3.39311839905379,3.43630841430535,0.0678623679810758,0.068726168286107,0.0334355802928937,1.03400083155002,0.317757956168309
"43aa7e35-55ee-4e02-a8aa-ea2b267055d1","Woodfall Primus",-0.0520859252477154,0.196953804497239,-0.264457573595364,0.7914273527122,0.94924729902926,0.645251328133063,1.39646428519792,2599.88256574435,TRUE,FALSE,-0.0118815356652084,-0.0130190372042898,0.0178875280652054,0.204302947749185,0.0875539401769441,0.930231211939402,1.01804846806951,0.682122342413807,1.51940879061536,2590.04842832438,TRUE,FALSE,0.00403685748725417,0.00443350483739513,0.137534352056927,0.192905455235203,0.712962481487297,0.475868973839992,1.14744112225781,0.78618720532045,1.67469162578345,2777.15532608559,TRUE,FALSE,0.0338935782484291,0.0343473197537921,124,0.954381711722466,FALSE,FALSE,0.976308867591612,FALSE,FALSE,0.758179147067174,FALSE,FALSE,2590.04842832438,9.83413741997174,-187.106897761208,0.198193823228545,1.03824562978553,0.190893000213723,"medium",-1.18815356652084,-1.30190372042898,-0.0237630713304167,-0.0260380744085795,0.403685748725418,0.443350483739513,0.00807371497450835,0.00886700967479026,3.38935782484291,3.43473197537921,0.0677871564968582,0.0686946395075841,-0.0129076313570263,0.987175314853354,0.317757956168309
"53d4fd57-74b6-42c7-88b1-110e5a8dfc3c","Spell Pierce",-0.109449420528669,0.192327704386056,-0.569077766918972,0.569303365758252,0.896327498986637,0.614828617265068,1.30671046024729,2599.62906287851,TRUE,FALSE,-0.0249427395624001,-0.0273399402158189,0.0218512936552195,0.200877196544245,0.108779363865757,0.9133774919254,1.02209178163595,0.689445235312238,1.51523508551717,2590.04425965231,TRUE,FALSE,0.00493147980948251,0.00541644143691122,0.134357059565991,0.195051086855604,0.688830099498268,0.490930191710325,1.14380115188371,0.780404369910567,1.67641433786492,2777.18893502508,TRUE,FALSE,0.0331196914612167,0.0335552620649824,125,0.864610459226437,FALSE,FALSE,0.975184991378999,FALSE,FALSE,0.770299306330013,FALSE,FALSE,2590.04425965231,9.58480322619926,-187.144675372768,0.247473652897077,1.02074014416877,0.242445302372825,"low",-2.49427395624001,-2.73399402158189,-0.0498854791248002,-0.0546798804316377,0.493147980948251,0.541644143691122,0.00986295961896502,0.0108328828738224,3.31196914612167,3.35552620649824,0.0662393829224334,0.0671105241299648,0.0387459094169539,1.03950632132373,0.317757956168309
"5cb76266-ae50-4bbc-8f96-d98f309b02d3","Teferi, Time Raveler",-0.0407549175800903,0.210634467003803,-0.193486460975803,0.846578008292311,0.960064396022278,0.635337787371421,1.4507615678316,2599.91506241919,TRUE,FALSE,-0.00929751505665507,-0.010187528483002,0.0588839573653126,0.22524993499072,0.2614160903875,0.79377165000134,1.06065215272828,0.682081644325481,1.64933772730337,2589.9877171981,TRUE,FALSE,0.0132871207176485,0.0146226724357906,0.133828820366097,0.217425676518683,0.615515253344965,0.538214499094974,1.14319711083153,0.746525498182366,1.7506429953104,2777.28465541286,TRUE,FALSE,0.0329871720192794,0.0334046802485417,103,0.961712617420065,FALSE,FALSE,0.960413023730856,FALSE,FALSE,0.792757847371769,FALSE,FALSE,2589.9877171981,9.92734522108731,-187.296938214759,0.183132714809255,1.05463788652736,0.173645112837982,"medium",-0.929751505665507,-1.0187528483002,-0.0185950301133101,-0.0203750569660041,1.32871207176485,1.46226724357906,0.026574241435297,0.0292453448715811,3.29871720192794,3.34046802485417,0.0659743440385588,0.0668093604970834,-0.0176826649849766,0.982472755902041,0.317757956168309
"06c0c35d-a26e-473a-9206-8fbda7191700","Entomb",0.128673665510385,0.199006823533087,0.646579163598336,0.517904346976311,1.13731891721183,0.76998849283634,1.67988785739273,2599.53428791108,TRUE,FALSE,0.0293262127653837,0.0321314580108925,0.329618630776864,0.214208915817957,1.53877176175518,0.123860025976658,1.39043775716929,0.913720233883235,2.11587429594892,2587.68509478206,TRUE,FALSE,0.0738091419995596,0.0820614644550334,0.133645593208299,0.200916050776765,0.665181266960051,0.505934560736444,1.14298766526276,0.770936039802817,1.69459038816884,2777.22137470256,TRUE,FALSE,0.0329345480006441,0.0333843418894003,122,0.826319295175688,FALSE,FALSE,0.682611960387743,FALSE,FALSE,0.785166203547268,FALSE,FALSE,2587.68509478206,11.8491931290282,-189.536279920506,0.253118839957462,1.22358144654796,0.206867177229252,"low",2.93262127653837,3.21314580108925,0.0586524255307673,0.0642629160217849,7.38091419995596,8.20614644550334,0.147618283999119,0.164122928910067,3.29345480006441,3.33843418894003,0.0658690960012881,0.0667686837788006,0.0254303491505203,1.02575645897356,0.317757956168309
"b256ddc8-8b12-434c-a610-1a872e948f2f","White Plume Adventurer",0.075169674137096,0.185594560530383,0.405020890279758,0.685462155412051,1.07806705546447,0.749315118860614,1.55105448538805,2599.78826450444,TRUE,FALSE,0.0171503951297366,0.0187852647256705,0.0313771740882445,0.191297813810016,0.16402264857771,0.869713314285018,1.03187462686993,0.709236286297138,1.50128422099919,2590.02917887437,TRUE,FALSE,0.00708153711215593,0.00778323673222325,0.130706955104857,0.182799539191085,0.71502890917151,0.474591180044334,1.13963376851581,0.796458589386683,1.63067502020622,2777.15171271341,TRUE,FALSE,0.0322277325956334,0.0326306910643604,138,0.913378039687918,FALSE,FALSE,0.96173465993211,FALSE,FALSE,0.758179147067174,FALSE,FALSE,2590.02917887437,9.75908563006988,-187.122533839043,0.107759141645883,1.08319181695007,0.0994829724150788,"medium",1.71503951297366,1.87852647256705,0.0343007902594731,0.037570529451341,0.708153711215593,0.778323673222325,0.0141630742243119,0.0155664734644465,3.22277325956334,3.26306910643604,0.0644554651912668,0.0652613821287208,-0.0163175977116566,0.983814813098831,0.317757956168309
"4c732dc7-dd6b-4cc1-bbe0-ff3b1d2c7419","Animate Dead",-0.0538090858187257,0.173737897920836,-0.309714152540535,0.756778339459367,0.947613001993932,0.67412793890907,1.33204744933302,2599.8565651214,TRUE,FALSE,-0.0122750211461556,-0.0134497329993618,0.152606350092691,0.191158254521898,0.798324668083891,0.424682106481715,1.16486633915047,0.80086424452337,1.69431161069424,2589.41814574508,TRUE,FALSE,0.0343804076657904,0.0379043639121875,0.1293892120348,0.182305522022104,0.70973830413712,0.477866434243042,1.13813301303718,0.796180300095941,1.62695152744798,2777.16011744726,TRUE,FALSE,0.031885308361118,0.0323278357498532,159,0.928814237017552,FALSE,FALSE,0.921487398586617,FALSE,FALSE,0.758179147067174,FALSE,FALSE,2589.41814574508,10.4384193763231,-187.741971702181,0.217253337156538,1.08353745139386,0.200503763738913,"low",-1.22750211461556,-1.34497329993618,-0.0245500422923112,-0.0268994659987236,3.43804076657904,3.79043639121875,0.0687608153315807,0.075808727824375,3.1885308361118,3.23278357498531,0.0637706167222359,0.0646556714997063,0.0219031266461702,1.02214476108305,0.317757956168309
"551c0a45-9515-4e51-84e5-79703832a661","Expedition Map",0.106698500832658,0.208779068958694,0.511059376616759,0.609309480341094,1.11259875630704,0.738962226025322,1.67515462758385,2599.6909105797,TRUE,FALSE,0.0243340834500999,0.0266531620984775,0.165058139015685,0.214586599681067,0.769191269450212,0.441779772512019,1.17946168945972,0.774504664646319,1.79615429112804,2589.46303517523,TRUE,FALSE,0.037192795369565,0.0410835125118258,0.126876025123429,0.20617634114165,0.615376257144175,0.538306267540542,1.13527626332204,0.757880465113956,1.70060089076007,2777.28463329405,TRUE,FALSE,0.0312831811525521,0.0316883398955945,106,0.875296119588919,FALSE,FALSE,0.931343685525665,FALSE,FALSE,0.792757847371769,FALSE,FALSE,2589.46303517523,10.2278754044664,-187.821598118816,0.0668629331526718,1.14244556969627,0.0585261433246646,"medium",2.43340834500999,2.66531620984775,0.0486681669001997,0.0533063241969549,3.7192795369565,4.10835125118258,0.07438559073913,0.0821670250236517,3.12831811525521,3.16883398955945,0.0625663623051042,0.063376679791189,0.0825571598700288,1.08606075075623,0.317757956168309
"89f5cc05-5d9d-4709-b3c5-a6249c294acc","Hexdrinker",0.150584074102987,0.164166564303288,0.917263967495794,0.35900433405836,1.16251303823557,0.842667863635104,1.60375946726846,2599.11042443467,TRUE,FALSE,0.0343071714167297,0.0375923615985048,0.0902298957223005,0.177883654357077,0.50724107309588,0.611985679172199,1.09442585860937,0.772269214101573,1.5509720420311,2589.79858658031,TRUE,FALSE,0.020353576434732,0.022428957411152,0.124125880954535,0.172653521174505,0.71893049217964,0.472183747696153,1.13215837920691,0.807126378157437,1.58808165647437,2777.14594813676,TRUE,FALSE,0.0306006277153633,0.0309977184624879,176,0.746069719174284,FALSE,FALSE,0.959606096866589,FALSE,FALSE,0.758179147067174,FALSE,FALSE,2589.79858658031,9.31183785435769,-187.347361556449,0.068087179626191,1.12969909201728,0.0602701906262569,"medium",3.43071714167297,3.75923615985048,0.0686143428334594,0.0751847231970096,2.0353576434732,2.2428957411152,0.040707152869464,0.0448579148223039,3.06006277153633,3.09977184624879,0.0612012554307266,0.0619954369249759,0.0675335434690426,1.06986614601797,0.317757956168309
"5eccf31d-869d-4003-a92b-71b4f4b479ee","Strix Serenade",-0.261106865200767,0.212354264621236,-1.2295814527977,0.218853878918906,0.770198607788171,0.507975925203481,1.16778348344208,2598.44484928049,TRUE,FALSE,-0.0592482511362804,-0.0649622788215443,-0.1682786351024,0.220009467248107,-0.764869972220924,0.444348976149337,0.845118322244907,0.549087652960151,1.30074856854572,2589.47143659009,TRUE,FALSE,-0.0378910605776298,-0.0412873736780089,0.121193029480843,0.211370740771936,0.573367103877483,0.566396158947398,1.12884279127609,0.74595229955937,1.70826746987538,2777.33498407256,TRUE,FALSE,0.029878322967362,0.0302629339514633,102,0.66275270915529,FALSE,FALSE,0.931343685525665,FALSE,FALSE,0.800281140005279,FALSE,FALSE,2589.47143659009,8.97341269039953,-187.863547482466,0.358644183487924,0.914719907103058,0.392080877111071,"low",-5.92482511362804,-6.49622788215443,-0.118496502272561,-0.129924557643089,-3.78910605776298,-4.12873736780089,-0.0757821211552595,-0.0825747473560179,2.9878322967362,3.02629339514633,0.059756645934724,0.0605258679029266,-0.0402761387287246,0.960524164605997,0.317757956168309
"5ad36fb2-c44e-4085-ba0d-54277841ad3a","Lurrus of the Dream-Den",0.28111890691062,0.216718377165248,1.29716229231573,0.194575351959474,1.32461109998506,0.866191630701992,2.02564248373266,2598.26483972289,TRUE,FALSE,0.0638145076309035,0.0698848214598701,0.373630480468817,0.227184374435415,1.64461346163151,0.100049548993858,1.45300013931462,0.930855806976562,2.26803054675628,2587.34115079824,TRUE,FALSE,0.0835530295525132,0.0931343352906852,0.120464898130257,0.212034347712219,0.568138603155733,0.569940857201247,1.12802114461953,0.744440444967318,1.70924579838568,2777.34062881268,TRUE,FALSE,0.0297046590099029,0.0300844196437144,103,0.63516551674127,FALSE,FALSE,0.682611960387743,FALSE,FALSE,0.801211211798324,FALSE,FALSE,2587.34115079824,10.9236889246513,-189.99947801444,0.324978994695092,1.3018774613064,0.249623335800731,"low",6.38145076309035,6.98848214598701,0.127629015261807,0.13976964291974,8.35530295525132,9.31343352906852,0.167106059105026,0.18626867058137,2.97046590099029,3.00844196437144,0.0594093180198058,0.0601688392874289,0.0386423052769131,1.03939862974399,0.317757956168309
"6a058e68-70af-4a64-859c-c881e5578368","Chrome Mox",0.154294039665109,0.177089547704879,0.871276942455353,0.383602957050728,1.16683393180009,0.824645671630926,1.65101384902364,2599.19171237034,TRUE,FALSE,0.0351666546678794,0.0385131813777215,0.0798501126347927,0.183993734517485,0.433982781230001,0.664300944875811,1.0831247087987,0.755196267154834,1.55344932944397,2589.86761732142,TRUE,FALSE,0.0180178978072005,0.0198312184928149,0.119407916597904,0.175655110896602,0.679786178656611,0.496639859390909,1.12682947699784,0.798615160441733,1.58993309058759,2777.20117406389,TRUE,FALSE,0.0294508417044194,0.0298266790197042,152,0.755030235272011,FALSE,FALSE,0.959606096866589,FALSE,FALSE,0.774976483884715,FALSE,FALSE,2589.86761732142,9.32409504892166,-187.33355674247,0.0837092230013923,1.12559603919888,0.0743687966963448,"medium",3.51666546678794,3.85131813777215,0.0703333093357588,0.0770263627554429,1.80178978072005,1.98312184928149,0.0360357956144009,0.0396624369856299,2.94508417044194,2.98266790197042,0.0589016834088387,0.0596533580394084,0.00129415274236328,1.00129499051939,0.317757956168309
"2a717b98-cdac-416d-bf6c-f6b6638e65d1","Tamiyo, Inquisitive Student // Tamiyo, Seasoned Scholar",-0.0899854221347876,0.173025032686211,-0.520071695625571,0.603013605248044,0.913944508533973,0.651085384622547,1.28292630184542,2599.68204218042,TRUE,FALSE,-0.0205183972820731,-0.0224845198373236,0.0649228839888165,0.181487039127223,0.35772738538814,0.720547336919811,1.06707673250999,0.747671392256055,1.52293208601759,2589.92814729765,TRUE,FALSE,0.0146473392085113,0.0161170575511587,0.112797114921774,0.173708378669051,0.649347577739324,0.516113739667095,1.11940479937807,0.796385983103094,1.57344193827737,2777.24239785183,TRUE,FALSE,0.0278065002314599,0.0281760749785606,159,0.875296119588919,FALSE,FALSE,0.959606096866589,FALSE,FALSE,0.788044634760511,FALSE,FALSE,2589.92814729765,9.75389488277187,-187.314250554186,0.205460290844098,1.03347534680734,0.19880521724956,"medium",-2.05183972820731,-2.24845198373236,-0.0410367945641461,-0.0449690396746473,1.46473392085113,1.61170575511587,0.0292946784170227,0.0322341151023173,2.78065002314599,2.81760749785606,0.0556130004629197,0.0563521499571212,-0.00362585916172109,0.996380706328032,0.317757956168309
"e9be371c-c688-44ad-ab71-bd4c9f242d58","Force of Negation",0.0509928718201184,0.205707293721603,0.247890441304091,0.804219175867033,1.05231539216306,0.703144103965474,1.57488013955909,2599.8910243201,TRUE,FALSE,0.0116336070462655,0.0127458849269783,0.225772260742368,0.212534269994421,1.06228638208932,0.288105694681484,1.25329020939278,0.826302038342739,1.90092275714353,2588.92773984637,TRUE,FALSE,0.0507619548192473,0.0562346571949617,0.112436391291568,0.202757423115136,0.55453649767348,0.579211734747763,1.11900107643575,0.752038200327908,1.66502633578772,2777.35656987949,TRUE,FALSE,0.0277177898792544,0.0280870216655486,110,0.954381711722466,FALSE,FALSE,0.792601517913066,FALSE,FALSE,0.802420159357877,FALSE,FALSE,2588.92773984637,10.9632844737289,-188.428830033121,0.200974817229719,1.14153555933053,0.176056554337724,"medium",1.16336070462655,1.27458849269783,0.0232672140925309,0.0254917698539566,5.07619548192473,5.62346571949617,0.101523909638495,0.112469314389923,2.77177898792544,2.80870216655486,0.0554355797585088,0.0561740433310971,-0.00519917046610396,0.994814321827625,0.317757956168309
"df3784d4-80cd-4f78-afb3-d61f3bab5b2c","Zealous Conscripts",0.414927698952222,0.186321108594971,2.22694949638905,0.0259506492968157,1.51426125405882,1.05099604216349,2.18172766932941,2594.93504858448,TRUE,FALSE,0.0937366265288768,0.102547885369047,0.110904737191925,0.201511958525869,0.550363055390023,0.582070383212166,1.11728846574792,0.752722457457808,1.65842470000082,2589.75234883534,TRUE,FALSE,0.0250281451308287,0.0275896424830182,0.11174785814273,0.193154381060546,0.578541669772952,0.562898472885703,1.11823087228701,0.76579962567935,1.63285569985293,2777.32829452724,TRUE,FALSE,0.0275781419127969,0.0279082680097999,138,0.319004009223665,TRUE,FALSE,0.959606096866589,FALSE,FALSE,0.799315831497698,FALSE,FALSE,2589.75234883534,5.18269974913301,-187.5759456919,0.396972788310896,1.24992686403125,0.31759681284918,"low",9.37366265288768,10.2547885369047,0.187473253057754,0.205095770738093,2.50281451308287,2.75896424830182,0.0500562902616573,0.0551792849660363,2.75781419127969,2.79082680097999,0.0551562838255938,0.0558165360195998,0.0596542707177541,1.06146950201094,0.317757956168309
"1716b4dd-9045-462b-b053-72de450a8cde","Blood Crypt",-0.0531478145881523,0.185470515912528,-0.286556676281734,0.774451791048209,0.948239838441481,0.659238415742344,1.36393567142931,2599.87039202378,TRUE,FALSE,-0.0121235575902048,-0.0132844247423067,-0.059323783642348,0.188466234241848,-0.314771417177155,0.752935215147295,0.942401585535114,0.651343840917057,1.36352060559699,2589.95705030956,TRUE,FALSE,-0.0133832725046318,-0.0146584086765848,0.111571119127826,0.181499408863446,0.614718911904381,0.53874036810828,1.11803325472809,0.783356236977716,1.5956959294797,2777.28587997884,TRUE,FALSE,0.0275099830448069,0.0278701794615591,136,0.943966989947174,FALSE,FALSE,0.959606096866589,FALSE,FALSE,0.792757847371769,FALSE,FALSE,2589.95705030956,9.91334171422295,-187.32882966928,0.175631669192972,1.00289155956823,0.175125284002377,"medium",-1.21235575902048,-1.32844247423067,-0.0242471151804097,-0.0265688494846134,-1.33832725046318,-1.46584086765848,-0.0267665450092636,-0.0293168173531696,2.75099830448069,2.78701794615591,0.0550199660896137,0.0557403589231181,-0.0670950392274372,0.935106325330759,0.317757956168309
"005dae9a-dddc-4a11-95bb-cce319edcce4","Skullclamp",0.0926643578834783,0.185538267517893,0.499435286979502,0.617472765321255,1.09709344269916,0.762623629608742,1.5782542990846,2599.7028725311,TRUE,FALSE,0.0211347108998235,0.0231526881521284,0.0403540469481076,0.190404412094368,0.211938612683552,0.83215492622279,1.04117933531067,0.716885889658878,1.51217149607143,2590.01116854768,TRUE,FALSE,0.00910671534164099,0.0100131747286977,0.109736998555713,0.183256961396088,0.59881489750629,0.549296326799404,1.11598452631707,0.779231855027517,1.59826815978302,2777.30500839237,TRUE,FALSE,0.0270617157634604,0.0274087633301437,136,0.875296119588919,FALSE,FALSE,0.961188495007595,FALSE,FALSE,0.796576014824064,FALSE,FALSE,2590.01116854768,9.69170398341475,-187.293839844687,0.0748051910064047,1.08475243477563,0.0689606112954954,"medium",2.11347108998235,2.31526881521284,0.042269421799647,0.0463053763042568,0.910671534164099,1.00131747286977,0.018213430683282,0.0200263494573953,2.70617157634604,2.74087633301437,0.0541234315269208,0.0548175266602875,0.0227159117980684,1.02297588288392,0.317757956168309
"1ac01fff-4de6-4783-9489-4127e25bc641","Prismatic Vista",0.0701279579979417,0.175970139265139,0.398521921337334,0.69024550274551,1.07264542603446,0.759744174429141,1.514415310729,2599.79358491683,TRUE,FALSE,0.0159984190290643,0.0175263316430155,0.117414188514496,0.179382314377175,0.654547182770855,0.512759339476891,1.12458512348309,0.791223222859021,1.59840063261745,2589.62737440293,TRUE,FALSE,0.0264745906756177,0.029191708452734,0.107838529377421,0.170840630756186,0.631222964350455,0.527894748656513,1.11386787392581,0.796913524841566,1.55688365410872,2777.26525195114,TRUE,FALSE,0.0265936476851484,0.0269387021768659,154,0.913378039687918,FALSE,FALSE,0.95178857785253,FALSE,FALSE,0.792757847371769,FALSE,FALSE,2589.62737440293,10.1662105138967,-187.63787754821,0.0519396974486266,1.10369947448112,0.0470596377451796,"medium",1.59984190290643,1.75263316430155,0.0319968380581287,0.035052663286031,2.64745906756177,2.9191708452734,0.0529491813512354,0.058383416905468,2.65936476851484,2.69387021768659,0.0531872953702968,0.0538774043537319,0.0199868073858527,1.0201878809929,0.317757956168309
"f3537373-ef54-4578-9d05-6216420ee349","Esper Sentinel",0.2010519342639,0.177759312936021,1.13103460484381,0.258040526710608,1.22268826958972,0.862986424088093,1.73231763891537,2598.66953715974,TRUE,FALSE,0.0457713894005066,0.0501294744833588,0.13380137672357,0.183341519837883,0.729793103285508,0.465516660765778,1.14316573776918,0.798078750025609,1.63746736016643,2589.52255448682,TRUE,FALSE,0.0301710996787845,0.0333066087976054,0.104990741984749,0.177651457090213,0.590992855923683,0.554525207716595,1.11070032742753,0.784109881159666,1.57331931020064,2777.31418086098,TRUE,FALSE,0.0258997685028485,0.0262250125446991,147,0.684892612951521,FALSE,FALSE,0.932129613068102,FALSE,FALSE,0.796576014824064,FALSE,FALSE,2589.52255448682,9.14698267292397,-187.791626374168,0.111987942162184,1.15885144492881,0.0966370130116749,"medium",4.57713894005066,5.01294744833588,0.0915427788010131,0.100258948966718,3.01710996787845,3.33066087976054,0.0603421993575689,0.0666132175952109,2.58997685028485,2.62250125446991,0.051799537005697,0.0524500250893981,0.02002471298486,1.02022655255856,0.317757956168309
"672b9b16-daef-44e6-9a3a-cfd9f3c78bc7","Pentad Prism",-0.103255027394479,0.205035915775862,-0.503594831197055,0.614546125530849,0.901896935724192,0.603429887107155,1.34799104261842,2599.69895512955,TRUE,FALSE,-0.0235407501727584,-0.0257944281350278,0.0615894248786054,0.210549550138609,0.292517485019843,0.76989099310097,1.06352559792401,0.703922021838364,1.60683522087528,2589.97052722411,TRUE,FALSE,0.013895546913525,0.0152875182971837,0.098537564200288,0.204168364977292,0.482628952880371,0.629359217626043,1.10355585780908,0.739609872478897,1.64659177306949,2777.43108990084,TRUE,FALSE,0.0242992639392474,0.0246206654635591,107,0.875296119588919,FALSE,FALSE,0.959606096866589,FALSE,FALSE,0.811653524252525,FALSE,FALSE,2589.97052722411,9.72842790543928,-187.460562676732,0.201658922084884,1.02299279715243,0.197126433975113,"medium",-2.35407501727584,-2.57944281350278,-0.0470815003455168,-0.0515888562700556,1.3895546913525,1.52875182971837,0.02779109382705,0.0305750365943673,2.42992639392474,2.46206654635591,0.0485985278784949,0.0492413309271181,0.010988731035312,1.01104932890134,0.317757956168309
"0a26d900-c652-4f9c-8681-a35c5f8b1937","Sacred Foundry",-0.124210736850202,0.185198000138189,-0.670691566634193,0.502417036405102,0.883193699811632,0.614344878521757,1.26969579898489,2599.50359632379,TRUE,FALSE,-0.028290826523639,-0.0310205322404173,-0.276964622705032,0.191190357311784,-1.44863280031101,0.14744015611567,0.758081315502432,0.521160239531068,1.1027074541047,2587.96474945864,TRUE,FALSE,-0.0620703948512217,-0.0673200359844485,0.0977600487595096,0.183420703611893,0.532982628647876,0.594045605347644,1.10269815956989,0.769707635555826,1.57974687394228,2777.37952199449,TRUE,FALSE,0.0241187212069283,0.0244206344033325,137,0.815351076223137,FALSE,FALSE,0.682611960387743,FALSE,FALSE,0.810356038154216,FALSE,FALSE,2587.96474945864,11.5388468651477,-189.414772535848,0.344616844067457,0.914657724961318,0.376771369948284,"low",-2.8290826523639,-3.10205322404173,-0.056581653047278,-0.0620410644808347,-6.20703948512217,-6.73200359844485,-0.124140789702443,-0.134640071968897,2.41187212069283,2.44206344033325,0.0482374424138567,0.0488412688066651,0.00547706683293579,1.00549209338477,0.317757956168309
"8870ef0b-cb1f-463b-8509-fece4743d3d4","Ramunap Excavator",0.258401286970077,0.195222900478467,1.32362180019233,0.18562868131816,1.29485832415545,0.883171742902209,1.89845077484584,2598.19725087262,TRUE,FALSE,0.0586909062742303,0.0643049342653221,0.20702809494024,0.203304227743549,1.01831672286416,0.308527463679172,1.23001712855304,0.825762405561792,1.83217609126266,2589.0185001226,TRUE,FALSE,0.0465901021883735,0.0515788585542594,0.0964329322784188,0.195287201374844,0.493800574740793,0.621447027221907,1.10123572129626,0.75101475339101,1.61477535345768,2777.42000863797,TRUE,FALSE,0.0237854030105973,0.0240933783125915,121,0.620218182286558,FALSE,FALSE,0.818895324157803,FALSE,FALSE,0.811653524252525,FALSE,FALSE,2589.0185001226,9.17875075002348,-188.401508515376,0.193622602859181,1.20870372466825,0.16019029221766,"medium",5.86909062742303,6.43049342653221,0.117381812548461,0.128609868530644,4.65901021883735,5.15788585542594,0.0931802043767469,0.103157717108519,2.37854030105973,2.40933783125914,0.0475708060211946,0.0481867566251829,0.0680427466539763,1.07041106399218,0.317757956168309
"1453f92e-df2d-4789-aa1b-a5b5c51567d4","Preordain",-0.130478581756753,0.16708990624183,-0.780888473106873,0.43486809219947,0.877675291010302,0.632563417875597,1.21776551517482,2599.34259415254,TRUE,FALSE,-0.0297303288867123,-0.0325843430041594,0.0253204986968149,0.172953935342699,0.146400246092369,0.883605433050193,1.02564378534989,0.730760713177453,1.43952070145212,2590.03466169389,TRUE,FALSE,0.00571399804302578,0.00627663175437243,0.0962038142886499,0.164998806578071,0.583057637105573,0.559854500470009,1.10098343728405,0.796766316874323,1.52135513701063,2777.32405791674,TRUE,FALSE,0.0237232796316055,0.0240403581557872,173,0.791682937081087,FALSE,FALSE,0.96173465993211,FALSE,FALSE,0.798988332329058,FALSE,FALSE,2590.03466169389,9.30793245865243,-187.289396222857,0.223308146273744,1.00143417121475,0.22298834281126,"low",-2.97303288867123,-3.25843430041594,-0.0594606577734246,-0.0651686860083188,0.571399804302578,0.627663175437243,0.0114279960860516,0.0125532635087449,2.37232796316055,2.40403581557872,0.047446559263211,0.0480807163115744,-0.00557735193269859,0.994438172619219,0.317757956168309
"a9225cc3-90f0-448f-a8d9-7c6c2796d077","Sheoldred's Edict",0.0830453597981589,0.204139135239298,0.406807639803171,0.684149275144269,1.08659109498317,0.728281707145312,1.62118613733235,2599.78690558504,TRUE,FALSE,0.0189419927858715,0.0207512959614412,0.0972540980642504,0.208604324170419,0.466213241029457,0.64106287247981,1.1021403897833,0.732266780407292,1.65884001745381,2589.83868818636,TRUE,FALSE,0.0219352534553957,0.0241699581183641,0.0914563556866162,0.202548654502282,0.451527836170277,0.651609167357661,1.09576895156538,0.73672616668986,1.62979089043292,2777.46000731177,TRUE,FALSE,0.0225587504834966,0.0228511228123235,108,0.913378039687918,FALSE,FALSE,0.959606096866589,FALSE,FALSE,0.811653524252525,FALSE,FALSE,2589.83868818636,9.94821739868257,-187.621319125414,0.0155492948001299,1.09483347877728,0.0142024290465573,"medium",1.89419927858715,2.07512959614412,0.0378839855717431,0.0415025919228824,2.19352534553957,2.41699581183641,0.0438705069107914,0.0483399162367282,2.25587504834966,2.28511228123235,0.0451175009669932,0.045702245624647,0.0192769692491108,1.01946396968866,0.317757956168309
"17260fff-b239-4af4-9306-3236ae3fa5a5","Thundering Falls",-0.0238626468002527,0.203838019462944,-0.117066712398031,0.906807187976333,0.976419814933689,0.654826368369281,1.4559518386063,2599.93877787014,TRUE,FALSE,-0.00544460985550716,-0.0059654234117017,0.0629018551688992,0.20992595585403,0.299638293478285,0.764453071506204,1.06492231748127,0.705708498563641,1.6069801406358,2589.9662582314,TRUE,FALSE,0.0141925545092741,0.0156183205750917,0.0913481663472493,0.200114285757829,0.456479985930617,0.648044859670547,1.09565040745913,0.74016967114249,1.62185761206942,2777.45554138316,TRUE,FALSE,0.0225320555131143,0.0228234369242058,114,0.974307760668449,FALSE,FALSE,0.959606096866589,FALSE,FALSE,0.811653524252525,FALSE,FALSE,2589.9662582314,9.97251963874351,-187.489283151768,0.119230592525445,1.04566417995803,0.114023789674263,"medium",-0.544460985550716,-0.59654234117017,-0.0108892197110143,-0.0119308468234034,1.41925545092741,1.56183205750917,0.0283851090185482,0.0312366411501833,2.25320555131143,2.28234369242058,0.0450641110262286,0.0456468738484116,0.022157570878734,1.02240487301294,0.317757956168309
"15faa763-b897-4e86-b094-73f3236291a9","Verdant Catacombs",-0.209573274896713,0.178500586068919,-1.17407611656691,0.240364538883785,0.810930216428161,0.571532217594935,1.1506049802118,2598.57346011284,TRUE,FALSE,-0.047651092070121,-0.0522419609015171,-0.108293408381401,0.181274898712838,-0.597398807834676,0.550241149498365,0.897364263604184,0.629020010332438,1.28018601692543,2589.69915213463,TRUE,FALSE,-0.0244169192533843,-0.0266908774798175,0.0909875184069559,0.171787513379638,0.529651524822295,0.596353563289546,1.09525533464178,0.782144316259573,1.53371215915501,2777.38348460435,TRUE,FALSE,0.0224394106218939,0.0227351833509898,153,0.66275270915529,FALSE,FALSE,0.959606096866589,FALSE,FALSE,0.810356038154216,FALSE,FALSE,2589.69915213463,8.87430797821435,-187.684332469722,0.284325118213623,0.934516604891376,0.304248331945553,"low",-4.7651092070121,-5.22419609015171,-0.0953021841402421,-0.104483921803034,-2.44169192533843,-2.66908774798175,-0.0488338385067687,-0.0533817549596349,2.24394106218939,2.27351833509898,0.0448788212437878,0.0454703667019797,-0.0201789414328657,0.980023290843723,0.317757956168309
"995486ce-58bb-4753-a812-0ca73ef1a235","Gitaxian Probe",-0.0140778331192063,0.178589598698651,-0.0788278445205588,0.937169556229917,0.986020796201959,0.694812366192842,1.39927994642644,2599.94626711828,TRUE,FALSE,-0.00321217511060188,-0.00351941213738138,0.106953462769018,0.183923822750375,0.581509568307405,0.56089707139069,1.11288246280599,0.776050852152435,1.59591007803938,2589.7176438827,TRUE,FALSE,0.0241202217622191,0.0265817991134166,0.0903872626409233,0.174557834864512,0.517806964729369,0.604592958484545,1.09459809858649,0.777442110465608,1.54113725163612,2777.39572784641,TRUE,FALSE,0.0222956210808688,0.0225860478933776,149,0.981043916170438,FALSE,FALSE,0.959606096866589,FALSE,FALSE,0.811653524252525,FALSE,FALSE,2589.7176438827,10.2286232355814,-187.678083963712,0.126861666604028,1.06450045253148,0.11917483576671,"medium",-0.321217511060188,-0.351941213738138,-0.00642435022120375,-0.00703882427476277,2.41202217622191,2.65817991134166,0.0482404435244382,0.0531635982268331,2.22956210808688,2.25860478933776,0.0445912421617376,0.0451720957867552,-0.00777587349522067,0.99225428040084,0.317757956168309
"773199f9-c83b-4a77-8342-9f1552ecf595","Intrepid Adversary",0.432177872813976,0.194459361372826,2.22245856287363,0.0262523314002881,1.5406091232711,1.05236238193896,2.25537943149684,2594.97708759639,TRUE,FALSE,0.0974116678348111,0.106682170041619,0.280185940674374,0.206744474680708,1.3552281922266,0.175344865132335,1.32337585886135,0.882467577964663,1.98457564623086,2588.21390317992,TRUE,FALSE,0.0629410136683239,0.0698833630360783,0.0902315112426433,0.198313205479491,0.454994971335757,0.649112856583706,1.09442762667804,0.741958200101081,1.61433869168499,2777.45666316276,TRUE,FALSE,0.0222647535184077,0.0225422626323187,124,0.319004009223665,TRUE,FALSE,0.682611960387743,FALSE,FALSE,0.811653524252525,FALSE,FALSE,2588.21390317992,6.76318441646572,-189.242759982841,0.44618149659306,1.3194708696035,0.338151835612057,"low",9.74116678348111,10.6682170041619,0.194823335669622,0.213364340083237,6.29410136683239,6.98833630360783,0.125882027336648,0.139766726072157,2.22647535184077,2.25422626323187,0.0445295070368153,0.0450845252646375,0.0621651763504715,1.06413810066014,0.317757956168309
"17f28b16-da65-41a8-ba4f-f1c5e104aad6","Council's Judgment",0.149165157931094,0.190481845967877,0.783093828039911,0.433572015274119,1.16086469938945,0.799171861847647,1.6862541270822,2599.33834046419,TRUE,FALSE,0.0339930350704232,0.0372347962492711,0.0156891651005803,0.199736779820483,0.0785492041810287,0.937391191819944,1.01581288623161,0.686743153589324,1.502564407728,2590.04992410964,TRUE,FALSE,0.00354078661086119,0.00388905846431464,0.0900170400222181,0.192604376401552,0.467367573385486,0.640236918241111,1.09419292861817,0.750145915237548,1.59603370586757,2777.44534270871,TRUE,FALSE,0.0222079603648374,0.022488720757894,130,0.791682937081087,FALSE,FALSE,0.976308867591612,FALSE,FALSE,0.811653524252525,FALSE,FALSE,2590.04992410964,9.28841635455592,-187.395418599073,0.145051813157838,1.09029017141308,0.133039641153366,"medium",3.39930350704232,3.72347962492711,0.0679860701408463,0.0744695924985422,0.354078661086119,0.388905846431464,0.00708157322172237,0.00777811692862929,2.22079603648374,2.2488720757894,0.0444159207296748,0.044977441515788,0.0493648174692367,1.05060355936688,0.317757956168309
"32a180dd-9641-4546-8940-9b21084f0c71","Lightning Bolt",0.0402116414582144,0.175443838156446,0.229199508405402,0.818713854648392,1.04103107621406,0.738113050371208,1.46826519473999,2599.89991772591,TRUE,FALSE,0.00917616761329685,0.0100518458111928,-0.0595334638024628,0.1819595186416,-0.327179716933216,0.743531960959056,0.942204003335025,0.65956541673088,1.34595956880312,2589.94913338299,TRUE,FALSE,-0.0134283668466573,-0.0147033581013494,0.0894974459070355,0.176745586453895,0.5063631160622,0.612601762420536,1.09362454009004,0.773427066586,1.54638321615315,2777.40729319527,TRUE,FALSE,0.02208129932734,0.0223586903531591,152,0.954381711722466,FALSE,FALSE,0.959606096866589,FALSE,FALSE,0.811653524252525,FALSE,FALSE,2589.94913338299,9.95078434291645,-187.458159812277,0.151420536755015,1.02561987321304,0.147638068167154,"medium",0.917616761329685,1.00518458111928,0.0183523352265937,0.0201036916223856,-1.34283668466573,-1.47033581013494,-0.0268567336933146,-0.0294067162026989,2.208129932734,2.23586903531591,0.0441625986546801,0.0447173807063181,0.0246722568487721,1.02497913557722,0.317757956168309
"60d0e6a6-629a-45a7-bfcb-25ba7156788b","Elvish Mystic",0.197451992055153,0.186446738631583,1.05902625867495,0.289587821120269,1.21829457574688,0.845367685360448,1.75573504759815,2598.82939650183,TRUE,FALSE,0.0449338522421981,0.049233483289798,0.0730720805640581,0.20927963845034,0.349160009569672,0.726969186851906,1.07580807897318,0.713826023571957,1.62135168033322,2589.93410619398,TRUE,FALSE,0.0164867827160776,0.0181535120558887,0.0880793605719398,0.199162745916563,0.442248173304659,0.65830962982186,1.09207478626893,0.739131359027664,1.61355261718735,2777.46837635871,TRUE,FALSE,0.0217268156342267,0.022006605378187,136,0.70564468414073,FALSE,FALSE,0.959606096866589,FALSE,FALSE,0.816418929560734,FALSE,FALSE,2589.93410619398,8.89529030784161,-187.534270164724,0.142486496773694,1.128725813663,0.126236589124589,"medium",4.49338522421981,4.9233483289798,0.0898677044843962,0.0984669665795961,1.64867827160776,1.81535120558887,0.0329735654321552,0.0363070241117774,2.17268156342267,2.2006605378187,0.0434536312684533,0.044013210756374,0.047360929546638,1.04850037555893,0.317757956168309
"5ad67b3c-cd5a-497b-8639-9b844e8d517a","Mind Twist",-0.463122749438657,0.215289291599992,-2.15116481640499,0.0314631930041878,0.629315379657297,0.412677129315184,0.959679659811561,2595.32015446081,TRUE,FALSE,-0.104054414519694,-0.114043337241729,-0.321818216056296,0.222206572006379,-1.44828396905856,0.147537649165803,0.724829940799633,0.468910623377036,1.12042341735806,2587.95422956921,TRUE,FALSE,-0.0721099310007143,-0.078182536096021,0.0880172526156696,0.20739612566789,0.424391980960216,0.671279967979057,1.0920069618421,0.727254238362394,1.63970059135963,2777.48404207546,TRUE,FALSE,0.0217041856125665,0.0219934616253842,106,0.330946178266272,TRUE,FALSE,0.682611960387743,FALSE,FALSE,0.825296584008883,FALSE,FALSE,2587.95422956921,7.36592489159284,-189.529812506242,0.462691582184803,0.815384094099677,0.567452303194231,"low",-10.4054414519694,-11.4043337241729,-0.208108829039388,-0.228086674483458,-7.21099310007143,-7.81825360960211,-0.144219862001429,-0.156365072192042,2.17041856125665,2.19934616253842,0.043408371225133,0.0439869232507684,-0.0841951041467576,0.919251888742628,0.317757956168309
"985bdb0c-ce6c-4506-8163-76f3b2fdf5fb","Lose Focus",-0.216211237745803,0.16996877067625,-1.27206449093895,0.203350206362638,0.805565118139845,0.577324933342593,1.12403799331247,2598.33418128316,TRUE,FALSE,-0.049144859395651,-0.0538911727964713,-0.07353654064824,0.178332878738068,-0.41235548469023,0.680078886048968,0.929102195174741,0.655033445397541,1.31784246307397,2589.88602637331,TRUE,FALSE,-0.0165887234527309,-0.0181526541073181,0.086781920897391,0.171114372698635,0.507157403137786,0.612044380544398,1.09065880388814,0.779890113312287,1.52526183649977,2777.40687428337,TRUE,FALSE,0.0214027683921586,0.0216851968944078,166,0.64560083962813,FALSE,FALSE,0.959606096866589,FALSE,FALSE,0.811653524252525,FALSE,FALSE,2589.88602637331,8.44815490985138,-187.520847910055,0.285093685748297,0.941775372400909,0.302719410703526,"low",-4.9144859395651,-5.38911727964713,-0.098289718791302,-0.107782345592943,-1.65887234527309,-1.81526541073181,-0.0331774469054618,-0.0363053082146362,2.14027683921586,2.16851968944078,0.0428055367843173,0.0433703937888156,0.0324166572949862,1.03294780089258,0.317757956168309
"4b4956a2-9a39-4152-9c98-70e4b2acfa26","Miscalculation",-0.0584587527682306,0.165609877544802,-0.352990737236768,0.72409538474507,0.94321714469349,0.681776005509126,1.30491330709032,2599.82790008436,TRUE,FALSE,-0.0133340023087054,-0.0146115258596164,0.0457048404289227,0.171834700143425,0.265981436757386,0.790253505548164,1.04676540252855,0.747447528735881,1.465946124384,2589.98535531676,TRUE,FALSE,0.0103136644249466,0.01133971783918,0.0839816777744845,0.162109733130813,0.518054506367709,0.604420240291283,1.08760896620952,0.791556990446731,1.49438799436506,2777.39561993845,TRUE,FALSE,0.02071622302475,0.0209862177763153,180,0.913378039687918,FALSE,FALSE,0.960413023730856,FALSE,FALSE,0.811653524252525,FALSE,FALSE,2589.98535531676,9.84254476760361,-187.410264621694,0.144391821516026,1.02586383781052,0.140751448870835,"medium",-1.33340023087054,-1.46115258596164,-0.0266680046174108,-0.0292230517192329,1.03136644249466,1.133971783918,0.0206273288498932,0.0226794356783599,2.071622302475,2.09862177763153,0.0414324460495,0.0419724355526305,0.0172097906385711,1.01735873227685,0.317757956168309
"400382a4-aea2-4827-b06a-1b0b3745908b","Noble Hierarch",0.0364817995319143,0.164171033926923,0.222218248001978,0.824143989375399,1.03715542713171,0.751793625430025,1.43083333463153,2599.9030867352,TRUE,FALSE,0.00832455417411965,0.00911968511681843,-0.0329981883879093,0.177593707922564,-0.185807193137143,0.85259596345833,0.967540312395172,0.683121969756578,1.37037644455108,2590.02157287897,TRUE,FALSE,-0.00744556750310128,-0.00816076167523067,0.0839341609050525,0.169533223111295,0.495089749163512,0.620536769385547,1.08755728766409,0.780086119020031,1.51621830604692,2777.4188403266,TRUE,FALSE,0.0207072951533883,0.0209732296789359,179,0.954381711722466,FALSE,FALSE,0.961188495007595,FALSE,FALSE,0.811653524252525,FALSE,FALSE,2590.02157287897,9.88151385623542,-187.397267447634,0.120016975268914,1.03075100906366,0.116436437329262,"medium",0.832455417411965,0.911968511681843,0.0166491083482393,0.0182393702336369,-0.744556750310128,-0.816076167523067,-0.0148911350062026,-0.0163215233504613,2.07072951533883,2.09732296789359,0.0414145903067766,0.0419464593578719,0.0378920086344516,1.03861906493092,0.317757956168309
"a1febcf1-afa4-4406-9ac1-5bf98b2765d2","Time Walk",-0.133487739421145,0.179885626052076,-0.742070071693781,0.458044881658848,0.875038197386669,0.615042709968803,1.24494093576778,2599.40186695969,TRUE,FALSE,-0.0304148251292369,-0.0333325296079184,0.0144309888023692,0.184897564500092,0.0780485607876248,0.937789424850361,1.0145356182174,0.706121303952932,1.45765680042473,2590.05000318378,TRUE,FALSE,0.00325671772211836,0.00357638713220304,0.0810510345014558,0.178177785813587,0.454888549273213,0.649189421239258,1.08442623830702,0.764772078848476,1.53768723892142,2777.45708530618,TRUE,FALSE,0.0199921597934814,0.0202545418645416,145,0.801823220191631,FALSE,FALSE,0.976308867591612,FALSE,FALSE,0.811653524252525,FALSE,FALSE,2590.05000318378,9.35186377591162,-187.4070821224,0.209388040920348,0.991333351303697,0.211218598310027,"low",-3.04148251292369,-3.33325296079184,-0.0608296502584738,-0.0666650592158368,0.325671772211836,0.357638713220304,0.00651343544423671,0.00715277426440608,1.99921597934814,2.02545418645416,0.0399843195869627,0.0405090837290832,-0.00744061675255048,0.992586996108264,0.317757956168309
"16c8d2fa-54a7-46e8-980c-905258497c90","Arid Mesa",0.0889081015812714,0.167699174319783,0.530164217813822,0.595998077714322,1.09298020855804,0.786799144262411,1.51831092472712,2599.67105699717,TRUE,FALSE,0.0202848683461621,0.0222158218482482,-0.000112830068755638,0.169839988740506,-0.000664331584053673,0.999469940124819,0.999887176296317,0.716770761837812,1.3948314001514,2590.05609426289,TRUE,FALSE,-2.54633824074803e-05,-2.7947901744374e-05,0.0807364395532462,0.162601058051538,0.496530837626259,0.619519935909245,1.08408513694793,0.788232931678787,1.49098132914643,2777.4171409213,TRUE,FALSE,0.0199245681419124,0.0201753493017924,174,0.875296119588919,FALSE,FALSE,0.999469940124819,FALSE,FALSE,0.811653524252525,FALSE,FALSE,2590.05609426289,9.61496273427838,-187.361046658409,0.0930930322617199,1.0589841739341,0.0879078597708235,"medium",2.02848683461621,2.22158218482482,0.0405697366923241,0.0444316436964964,-0.00254633824074803,-0.0027947901744374,-5.09267648149606e-05,-5.5895803488748e-05,1.99245681419124,2.01753493017924,0.0398491362838249,0.0403506986035848,0.0609321460626452,1.06282679475768,0.317757956168309
"2b5315a4-6a78-456f-8d5a-fea9d62f3f0e","Strip Mine",0.157044945574333,0.171529594322242,0.915555978517048,0.359899829319989,1.17004820120752,0.835977935408926,1.63761833316724,2599.11339799481,TRUE,FALSE,0.0357765891042988,0.0391987306704855,0.109538904455653,0.17745718063717,0.617269496012206,0.537056983449826,1.11576347826153,0.787984255547765,1.57988961157208,2589.67482600581,TRUE,FALSE,0.0247026795607674,0.0272277015083212,0.0804976985932376,0.17305528382326,0.465155971056333,0.641819766241593,1.08382635231408,0.77206181748528,1.52148381822139,2777.44749510041,TRUE,FALSE,0.019859694222029,0.0201164202178085,156,0.746069719174284,FALSE,FALSE,0.959606096866589,FALSE,FALSE,0.811653524252525,FALSE,FALSE,2589.67482600581,9.43857198900696,-187.772669094599,0.0862218488934374,1.12321267726105,0.076763600196972,"medium",3.57765891042988,3.91987306704855,0.0715531782085977,0.0783974613409709,2.47026795607674,2.72277015083212,0.0494053591215349,0.0544554030166423,1.9859694222029,2.01164202178085,0.039719388444058,0.040232840435617,0.0133861433407469,1.01347613887353,0.317757956168309
"09fd2d9c-1793-4beb-a3fb-7a869f660cd4","Bonecrusher Giant // Stomp",0.496193783985432,0.18292059256498,2.71261850307623,0.00667539084849745,1.64245780900185,1.14759611817268,2.35071172830967,2592.51251544324,TRUE,FALSE,0.111426473924344,0.122057389596131,0.275651529935518,0.193384920228926,1.42540343688228,0.15404061515812,1.3173887135019,0.901781602820144,1.92453806668346,2588.01101786503,TRUE,FALSE,0.0619560727863037,0.0687326591938267,0.0802905145014072,0.183948116266029,0.436484570384454,0.662485191622209,1.08360182399573,0.755596486449107,1.55399467046881,2777.4731901114,TRUE,FALSE,0.0198174265821576,0.0200630223529399,149,0.173097283465316,TRUE,FALSE,0.682611960387743,FALSE,FALSE,0.818025193133511,FALSE,FALSE,2588.01101786503,4.50149757821055,-189.462172246375,0.558855985006122,1.34781611549983,0.414638153216379,"low",11.1426473924344,12.2057389596131,0.222852947848687,0.244114779192263,6.19560727863037,6.87326591938267,0.123912145572607,0.137465318387653,1.98174265821576,2.00630223529399,0.0396348531643151,0.0401260447058798,0.03069360957885,1.03116951501903,0.317757956168309
"69c68c95-b788-43b1-9f22-1b22c5a00b25","Deep-Cavern Bat",0.0336848909666903,0.168056702989662,0.200437652098663,0.841138314800926,1.03425865113129,0.744005949982254,1.43774516516357,2599.91229738237,TRUE,FALSE,0.00768623740437755,0.00842061177927494,0.0995742291351348,0.171979893320138,0.578987620080556,0.562597526564907,1.10470046865697,0.788591874123149,1.54752181133983,2589.72074564675,TRUE,FALSE,0.0224583632414303,0.0247496251138087,0.0788332375032243,0.16563570046027,0.47594351510068,0.634114619750045,1.08202386602261,0.782068664990108,1.49702410933103,2777.43737939875,TRUE,FALSE,0.0194492563104271,0.0197003552206714,168,0.959370608046036,FALSE,FALSE,0.959606096866589,FALSE,FALSE,0.811653524252525,FALSE,FALSE,2589.72074564675,10.1915517356178,-187.716633752004,0.0704418175256811,1.07366099527029,0.065608993747554,"medium",0.768623740437755,0.842061177927494,0.0153724748087551,0.0168412235585499,2.24583632414303,2.47496251138087,0.0449167264828606,0.0494992502276174,1.94492563104271,1.97003552206714,0.0388985126208541,0.0394007104413427,0.0249103383196841,1.02522319316911,0.317757956168309
"94c6fdd8-21e7-48ae-aa05-a3666b928c1a","Timetwister",0.114342601959213,0.183925304521138,0.621679557671043,0.534152596096429,1.1211361625402,0.781804167568836,1.60775082443481,2599.56584948626,TRUE,FALSE,0.0260672543372375,0.0285605883197458,0.254555082605476,0.190694769589426,1.33488235232431,0.18191485456691,1.28988759975626,0.887624340219778,1.87445290154278,2588.27319903995,TRUE,FALSE,0.0571747405593424,0.0634078733720304,0.0756583791804441,0.182268560094101,0.415092867038525,0.678073920940879,1.07859404103131,0.75458451037003,1.54172937472274,2777.4916774381,TRUE,FALSE,0.0186649455645999,0.0189079868672368,139,0.843913075544079,FALSE,FALSE,0.682611960387743,FALSE,FALSE,0.830056006669007,FALSE,FALSE,2588.27319903995,11.2926504463098,-189.218478398147,0.211293558724948,1.16320593444259,0.181647593490142,"medium",2.60672543372375,2.85605883197458,0.052134508674475,0.0571211766394917,5.71747405593424,6.34078733720304,0.114349481118685,0.126815746744061,1.86649455645999,1.89079868672368,0.0373298911291998,0.0378159737344737,0.0290971791993093,1.02952463799397,0.317757956168309
"4e117771-5a8b-4812-b487-32ba34b7f724","Giver of Runes",0.330131592071468,0.171042681538969,1.93011235032733,0.0535929185129195,1.39115118088501,0.994900980615621,1.94522032421783,2596.20575176165,TRUE,FALSE,0.0748164053123504,0.0819587448641819,0.136314002056254,0.184511917298035,0.73878155976273,0.460039650972412,1.14604169655174,0.798253266077969,1.64535696382219,2589.51007016947,TRUE,FALSE,0.0307414904400322,0.0339293022499181,0.0658019253164806,0.175250392055708,0.375473769528365,0.707308150740626,1.06801514945086,0.757532496300089,1.50575238029747,2777.52292099243,TRUE,FALSE,0.0162414942344285,0.0164448527697647,167,0.345917928583389,FALSE,FALSE,0.932129613068102,FALSE,FALSE,0.85844237098435,FALSE,FALSE,2589.51007016947,6.69568159218807,-188.012850822967,0.323136031434151,1.20173600896254,0.268891028498942,"low",7.48164053123504,8.19587448641819,0.149632810624701,0.163917489728364,3.07414904400322,3.39293022499181,0.0614829808800644,0.0678586044998362,1.62414942344285,1.64448527697647,0.032482988468857,0.0328897055395293,0.0367165212700948,1.03739889862924,0.317757956168309
"c1e0f201-42cb-46a1-901a-65bb4fc18f6c","Urza's Saga",-0.0488524377180353,0.192271028132581,-0.25408111764165,0.799432890734881,0.952321646086051,0.653309919963829,1.38818727512091,2599.88793499712,TRUE,FALSE,-0.0111446108810725,-0.0122111127986568,0.0214305771087652,0.194589468545563,0.110132255712222,0.912304487385411,1.02166186115509,0.697700897798432,1.49604646035648,2590.0439638147,TRUE,FALSE,0.00483636149626791,0.00531305030575596,0.064296585761199,0.186644003743283,0.344487818904885,0.730479455204395,1.06640863348014,0.739688844529857,1.53744021147675,2777.54531395122,TRUE,FALSE,0.0158641833913818,0.016069315357888,127,0.954381711722466,FALSE,FALSE,0.975184991378999,FALSE,FALSE,0.875342469527629,FALSE,FALSE,2590.0439638147,9.84397118241077,-187.501350136518,0.114086987394088,1.01346404690709,0.112571321836488,"medium",-1.11446108810725,-1.22111127986568,-0.0222892217621449,-0.0244222255973136,0.483636149626791,0.531305030575596,0.00967272299253582,0.0106261006115119,1.58641833913818,1.6069315357888,0.0317283667827637,0.0321386307157759,0.0154584208166067,1.01557852025487,0.317757956168309
"7832abb5-5107-4603-904e-491b221bd3e3","Smuggler's Copter",0.116408634169336,0.194654379312031,0.598027306556166,0.549821712982662,1.12345486039139,0.767118532389203,1.6453139509041,2599.59431593359,TRUE,FALSE,0.0265445625491195,0.0290750353505055,0.0654954561735886,0.200673519188737,0.326378171062965,0.74413825105957,1.06768788591406,0.720489352606208,1.58219884527661,2589.94951828137,TRUE,FALSE,0.0147787900193928,0.0162637381611322,0.0612224184974554,0.190260074995259,0.321782793888739,0.747617250086147,1.06313534885938,0.732210433779913,1.54362286830523,2777.56038493938,TRUE,FALSE,0.0151080353109101,0.0153017150948413,123,0.846400927093837,FALSE,FALSE,0.959606096866589,FALSE,FALSE,0.876963773402331,FALSE,FALSE,2589.94951828137,9.64479765222677,-187.610866658017,0.0603195115320043,1.08475936505494,0.055606352408812,"medium",2.65445625491195,2.90750353505055,0.0530891250982389,0.0581500707010111,1.47787900193928,1.62637381611322,0.0295575800387857,0.0325274763222644,1.51080353109101,1.53017150948413,0.0302160706218203,0.0306034301896826,0.0166105117894174,1.01674923335475,0.317757956168309
"04fc99dc-bfbe-4567-b791-6b1db96471ec","Reanimate",-0.358216183673769,0.176626242984297,-2.02810283240649,0.0425497539074431,0.698921963155484,0.494403338652777,0.988043308753192,2595.82695757468,TRUE,FALSE,-0.0809759509564728,-0.0888094371585775,-0.201417010651347,0.181966392831046,-1.1068912644675,0.268340943154437,0.817571424464769,0.572311909095655,1.16793486816929,2588.82882580192,TRUE,FALSE,-0.0453380828008428,-0.049463379693768,0.0610868169656498,0.174186865287028,0.350697033699929,0.725815651160645,1.06299119585147,0.755542353211925,1.49554856541681,2777.54109354818,TRUE,FALSE,0.0150685383614455,0.0152685158416637,154,0.335670280825384,TRUE,FALSE,0.75827324977958,FALSE,FALSE,0.873439173430606,FALSE,FALSE,2588.82882580192,6.99813177276656,-188.712267746262,0.364069232695983,0.859828194490573,0.423420905512042,"low",-8.09759509564728,-8.88094371585775,-0.161951901912946,-0.177618874317155,-4.53380828008428,-4.9463379693768,-0.0906761656016856,-0.0989267593875359,1.50685383614455,1.52685158416637,0.0301370767228911,0.0305370316833273,-0.0797462251973309,0.923350639782903,0.317757956168309
"928036c9-11b8-493e-b9f2-8fbd3487cd19","Minsc & Boo, Timeless Heroes",0.190072776104593,0.182378474325927,1.04218865086521,0.297324223771292,1.20933760533484,0.845870475304517,1.72898509449747,2598.86349119327,TRUE,FALSE,0.0432821774714691,0.0474038440642011,0.0314675010795183,0.186768437874213,0.168484040653119,0.866202497911406,1.03196783720999,0.715625254108173,1.4881498534635,2590.02769478366,TRUE,FALSE,0.00710190121820515,0.00780480250958709,0.061032951454109,0.181948349621074,0.335441083039315,0.737292381490903,1.06293393882904,0.744095558313474,1.51839175182745,2777.55139195478,TRUE,FALSE,0.0150625932203942,0.0152543182800117,140,0.70564468414073,FALSE,FALSE,0.96173465993211,FALSE,FALSE,0.876113122775801,FALSE,FALSE,2590.02769478366,8.8357964096067,-187.523697171119,0.177369768124852,1.10141312712462,0.161038364040474,"medium",4.32821774714691,4.74038440642011,0.0865643549429381,0.0948076881284021,0.710190121820515,0.780480250958709,0.0142038024364103,0.0156096050191742,1.50625932203942,1.52543182800117,0.0301251864407885,0.0305086365600233,0.025684174696005,1.02601685521251,0.317757956168309
"b045c28a-39f9-4cd9-8f3a-a626b697f409","Cathartic Pyre",0.157505296899863,0.192836884771105,0.81677992821145,0.414054204713127,1.17058695844717,0.802153737172252,1.70824339997104,2599.28452164881,TRUE,FALSE,0.0358839193551394,0.0393094740005013,0.0997273298382395,0.196175395149475,0.508357991389555,0.611202307645561,1.10486961202309,0.752182389918759,1.62292666769813,2589.79744532407,TRUE,FALSE,0.0224939568579307,0.0247837785709316,0.0592621035831478,0.191449066791642,0.309545011507651,0.756906977977807,1.06105331017158,0.729075440564426,1.54419428276788,2777.56814452673,TRUE,FALSE,0.0146240759031909,0.0148123875601648,124,0.783942627590187,FALSE,FALSE,0.959606096866589,FALSE,FALSE,0.876963773402331,FALSE,FALSE,2589.79744532407,9.48707632473906,-187.770699202659,0.109533648275595,1.11216996021395,0.0984864294073578,"medium",3.58839193551394,3.93094740005013,0.0717678387102787,0.0786189480010027,2.24939568579307,2.47837785709316,0.0449879137158614,0.0495675571418631,1.46240759031909,1.48123875601648,0.0292481518063818,0.0296247751203296,0.0172811986100793,1.01743138239409,0.317757956168309
"ff84ea71-e477-44f7-a3f8-77fef708efeb","Thieving Skydiver",-0.296527344417581,0.198964119600412,-1.49035587428079,0.136130688273711,0.743395299274686,0.503336161574746,1.09794728289482,2597.73358276801,TRUE,FALSE,-0.0671956875850666,-0.073683267549463,-0.241490692807739,0.216334757546618,-1.11628244830561,0.264301252157326,0.785456114146033,0.514012950870075,1.20024467516836,2588.80976290227,TRUE,FALSE,-0.0542627082284231,-0.0589192503749706,0.0591941277042768,0.206819478387583,0.286211570427356,0.774716082348228,1.06098118659165,0.707390770099812,1.59131434262648,2777.58208393308,TRUE,FALSE,0.0146052949539381,0.0147946851380383,119,0.562393595907536,FALSE,FALSE,0.75827324977958,FALSE,FALSE,0.880095054723707,FALSE,FALSE,2588.80976290227,8.92381986574173,-188.77232103081,0.317585887316962,0.863277533337456,0.367883878651592,"low",-6.71956875850666,-7.3683267549463,-0.134391375170133,-0.147366535098926,-5.42627082284231,-5.89192503749706,-0.108525416456846,-0.117838500749941,1.46052949539381,1.47946851380383,0.0292105899078762,0.0295893702760767,-0.00874229866614082,0.991295804110713,0.317757956168309
"24da9431-7e52-44f5-bc18-2f2d8a4ca81e","Abrade",0.101720496155055,0.193611014583667,0.525385894876855,0.599314956914436,1.10707399704145,0.757480796989441,1.61801175659695,2599.67607894989,TRUE,FALSE,0.0232007386857503,0.0254120631746083,-0.00821825097782665,0.200782721425534,-0.0409310667744615,0.967350850488802,0.991815426526864,0.669146415886875,1.47007862097399,2590.05441951571,TRUE,FALSE,-0.00185463960274909,-0.00203484732420661,0.0570251326678879,0.191017371176889,0.298533752802412,0.765295818870024,1.05868241757474,0.728062112658714,1.53944071775548,2777.5748172028,TRUE,FALSE,0.0140730861312316,0.0142525271594881,128,0.875296119588919,FALSE,FALSE,0.981170148352927,FALSE,FALSE,0.879935273518569,FALSE,FALSE,2590.05441951571,9.62165943417313,-187.520397687083,0.11525857051459,1.05252394704769,0.109506839096525,"medium",2.32007386857503,2.54120631746083,0.0464014773715006,0.0508241263492165,-0.185463960274909,-0.203484732420661,-0.00370927920549819,-0.00406969464841322,1.40730861312316,1.42525271594881,0.0281461722624631,0.0285050543189762,0.0327476245865119,1.03328972940898,0.317757956168309
"2b9b0195-beda-403e-bc27-7ae3be9f318c","Temple Garden",0.0421798659471573,0.204321522137817,0.20643868304146,0.836448256828699,1.04308207682472,0.698870151356508,1.55682742621231,2599.90985455433,TRUE,FALSE,0.00962392126122029,0.0105436492918096,-0.0137741702053258,0.212827859837294,-0.0647197703151087,0.948397121387142,0.986320259615746,0.649912997217121,1.49685828517671,2590.0519065619,TRUE,FALSE,-0.00310846379611263,-0.00340955617603117,0.0547653746255286,0.20666446610194,0.264996569843386,0.791012104254336,1.05629275251664,0.704478843273265,1.58380111719891,2777.593759152,TRUE,FALSE,0.0135139025215656,0.0136878661919482,109,0.957868165078026,FALSE,FALSE,0.976308867591612,FALSE,FALSE,0.892871230414285,FALSE,FALSE,2590.0519065619,9.85794799242467,-187.541852590094,0.0699724929008986,1.02856502965237,0.0680292357640699,"medium",0.962392126122029,1.05436492918096,0.0192478425224406,0.0210872985836191,-0.310846379611263,-0.340955617603117,-0.00621692759222527,-0.00681911235206234,1.35139025215656,1.36878661919482,0.0270278050431311,0.0273757323838963,-0.0150452230473673,0.985067390846479,0.317757956168309
"05cf51d8-9f91-42ff-99e9-4397f2251c20","Dark Confidant",0.0453149022049317,0.19887872049702,0.227851939572443,0.8197613465869,1.04635730825751,0.708583487390079,1.54514413054783,2599.90055666389,TRUE,FALSE,0.0103389202783886,0.0113271092029854,0.121832045365238,0.211807199020714,0.575202570679967,0.565154304414298,1.12956437027637,0.745790861412139,1.71082233990094,2589.72501840708,TRUE,FALSE,0.0274671041818485,0.0303171838279364,0.0531490340129684,0.201804282201977,0.263369208190408,0.792266021353521,1.05458680271138,0.710073098151804,1.5662518793456,2777.59462223886,TRUE,FALSE,0.0131152019815003,0.0132841482438842,119,0.954381711722466,FALSE,FALSE,0.959606096866589,FALSE,FALSE,0.892871230414285,FALSE,FALSE,2589.72501840708,10.1755382568117,-187.86960383178,0.0832070620188663,1.07683616041509,0.0772699367625179,"medium",1.03389202783886,1.13271092029854,0.0206778405567772,0.0226542184059708,2.74671041818485,3.03171838279364,0.054934208363697,0.0606343676558728,1.31152019815003,1.32841482438842,0.0262304039630005,0.0265682964877685,0.00703777591136688,1.0070625992558,0.317757956168309
"b83cfbaa-7890-4f6f-878b-4edb45677371","Skyclave Apparition",-0.0686990196239897,0.181358350745328,-0.378802626632066,0.704834436718272,0.933607635372206,0.654318274868348,1.33210892971109,2599.8091581994,TRUE,FALSE,-0.0156641534408021,-0.0171693633483491,-0.222925254121595,0.18921758243592,-1.17814238640899,0.238739846486061,0.800174656816945,0.552229413048203,1.15944472765022,2588.67213278214,TRUE,FALSE,-0.0500653872461991,-0.0544042970710606,0.0519644020852453,0.180117820260274,0.288502281507492,0.772962284334116,1.0533382452009,0.740028540248037,1.49929549802366,2777.58070294637,TRUE,FALSE,0.0128258298473696,0.0129883568444493,144,0.913378039687918,FALSE,FALSE,0.739899473337438,FALSE,FALSE,0.880095054723707,FALSE,FALSE,2588.67213278214,11.1370254172566,-188.908570164235,0.25316358838395,0.929040179130015,0.272500150231415,"low",-1.56641534408021,-1.71693633483491,-0.0313283068816042,-0.0343387266966981,-5.00653872461991,-5.44042970710606,-0.100130774492398,-0.108808594142121,1.28258298473696,1.29883568444493,0.0256516596947393,0.0259767136888986,0.0104607930555899,1.01051569843553,0.317757956168309
"25b0b816-0583-44aa-9dc5-f3ff48993a51","Gaea's Cradle",0.163460582680134,0.188598099040812,0.866713840232087,0.386098820257887,1.17757893726696,0.813677086400164,1.70422908137885,2599.20053444989,TRUE,FALSE,0.0372323882417656,0.0407911685656741,-0.00193754864094387,0.210303026467808,-0.00921312771140958,0.992649091635469,0.998064327194721,0.660914048231695,1.50720415746018,2590.05600982171,TRUE,FALSE,-0.000437262773822782,-0.000479886514123617,0.0509078003540233,0.203549190298205,0.25010072641135,0.802509454231463,1.05222587395763,0.706064551724956,1.56809924407195,2777.60144879193,TRUE,FALSE,0.0125630442335593,0.0127241943464855,131,0.755030235272011,FALSE,FALSE,0.996156685598845,FALSE,FALSE,0.900840652180773,FALSE,FALSE,2590.05600982171,9.14452462818235,-187.545438970215,0.179514610072234,1.0759563794731,0.166841903163531,"medium",3.72323882417656,4.07911685656741,0.0744647764835313,0.0815823371313482,-0.0437262773822783,-0.0479886514123617,-0.000874525547645565,-0.000959773028247235,1.25630442335593,1.27241943464855,0.0251260884671186,0.0254483886929711,0.0390411506600765,1.03981327177226,0.317757956168309
"69af2825-18c2-4463-b6ba-42eaa070ccc1","Grist, the Hunger Tide",-0.148225354146036,0.206789255203152,-0.716794274443406,0.473501045087373,0.862236784412041,0.57491544892536,1.29315062551004,2599.43807751763,TRUE,FALSE,-0.0337760420841254,-0.0369990445479431,-0.13837551616144,0.221420370546936,-0.624944831496916,0.532007267020438,0.870771641519005,0.564192686876168,1.34394377898082,2589.66590396856,TRUE,FALSE,-0.0311942873201761,-0.0339947021957701,0.0494694669616672,0.214734707602793,0.230374807658823,0.817800535297134,1.05071351024916,0.689760695308439,1.60055347909675,2777.61092999377,TRUE,FALSE,0.0122052979482046,0.0123648847046972,107,0.801823220191631,FALSE,FALSE,0.959606096866589,FALSE,FALSE,0.914391149702307,FALSE,FALSE,2589.66590396856,9.77217354907179,-187.945026025216,0.188476725837121,0.927907312060069,0.203120207576206,"low",-3.37760420841254,-3.69990445479431,-0.0675520841682509,-0.0739980890958861,-3.11942873201761,-3.39947021957701,-0.0623885746403522,-0.0679894043915401,1.22052979482046,1.23648847046972,0.0244105958964091,0.0247297694093943,-0.0429302871812077,0.957978171097905,0.317757956168309
"0d08f5e4-d2d3-4659-86d4-a983d80e3b2c","Tundra",-0.00792148560106299,0.203510304467472,-0.0389242481936787,0.968950783952828,0.992109806684356,0.665776212378934,1.47839747082921,2599.95096531587,TRUE,FALSE,-0.00180754000452732,-0.00198036268667418,0.0941252059267318,0.21269132304036,0.442543704093047,0.658095811950684,1.09869730071939,0.724155024534305,1.66695765093167,2589.86020089311,TRUE,FALSE,0.0212277735272262,0.0234001553669568,0.0421163742306624,0.20577475676732,0.204672210004289,0.837828233958349,1.0430158518556,0.696838119075909,1.5611689967029,2777.62211918881,TRUE,FALSE,0.0103929559267998,0.0105275502869557,110,0.981043916170438,FALSE,FALSE,0.959606096866589,FALSE,FALSE,0.929465697047544,FALSE,FALSE,2589.86020089311,10.0907644227618,-187.761918295703,0.106587494035034,1.04460765308645,0.102035911492803,"medium",-0.180754000452732,-0.198036268667418,-0.00361508000905465,-0.00396072537334835,2.12277735272262,2.34001553669568,0.0424555470544523,0.0468003107339137,1.03929559267998,1.05275502869557,0.0207859118535997,0.0210551005739114,-0.00807755395810289,0.991954981818769,0.317757956168309
"07313dd3-d0dc-40ca-98a3-fa4d39e5bcae","Oust",0.331739165835213,0.18758885136748,1.76843753462378,0.0769877863081951,1.39338935755985,0.964703013689481,2.01257161448651,2596.8167982811,TRUE,FALSE,0.0751003205982239,0.0823237645438732,0.26221722574129,0.192138706763254,1.3647287949345,0.172338305846881,1.2998088637085,0.891923743403349,1.89422368747409,2588.18956636504,TRUE,FALSE,0.0588925129111402,0.0653976475749038,0.0374045073784186,0.182540055260224,0.204911230716435,0.837641480558241,1.03811286022996,0.725877507436664,1.4846558813766,2777.62200889295,TRUE,FALSE,0.00923135327621952,0.00935001248224976,137,0.455511068990155,FALSE,FALSE,0.682611960387743,FALSE,FALSE,0.929465697047544,FALSE,FALSE,2588.18956636504,8.62723191605846,-189.43244252791,0.355276497329885,1.24377036049944,0.285644769012846,"low",7.51003205982239,8.23237645438732,0.150200641196448,0.164647529087746,5.88925129111402,6.53976475749038,0.11778502582228,0.130795295149808,0.923135327621952,0.935001248224976,0.018462706552439,0.0187000249644995,0.0485436678079363,1.04974121071705,0.317757956168309
"e6befbc4-1320-4f26-bd9f-b1814fedda10","Grief",0.00768295832432962,0.183484415921277,0.0418725387971149,0.966600308056797,1.00771254797879,0.703317750662752,1.44384892660108,2599.95072710287,TRUE,FALSE,0.00175311226809229,0.0019207319760326,0.0376298153830232,0.187270489354261,0.200938308607923,0.840746812630108,1.03834678171826,0.719340582869348,1.49882276181891,2590.01571602844,TRUE,FALSE,0.00849124589950399,0.0093329110431456,0.0349679534275023,0.179642951785736,0.194652520902736,0.845664983650579,1.03558652126932,0.728234452807724,1.47265683311175,2777.62612022245,TRUE,FALSE,0.00862935559828086,0.00874138401362479,140,0.981043916170438,FALSE,FALSE,0.961188495007595,FALSE,FALSE,0.934126303160495,FALSE,FALSE,2590.01571602844,9.93501107443763,-187.610404194012,0.0306342337394674,1.02721528365546,0.029822603135783,"medium",0.175311226809229,0.19207319760326,0.00350622453618458,0.00384146395206519,0.849124589950399,0.93329110431456,0.016982491799008,0.0186658220862912,0.862935559828086,0.874138401362479,0.0172587111965617,0.0174827680272496,0.0198979499460066,1.02009723373704,0.317757956168309
"6fd672bb-18cf-44e3-8dda-5310b1e0fffe","Godless Shrine",0.198644310368905,0.192807578860626,1.03027231368585,0.30288219196355,1.21974803700313,0.835889757010282,1.7798821690247,2598.89019748629,TRUE,FALSE,0.0451990591234729,0.0495272051106825,0.222093922117996,0.201203311883605,1.10382836166472,0.269667599393442,1.24868865183979,0.841756440899584,1.85234501748168,2588.83646101056,TRUE,FALSE,0.0499471690719866,0.0553737560966745,0.0349323196272978,0.193603040888564,0.180432701196075,0.856812883752851,1.0355496200436,0.708553549983956,1.51345373344996,2777.63144774768,TRUE,FALSE,0.00862103624384514,0.00873216827470091,125,0.70564468414073,FALSE,FALSE,0.75827324977958,FALSE,FALSE,0.934126303160495,FALSE,FALSE,2588.83646101056,10.0537364757288,-188.794986737119,0.213139031796188,1.1679954362955,0.182482760782178,"medium",4.51990591234729,4.95272051106825,0.0903981182469459,0.0990544102213651,4.99471690719866,5.53737560966745,0.0998943381439732,0.110747512193349,0.862103624384514,0.873216827470091,0.0172420724876903,0.0174643365494018,0.0230451252587042,1.02331271575639,0.317757956168309
"493a5ca7-5f90-4af4-b6db-43ae09a2f2c9","Dark Ritual",-0.213321284333713,0.181259877581711,-1.17688088053325,0.239243054320911,0.807896531016342,0.566323027057772,1.15251680338553,2598.5644785147,TRUE,FALSE,-0.0485320133150272,-0.053169324840381,-0.0307950645499313,0.19040754401729,-0.161732376250465,0.871516607619188,0.969674273348594,0.667648226742879,1.40832875567007,2590.02992998092,TRUE,FALSE,-0.00695004197680608,-0.0076206418386941,0.0329518710797931,0.182794251285773,0.180267545877455,0.856942532898052,1.03350079676691,0.722292670487114,1.4787965329864,2777.63152611904,TRUE,FALSE,0.00813101177051363,0.00823755922763508,143,0.66275270915529,FALSE,FALSE,0.96173465993211,FALSE,FALSE,0.934126303160495,FALSE,FALSE,2590.02992998092,8.53454853377571,-187.601596138119,0.225604265750566,0.937023867043948,0.240766829624399,"low",-4.85320133150272,-5.3169324840381,-0.0970640266300543,-0.106338649680762,-0.695004197680608,-0.76206418386941,-0.0139000839536122,-0.0152412836773882,0.813101177051363,0.823755922763508,0.0162620235410273,0.0164751184552702,-0.0514930312771152,0.949810268903694,0.317757956168309
"a8069994-b103-40dc-9e14-062004914ec8","Cathar Commando",0.149455668970404,0.188698463385828,0.792034372133782,0.42834063465123,1.16120199239107,0.802203213924767,1.68085847043171,2599.32394234309,TRUE,FALSE,0.0340630883078404,0.0373073399949462,0.00478188422366393,0.198442213691174,0.0240971118731105,0.980775147046302,1.00479333567793,0.681019148778114,1.4824981782586,2590.05551402096,TRUE,FALSE,0.00107918499162911,0.00118474356426862,0.0308781517491823,0.185907308833434,0.166094339931777,0.86808270836952,1.03135982683905,0.71641177429641,1.48476495024407,2777.63641168931,TRUE,FALSE,0.00762132537366534,0.00771892118468809,135,0.791682937081087,FALSE,FALSE,0.991246056089501,FALSE,FALSE,0.94097514953032,FALSE,FALSE,2590.05551402096,9.26842832213106,-187.580897668353,0.15640865671314,1.06578505163602,0.146754410256597,"medium",3.40630883078404,3.73073399949462,0.0681261766156809,0.0746146799898925,0.107918499162911,0.118474356426862,0.00215836998325821,0.00236948712853724,0.762132537366534,0.771892118468809,0.0152426507473307,0.0154378423693762,0.067868954789974,1.07022505142233,0.317757956168309
"01e7b0bc-1c6c-48f4-8b72-1a809f536c6c","Birds of Paradise",-0.0214973329498036,0.167106025828876,-0.12864486988529,0.897638660239421,0.978732087793274,0.705375394388274,1.35802369532172,2599.93593228942,TRUE,FALSE,-0.00490494019245152,-0.00537417499698745,-0.147789425073702,0.174340254034391,-0.847706835648804,0.396601258536434,0.862612740432727,0.612935037742141,1.21399609116472,2589.33796037651,TRUE,FALSE,-0.0332852823697425,-0.0362957243031565,0.0299041523257629,0.16770363297631,0.178315471138226,0.85847522931299,1.03035577201616,0.741711468203491,1.43132884206092,2777.63220875977,TRUE,FALSE,0.00738048597398666,0.00747553581504079,171,0.974307760668449,FALSE,FALSE,0.901078059394778,FALSE,FALSE,0.934126303160495,FALSE,FALSE,2589.33796037651,10.5979719129095,-188.29424838326,0.16774303158343,0.957233533414053,0.17523731224204,"medium",-0.490494019245152,-0.537417499698745,-0.00980988038490304,-0.0107483499939749,-3.32852823697425,-3.62957243031565,-0.066570564739485,-0.0725914486063129,0.738048597398666,0.747553581504079,0.0147609719479733,0.0149510716300816,-0.00963976700931663,0.990406546607718,0.317757956168309
"3028075c-5fc5-4942-a984-1ffcf7a8933d","Knight of Autumn",0.0306062708573265,0.212502110027252,0.14402807978425,0.885478296344024,1.03107945792471,0.679839957727243,1.56378694201561,2599.93173780064,TRUE,FALSE,0.00698328025770894,0.00765105733422355,0.0146186646298522,0.216361138672443,0.0675660366716038,0.946131092400522,1.01472603989728,0.664015911182779,1.55066907088343,2590.05152899584,TRUE,FALSE,0.00329906618627777,0.00362344573762186,0.028898348033401,0.206520233160556,0.139929863486714,0.888715405763545,1.02931995675904,0.68668383142286,1.54292197500424,2777.64442771381,TRUE,FALSE,0.00713179844483266,0.00722410437102766,104,0.974307760668449,FALSE,FALSE,0.976308867591612,FALSE,FALSE,0.948854042243785,FALSE,FALSE,2590.05152899584,9.88020880480235,-187.592898717973,0.0163534180274281,1.02504181819368,0.0159539032819617,"medium",0.698328025770894,0.765105733422355,0.0139665605154179,0.0153021146684471,0.329906618627777,0.362344573762186,0.00659813237255554,0.00724689147524371,0.713179844483266,0.722410437102766,0.0142635968896653,0.0144482087420553,0.0254012695092079,1.02572663077736,0.317757956168309
"a249b1f4-2b22-4b67-a207-e0c4ae95d2e1","Ketria Triome",-0.138524380600314,0.203853113507684,-0.679530364862899,0.496801874690745,0.870642024235144,0.58387025725197,1.29826365523727,2599.49024747547,TRUE,FALSE,-0.0315704596894081,-0.0345845636677321,-0.0358578256075067,0.208897864562266,-0.171652427767248,0.863710787714877,0.964777450380692,0.640633569381352,1.45292968281684,2590.02662526509,TRUE,FALSE,-0.00809221102616547,-0.00886759321802716,0.0214436281086386,0.201404434919331,0.106470486199708,0.915209070882955,1.02167519495092,0.688452423870459,1.51618349763325,2777.65267565079,TRUE,FALSE,0.00529201000660742,0.00536073936101505,110,0.81404078123433,FALSE,FALSE,0.96173465993211,FALSE,FALSE,0.966243033943342,FALSE,FALSE,2590.02662526509,9.46362221037862,-187.626050385696,0.151033170715777,0.952364889855585,0.15858750393316,"medium",-3.15704596894081,-3.45845636677321,-0.0631409193788161,-0.0691691273354642,-0.809221102616547,-0.886759321802716,-0.0161844220523309,-0.0177351864360543,0.529201000660742,0.536073936101505,0.0105840200132148,0.0107214787220301,0.00889349221754507,1.00893315681786,0.317757956168309
"cea3b218-0e6e-443a-84f7-380f1021e8e1","Barrowgoyf",-0.129840123536442,0.170668109074814,-0.760775544067965,0.446791144071455,0.878235828935593,0.628543766259459,1.22711927574476,2599.37337041702,TRUE,FALSE,-0.0295920648443694,-0.0324247809651708,-0.0199279664337818,0.175286084121636,-0.113688240191122,0.909484935044029,0.980269283055901,0.695246589498336,1.38213963479677,2590.04316895622,TRUE,FALSE,-0.00449732444777949,-0.00493276157234579,0.0127088979897251,0.166869076866802,0.07616089348819,0.939291094763,1.01278999923878,0.730260110414159,1.40462770447141,2777.65820968201,TRUE,FALSE,0.00313652841254846,0.00317719845810593,166,0.799408358464044,FALSE,FALSE,0.975184991378999,FALSE,FALSE,0.979014708712829,FALSE,FALSE,2590.04316895622,9.33020146079889,-187.61504072579,0.134554170303182,0.95709837041009,0.140585518127598,"medium",-2.95920648443694,-3.24247809651708,-0.0591841296887388,-0.0648495619303415,-0.449732444777949,-0.493276157234579,-0.00899464889555899,-0.00986552314469158,0.313652841254846,0.317719845810593,0.00627305682509691,0.00635439691621187,-0.030124563447907,0.970324659035273,0.317757956168309
"0ecbe097-ba51-42e5-957c-382eb66c08f0","Robber of the Rich",0.555807285997831,0.216135204960192,2.57157220685172,0.0101237901490833,1.74334779711368,1.14131634433016,2.66294402669303,2593.29494464978,TRUE,FALSE,0.124189057110944,0.135972740476386,0.346050191659059,0.230020542657564,1.50443168101829,0.132470252044393,1.41347355862024,0.900513545797813,2.2186312579546,2587.78295219777,TRUE,FALSE,0.0775065140656596,0.0862883987660768,0.0127059281310593,0.221135319990213,0.057457705678232,0.95418059639728,1.01278699140009,0.656574376596267,1.56225635131657,2777.66070770416,TRUE,FALSE,0.00313603516603091,0.00317643752094743,100,0.179697275146229,TRUE,FALSE,0.682611960387743,FALSE,FALSE,0.981838004988505,FALSE,FALSE,2587.78295219777,5.5119924520186,-189.877755506397,0.730560805713594,1.38986944904467,0.525632681699528,"low",12.4189057110944,13.5972740476386,0.248378114221889,0.271945480952772,7.75065140656596,8.62883987660768,0.155013028131319,0.172576797532154,0.313603516603091,0.317643752094743,0.00627207033206181,0.00635287504189486,0.0280534641474626,1.02845066818976,0.317757956168309
"b841bfa8-7c17-4df2-8466-780ab9a4a53a","Fabled Passage",-0.0963892638998497,0.190194115035379,-0.506794144928827,0.612299264999796,0.908110452642142,0.625521404792321,1.31836350903405,2599.69571262509,TRUE,FALSE,-0.0219766176231371,-0.0240820647734399,-0.160997697554822,0.194037508677497,-0.829724616916265,0.406694500005821,0.851294031162731,0.581984645114964,1.24522448070797,2589.36787818445,TRUE,FALSE,-0.0362585307716555,-0.0395527716434944,0.0107084723843034,0.185498744339523,0.0577280046958345,0.953965286366161,1.010766013283,0.702669190275928,1.45395293794911,2777.66067715392,TRUE,FALSE,0.00264293476827154,0.0026770972656886,130,0.875296119588919,FALSE,FALSE,0.91192334975307,FALSE,FALSE,0.981838004988505,FALSE,FALSE,2589.36787818445,10.327834440644,-188.292798969469,0.159471982120266,0.923390165695957,0.172702707961019,"medium",-2.19766176231371,-2.40820647734399,-0.0439532352462742,-0.0481641295468798,-3.62585307716555,-3.95527716434944,-0.0725170615433111,-0.0791055432869887,0.264293476827154,0.26770972656886,0.00528586953654309,0.0053541945313772,-0.0500278323944579,0.951202949876579,0.317757956168309
"fadb218d-29e2-42d1-a7a1-1066741d63ad","Mox Diamond",0.0415249053531496,0.190565135435173,0.21790400042654,0.827503910152128,1.04239912284647,0.717499692370916,1.51442006577106,2599.90498557127,TRUE,FALSE,0.00947472079474287,0.0103800047046506,0.0780199825546077,0.194050597232738,0.402059997068873,0.687639871975669,1.0811442624785,0.739102114693578,1.58147689345304,2589.89440630358,TRUE,FALSE,0.017601093410604,0.0193819297270467,0.00783004191671211,0.185772492668987,0.042148553880169,0.966380274137266,1.00786077686119,0.700273683644975,1.45055193313564,2777.6622331663,TRUE,FALSE,0.00193253502504248,0.0019575025590543,130,0.954381711722466,FALSE,FALSE,0.959606096866589,FALSE,FALSE,0.987237402356056,FALSE,FALSE,2589.89440630358,10.010579267695,-187.767826862717,0.0732834856173115,1.04380138739538,0.070208266153178,"medium",0.947472079474287,1.03800047046506,0.0189494415894857,0.0207600094093011,1.7601093410604,1.93819297270467,0.035202186821208,0.0387638594540933,0.193253502504248,0.19575025590543,0.00386507005008495,0.00391500511810861,0.0189991222780807,1.01918075405973,0.317757956168309
"3c02b8ee-84cb-44cb-ba14-9e725a9d03ee","Ponder",-0.175419777233863,0.175617145717126,-0.998876143428614,0.317854694262511,0.839104709774323,0.594740928323432,1.18387129661698,2598.95465882541,TRUE,FALSE,-0.0399301448517213,-0.0437667758284606,-0.0487788802484045,0.181902007474244,-0.268160208486491,0.788576002608077,0.952391699033039,0.666772203826182,1.36035956985318,2589.98417769401,TRUE,FALSE,-0.011006800316152,-0.0120587264614122,0.00551322736434199,0.176223657435794,0.0312853985926987,0.975041934943922,1.00552845317058,0.711852080535983,1.42036175461386,2777.66303099091,TRUE,FALSE,0.00136070063096097,0.00137830426152918,151,0.710499937527833,FALSE,FALSE,0.960413023730856,FALSE,FALSE,0.991513831313334,FALSE,FALSE,2589.98417769401,8.97048113139317,-187.678853296895,0.166423743396255,0.932341620659313,0.178500819558572,"medium",-3.99301448517213,-4.37667758284606,-0.0798602897034426,-0.0875335516569212,-1.1006800316152,-1.20587264614122,-0.022013600632304,-0.0241174529228244,0.136070063096097,0.137830426152918,0.00272140126192195,0.00275660852305837,0.00345195516726435,1.003457920026,0.317757956168309
"0055ea30-20fb-4324-a632-8fed87628f05","Boseiju, Who Endures",0.00968177059365088,0.177354884735225,0.0545898163904813,0.956465252004911,1.00972879055756,0.713242500501789,1.42946084923927,2599.94950045461,TRUE,FALSE,0.00220917553069428,0.0024204276903656,-0.0768328209009884,0.19255959064732,-0.39900801950556,0.689887295225249,0.926044655977505,0.634924224586567,1.3506473239746,2589.89692771681,TRUE,FALSE,-0.0173340424776052,-0.0189555653811441,0.00497405985232935,0.18641757358125,0.0266823548701614,0.978713086895954,1.00498645102433,0.697394253708268,1.44824503696725,2777.66329780669,TRUE,FALSE,0.00122762607921209,0.00124351233827902,147,0.981043916170438,FALSE,FALSE,0.959606096866589,FALSE,FALSE,0.991513831313334,FALSE,FALSE,2589.89692771681,10.0525727378026,-187.766370089877,0.0836841345800517,0.980253299186463,0.0853699086241314,"medium",0.220917553069428,0.24204276903656,0.00441835106138856,0.0048408553807312,-1.73340424776052,-1.89555653811441,-0.0346680849552104,-0.0379111307622882,0.122762607921209,0.124351233827902,0.00245525215842418,0.00248702467655804,-0.0595770765268553,0.942162912147562,0.317757956168309
"cb94a02f-4660-45b6-8a39-941b710cf8f3","Collective Brutality",0.0653112745290101,0.181568727626911,0.359705525189405,0.719067359743213,1.06749125551175,0.747842090972469,1.52376764339679,2599.82307790076,TRUE,FALSE,0.0148983088406936,0.016323173143845,0.112532493920137,0.184101169631768,0.611253552300728,0.541031735339497,1.11910862054812,0.780121346815645,1.60539653183094,2589.68237035959,TRUE,FALSE,0.0253718753633172,0.0279740832631828,0.00404538062834097,0.175200675405845,0.0230899830663895,0.981578495912588,1.00405357422557,0.712234588812486,1.41543754789555,2777.66347660508,TRUE,FALSE,0.000998432598776623,0.00101134414733517,145,0.913378039687918,FALSE,FALSE,0.959606096866589,FALSE,FALSE,0.991513831313334,FALSE,FALSE,2589.68237035959,10.1407075411685,-187.981106245488,0.11505504632255,1.06355115009515,0.108180077951359,"medium",1.48983088406936,1.6323173143845,0.0297966176813872,0.0326463462876899,2.53718753633172,2.79740832631828,0.0507437507266344,0.0559481665263657,0.0998432598776623,0.101134414733517,0.00199686519755325,0.00202268829467034,0.0371886355227781,1.03788878506709,0.317757956168309
"45026d57-0324-4312-8b86-2e7d4f581ee9","Marsh Flats",-0.0680444821895717,0.169669969555942,-0.401040221599949,0.688390511182556,0.934218916549999,0.669919567360501,1.30279070288776,2599.79167420584,TRUE,FALSE,-0.0155193571378276,-0.0170060589568097,-0.0937360996106556,0.173741919141911,-0.539513435062801,0.589532629202853,0.910523017916525,0.647737173647793,1.27992062195061,2589.76508518422,TRUE,FALSE,-0.021137935184686,-0.0231015048024176,0.00250563201694863,0.166908309093653,0.0150120268460853,0.988022585428428,1.0025087737363,0.722791374486913,1.39047569865052,2777.66378439274,TRUE,FALSE,0.000618411138853436,0.00062640769304273,170,0.913378039687918,FALSE,FALSE,0.959606096866589,FALSE,FALSE,0.991513831313334,FALSE,FALSE,2589.76508518422,10.0265890216187,-187.898699208525,0.0919857558197757,0.949083569400941,0.096920607189351,"medium",-1.55193571378276,-1.70060589568097,-0.0310387142756553,-0.0340121179136194,-2.1137935184686,-2.31015048024176,-0.042275870369372,-0.0462030096048351,0.0618411138853436,0.062640769304273,0.00123682227770687,0.00125281538608546,-0.0107454579478419,0.989312068252582,0.317757956168309
"32aa6e33-221f-414c-9b51-850d97a7e051","Galvanic Discharge",-0.0432114020006252,0.197133072981171,-0.21919914982887,0.826494917718564,0.957708907086157,0.65077441013179,1.40940752499228,2599.90446208066,TRUE,FALSE,-0.00985726604892239,-0.0108014548514496,-0.200925277166557,0.204350978674286,-0.983236187416604,0.32549120834302,0.817973550571718,0.548014684769698,1.2209175192378,2589.09190843323,TRUE,FALSE,-0.0451835041554183,-0.0491270580615813,1.07721834177913e-05,0.196306360367812,5.48743474108931e-05,0.999956216605439,1.00001077224144,0.6806209783059,1.46927816872178,2777.66400975195,TRUE,FALSE,2.65866090713342e-06,2.69304585442942e-06,119,0.954381711722466,FALSE,FALSE,0.845702464012326,FALSE,FALSE,0.999956216605439,FALSE,FALSE,2589.09190843323,10.8125536474272,-188.572101318717,0.18203722166972,0.925231076633104,0.196747846313323,"medium",-0.985726604892239,-1.08014548514496,-0.0197145320978448,-0.0216029097028992,-4.51835041554183,-4.91270580615813,-0.0903670083108367,-0.0982541161231626,0.000265866090713342,0.000269304585442942,5.31732181426684e-06,5.38609170885884e-06,-0.0540163873046187,0.947416580770476,0.317757956168309
"fc310a26-b6a0-4e42-98ab-bdfd7b06cb63","Beza, the Bounding Spring",-0.00954281932476848,0.209639542209679,-0.0455201305258712,0.963692729689052,0.990502568883666,0.656760198330103,1.49384104192018,2599.95040846324,TRUE,FALSE,-0.00217746644834472,-0.00238568943368689,-0.031853947632255,0.216577475874502,-0.147078764786755,0.883069850829163,0.968648045088939,0.633594701944893,1.4808820723634,2590.03446862741,TRUE,FALSE,-0.00718796480672698,-0.00787751837074629,-0.00322627702391935,0.208775046749085,-0.0154533651131058,0.987670489293626,0.99677892181533,0.66204260397903,1.50076175310132,2777.66377095559,TRUE,FALSE,-0.000796266392883523,-0.000806568517570494,105,0.981043916170438,FALSE,FALSE,0.96173465993211,FALSE,FALSE,0.991513831313334,FALSE,FALSE,2590.03446862741,9.91593983582788,-187.629302328179,0.028130876726391,0.985309845262645,0.0285502848283145,"medium",-0.217746644834472,-0.238568943368689,-0.00435493289668945,-0.00477137886737378,-0.718796480672698,-0.787751837074629,-0.014375929613454,-0.0157550367414926,-0.0796266392883523,-0.0806568517570494,-0.00159253278576705,-0.00161313703514099,0.00740870424260338,1.00743621659354,0.317757956168309
"c8090bcf-e17a-4110-a518-77ccd045b18f","Charming Scoundrel",-0.00228914502250865,0.190136524398588,-0.0120394807349579,0.990394116262749,0.997713473071845,0.687319016486921,1.4482826030873,2599.95233545512,TRUE,FALSE,-0.000522342350678963,-0.000572286051145121,-0.131385698875034,0.195290269958492,-0.672771351603742,0.501092766251497,0.87687949772296,0.598005918457908,1.28580274842379,2589.6038938779,TRUE,FALSE,-0.0296055342841656,-0.0323282682820766,-0.00967463391357397,0.185364338246298,-0.0521925306944372,0.958375284465962,0.990372014799493,0.68867298940933,1.42424161072335,2777.66128588185,TRUE,FALSE,-0.00238771060023342,-0.00241864192753594,130,0.996839480399675,FALSE,FALSE,0.949908449985502,FALSE,FALSE,0.982594154470517,FALSE,FALSE,2589.6038938779,10.3484415772282,-188.057392003956,0.120833975348885,0.954988328531432,0.126529269247407,"medium",-0.0522342350678963,-0.0572286051145121,-0.00104468470135793,-0.00114457210229024,-2.96055342841656,-3.23282682820766,-0.0592110685683311,-0.0646565365641532,-0.238771060023342,-0.241864192753594,-0.00477542120046684,-0.00483728385507187,-0.015098113569065,0.985015291496063,0.317757956168309
"4acaef84-55d1-43dc-b10a-696182e6709b","Repeal",0.079150020639208,0.192869298462207,0.410381648454628,0.681526006144739,1.08236668723322,0.741652996914174,1.57960346753347,2599.78410894545,TRUE,FALSE,0.0180509320838667,0.0197790053856414,0.18260026135192,0.198265887375153,0.920986780778931,0.357057328711856,1.20033449207963,0.813832361816426,1.77039272518024,2589.20832522659,TRUE,FALSE,0.0410973442815436,0.0454755401162164,-0.0121419056871822,0.189550241068562,-0.0640563980226771,0.94892531984278,0.987931509814572,0.681362793559751,1.43243610791453,2777.65990645866,TRUE,FALSE,-0.00299669587570922,-0.00303544587004434,125,0.913378039687918,FALSE,FALSE,0.881776359601452,FALSE,FALSE,0.981838004988505,FALSE,FALSE,2589.20832522659,10.5757837188612,-188.451581232062,0.212402982265055,1.09021089637581,0.194827425566143,"medium",1.80509320838667,1.97790053856414,0.0361018641677334,0.0395580107712827,4.10973442815436,4.54755401162164,0.0821946885630873,0.0909510802324328,-0.299669587570922,-0.303544587004434,-0.00599339175141845,-0.00607089174008868,0.0462654752561662,1.04735242020507,0.317757956168309
"564caf57-4ba5-4993-a35e-945699c94eb7","Toxic Deluge",-0.210133092173285,0.200881564612463,-1.04605463711252,0.295535807393306,0.810476370730095,0.546696782279496,1.2015288342707,2598.85584522711,TRUE,FALSE,-0.0478130838708808,-0.0523721866460863,-0.0387000913362653,0.208695668740088,-0.185437922932952,0.852885565992655,0.96203918977315,0.63906851887495,1.44823188018823,2590.02169597756,TRUE,FALSE,-0.00873382973147113,-0.00957268993210136,-0.0147675400546357,0.199848962256401,-0.0738935038135914,0.941095124924656,0.985340965289338,0.665996072186383,1.45781162746199,2777.65854860458,TRUE,FALSE,-0.00364483311510914,-0.00369184095611885,116,0.70564468414073,FALSE,FALSE,0.961188495007595,FALSE,FALSE,0.979014708712829,FALSE,FALSE,2590.02169597756,8.83414924954741,-187.636852627023,0.174864594559244,0.919285508597528,0.190217938740293,"medium",-4.78130838708808,-5.23721866460863,-0.0956261677417617,-0.104744373292173,-0.873382973147113,-0.957268993210136,-0.0174676594629423,-0.0191453798642027,-0.364483311510914,-0.369184095611885,-0.00728966623021828,-0.00738368191223771,-0.0332664547391291,0.967280788698202,0.317757956168309
"6920c895-bc98-4871-a53f-219fa27a74e5","Occult Epiphany",-0.084058597240585,0.186883397355328,-0.449791679893113,0.652860657646333,0.919377381539076,0.637404985087844,1.32608747885641,2599.75001878523,TRUE,FALSE,-0.0191742521572828,-0.0210046107908139,0.0761120254807571,0.192369462888785,0.395655445192775,0.692359228390474,1.07908345222896,0.740128009612625,1.5732698691998,2589.89965092936,TRUE,FALSE,0.017165466219398,0.0188965162467494,-0.0151447141038157,0.184558596316453,-0.0820591097141198,0.93459970913768,0.984969390326259,0.685998688624575,1.4142369598765,2777.65727501272,TRUE,FALSE,-0.00373792202874586,-0.00378613287298929,134,0.911799933048911,FALSE,FALSE,0.959606096866589,FALSE,FALSE,0.979014708712829,FALSE,FALSE,2589.89965092936,9.85036785586681,-187.757624083364,0.159706070689883,0.994476741364764,0.160593067738026,"medium",-1.91742521572828,-2.10046107908139,-0.0383485043145656,-0.0420092215816278,1.7165466219398,1.88965162467494,0.034330932438796,0.0377930324934989,-0.373792202874586,-0.378613287298929,-0.00747584405749172,-0.00757226574597858,-0.05118667767057,0.950101291280708,0.317757956168309
"30377bf0-d9b1-4c14-8dde-f74b1e02d604","Gilded Goose",-0.102281231742447,0.170475675738645,-0.599975517323972,0.548522552079982,0.90277562680212,0.646350368459672,1.26093195288216,2599.5923012255,TRUE,FALSE,-0.0233234197585989,-0.0255530742750767,-0.158302110218373,0.179003273905407,-0.884353156032371,0.376505601872098,0.853591864186154,0.601007102283714,1.21233021679141,2589.27353922007,TRUE,FALSE,-0.0356663798550679,-0.0388507106280351,-0.0199853005847785,0.172238163897177,-0.116032940276287,0.907626435543543,0.980213081759951,0.699372271108908,1.37382868229804,2777.65054481071,TRUE,FALSE,-0.00493253070057934,-0.00499616773554484,162,0.846400927093837,FALSE,FALSE,0.898551184299798,FALSE,FALSE,0.961813088411814,FALSE,FALSE,2589.27353922007,10.3187620054377,-188.377005590639,0.126621217573798,0.912193524249408,0.138809599287593,"medium",-2.33234197585989,-2.55530742750767,-0.0466468395171977,-0.0511061485501535,-3.56663798550679,-3.88507106280351,-0.0713327597101358,-0.0777014212560703,-0.493253070057934,-0.499616773554484,-0.00986506140115868,-0.00999233547108969,-0.0264111843463005,0.97393454062723,0.317757956168309
"63c59228-c742-4abd-b4d7-9f7880190e95","Windswept Heath",0.0906505358053309,0.166947244045967,0.542989112059684,0.587137298983056,1.09488631482979,0.789333735200074,1.51871887510003,2599.65765628014,TRUE,FALSE,0.0206701610611889,0.0226507863873315,0.053337580022976,0.17667565320991,0.301895473733469,0.762731746314048,1.05478565959149,0.746061904536744,1.49126068616342,2589.96493801966,TRUE,FALSE,0.0120340116157111,0.0132413890988053,-0.0200597040650137,0.169820039736911,-0.118123303327985,0.905969959328127,0.980140153208399,0.702642548777763,1.36723106450423,2777.65005765301,TRUE,FALSE,-0.00495074511407104,-0.00501477641621545,169,0.875296119588919,FALSE,FALSE,0.959606096866589,FALSE,FALSE,0.961813088411814,FALSE,FALSE,2589.96493801966,9.69271826047634,-187.685119633346,0.114746161621394,1.04327070920989,0.10998694836194,"medium",2.06701610611889,2.26507863873315,0.0413403221223779,0.0453015727746631,1.20340116157111,1.32413890988053,0.0240680232314221,0.0264827781976106,-0.495074511407104,-0.501477641621545,-0.00990149022814208,-0.0100295528324309,-0.0139654657632892,0.986131598976899,0.317757956168309
"3ee3945e-5089-4751-b7b3-5961c39d2a33","Nethergoyf",-0.343926684468415,0.208445289038572,-1.64996141699692,0.0989508276942888,0.708980905456079,0.471196793806251,1.0667600690594,2597.22982179173,TRUE,FALSE,-0.0777961281008852,-0.0852711775794393,-0.330747290045981,0.210435375802661,-1.57172855934709,0.116013515870447,0.718386689570871,0.475589293197545,1.0851367832165,2587.58547488747,TRUE,FALSE,-0.0740659955160368,-0.0802318540176674,-0.0204576502530002,0.200932851439861,-0.101813367532502,0.918904815033841,0.979750187768514,0.66081190620358,1.45262278330789,2777.65364300479,TRUE,FALSE,-0.00504902022761947,-0.00511426258433828,108,0.484517845951345,FALSE,FALSE,0.682611960387743,FALSE,FALSE,0.966551731368929,FALSE,FALSE,2587.58547488747,9.64434690426469,-190.068168117322,0.270769282312435,0.802372594265155,0.337460780998404,"low",-7.77961281008852,-8.52711775794393,-0.15559225620177,-0.170542355158879,-7.40659955160368,-8.02318540176674,-0.148131991032074,-0.160463708035335,-0.504902022761947,-0.511426258433828,-0.0100980404552389,-0.0102285251686766,-0.0652500765217549,0.936833154104357,0.317757956168309
"55707746-da6e-46e5-a5ca-7ac843fdc38e","Phelia, Exuberant Shepherd",-0.181474717333012,0.177140240177885,-1.0244691841378,0.305613718835598,0.834039331775598,0.589388577890476,1.18024276859663,2598.90265868919,TRUE,FALSE,-0.0412998243448861,-0.0452706475843368,-0.297499085695282,0.184806680166799,-1.60978534664857,0.107444725266829,0.742673262250139,0.516995980677449,1.06686240333729,2587.46142476819,TRUE,FALSE,-0.0666970990360732,-0.0721177145262144,-0.0261255969009748,0.173909096813088,-0.150225591298733,0.880586636063168,0.974212723825526,0.692818356034099,1.36989792922986,2777.64144120036,TRUE,FALSE,-0.00644765570008445,-0.0065310243268259,157,0.70564468414073,FALSE,FALSE,0.682611960387743,FALSE,FALSE,0.943723036384678,FALSE,FALSE,2587.46142476819,11.4412339210048,-190.180016432176,0.231539461575387,0.850308439283754,0.272300556925462,"low",-4.12998243448861,-4.52706475843368,-0.0825996486897722,-0.0905412951686736,-6.66970990360732,-7.21177145262144,-0.133394198072146,-0.144235429052429,-0.644765570008445,-0.65310243268259,-0.0128953114001689,-0.0130620486536518,0.00815373608669211,1.00818706832528,0.317757956168309
"aced2c55-7543-4076-bcdd-36c4d649b8ae","Mox Emerald",0.0786803088974145,0.166903819865252,0.471411073520882,0.637347209733095,1.08185840627342,0.780007941423242,1.50052012174242,2599.73022483246,TRUE,FALSE,0.017945171179474,0.0196623280263528,-0.0118606456923129,0.168236929574551,-0.0704996561831397,0.943795974196981,0.988209414505857,0.710628828018494,1.37421648041078,2590.05112467788,TRUE,FALSE,-0.00267665478754306,-0.00293637330979329,-0.026303653287064,0.162956045636043,-0.161415633181307,0.871766054627633,0.97403927447098,0.707726540073305,1.34056369867616,2777.63795600437,TRUE,FALSE,-0.00649133632198284,-0.00657558704423272,170,0.896072314674253,FALSE,FALSE,0.976308867591612,FALSE,FALSE,0.941331968999835,FALSE,FALSE,2590.05112467788,9.6791001545771,-187.586831326489,0.107819131802436,1.01470236508342,0.10625690400709,"medium",1.7945171179474,1.96623280263528,0.0358903423589479,0.0393246560527055,-0.267665478754306,-0.293637330979329,-0.00535330957508611,-0.00587274661958659,-0.649133632198284,-0.657558704423272,-0.0129826726439657,-0.0131511740884654,0.0203622084421629,1.02057093249553,0.317757956168309
"c7bbb911-9de2-455d-9677-e1004db65dbd","Chandra, Torch of Defiance",0.197434256323375,0.177191460577076,1.11424250175699,0.265175166513634,1.21827296859267,0.860827617633117,1.72414197175089,2598.70791710037,TRUE,FALSE,0.0449481868410819,0.049232314568689,-0.0796287101396784,0.190495797165507,-0.418007700560948,0.675941487063495,0.923459153762459,0.635717833196221,1.34143917967527,2589.88150961583,TRUE,FALSE,-0.0179562509700732,-0.0196446680743262,-0.0287991328517875,0.183132233090109,-0.157258677873584,0.875040985267452,0.971611609720028,0.678589900419516,1.39116293885177,2777.63928652063,TRUE,FALSE,-0.00710618823651545,-0.00719937440727902,153,0.69091511275112,FALSE,FALSE,0.959606096866589,FALSE,FALSE,0.941331968999835,FALSE,FALSE,2589.88150961583,8.82640748453423,-187.757776904798,0.294813814830206,1.03778124402505,0.284080885569647,"low",4.49481868410819,4.9232314568689,0.0898963736821638,0.0984646291373781,-1.79562509700732,-1.96446680743262,-0.0359125019401463,-0.0392893361486525,-0.710618823651545,-0.719937440727902,-0.0142123764730309,-0.014398748814558,-0.02468095822701,0.975621126274414,0.317757956168309
"9417f14c-a853-42c6-a992-29139484260a","Ignoble Hierarch",-0.0236122174675668,0.184044659040369,-0.128296129812643,0.897914627758669,0.976664369716931,0.680900052638016,1.40090059822873,2599.93601938859,TRUE,FALSE,-0.0053877653649026,-0.00590283329230029,-0.0779710884335946,0.187167758541767,-0.416583972801037,0.676982734325349,0.924991169100563,0.640939701970188,1.33492848123461,2589.88254832285,TRUE,FALSE,-0.0175891712048602,-0.0192384466886997,-0.0335338134878476,0.178770735283351,-0.187579994201493,0.851205910160795,0.96702221228475,0.681182885439923,1.37280601001618,2777.62882249717,TRUE,FALSE,-0.00827564618602948,-0.00838276449283343,139,0.974307760668449,FALSE,FALSE,0.959606096866589,FALSE,FALSE,0.934126303160495,FALSE,FALSE,2589.88254832285,10.0534710657407,-187.746274174317,0.0516732006163688,0.956225917034081,0.0540386949316781,"medium",-0.53877653649026,-0.590283329230029,-0.0107755307298052,-0.0118056665846006,-1.75891712048602,-1.92384466886997,-0.0351783424097203,-0.0384768933773993,-0.827564618602948,-0.838276449283343,-0.016551292372059,-0.0167655289856669,-0.0360284409760926,0.964612858561738,0.317757956168309
"504a69eb-3c2d-4bb1-b117-252b15acf0c2","Mana Confluence",0.12922536708165,0.177086971766837,0.729728256078576,0.465556305857989,1.13794655096283,0.804233927450871,1.61013146629195,2599.42024479965,TRUE,FALSE,0.0294417933579991,0.0322708917280728,0.231189872616442,0.183754137593709,1.25814784713918,0.208338292033676,1.26009847493079,0.879001884779955,1.80642179956235,2588.47326458077,TRUE,FALSE,0.0519372896115327,0.0576049769923658,-0.0499380409809993,0.174491785156976,-0.286191358155194,0.774731562256785,0.951288363568585,0.67574334655562,1.33919121109173,2777.58208413812,TRUE,FALSE,-0.0123230667613099,-0.0124824740388536,151,0.801823220191631,FALSE,FALSE,0.696094999265457,FALSE,FALSE,0.880095054723707,FALSE,FALSE,2588.47326458077,10.9469802188796,-189.108819557347,0.308810111362204,1.11644446315407,0.276601408806117,"low",2.94417933579991,3.22708917280728,0.0588835867159982,0.0645417834561456,5.19372896115327,5.76049769923658,0.103874579223065,0.115209953984732,-1.23230667613099,-1.24824740388536,-0.0246461335226199,-0.0249649480777071,0.021592388415202,1.02182719097134,0.317757956168309
"d40b65c1-b24d-492d-81b9-d8474ebdc08c","Sylvan Caryatid",-0.214826889177549,0.180169578701381,-1.19235939122448,0.23312035603776,0.806681073315032,0.566680705538987,1.14832629324437,2598.52672437858,TRUE,FALSE,-0.0488818801688905,-0.0535428093134784,-0.255668687667357,0.18517882408937,-1.38065833890363,0.167384036601523,0.774398494066373,0.538687753555955,1.11324793194871,2588.14511485051,TRUE,FALSE,-0.057470426158326,-0.0622704654099399,-0.0562057994058832,0.177449405999918,-0.316742674280404,0.751438865298533,0.945344564520014,0.667639691354237,1.33856083938749,2777.56363016339,TRUE,FALSE,-0.0138712157403037,-0.014048193792187,149,0.66275270915529,FALSE,FALSE,0.682611960387743,FALSE,FALSE,0.876963773402331,FALSE,FALSE,2588.14511485051,10.3816095280658,-189.41851531288,0.170946070453641,0.842141377300473,0.202989753337637,"low",-4.88818801688905,-5.35428093134784,-0.097763760337781,-0.107085618626957,-5.7470426158326,-6.22704654099399,-0.114940852316652,-0.12454093081988,-1.38712157403037,-1.4048193792187,-0.0277424314806074,-0.0280963875843739,-0.0374046985140977,0.963286215954228,0.317757956168309
"52eef0d6-24b7-40b7-8403-e8e863d0cd55","Bristly Bill, Spine Sower",0.233449948433522,0.175357501394452,1.33128007970641,0.183096870303371,1.26294961370239,0.89560952919702,1.78095662758423,2598.18190085993,TRUE,FALSE,0.0530178531236526,0.058155662665911,0.150743613599676,0.197798238505829,0.762107967888874,0.445995567716516,1.162698519776,0.789037892054564,1.71331169453624,2589.47508809351,TRUE,FALSE,0.0339516254782254,0.0375324266953017,-0.0589891381177307,0.190147974325291,-0.310227538984014,0.756387929823009,0.942717008782652,0.649417697376987,1.36848035130187,2777.56774536397,TRUE,FALSE,-0.0145554044572721,-0.0147432984712713,153,0.619041799597113,FALSE,FALSE,0.931343685525665,FALSE,FALSE,0.876963773402331,FALSE,FALSE,2589.47508809351,8.70681276642699,-188.092657270457,0.320232604919741,1.12278838075368,0.285211897815314,"low",5.30178531236526,5.8155662665911,0.106035706247305,0.116311325331822,3.39516254782254,3.75324266953017,0.0679032509564507,0.0750648533906034,-1.45554044572721,-1.47432984712713,-0.0291108089145442,-0.0294865969425425,0.042055112137739,1.04295195647877,0.317757956168309
"b34bf7fd-9fe3-43e2-8cfe-7ce7cff08afe","Stonecoil Serpent",0.172408278792533,0.199782845062975,0.862978394056741,0.388149346301808,1.18816283588698,0.803188299480287,1.75765872771862,2599.20936750426,TRUE,FALSE,0.0392346293655165,0.0430132190479194,0.266511863554675,0.204974495907409,1.30021963159292,0.193525704003538,1.30540307596424,0.873507862395065,1.95084356317584,2588.37119590389,TRUE,FALSE,0.0597836982867915,0.0664485765513652,-0.0629744971233853,0.198971855057902,-0.316499522533271,0.751623387521774,0.938967419754036,0.635743986877996,1.38681581510381,2777.56377117936,TRUE,FALSE,-0.0155392557915842,-0.0157393432570913,113,0.755030235272011,FALSE,FALSE,0.695712657430442,FALSE,FALSE,0.876963773402331,FALSE,FALSE,2588.37119590389,10.838171600361,-189.192575275468,0.366435656210204,1.14417777720175,0.3202611198291,"low",3.92346293655165,4.30132190479194,0.0784692587310331,0.0860264380958388,5.97836982867915,6.64485765513652,0.119567396573583,0.13289715310273,-1.55392557915842,-1.57393432570913,-0.0310785115831685,-0.0314786865141826,0.0249604822429084,1.02527460317114,0.317757956168309
"568dd5a6-86f4-4039-87d7-812120c8ab94","Triplicate Titan",0.0318519134452465,0.206495700690679,0.154249765678944,0.877412804351596,1.03236461466584,0.688748111867835,1.54741142552658,2599.92869824732,TRUE,FALSE,0.00726685582392456,0.00796240912518931,0.115473092253379,0.218574687052319,0.528300389265748,0.597290861490041,1.1224043127711,0.731298692682533,1.72267700453014,2589.77745608965,TRUE,FALSE,0.0260242298143667,0.0286924417000904,-0.0647891183481761,0.211746325949952,-0.305975171269275,0.75962355020061,0.937265094549612,0.618899785258286,1.41939919577526,2777.57032402193,TRUE,FALSE,-0.015987418890882,-0.0161936690611971,106,0.973361514157262,FALSE,FALSE,0.959606096866589,FALSE,FALSE,0.876963773402331,FALSE,FALSE,2589.77745608965,10.1512421576708,-187.792867932284,0.185139218221484,1.03067800732885,0.179628571585901,"medium",0.726685582392456,0.796240912518931,0.0145337116478491,0.0159248182503786,2.60242298143667,2.86924417000904,0.0520484596287335,0.0573848834001808,-1.5987418890882,-1.61936690611971,-0.031974837781764,-0.0323873381223942,0.046787589816212,1.04789940093403,0.317757956168309
"2b74bb81-fb9a-40e5-a941-e517430b52f5","Indatha Triome",-0.0220648014577137,0.212863526840435,-0.103657032208499,0.917441526227944,0.978176845711867,0.644502025368877,1.48460346721049,2599.94173622697,TRUE,FALSE,-0.0050345820352689,-0.00551600901414806,-0.0542035135841433,0.213953357770096,-0.25334266378931,0.800003430218669,0.947239310817008,0.622786139247459,1.44072299528259,2589.99192723674,TRUE,FALSE,-0.0122298891689599,-0.0133926985075912,-0.0662555348919525,0.208734530538177,-0.317415306040294,0.750928494710435,0.93589168075353,0.621651759791946,1.40897733225562,2777.56328151581,TRUE,FALSE,-0.0163452823076403,-0.0165589048924134,101,0.974307760668449,FALSE,FALSE,0.960413023730856,FALSE,FALSE,0.876963773402331,FALSE,FALSE,2589.99192723674,9.9498089902263,-187.57135427907,0.0422851649583376,0.953769279094135,0.0443347944677972,"medium",-0.50345820352689,-0.551600901414806,-0.0100691640705378,-0.0110320180282961,-1.22298891689599,-1.33926985075912,-0.0244597783379198,-0.0267853970151825,-1.63452823076403,-1.65589048924134,-0.0326905646152806,-0.0331178097848267,0.0117832093257961,1.0118529048133,0.317757956168309
"f231caf8-56c0-4719-a90d-5e5efbee3148","Den of the Bugbear",0.170755824833357,0.199538674424248,0.855753027958408,0.392134401922602,1.18620107281266,0.802246006372539,1.75391709521143,2599.2185737494,TRUE,FALSE,0.0388971013523276,0.0426026163130711,-0.160987680071215,0.220864853814895,-0.728896776877581,0.466064806534051,0.851302559029448,0.552179119469575,1.31246550522637,2589.525606064,TRUE,FALSE,-0.036247229935097,-0.0394856147547059,-0.0721742993842601,0.213198671299974,-0.338530718527367,0.734963282100726,0.930368718983102,0.612599625977952,1.41297172991322,2777.54949334549,TRUE,FALSE,-0.0178002898763847,-0.0180358785625617,115,0.757592994190605,FALSE,FALSE,0.932129613068102,FALSE,FALSE,0.876113122775801,FALSE,FALSE,2589.525606064,9.69296768540607,-188.023887281488,0.334898513783208,0.989290783608402,0.33852383882692,"low",3.88971013523276,4.26026163130711,0.0777942027046552,0.0852052326261422,-3.6247229935097,-3.94856147547059,-0.072494459870194,-0.0789712295094118,-1.78002898763847,-1.80358785625617,-0.0356005797527694,-0.0360717571251234,-0.0441109652999576,0.956847774681522,0.317757956168309
"1be9d9a4-d7ee-4854-abc2-85cabf993ec9","Archon of Cruelty",-0.247317215197069,0.194956340637524,-1.26857743835528,0.204591815375112,0.780892943129513,0.532894589404658,1.14430471007545,2598.33570596251,TRUE,FALSE,-0.0562371307770504,-0.0615703594130507,-0.0544274691010969,0.215717759176475,-0.252308707956542,0.800802457852886,0.947027195100604,0.6204971440005,1.44539022770973,2589.99238689865,TRUE,FALSE,-0.0122841238390561,-0.0134611617526636,-0.074736923266546,0.207716847054448,-0.359801933865073,0.718995256900694,0.927987586161505,0.617632324040143,1.39429386473284,2777.5343926008,TRUE,FALSE,-0.0184443950555901,-0.0186798508685192,122,0.64560083962813,FALSE,FALSE,0.960413023730856,FALSE,FALSE,0.868913416850201,FALSE,FALSE,2589.99238689865,8.34331906385796,-187.542005702155,0.166134251971091,0.885302574797207,0.187658159707879,"medium",-5.62371307770504,-6.15703594130507,-0.112474261554101,-0.123140718826101,-1.22841238390561,-1.34611617526636,-0.0245682476781122,-0.0269223235053272,-1.84443950555902,-1.86798508685192,-0.0368887901111803,-0.0373597017370384,-0.0508020813455453,0.950466767021544,0.317757956168309
"3ca1e1de-b916-445f-b3b2-0f4d0cc7ceeb","Stern Scolding",-0.144935530316814,0.205639644351869,-0.704803447669926,0.480932562716165,0.865078062621629,0.578111089016616,1.29449178306227,2599.45451887841,TRUE,FALSE,-0.0330374341892344,-0.036180439751357,0.0258020498645925,0.217838515563209,0.118445766112034,0.905714464859861,1.02613780425059,0.669541961030078,1.57265541907526,2590.04206923671,TRUE,FALSE,0.00582207054928107,0.00639666246502901,-0.0818173375100877,0.209729930508475,-0.390108065700149,0.696456638849995,0.921440255896535,0.610859680720836,1.3899299167769,2777.51160507313,TRUE,FALSE,-0.0201881530108816,-0.0204464287794314,109,0.803440281243476,FALSE,FALSE,0.975184991378999,FALSE,FALSE,0.848899937482397,FALSE,FALSE,2590.04206923671,9.41244964170437,-187.469535836424,0.161059741628965,0.937552040922919,0.171787521757639,"medium",-3.30374341892344,-3.6180439751357,-0.0660748683784687,-0.0723608795027141,0.582207054928107,0.639666246502901,0.0116441410985621,0.012793324930058,-2.01881530108816,-2.04464287794314,-0.0403763060217632,-0.0408928575588628,-0.0288921670345049,0.971521220832692,0.317757956168309
"0027e5ca-8046-40a0-bd73-79be55f28bff","Remand",-0.300493050974531,0.17792214496525,-1.68890191287442,0.0912382286429984,0.740453049567445,0.522452893542792,1.04941656059337,2597.0900354334,TRUE,FALSE,-0.068149603723143,-0.0746798114894099,-0.221534179178503,0.183139848001171,-1.20964487847061,0.226415189509262,0.801288534296045,0.559625045419284,1.14730982905394,2588.58895053945,TRUE,FALSE,-0.0498490017837713,-0.0542937853802761,-0.0820270479801739,0.17455014771834,-0.469933993482123,0.638402176696215,0.92124704048767,0.654328776483968,1.29704842597288,2777.44295033597,TRUE,FALSE,-0.0202391644545536,-0.0204986920030564,151,0.482984000779561,FALSE,FALSE,0.730703566143527,FALSE,FALSE,0.811653524252525,FALSE,FALSE,2588.58895053945,8.50108489394688,-188.853999796512,0.180793990920225,0.820996208117053,0.220212942682006,"low",-6.8149603723143,-7.46798114894099,-0.136299207446286,-0.14935962297882,-4.98490017837713,-5.42937853802761,-0.0996980035675426,-0.108587570760552,-2.02391644545536,-2.04986920030564,-0.0404783289091073,-0.0409973840061129,-0.0621402446989586,0.939751082441221,0.317757956168309
"3f3c77ad-fce8-4506-90e1-7ef71552a71c","Wheel of Fortune",-0.233913666526447,0.192843899560849,-1.21296897158335,0.225141683775196,0.791430139859268,0.542326147879422,1.1549538386206,2598.4770270854,TRUE,FALSE,-0.0531881340149543,-0.0582601631485051,-0.187287701043909,0.198126975292703,-0.945291274785877,0.344510191674323,0.829205138880603,0.562358027330522,1.22267510896911,2589.1601334918,TRUE,FALSE,-0.0421828494099151,-0.0460157549183642,-0.0899650770311168,0.190524787128915,-0.472196181855559,0.636786764789682,0.913963103018901,0.629144914689416,1.32772042525736,2777.44084895705,TRUE,FALSE,-0.0221941033468424,-0.0224810305007608,127,0.66275270915529,FALSE,FALSE,0.865848623323078,FALSE,FALSE,0.811653524252525,FALSE,FALSE,2589.1601334918,9.31689359360416,-188.280715465251,0.122532963159633,0.844866127252924,0.145032401237399,"medium",-5.31881340149543,-5.82601631485051,-0.106376268029909,-0.11652032629701,-4.21828494099151,-4.60157549183642,-0.0843656988198303,-0.0920315098367285,-2.21941033468424,-2.24810305007608,-0.0443882066936848,-0.0449620610015217,-0.0526665495523493,0.948696302952672,0.317757956168309
"5d10b752-d9cb-419d-a5c4-d4ee1acb655e","Teferi, Hero of Dominaria",-0.0719354174820572,0.200154740405073,-0.359399019660859,0.719296608002614,0.930590993780099,0.628613481064118,1.37763446663388,2599.82320810954,TRUE,FALSE,-0.0164112762517276,-0.0179773753828697,0.0591135914201239,0.208852051454376,0.283040511254147,0.777145782673646,1.06089574255004,0.704521500409099,1.59753786918818,2589.97601770024,TRUE,FALSE,0.0133347836158967,0.0146771573106582,-0.0954767014593275,0.201228194590573,-0.474469801081248,0.635164927957101,0.908939538371781,0.612697485725566,1.34841598613244,2777.43862172372,TRUE,FALSE,-0.0235523248119025,-0.0238528579366584,115,0.913378039687918,FALSE,FALSE,0.959606096866589,FALSE,FALSE,0.811653524252525,FALSE,FALSE,2589.97601770024,9.8471904092994,-187.462604023483,0.151956204178263,0.966808758233974,0.157172970232328,"medium",-1.64112762517276,-1.79773753828697,-0.0328225525034551,-0.0359547507657394,1.33347836158967,1.46771573106582,0.0266695672317935,0.0293543146213164,-2.35523248119025,-2.38528579366584,-0.0471046496238051,-0.0477057158733168,0.0221116630136227,1.0223579376653,0.317757956168309
"05bdd22c-3e11-4c29-bdfa-d3dfc0e90a9f","Bitter Triumph",-0.0572316829329141,0.186347685106202,-0.307123122566814,0.758749658408705,0.944375248391641,0.655423855012424,1.36071429648814,2599.85806732668,TRUE,FALSE,-0.0130596147690703,-0.0143047575755001,0.0847091879635387,0.190918507207986,0.443692909620631,0.657264622437498,1.08840050070393,0.748644466175058,1.58234743386933,2589.85947997148,TRUE,FALSE,0.0190979926149098,0.0210385978243117,-0.0977421111463711,0.18237772620367,-0.535932282855736,0.592005352085643,0.906882748552041,0.634319534100016,1.29656470502393,2777.37632215868,TRUE,FALSE,-0.0241141902735248,-0.0244225160677443,137,0.928814237017552,FALSE,FALSE,0.959606096866589,FALSE,FALSE,0.810356038154216,FALSE,FALSE,2589.85947997148,9.99858735519319,-187.5168421872,0.181517752151892,0.979886165882539,0.185243713476052,"medium",-1.30596147690703,-1.43047575755001,-0.0261192295381405,-0.0286095151510002,1.90979926149098,2.10385978243117,0.0381959852298196,0.0420771956486233,-2.41141902735248,-2.44225160677443,-0.0482283805470496,-0.0488450321354886,-0.0339931519198007,0.966578123819353,0.317757956168309
"0f7585c8-9e21-4eef-afc1-2852de23db2f","Polluted Delta",-0.258762102255114,0.179793785549786,-1.43921605223369,0.150089318730748,0.772006659842861,0.542722075303355,1.09815743630586,2597.87244933325,TRUE,FALSE,-0.0588058977429651,-0.0644050491258988,-0.177634668399034,0.18449540964253,-0.962813485404383,0.335641131979459,0.837248240863232,0.583188001943576,1.20198737712783,2589.12641140776,TRUE,FALSE,-0.0400305034880533,-0.0435946423900643,-0.103637425534858,0.174135039268681,-0.595155495241548,0.551739536056332,0.901552117946197,0.640861379228977,1.26828710188645,2777.30918273826,TRUE,FALSE,-0.0255661812840046,-0.0258905526293892,149,0.564653445607896,FALSE,FALSE,0.858757490830328,FALSE,FALSE,0.796576014824064,FALSE,FALSE,2589.12641140776,8.74603792548214,-188.182771330492,0.129545458103337,0.836935672884097,0.154785442060225,"medium",-5.88058977429651,-6.44050491258988,-0.11761179548593,-0.128810098251798,-4.00305034880533,-4.35946423900643,-0.0800610069761065,-0.0871892847801287,-2.55661812840046,-2.58905526293892,-0.0511323625680092,-0.0517811052587783,-0.0308917521159871,0.969580522435584,0.317757956168309
"71384418-173a-4f77-adab-56e52fa23692","Delighted Halfling",-0.0139449032283315,0.192880046742284,-0.0722983194159215,0.942364502110236,0.986151876550854,0.67571100966224,1.43921811206078,2599.94725257491,TRUE,FALSE,-0.00318206431629347,-0.00348617930031186,-0.107796280811771,0.215012298297664,-0.501349372409095,0.616125263713134,0.897810479023426,0.589064033585283,1.36838036323189,2589.80454274433,TRUE,FALSE,-0.0243134294187539,-0.0265447479808673,-0.104972710363784,0.208923191849532,-0.502446422699623,0.615353531077631,0.900349092450213,0.597822036954193,1.35596956647156,2777.41138020413,TRUE,FALSE,-0.0258897091404312,-0.0262212815336428,122,0.981043916170438,FALSE,FALSE,0.959606096866589,FALSE,FALSE,0.811653524252525,FALSE,FALSE,2589.80454274433,10.1427098305767,-187.606837459805,0.0883413975274283,0.928103816008164,0.0951848230808817,"medium",-0.318206431629347,-0.348617930031186,-0.00636412863258694,-0.00697235860062373,-2.43134294187539,-2.65447479808673,-0.0486268588375078,-0.0530894959617345,-2.58897091404312,-2.62212815336428,-0.0517794182808624,-0.0524425630672857,0.02536343354895,1.02568782215951,0.317757956168309
"80c72839-0fa6-4b5f-83b7-6553ebf09bef","Otharri, Suns' Glory",0.145622004806705,0.188293530824301,0.773377631027518,0.439298924361251,1.15675885611391,0.799768222146323,1.67309854798549,2599.35337708016,TRUE,FALSE,0.0331894039705383,0.0363532083688581,-0.0830561857900493,0.199926339637142,-0.415433934021864,0.677824269505248,0.92029943801647,0.621939902006814,1.36178922252869,2589.88370608,TRUE,FALSE,-0.0187297139396755,-0.0204828018220362,-0.106841769418902,0.190503694421021,-0.560838306803525,0.574907769950903,0.898667858478424,0.618641700147085,1.30544694880766,2777.34982683526,TRUE,FALSE,-0.0263300217638563,-0.0266884320961021,136,0.794655379099334,FALSE,FALSE,0.959606096866589,FALSE,FALSE,0.801211211798324,FALSE,FALSE,2589.88370608,9.46967100015627,-187.466120755256,0.258090997635482,0.991908717536267,0.260196319553009,"low",3.31894039705383,3.63532083688581,0.0663788079410765,0.0727064167377162,-1.87297139396755,-2.04828018220362,-0.037459427879351,-0.0409656036440723,-2.63300217638563,-2.66884320961021,-0.0526600435277127,-0.0533768641922041,-0.00758479192432476,0.992443900023298,0.317757956168309
"4df8aabc-7fcb-4b7b-980b-18f499e6c170","Hullbreacher",-0.195743325659615,0.184038535961406,-1.06359966752106,0.287510093098047,0.822223251206417,0.573235382942023,1.17936033772854,2598.81785018847,TRUE,FALSE,-0.0445705831796231,-0.048810422071343,-0.057939646266467,0.190615047278171,-0.303961555468984,0.761157180476692,0.943706901952966,0.649504743926225,1.37117199700519,2589.96362906642,TRUE,FALSE,-0.0130761894181689,-0.0143219213494714,-0.111371524455371,0.184297313879876,-0.604303568569441,0.545641834228211,0.894606319054482,0.623382951483048,1.28383438172029,2777.2981891599,TRUE,FALSE,-0.0274716234071846,-0.0278251172418539,137,0.70564468414073,FALSE,FALSE,0.959606096866589,FALSE,FALSE,0.796576014824064,FALSE,FALSE,2589.96362906642,8.85422112204969,-187.334560093487,0.121483650746549,0.886845490737955,0.136984009069563,"medium",-4.45705831796231,-4.8810422071343,-0.0891411663592462,-0.0976208441426859,-1.30761894181689,-1.43219213494714,-0.0261523788363377,-0.0286438426989427,-2.74716234071846,-2.78251172418539,-0.0549432468143693,-0.0556502344837079,-0.0368183893974692,0.963851165045782,0.317757956168309
"8db735ea-f9cf-4e3c-9200-4f180df55baa","Fractured Identity",-0.194397773917245,0.210878928291861,-0.921845418562609,0.356609212773763,0.823330339790148,0.544590864614858,1.24473782515313,2599.1008849014,TRUE,FALSE,-0.0442561022647466,-0.0484695084322231,-0.0810442434326738,0.215586347218696,-0.375924748845346,0.706972840849792,0.922152891332684,0.604355012919927,1.4070636245486,2589.91467900642,TRUE,FALSE,-0.0182857713487292,-0.0199928738479516,-0.115256241422435,0.205835449783058,-0.559943593505931,0.575517912700205,0.891137768239109,0.595297663943541,1.33399905640734,2777.34984417228,TRUE,FALSE,-0.0284243331237644,-0.0287861868400831,106,0.746069719174284,FALSE,FALSE,0.959606096866589,FALSE,FALSE,0.801211211798324,FALSE,FALSE,2589.91467900642,9.18620589497596,-187.435165165856,0.0988225515425356,0.87887366645398,0.112442271642133,"medium",-4.42561022647466,-4.84695084322231,-0.0885122045294932,-0.0969390168644462,-1.82857713487292,-1.99928738479516,-0.0365715426974583,-0.0399857476959031,-2.84243331237644,-2.87861868400831,-0.0568486662475289,-0.0575723736801661,-0.0365702676022276,0.964090347199124,0.317757956168309
"0e606072-a3aa-4300-ba90-ec92a721fa76","Jace, the Mind Sculptor",-0.255516264377562,0.21079715912438,-1.21214282696664,0.225457712337094,0.774516539428653,0.512385147121837,1.17075187135722,2598.47843297357,TRUE,FALSE,-0.058064005139484,-0.0635848917507936,-0.144751159188131,0.224995313145153,-0.643351886600173,0.519995795452384,0.865237572744512,0.556692657643072,1.34479240387038,2589.64101441396,TRUE,FALSE,-0.0326339082885632,-0.0355784034594464,-0.118134493002896,0.215913916017752,-0.547137003402704,0.584284611946347,0.888576537251009,0.581976175068117,1.35670203760589,2777.3640522997,TRUE,FALSE,-0.0291331991684371,-0.029503542258491,104,0.66275270915529,FALSE,FALSE,0.958953285119981,FALSE,FALSE,0.805518591227002,FALSE,FALSE,2589.64101441396,8.83741855960488,-187.723037885742,0.114059997822356,0.842776883141392,0.135338308517915,"medium",-5.8064005139484,-6.35848917507936,-0.116128010278968,-0.127169783501587,-3.26339082885632,-3.55784034594464,-0.0652678165771264,-0.0711568069188927,-2.91331991684371,-2.9503542258491,-0.0582663983368743,-0.059007084516982,-0.0385671622221471,0.962167081290458,0.317757956168309
"93f99e67-901f-4c8d-8a09-e443b7eb928f","Archangel Elspeth",0.219042785685978,0.189143271864487,1.15807865395769,0.246831940168879,1.24488453878705,0.859264896159106,1.80356200030786,2598.61230177769,TRUE,FALSE,0.049782795283466,0.0545830169283198,0.0832972642462853,0.198072958362559,0.42053829525692,0.674092259836181,1.08686484659146,0.737178119522583,1.60242845449796,2589.87928392112,TRUE,FALSE,0.0187861158251501,0.0207031825171518,-0.119518666262663,0.188890313813323,-0.632741106993878,0.526902721120961,0.887347444203994,0.612783441889099,1.28493270690865,2777.26356697167,TRUE,FALSE,-0.0294616943716327,-0.029843903793153,134,0.670700397135554,FALSE,FALSE,0.959606096866589,FALSE,FALSE,0.792757847371769,FALSE,FALSE,2589.87928392112,8.73301785656895,-187.384283050555,0.357537094583056,1.0730322765275,0.333202553552351,"low",4.9782795283466,5.45830169283198,0.099565590566932,0.10916603385664,1.87861158251501,2.07031825171518,0.0375722316503003,0.0414063650343035,-2.94616943716327,-2.9843903793153,-0.0589233887432654,-0.059687807586306,0.0146673642628771,1.01477545788635,0.317757956168309
"78cef262-c753-4658-b3ec-fec8db47f944","Palace Jailer",0.133216113557477,0.176792446189941,0.753516999331257,0.451139300003053,1.14249688071792,0.807916085062678,1.61563700312874,2599.38496866139,TRUE,FALSE,0.0303471186507023,0.0332652379827822,0.0267529921156544,0.183122589646716,0.146093347452473,0.8838476980362,1.02711406615485,0.717367309036378,1.47060409863149,2590.03475246228,TRUE,FALSE,0.00603689753407377,0.00663480162771873,-0.121901651699521,0.176589633427954,-0.690310350235003,0.489999040369745,0.88523542562123,0.626242668762588,1.25133881458959,2777.18716816584,TRUE,FALSE,-0.0300503289257884,-0.0304381151996944,154,0.799408358464044,FALSE,FALSE,0.96173465993211,FALSE,FALSE,0.770299306330013,FALSE,FALSE,2590.03475246228,9.35021619911004,-187.152415703561,0.257261455096685,1.01828212416466,0.252642611503886,"low",3.03471186507023,3.32652379827822,0.0606942373014046,0.0665304759655644,0.603689753407377,0.663480162771873,0.0120737950681475,0.0132696032554375,-3.00503289257884,-3.04381151996944,-0.0601006578515768,-0.0608762303993887,-0.0114208742439464,0.988644096364694,0.317757956168309
"99ff731b-8399-40c8-b539-ba6ba5783771","Wasteland",-0.0204065586233908,0.210830693510835,-0.0967912132886004,0.922892201950556,0.979800246080986,0.648148969462708,1.4811541288358,2599.94311205965,TRUE,FALSE,-0.00465624733932585,-0.0051014887832625,-0.181609804415139,0.219394557086814,-0.827777164696372,0.407796709220563,0.833926671445538,0.542469651913645,1.28197714083172,2589.37086214021,TRUE,FALSE,-0.0408889498746372,-0.044474647341722,-0.12192161289367,0.206734958037347,-0.589748410482393,0.555359334278749,0.885217755441392,0.59030133767363,1.32747534951707,2777.31651896997,TRUE,FALSE,-0.0300465459134788,-0.0304428810709012,104,0.974307760668449,FALSE,FALSE,0.91192334975307,FALSE,FALSE,0.796576014824064,FALSE,FALSE,2589.37086214021,10.5722499194485,-187.94565682976,0.145873574635449,0.899648224322639,0.162145125941064,"medium",-0.465624733932585,-0.51014887832625,-0.00931249467865169,-0.010202977566525,-4.08889498746372,-4.4474647341722,-0.0817778997492743,-0.088949294683444,-3.00465459134788,-3.04428810709012,-0.0600930918269576,-0.0608857621418023,0.00714202415582302,1.00716758923624,0.317757956168309
"af7091c9-5f98-4078-a42b-c9e057346d9b","Hallowed Fountain",-0.405015049402588,0.196361378616739,-2.06260035581183,0.0391506139257671,0.666966773331461,0.453897738688688,0.980054842338139,2595.67537116033,TRUE,FALSE,-0.0914060913933004,-0.100125153006717,-0.306398070585291,0.200695633882143,-1.52668030020633,0.126840528356043,0.736093543939734,0.496703747056618,1.09085890460978,2587.71564532621,TRUE,FALSE,-0.0687534285628304,-0.0744309736455835,-0.121976579432374,0.195301907431705,-0.624553958721719,0.532263845572616,0.885169099422615,0.603645413004962,1.2979877220838,2777.27303643232,TRUE,FALSE,-0.0300809997260663,-0.0304607949919445,120,0.333744739049673,TRUE,FALSE,0.682611960387743,FALSE,FALSE,0.792757847371769,FALSE,FALSE,2587.71564532621,7.95972583411822,-189.557391106101,0.218202326091154,0.762743138897937,0.28607576386256,"low",-9.14060913933004,-10.0125153006717,-0.182812182786601,-0.200250306013435,-6.87534285628304,-7.44309736455835,-0.137506857125661,-0.148861947291167,-3.00809997260663,-3.04607949919445,-0.0601619994521326,-0.060921589983889,-0.0872034971122935,0.91649057347029,0.317757956168309
"89af0f45-c11c-4f13-9950-b1489440ee5b","Chain Lightning",0.168618979314633,0.175311526766501,0.961824829346322,0.336137603473378,1.18366905059953,0.839464061200769,1.66900822334561,2599.02736559567,TRUE,FALSE,0.0383846827230557,0.0420765147149462,0.051255635845172,0.180988836164441,0.283197775793213,0.777025233256304,1.05259193912284,0.738242820790615,1.50079317956634,2589.9758857977,TRUE,FALSE,0.0115644987283692,0.0127215020567483,-0.125359095211002,0.174276014525558,-0.719313530047579,0.471947761274696,0.882180059065053,0.62691765188505,1.24137780180852,2777.14626927946,TRUE,FALSE,-0.0308942949157531,-0.0313055996051185,157,0.734331379895687,FALSE,FALSE,0.959606096866589,FALSE,FALSE,0.758179147067174,FALSE,FALSE,2589.9758857977,9.05147979796629,-187.170383481752,0.301488991534475,1.03948034959581,0.290038182685903,"low",3.83846827230557,4.20765147149462,0.0767693654461115,0.0841530294298924,1.15644987283692,1.27215020567483,0.0231289974567383,0.0254430041134965,-3.08942949157531,-3.13055996051185,-0.0617885898315061,-0.0626111992102369,-0.0274689892614929,0.97290485258363,0.317757956168309
"4a706ecf-3277-40e3-871c-4ba4ead16e20","Wrenn and Six",0.0469132072199687,0.203749847869026,0.230249041707876,0.817898255615355,1.04803104360431,0.702973210985843,1.56246219798047,2599.89947127966,TRUE,FALSE,0.0107028669973044,0.0117264915009405,-0.0471200249044059,0.21283245523765,-0.221394922366476,0.824784945708302,0.953972890213686,0.628592782109548,1.44778034550205,2590.00706695064,TRUE,FALSE,-0.0106325755222901,-0.0116443601363091,-0.12651356951668,0.204048748170331,-0.620016396332269,0.535246992173638,0.881162192517321,0.5906987528791,1.31445479736919,2777.27952653232,TRUE,FALSE,-0.0311784020705714,-0.0315902118240395,110,0.954381711722466,FALSE,FALSE,0.961188495007595,FALSE,FALSE,0.792757847371769,FALSE,FALSE,2590.00706695064,9.89240432901943,-187.272459581681,0.166868851086985,0.961055375445104,0.17363083891987,"medium",1.07028669973044,1.17264915009405,0.0214057339946087,0.023452983001881,-1.06325755222901,-1.16443601363091,-0.0212651510445802,-0.0232887202726182,-3.11784020705714,-3.15902118240395,-0.0623568041411429,-0.0631804236480791,-0.0347034850847956,0.965891775118428,0.317757956168309
"345a4aee-5846-4ae9-9af1-4c8fe8d692ec","Winds of Abandon",0.0111212338519176,0.198716364544206,0.055965364892953,0.955369398709289,1.01118330466103,0.684981916283357,1.49272798495636,2599.94934861985,TRUE,FALSE,0.00253757979152872,0.00278028458170948,0.0389932175323878,0.205666798205596,0.189594129303301,0.849627187910074,1.03976343146444,0.694812185276218,1.55597155075933,2590.02016115956,TRUE,FALSE,0.00879784585961508,0.00967543493395479,-0.128223019568073,0.196548164706933,-0.652374545238126,0.514159581179758,0.879657176503386,0.598422996910922,1.29305984590878,2777.23784684322,TRUE,FALSE,-0.0316119877166845,-0.0320136557585059,119,0.981043916170438,FALSE,FALSE,0.961188495007595,FALSE,FALSE,0.788044634760511,FALSE,FALSE,2590.02016115956,9.92918746028727,-187.217685683664,0.160106254961057,0.976867970876287,0.163897537573513,"medium",0.253757979152872,0.278028458170948,0.00507515958305745,0.00556056916341896,0.879784585961508,0.967543493395479,0.0175956917192302,0.0193508698679096,-3.16119877166845,-3.20136557585059,-0.0632239754333689,-0.0640273115170118,-0.047673180788564,0.953445340418226,0.317757956168309
"0324641d-af55-4c53-b4dc-c8262e967da5","Volcanic Island",-0.371829391805277,0.206507285090951,-1.80056307283065,0.0717717738933085,0.689471862040205,0.459974755393842,1.03347290904729,2596.7022383808,TRUE,FALSE,-0.0840317636702921,-0.0920642019734861,-0.347430851472315,0.213915110589917,-1.62415291988583,0.104343175987217,0.706500865735203,0.464541459636267,1.07448638421943,2587.41115557287,TRUE,FALSE,-0.0777884682776882,-0.0840742395866567,-0.135884198365395,0.20676386565079,-0.657195095176322,0.511055478969095,0.872943714944958,0.582083497503052,1.30914333206622,2777.23148775597,TRUE,FALSE,-0.0334940100895919,-0.0339241898722496,108,0.433684761397864,FALSE,FALSE,0.682611960387743,FALSE,FALSE,0.788044634760511,FALSE,FALSE,2587.41115557287,9.29108280793025,-189.820332183099,0.183471852904753,0.756305480906789,0.242589611653713,"low",-8.40317636702921,-9.20642019734861,-0.168063527340584,-0.184128403946972,-7.77884682776882,-8.40742395866567,-0.155576936555376,-0.168148479173313,-3.34940100895919,-3.39241898722496,-0.0669880201791837,-0.0678483797444992,-0.054863072086968,0.946614757062859,0.317757956168309
"4216656e-90e8-45fc-a0f6-0d0d79d0a021","Shelldock Isle",-0.313056178593079,0.201578017009198,-1.55302737489869,0.120416594791661,0.731208833131508,0.492555028345155,1.08549568450426,2597.5278778756,TRUE,FALSE,-0.0709981188917541,-0.0777336945676284,-0.220139308881883,0.205415662121917,-1.07167733272075,0.283864985390443,0.80240700775291,0.536464973203605,1.20018461269906,2588.9035263784,TRUE,FALSE,-0.0495508994169085,-0.0539178698019738,-0.140659017688443,0.193577060222487,-0.726630611740756,0.467452270485269,0.868785501685637,0.594478899861327,1.26966364679256,2777.13446115962,TRUE,FALSE,-0.0346778597802502,-0.0351258659514196,119,0.518156256376239,FALSE,FALSE,0.790369175008686,FALSE,FALSE,0.758179147067174,FALSE,FALSE,2588.9035263784,8.62435149719886,-188.230934781216,0.137576668554129,0.800800447523351,0.171798940646967,"medium",-7.09981188917541,-7.77336945676284,-0.141996237783508,-0.155467389135257,-4.95508994169085,-5.39178698019738,-0.0991017988338171,-0.107835739603948,-3.46778597802502,-3.51258659514196,-0.0693557195605005,-0.0702517319028392,-0.0657264582358315,0.936386970205965,0.317757956168309
"9814d8e8-c462-41ca-9909-1c659f488543","Lotus Petal",-0.1293055367616,0.191147930446743,-0.676468410928606,0.498743295544977,0.878705447709744,0.604136278140142,1.27806141060059,2599.49446468008,TRUE,FALSE,-0.0294744927520463,-0.0322895050106858,-0.232608327369024,0.197727300541335,-1.17640976603733,0.239431171055371,0.792463899167657,0.53786168850791,1.1675846131115,2588.67009819735,TRUE,FALSE,-0.0523118255765587,-0.0569550748529472,-0.144729239147057,0.1910523438801,-0.757537103223848,0.448728145832099,0.865256538995515,0.595001213970489,1.25826445509005,2777.08960303019,TRUE,FALSE,-0.0356628907065768,-0.0361390314241744,127,0.81404078123433,FALSE,FALSE,0.739899473337438,FALSE,FALSE,0.747219956519706,FALSE,FALSE,2588.67009819735,10.8243664827382,-188.419504832846,0.0862415485420869,0.845475295290972,0.102003629227755,"medium",-2.94744927520463,-3.22895050106858,-0.0589489855040927,-0.0645790100213717,-5.23118255765587,-5.69550748529472,-0.104623651153117,-0.113910149705894,-3.56628907065768,-3.61390314241744,-0.0713257814131535,-0.0722780628483488,-0.0264785179727965,0.973868964290411,0.317757956168309
"3462a3d0-5552-49fa-9eb7-100960c55891","Oko, Thief of Crowns",-0.287987218229045,0.194934987163045,-1.47735007666002,0.139581821056787,0.74977117558123,0.511677982075156,1.09865351925557,2597.75992870528,TRUE,FALSE,-0.0653743983220451,-0.0715888579340641,-0.253906078956776,0.200514090524053,-1.26627549362332,0.205414467515111,0.775764659251103,0.523659457402897,1.14924078623095,2588.44541728317,TRUE,FALSE,-0.0570899364208538,-0.0619038516765761,-0.146216419305667,0.192355740749061,-0.760135459104467,0.447173619066316,0.863970703010486,0.592601169004711,1.25960834149907,2777.08465131878,TRUE,FALSE,-0.0360408001721438,-0.0364965194223961,122,0.564653445607896,FALSE,FALSE,0.696094999265457,FALSE,FALSE,0.747219956519706,FALSE,FALSE,2588.44541728317,9.31451142210517,-188.639234035602,0.114199527429256,0.79650217928094,0.143376289983729,"medium",-6.53743983220451,-7.15888579340641,-0.13074879664409,-0.143177715868128,-5.70899364208538,-6.19038516765761,-0.114179872841708,-0.123807703353152,-3.60408001721438,-3.64965194223961,-0.0720816003442876,-0.0729930388447922,-0.0555000090673006,0.946012015092659,0.317757956168309
"1ee98955-4c47-4d45-9377-608dfa755337","Bone Shards",-0.0666246984430442,0.189576989222427,-0.351438741148456,0.725259222378654,0.935546247421847,0.645199571208017,1.35655201913163,2599.82881061402,TRUE,FALSE,-0.015203132371629,-0.0166511472203812,0.0691469953301905,0.197225619617731,0.350598443874652,0.725889624133367,1.07159371684385,0.728028401046021,1.5772916170981,2589.93332539751,TRUE,FALSE,0.015593210265375,0.0171626892767052,-0.146530231272443,0.187312732125589,-0.782275874200577,0.434052462193303,0.86369962120152,0.598299875761554,1.24682799693736,2777.05038391801,TRUE,FALSE,-0.0361254566541979,-0.0365939978542479,133,0.913378039687918,FALSE,FALSE,0.959606096866589,FALSE,FALSE,0.747219956519706,FALSE,FALSE,2589.93332539751,9.89548521651523,-187.117058520501,0.207894095642332,0.956946528489073,0.217247348157036,"low",-1.5203132371629,-1.66511472203812,-0.030406264743258,-0.0333022944407624,1.5593210265375,1.71626892767052,0.0311864205307501,0.0343253785534104,-3.61254566541979,-3.65939978542479,-0.0722509133083959,-0.0731879957084959,-0.0363663265643226,0.964286984835727,0.317757956168309
"21c950d7-b4f6-4902-8c9a-98f2933f9fa5","Adanto Vanguard",0.589221496464662,0.186181999181395,3.16476082035508,0.00155210482157687,1.80258455056653,1.2514523765497,2.59643205193283,2589.91068165598,TRUE,FALSE,0.130976748585574,0.14398802747716,0.408830789936965,0.199941351153915,2.04475356186948,0.0408791601160137,1.50505702814331,1.01709013522126,2.22713462604846,2585.87079272117,TRUE,FALSE,0.0911484398724375,0.101851120451512,-0.14759385857028,0.187349873678983,-0.787798014869104,0.430814862418411,0.862781455087111,0.597620339173539,1.24559321436694,2777.04368247594,TRUE,FALSE,-0.0363445244549856,-0.0368316088945068,143,0.146932589775944,TRUE,FALSE,0.682611960387743,TRUE,FALSE,0.747219956519706,FALSE,FALSE,2585.87079272117,4.03988893481255,-191.172889754768,0.93980309547942,1.39014101126565,0.676048751790855,"low",13.0976748585574,14.398802747716,0.261953497171149,0.287976054954321,9.11484398724375,10.1851120451512,0.182296879744875,0.203702240903024,-3.63445244549856,-3.68316088945068,-0.0726890489099713,-0.0736632177890135,-0.000247766227373897,0.999752264464143,0.317757956168309
"045ce37b-86d2-4e56-84af-b6625b53d13c","Path to Exile",0.301486372940733,0.172635648349125,1.74637379836538,0.0807460198220727,1.35186669304504,0.963792267417696,1.89620068301761,2596.90374527944,TRUE,FALSE,0.0682635131298872,0.0749323182292471,0.245269970178548,0.180379951503147,1.35974074798589,0.173911978549099,1.27796627942213,0.897381020794322,1.81996027717904,2588.20610463679,TRUE,FALSE,0.0550709381019598,0.0611633342234045,-0.148104934865293,0.171361745750649,-0.864282364868079,0.387432795411155,0.862340620597263,0.616329253051641,1.20654884098089,2776.91691833972,TRUE,FALSE,-0.0364836155121446,-0.0369602399962076,163,0.45930271518682,FALSE,FALSE,0.682611960387743,FALSE,FALSE,0.709876863850117,FALSE,FALSE,2588.20610463679,8.69764064265291,-188.71081370293,0.489526072447776,1.16405786435481,0.420534139614357,"low",6.82635131298872,7.49323182292471,0.136527026259774,0.149864636458494,5.50709381019598,6.11633342234045,0.11014187620392,0.122326668446809,-3.64836155121446,-3.69602399962076,-0.0729672310242893,-0.0739204799924152,-0.00168976009660892,0.998311666744197,0.317757956168309
"ed0216a0-c5c9-4a99-b869-53e4d0256326","Mox Pearl",0.210767268797034,0.173190086929422,1.21697074315186,0.223615347544717,1.23462498586463,0.879250620788888,1.73363409667382,2598.47178837136,TRUE,FALSE,0.0479051058860527,0.0525405029480642,0.109650926202997,0.177626778770358,0.617310784793081,0.537029754631707,1.11588847503704,0.787810610365439,1.58059192442569,2589.6750365711,TRUE,FALSE,0.0247170285293237,0.027269102870472,-0.150414103657508,0.167075979550204,-0.900273660297837,0.367974634690791,0.860351627891681,0.620094729203652,1.1936965253139,2776.85316602034,TRUE,FALSE,-0.0370492838953682,-0.0375347232700533,165,0.66275270915529,FALSE,FALSE,0.959606096866589,FALSE,FALSE,0.695417904839936,FALSE,FALSE,2589.6750365711,8.79675180025833,-187.178129449239,0.374273357972948,1.07028836293112,0.349693943179906,"low",4.79051058860527,5.25405029480642,0.0958102117721053,0.105081005896128,2.47170285293237,2.7269102870472,0.0494340570586475,0.054538205740944,-3.70492838953682,-3.75347232700533,-0.0740985677907364,-0.0750694465401066,0.00478609339677857,1.00479756503592,0.317757956168309
"18092f68-b96e-4084-9eba-b240d2195d81","Adeline, Resplendent Cathar",0.289162038006621,0.207965301401918,1.39043405826523,0.164397110286023,1.3353080816591,0.888296271337789,2.00726686633368,2598.02052883258,TRUE,FALSE,0.0655593105514409,0.0718671636929282,0.141673475227138,0.21538755236894,0.65776073718719,0.510691887309688,1.1522003651449,0.755416423547336,1.75739584162862,2589.6235973885,TRUE,FALSE,0.0319222032136085,0.0352723595934516,-0.150810118774475,0.204999806649499,-0.735659809827649,0.461937754063133,0.860010983095826,0.575446084513496,1.28529659154906,2777.12263311627,TRUE,FALSE,-0.037145856618142,-0.0376303374503193,109,0.5733321887486,FALSE,FALSE,0.95178857785253,FALSE,FALSE,0.758179147067174,FALSE,FALSE,2589.6235973885,8.39693144408147,-187.499035727765,0.475297098563271,1.11583980996661,0.42595459878555,"low",6.55593105514409,7.18671636929282,0.131118621102882,0.143734327385856,3.19222032136085,3.52723595934516,0.0638444064272169,0.0705447191869032,-3.7145856618142,-3.76303374503193,-0.0742917132362841,-0.0752606749006386,0.0396128054107741,1.04040785590114,0.317757956168309
"98e7bf8f-dba7-4005-8cee-634c9153931d","Phantasmal Image",-0.103571320559396,0.203478075492408,-0.509004816901071,0.610748847756312,0.901611716996708,0.60508378161879,1.34345641532645,2599.69300503224,TRUE,FALSE,-0.0236222190361971,-0.0258733828929319,-0.00934124948578759,0.205700019171415,-0.0454120010460635,0.963778915405496,0.990702244450596,0.66198440080478,1.48264964546935,2590.05403219852,TRUE,FALSE,-0.00210818509433347,-0.00231293267405674,-0.152016725931803,0.198592722605311,-0.765469771185551,0.443991860129337,0.858973913481874,0.582015346967609,1.26772633726345,2777.07677786608,TRUE,FALSE,-0.0374610063231341,-0.0379465229143925,112,0.875296119588919,FALSE,FALSE,0.981050938979071,FALSE,FALSE,0.747219956519706,FALSE,FALSE,2590.05403219852,9.63897283372353,-187.022745667564,0.131728330968722,0.917095958309726,0.143636366265867,"medium",-2.36222190361971,-2.58733828929319,-0.0472444380723942,-0.0517467657858638,-0.210818509433347,-0.231293267405674,-0.00421637018866694,-0.00462586534811349,-3.74610063231341,-3.79465229143925,-0.0749220126462682,-0.075893045828785,-0.0352230511177028,0.965390060908729,0.317757956168309
"e58e681e-a069-4414-aafe-634c7987fd0d","Swords to Plowshares",-0.337369297006123,0.170951098468076,-1.97348423045743,0.048440419471062,0.713645244181051,0.510464874404844,0.997697510795462,2596.04479262665,TRUE,FALSE,-0.0763484117156333,-0.0837306943084708,-0.43704475266473,0.175206863004414,-2.49444996143627,0.0126152512016981,0.645942523114596,0.458199681463759,0.910611159385214,2583.79928180258,TRUE,FALSE,-0.0973155779232125,-0.1046939253279,-0.153195808589561,0.165005736721676,-0.928427166432187,0.353186032063493,0.857961709090609,0.620886457106233,1.18556023543566,2776.80096264987,TRUE,FALSE,-0.0377422884873874,-0.0382275898624053,167,0.340629627565346,TRUE,FALSE,0.358273134128225,TRUE,FALSE,0.695417904839936,FALSE,FALSE,2583.79928180258,12.2455108240706,-193.00168084729,0.212019185976014,0.739183158795418,0.286829026680644,"low",-7.63484117156333,-8.37306943084708,-0.152696823431267,-0.167461388616942,-9.73155779232125,-10.46939253279,-0.194631155846425,-0.209387850655801,-3.77422884873874,-3.82275898624053,-0.0754845769747748,-0.0764551797248106,-0.0932713420509486,0.910946288723923,0.317757956168309
"e41cf82d-3213-47ce-a015-6e51a8b07e4f","Questing Beast",0.278607498384909,0.177177097951902,1.5724803126674,0.115839201439682,1.32128863415609,0.933644425861198,1.86988065948097,2597.48188276493,TRUE,FALSE,0.0631498477381461,0.0692995110802971,0.0733686210890445,0.204385120156765,0.35897241948323,0.719615722087781,1.07612714697166,0.720920641935799,1.60634828452103,2589.92728098928,TRUE,FALSE,0.0165491391527615,0.0182291043397503,-0.160808093511987,0.194106463264523,-0.828453060281885,0.407413967682351,0.851455455255528,0.582016336818108,1.24562893929723,2776.97649889592,TRUE,FALSE,-0.0396046984484315,-0.0401195673553691,154,0.512155897762738,FALSE,FALSE,0.959606096866589,FALSE,FALSE,0.722393450531227,FALSE,FALSE,2589.92728098928,7.55460177565374,-187.04921790664,0.469833178900563,1.08295707879443,0.433842843913622,"low",6.31498477381461,6.92995110802971,0.126299695476292,0.138599022160594,1.65491391527615,1.82291043397503,0.0330982783055231,0.0364582086795006,-3.96046984484315,-4.01195673553691,-0.079209396896863,-0.0802391347107383,0.0409983752736127,1.04185041282225,0.317757956168309
"14065271-d942-42a8-aa38-d8a622c0375d","Scrubland",-0.300375631017622,0.206031836633725,-1.45790881606136,0.144865678282192,0.740539998637297,0.494504993040984,1.10898675908067,2597.8156723494,TRUE,FALSE,-0.0681565888664513,-0.0746212107918574,-0.310460794200928,0.209170244646028,-1.48424932392421,0.137742788865412,0.733109065975086,0.486540820837692,1.10463270417788,2587.83990444559,TRUE,FALSE,-0.0696694688868585,-0.0753239828823443,-0.163782583100402,0.198589746856622,-0.824728293846154,0.409525864561717,0.84892657280068,0.575210920641448,1.25289054874592,2776.98192038326,TRUE,FALSE,-0.0403512686317434,-0.0408588885509139,111,0.564653445607896,FALSE,FALSE,0.682611960387743,FALSE,FALSE,0.722393450531227,FALSE,FALSE,2587.83990444559,9.97576790381163,-189.142015937673,0.115817506825595,0.774191879137687,0.149597935533236,"medium",-6.81565888664513,-7.46212107918574,-0.136313177732903,-0.149242421583715,-6.96694688868585,-7.53239828823443,-0.139338937773717,-0.150647965764689,-4.03512686317434,-4.08588885509139,-0.0807025372634867,-0.0817177771018278,-0.0949945050908408,0.909377931403627,0.317757956168309
"0da69523-cece-425a-b08a-fb27fac29374","Figure of Destiny",0.0727729993276085,0.210907636394099,0.345046772946741,0.730059207778723,1.07548637307324,0.711339143373882,1.62604708238062,2599.83341841814,TRUE,FALSE,0.0165990901080739,0.0181864099385864,-0.206357743361178,0.225984746946818,-0.913148989695931,0.361164187833542,0.81354198497387,0.522417685442446,1.26689922596072,2589.22250747571,TRUE,FALSE,-0.0464284954600271,-0.0504356543197809,-0.165599970478027,0.216381169814507,-0.765315995934341,0.444083401191879,0.847385145472291,0.554489691318263,1.29499537324121,2777.07825418843,TRUE,FALSE,-0.0407693694182199,-0.0413088484830172,104,0.913378039687918,FALSE,FALSE,0.884229563316602,FALSE,FALSE,0.747219956519706,FALSE,FALSE,2589.22250747571,10.6109109424306,-187.85574671272,0.261944388099368,0.912137834506466,0.287176321592997,"low",1.65990901080739,1.81864099385864,0.0331981802161478,0.0363728198771728,-4.64284954600271,-5.04356543197809,-0.0928569909200541,-0.100871308639562,-4.07693694182199,-4.13088484830172,-0.0815387388364398,-0.0826176969660345,-0.0874358627964927,0.916277637251616,0.317757956168309
"19adde22-e5eb-4815-beb6-c520b3274cc9","Lotus Cobra",0.0630939290820162,0.177212827659231,0.356034774205747,0.72181452318777,1.06512688092298,0.752583584236577,1.50746747102588,2599.825804332,TRUE,FALSE,0.0143890652342639,0.0157693504004868,-0.0464749585767606,0.184832793578508,-0.251443251367731,0.801471431775398,0.954588464524434,0.664482169603209,1.37135227743922,2589.9928489499,TRUE,FALSE,-0.0104885525714314,-0.0114854243591918,-0.177136089845555,0.177465807134702,-0.998142079905588,0.318210467655898,0.837665778959185,0.591573660374872,1.18613116884658,2776.66599052416,TRUE,FALSE,-0.0436164710676008,-0.044173497902242,150,0.913378039687918,FALSE,FALSE,0.960413023730856,FALSE,FALSE,0.684634642532387,FALSE,FALSE,2589.9928489499,9.83295538209586,-186.673141574262,0.227461101963791,0.952460374802198,0.238814241496429,"low",1.43890652342639,1.57693504004868,0.0287781304685277,0.0315387008009735,-1.04885525714314,-1.14854243591918,-0.0209771051428627,-0.0229708487183836,-4.36164710676008,-4.4173497902242,-0.0872329421352017,-0.0883469958044839,0.0130964145946831,1.01318254823553,0.317757956168309
"52d3005f-a1c7-4ef5-911f-ccc0752f4181","Faerie Mastermind",-0.183616078577941,0.177677122659212,-1.03342555209047,0.3014047937843,0.832255263123248,0.587509279032899,1.17895809941337,2598.88172684851,TRUE,FALSE,-0.0418232352270118,-0.0458022693832711,-0.072923941710923,0.191326054336657,-0.381150084152189,0.703091885473972,0.929671536563324,0.638953876340365,1.35266284140299,2589.91063789707,TRUE,FALSE,-0.0164569166589371,-0.0180025327986689,-0.177449675952011,0.183988969191012,-0.964458232100791,0.334816239316335,0.837403139791199,0.583875177844539,1.20101700695841,2776.73097097148,TRUE,FALSE,-0.0437149810462679,-0.0442733114990245,151,0.70564468414073,FALSE,FALSE,0.959606096866589,FALSE,FALSE,0.691230156430161,FALSE,FALSE,2589.91063789707,8.97108895144356,-186.820333074414,0.0974162734400761,0.866443313159257,0.112432368004403,"medium",-4.18232352270118,-4.58022693832711,-0.0836464704540236,-0.0916045387665423,-1.64569166589371,-1.80025327986689,-0.0329138333178742,-0.0360050655973378,-4.37149810462679,-4.42733114990245,-0.0874299620925357,-0.0885466229980491,-0.0205379078491427,0.979671558528962,0.317757956168309
"ebc01ab4-d89a-4d25-bf54-6aed33772f4b","Force of Will",-0.184154457530645,0.184029376695441,-1.00067967863311,0.316981694981851,0.831807315000046,0.579927585481966,1.19308587245864,2598.94798223273,TRUE,FALSE,-0.0419510995475297,-0.045934154490415,-0.0552634266687364,0.194686703077707,-0.283858249151605,0.776519013259372,0.946235851361077,0.646068744839548,1.38586225313126,2589.97545416225,TRUE,FALSE,-0.0124728623535756,-0.0136585770297555,-0.177612618373336,0.185495594616694,-0.957503161950305,0.338313351210536,0.837266702411996,0.582058696163099,1.20437257546175,2776.74402314931,TRUE,FALSE,-0.043759111698441,-0.0443231012990602,142,0.710499937527833,FALSE,FALSE,0.959606096866589,FALSE,FALSE,0.691230156430161,FALSE,FALSE,2589.97545416225,8.9725280704838,-186.768568987064,0.114428536361031,0.871769956257706,0.131260013653423,"medium",-4.19510995475297,-4.5934154490415,-0.0839021990950593,-0.0918683089808301,-1.24728623535756,-1.36585770297555,-0.0249457247071512,-0.027317154059511,-4.3759111698441,-4.43231012990602,-0.0875182233968821,-0.0886462025981204,-0.0459183530789456,0.955119941609752,0.317757956168309
"a2c56479-4bee-4edb-80d7-4af010b7c793","Raffine's Tower",-0.265514132707891,0.195060184713339,-1.36119081963391,0.173453394588977,0.76681160568462,0.52317875018906,1.12389893205743,2598.09079720405,TRUE,FALSE,-0.0603347426221415,-0.0660583433829794,-0.13445432857877,0.202310779901652,-0.664593002133308,0.506310846333081,0.874192803592625,0.588026386443758,1.2996237506873,2589.61360213243,TRUE,FALSE,-0.0303233619026475,-0.0330821921622425,-0.182594608841423,0.193133318876253,-0.9454329781306,0.34443787247658,0.833105821023208,0.5705605879444,1.2164620615022,2776.76717402788,TRUE,FALSE,-0.0449741272795516,-0.0455519758692831,126,0.593503181485175,FALSE,FALSE,0.95178857785253,FALSE,FALSE,0.695417904839936,FALSE,FALSE,2589.61360213243,8.47719507162492,-187.153571895454,0.107381197908005,0.824703410100151,0.130205837144489,"medium",-6.03347426221415,-6.60583433829794,-0.120669485244283,-0.132116686765959,-3.03233619026475,-3.30821921622424,-0.060646723805295,-0.0661643843244849,-4.49741272795516,-4.55519758692831,-0.0899482545591031,-0.0911039517385661,-0.0741399118485864,0.928541770756973,0.317757956168309
"7054012b-4f9d-44a0-aaf9-7fd3bddc7b2d","Slickshot Show-Off",0.146030167127817,0.204895004476915,0.712707308314441,0.476026893161025,1.15723109786267,0.774479536027283,1.72914034724511,2599.44488243882,TRUE,FALSE,0.0332622410521493,0.03645295281077,-0.0369094266693033,0.214175587136707,-0.172332557425157,0.863176090104268,0.963763422659237,0.63337439052178,1.46649430219409,2590.02639806306,TRUE,FALSE,-0.00832930643238613,-0.00912604694575359,-0.18284376677008,0.206183305124248,-0.886801997183511,0.375185512177857,0.832898271959811,0.556013310753709,1.24766712957512,2776.87685568268,TRUE,FALSE,-0.0450009609880488,-0.0455928333243638,111,0.801823220191631,FALSE,FALSE,0.96173465993211,FALSE,FALSE,0.695417904839936,FALSE,FALSE,2590.02639806306,9.41848437575618,-186.850457619619,0.324332825902862,0.98463093082724,0.329395325444807,"low",3.32622410521493,3.645295281077,0.0665244821042986,0.0729059056215401,-0.832930643238613,-0.912604694575359,-0.0166586128647723,-0.0182520938915072,-4.50009609880488,-4.55928333243638,-0.0900019219760975,-0.0911856666487275,-0.0240780742283656,0.976209489979895,0.317757956168309
"1bd3fa8a-6c50-4f7f-9ae3-0810eec5e3db","Reprieve",0.0438897374051024,0.181227386598693,0.242180490646765,0.808640311363857,1.0448671387745,0.732482418572086,1.49047582578035,2599.89384428252,TRUE,FALSE,0.010012340508359,0.0109710261494212,-0.0569798507263189,0.187320579106717,-0.304183613984331,0.76098800787477,0.944613102442695,0.654339999452444,1.36365484924212,2589.96355251874,TRUE,FALSE,-0.0128582276801387,-0.0140718422797806,-0.184489956159065,0.177213331300639,-1.04106138519613,0.297847059609666,0.831528291595357,0.587529932392593,1.17685799752831,2776.5792000468,TRUE,FALSE,-0.0454056247238557,-0.0459923279762314,149,0.954381711722466,FALSE,FALSE,0.959606096866589,FALSE,FALSE,0.656724306622268,FALSE,FALSE,2589.96355251874,9.93029176377786,-186.615647528055,0.213338847179146,0.940336177604185,0.22687508176352,"low",1.0012340508359,1.09710261494212,0.0200246810167179,0.0219420522988425,-1.28582276801387,-1.40718422797806,-0.0257164553602774,-0.0281436845595613,-4.54056247238557,-4.59923279762314,-0.0908112494477114,-0.0919846559524627,-0.0158149845965484,0.984309415613175,0.317757956168309
"054f2276-2dd5-43da-bb26-c57c560861fe","Steam Vents",-0.538564975193966,0.192621198323908,-2.79597977730534,0.00517426379891,0.583585110884568,0.400075290271024,0.851268723483122,2592.07425719938,TRUE,FALSE,-0.120458860197879,-0.132045148692085,-0.489808780277147,0.202099446595776,-2.4236027783729,0.0153674041020615,0.612743551634775,0.412333127023594,0.910561474359819,2584.12489227054,TRUE,FALSE,-0.108830627680266,-0.117661246115011,-0.186497576305019,0.191233944965028,-0.975232594501589,0.329444897459817,0.829860573277815,0.570457785271373,1.2072209177641,2776.70948787458,TRUE,FALSE,-0.0459254521680748,-0.0465288648983559,131,0.173097283465316,TRUE,FALSE,0.386730757430499,TRUE,FALSE,0.691230156430161,FALSE,FALSE,2584.12489227054,7.94936492884335,-192.584595604043,0.246275462393247,0.675396411932386,0.364638393160284,"low",-12.0458860197879,-13.2045148692085,-0.240917720395758,-0.26409029738417,-10.8830627680266,-11.7661246115011,-0.217661255360533,-0.235322492230021,-4.59254521680748,-4.65288648983559,-0.0918509043361496,-0.0930577297967119,-0.0761388508765051,0.926687526250636,0.317757956168309
"1af92296-455a-425e-9397-a96d09937767","Incinerate",0.101786216265553,0.204975913209373,0.496576474142031,0.619487746610467,1.10714675645772,0.740842983963375,1.65456644237513,2599.70593704849,TRUE,FALSE,0.0232070813545727,0.0254280392886354,-0.0812944960100196,0.214013865199417,-0.379856211345324,0.704052153501337,0.921922149068048,0.606068858305643,1.40238264562608,2589.91176568711,TRUE,FALSE,-0.0183384997417556,-0.0200510587117014,-0.186516413525538,0.20467540707425,-0.911279064699135,0.362148354252362,0.82984494115843,0.555614699543015,1.23942477931674,2776.8339753153,TRUE,FALSE,-0.0458864664385123,-0.046514646630731,110,0.875296119588919,FALSE,FALSE,0.959606096866589,FALSE,FALSE,0.695417904839936,FALSE,FALSE,2589.91176568711,9.79417136137772,-186.922209628185,0.277301815299292,0.952971282228066,0.290986539123146,"low",2.32070813545727,2.54280392886354,0.0464141627091454,0.0508560785772708,-1.83384997417556,-2.00510587117014,-0.0366769994835113,-0.0401021174234029,-4.58864664385123,-4.6514646630731,-0.0917729328770245,-0.0930292932614619,-0.026362943156245,0.973981525521801,0.317757956168309
"d5806e68-1054-458e-866d-1f2470f682b2","The One Ring",-0.284617737112371,0.1791679134545,-1.58855305966741,0.112161332916089,0.752301776410788,0.529518673918518,1.06881587121877,2597.41348149154,TRUE,FALSE,-0.0646563094425621,-0.0707758623806202,-0.249372870300789,0.182833135841035,-1.36393695351594,0.172587409158543,0.779289345352184,0.544587954775657,1.11514013200973,2588.18601124333,TRUE,FALSE,-0.0561117118356723,-0.0609075391328017,-0.209796981495606,0.172155683334715,-1.21864685168544,0.222978258389535,0.810748826277348,0.578554735351702,1.13613046293799,2776.17163240182,TRUE,FALSE,-0.051648354593886,-0.0522926486923559,151,0.512155897762738,FALSE,FALSE,0.682611960387743,FALSE,FALSE,0.580596037307114,FALSE,FALSE,2588.18601124333,9.22747024820183,-187.985621158487,0.0584470498665601,0.780779982680107,0.0748572596161273,"medium",-6.46563094425621,-7.07758623806202,-0.129312618885124,-0.14155172476124,-5.61117118356723,-6.09075391328017,-0.112223423671345,-0.121815078265603,-5.1648354593886,-5.22926486923559,-0.103296709187772,-0.104585297384712,-0.0146381446993046,0.98546847208288,0.317757956168309
"68c72226-6f52-4322-8b14-18737293dfa0","Bloodstained Mire",-0.391101428419467,0.191508737511772,-2.04221192986261,0.0411305136152766,0.676311555348192,0.464655711065091,0.984378990734963,2595.75264110288,TRUE,FALSE,-0.0883593243347148,-0.0967689476320237,-0.379241574045051,0.194844160636172,-1.94638408873438,0.0516086194346326,0.684380264186359,0.467135399385423,1.00265650306956,2586.24570524693,TRUE,FALSE,-0.0848349322051645,-0.091815720196042,-0.215430998935388,0.18322493919436,-1.17577334113269,0.239685462088784,0.806193896576105,0.562957084757194,1.15452601357151,2776.27628879283,TRUE,FALSE,-0.0530033241356668,-0.0537121877582792,134,0.333744739049673,TRUE,FALSE,0.682611960387743,FALSE,FALSE,0.591657873067,FALSE,FALSE,2586.24570524693,9.50693585594854,-190.030583545897,0.129882341227913,0.722295238703552,0.179818908208559,"medium",-8.83593243347148,-9.67689476320237,-0.17671864866943,-0.193537895264047,-8.48349322051645,-9.1815720196042,-0.169669864410329,-0.183631440392084,-5.30033241356668,-5.37121877582792,-0.106006648271334,-0.107424375516558,-0.094653698211829,0.909687906476089,0.317757956168309
"c78da035-6b5b-4136-9ab6-f622b64fdc54","Unstoppable Slasher",-0.312059155483074,0.18345745436458,-1.70098923788033,0.0889450081004034,0.731938228788121,0.510872226497829,1.04866450547546,2597.03770786374,TRUE,FALSE,-0.0708278167083377,-0.0775107605836331,-0.260707918752648,0.186197669634002,-1.40016746324004,0.161463176652807,0.770505937086984,0.534910759198943,1.10986625128901,2588.08549714539,TRUE,FALSE,-0.0586460571969423,-0.0636826107878969,-0.2166953836911,0.17856689277862,-1.21352497273809,0.224929172527602,0.805175201450133,0.567402418871182,1.14258784148301,2776.18299960704,TRUE,FALSE,-0.0533480576527231,-0.0540219508924909,143,0.482984000779561,FALSE,FALSE,0.682611960387743,FALSE,FALSE,0.580596037307114,FALSE,FALSE,2588.08549714539,8.95221071835158,-188.097502461652,0.0732369726620119,0.76920645577508,0.095211073843908,"medium",-7.08278167083377,-7.75107605836331,-0.141655633416675,-0.155021521167266,-5.86460571969423,-6.36826107878969,-0.117292114393885,-0.127365221575794,-5.33480576527231,-5.40219508924909,-0.106696115305446,-0.108043901784982,-0.129053181370896,0.878927221748075,0.317757956168309
"247939d9-87e9-4f01-b223-fb4cfa7dbbe1","Mana Leak",-0.353566501271908,0.180689066306742,-1.95676754824603,0.0503748040765652,0.702179295219127,0.492767868284616,1.00058423929064,2596.09750046619,TRUE,FALSE,-0.0800504989819631,-0.0876661512592968,-0.265777515245917,0.187846576702687,-1.41486483230714,0.157108130851285,0.766609667492391,0.530488602512914,1.10782848021412,2588.04323872021,TRUE,FALSE,-0.0597591927782151,-0.0649048513552801,-0.217203298416464,0.179684814340344,-1.20880164088355,0.226739061053462,0.804766344949727,0.565873041341653,1.14451267801732,2776.19643757235,TRUE,FALSE,-0.0534461980193324,-0.0541487191779337,146,0.340629627565346,FALSE,FALSE,0.682611960387743,FALSE,FALSE,0.580596037307114,FALSE,FALSE,2588.04323872021,8.05426174597505,-188.153198852137,0.1025870497306,0.757851769220415,0.135365587172975,"medium",-8.0050498981963,-8.76661512592968,-0.160100997963926,-0.175332302518594,-5.97591927782151,-6.49048513552801,-0.11951838555643,-0.12980970271056,-5.34461980193324,-5.41487191779337,-0.106892396038665,-0.108297438355867,-0.0781490988905114,0.924826525654469,0.317757956168309
"441f8b2f-c8cb-4340-a92f-116c2276e906","Frantic Search",-0.0505545579376868,0.210026806918907,-0.240705263672396,0.809783559084015,0.950702058913697,0.629891876141073,1.43490405108879,2599.89447848851,TRUE,FALSE,-0.0115361155147314,-0.0126363508941002,0.114482101625624,0.221025098973133,0.517959734697549,0.604486363082419,1.12129257157013,0.727073946266616,1.72925606468822,2589.78841506213,TRUE,FALSE,0.0257969995139058,0.0284489312824013,-0.219194128837561,0.21074654305961,-1.0400841012873,0.298300829416453,0.803165785378308,0.531390909110827,1.21393736276323,2776.57796269307,TRUE,FALSE,-0.0539201811100514,-0.0546638212586917,106,0.954381711722466,FALSE,FALSE,0.959606096866589,FALSE,FALSE,0.656724306622268,FALSE,FALSE,2589.78841506213,10.1060634263749,-186.789547630941,0.318126786191818,0.958386805287377,0.331939864402063,"low",-1.15361155147314,-1.26363508941002,-0.0230722310294629,-0.0252727017882004,2.57969995139058,2.84489312824013,0.0515939990278117,0.0568978625648026,-5.39201811100514,-5.46638212586917,-0.107840362220103,-0.109327642517383,0.0168011627044998,1.01694309600595,0.317757956168309
"1571b584-9007-45ee-a3c3-6c72f227fee2","Mystical Tutor",-0.358478013072311,0.182196755170378,-1.96753236761592,0.049121868159664,0.698738988793322,0.488906676557508,0.998628568334729,2596.04428586881,TRUE,FALSE,-0.0812131844213858,-0.0888606755906191,-0.209628732633483,0.188241154382553,-1.11361797222867,0.265443112917894,0.810885245320689,0.560693204709983,1.17271776357429,2588.80927197572,TRUE,FALSE,-0.047235164340339,-0.0514708041861831,-0.223776917475438,0.183088645957517,-1.22223263111226,0.221619667309558,0.799493467498223,0.558427397999561,1.14462472088956,2776.16077404605,TRUE,FALSE,-0.0550882835963467,-0.0557960474510292,142,0.340629627565346,TRUE,FALSE,0.75827324977958,FALSE,FALSE,0.580596037307114,FALSE,FALSE,2588.80927197572,7.23501389309195,-187.351502070337,0.112146256527367,0.769705900537412,0.145700138779066,"medium",-8.12131844213858,-8.88606755906191,-0.162426368842772,-0.177721351181238,-4.7235164340339,-5.14708041861831,-0.094470328680678,-0.102941608372366,-5.50882835963467,-5.57960474510292,-0.110176567192693,-0.111592094902058,-0.0953773468474208,0.909029850193236,0.317757956168309
"cc520518-2063-4b57-a0d4-10cf62a7175e","Zagoth Triome",-0.140431639272898,0.184978040135255,-0.759180058185365,0.447744853526751,0.868983067216676,0.604720689417608,1.24872785787526,2599.37370222568,TRUE,FALSE,-0.0320341609298444,-0.0350614917296052,0.011382274125836,0.190059662098614,0.0598879004632253,0.952244916629847,1.0114472986829,0.696885147093886,1.46799747745966,2590.05250927855,TRUE,FALSE,0.00256844896283706,0.00282047138249947,-0.225235100809774,0.183328559147227,-1.228587088981,0.219226658663583,0.79832850901595,0.557351556908215,1.14349444333316,2776.14429778043,TRUE,FALSE,-0.0554442805612026,-0.0561655542215205,138,0.799408358464044,FALSE,FALSE,0.976308867591612,FALSE,FALSE,0.580596037307114,FALSE,FALSE,2590.05250927855,9.32119294712584,-186.091788501881,0.213118789666948,0.892919624971842,0.238676341864105,"low",-3.20341609298444,-3.50614917296052,-0.0640683218596888,-0.0701229834592103,0.256844896283706,0.282047138249947,0.00513689792567411,0.00564094276499894,-5.54442805612026,-5.61655542215205,-0.110888561122405,-0.112331108443041,-0.0625773947470684,0.939340359990531,0.317757956168309
"18bd50f2-c3ba-4217-a2d5-bb771e199706","Vampiric Tutor",-0.258472974057718,0.177929816404604,-1.45266813219187,0.146315919144246,0.772229901007901,0.544865984688803,1.09446916630567,2597.82711937922,TRUE,FALSE,-0.0588062652156232,-0.0643355364154626,-0.074221866610747,0.187236689270189,-0.396406638570938,0.691805069502343,0.928465675455224,0.643260324399712,1.34012386245488,2589.89867755342,TRUE,FALSE,-0.0167551539600744,-0.0183404581680288,-0.225277444383361,0.180116062156368,-1.25073489663451,0.211031214228625,0.798294705649665,0.560848240437434,1.13626894250616,2776.08969296679,TRUE,FALSE,-0.0554653145382042,-0.0561919866506831,152,0.564653445607896,FALSE,FALSE,0.959606096866589,FALSE,FALSE,0.580596037307114,FALSE,FALSE,2589.89867755342,7.92844182579893,-186.191015413365,0.156235774447322,0.832996760704263,0.187558681879185,"medium",-5.88062652156232,-6.43355364154626,-0.117612530431246,-0.128671072830925,-1.67551539600744,-1.83404581680288,-0.0335103079201489,-0.0366809163360575,-5.54653145382042,-5.61919866506831,-0.110930629076408,-0.112383973301366,-0.0655686740713669,0.936534728898359,0.317757956168309
"2c695df6-6bf2-4e6b-8500-e3116137ca27","Jacked Rabbit",-0.029383774277487,0.179187992152992,-0.163982942854781,0.869744571665398,0.971043731342083,0.683456519792889,1.3796428900327,2599.92557793276,TRUE,FALSE,-0.00670557878498423,-0.00734552376022685,-0.112378166863761,0.187763974180134,-0.598507606980822,0.549501284708071,0.893706223508091,0.618538676566406,1.29128677671516,2589.69729146872,TRUE,FALSE,-0.0253547673983602,-0.0276587502843265,-0.231064330066363,0.176446850486971,-1.30954068847732,0.190351264453561,0.793688406365071,0.561636656406892,1.12161711528663,2775.94327153133,TRUE,FALSE,-0.0568191211384297,-0.0575052921401993,155,0.973361514157262,FALSE,FALSE,0.959606096866589,FALSE,FALSE,0.580596037307114,FALSE,FALSE,2589.69729146872,10.228286464036,-186.245980062612,0.177355324977012,0.886146120405082,0.200142302598964,"low",-0.670557878498424,-0.734552376022685,-0.0134111575699685,-0.0146910475204537,-2.53547673983602,-2.76587502843265,-0.0507095347967203,-0.0553175005686529,-5.68191211384297,-5.75052921401993,-0.113638242276859,-0.115010584280399,-0.0721981987871182,0.930346483991983,0.317757956168309
"01c6f877-6b00-4d57-8a88-36cd3b16edbc","Llanowar Elves",0.0575315013867413,0.180710972937972,0.318361970230157,0.750210382063372,1.05921863698511,0.743295199545655,1.50941930154049,2599.85128007321,TRUE,FALSE,0.0131182953030977,0.0143797193454466,-0.0518028784972235,0.212461359302534,-0.243822588103933,0.807368225418732,0.949516018420945,0.626111290876584,1.43996871223279,2589.99660193562,TRUE,FALSE,-0.0116933819844259,-0.0127984059696876,-0.234931277406551,0.2054492894209,-1.14350007278561,0.2528310245139,0.790625181574722,0.528553163960484,1.18264012092224,2776.35189772916,TRUE,FALSE,-0.0577989847599334,-0.0584713593347622,143,0.926346732634772,FALSE,FALSE,0.961188495007595,FALSE,FALSE,0.599444526920439,FALSE,FALSE,2589.99660193562,9.85467813758305,-186.355295793539,0.268593455410392,0.93311994566026,0.287844512015376,"low",1.31182953030977,1.43797193454466,0.0262365906061953,0.0287594386908931,-1.16933819844259,-1.27984059696876,-0.0233867639688518,-0.0255968119393752,-5.77989847599334,-5.84713593347622,-0.115597969519867,-0.116942718669524,-0.0243540765203699,0.975940091102248,0.317757956168309
"97b9bab9-12ee-4da5-9d53-d0b82d9279cd","Pyrite Spellbomb",-0.0883334752737887,0.210876982458927,-0.418886282626857,0.675299242611447,0.915455544027517,0.605529279718356,1.3840104535994,2599.77669276459,TRUE,FALSE,-0.0201521122002414,-0.0220711478712227,-0.0470505799724719,0.218427905527263,-0.21540553556514,0.829451154548392,0.954039141096482,0.621779795902022,1.46384731177006,2590.00965786176,TRUE,FALSE,-0.0106189847750616,-0.0116272014416419,-0.238117375105899,0.210148895493246,-1.13308887275856,0.257176933683639,0.788110181148722,0.522040968599212,1.18978719102623,2776.37500494229,TRUE,FALSE,-0.0585345398959449,-0.059260042151382,104,0.913378039687918,FALSE,FALSE,0.961188495007595,FALSE,FALSE,0.603621893935153,FALSE,FALSE,2590.00965786176,9.76703490283035,-186.365347080524,0.16592895994776,0.885868288757573,0.187306580508119,"medium",-2.01521122002414,-2.20711478712227,-0.0403042244004829,-0.0441422957424454,-1.06189847750617,-1.16272014416419,-0.0212379695501233,-0.0232544028832838,-5.85345398959449,-5.9260042151382,-0.11706907979189,-0.118520084302764,-0.0409145653109549,0.95991113615409,0.317757956168309
"ebeafbc2-0399-4335-8f63-76a3e085e8c6","Evolved Sleeper",-0.443654373910879,0.200974803072923,-2.20751242010125,0.0272782802574175,0.641687166330335,0.432763024669294,0.951473198866084,2595.02431606302,TRUE,FALSE,-0.100018871543245,-0.109421609090686,-0.349870241933206,0.204655399367871,-1.70955783729072,0.0873476679258241,0.704779534615656,0.471896864497087,1.0525905759989,2587.11024187103,TRUE,FALSE,-0.0784326331882032,-0.0846819237584571,-0.241175481714717,0.197533872163621,-1.22093228403353,0.222111659736101,0.785703737651081,0.533475639390995,1.15718566655379,2776.16220241595,TRUE,FALSE,-0.0593143073773116,-0.0600425225307505,116,0.319004009223665,TRUE,FALSE,0.682611960387743,FALSE,FALSE,0.580596037307114,FALSE,FALSE,2587.11024187103,7.91407419198868,-189.051960544928,0.144016571320746,0.710723479532357,0.202633760482355,"low",-10.0018871543245,-10.9421609090686,-0.20003774308649,-0.218843218181372,-7.84326331882032,-8.46819237584571,-0.156865266376406,-0.169363847516914,-5.93143073773116,-6.00425225307505,-0.118628614754623,-0.120085045061501,-0.100687550883405,0.904215510091029,0.317757956168309
"6bbf7394-9b17-45f8-a25b-d865e8452b2c","Steamcore Scholar",-0.212844942385887,0.214130807682802,-0.99399495424862,0.320225323956206,0.808281457694652,0.53124003028382,1.22979985996904,2598.95967159567,TRUE,FALSE,-0.0484548840858619,-0.0530400209610968,-0.0769162428004466,0.222724616592778,-0.345342351362434,0.72983701104685,0.925967406795502,0.5984235540857,1.43279059220452,2589.93670432167,TRUE,FALSE,-0.0173581139419984,-0.0189819718794452,-0.245166131452642,0.214605587409323,-1.14240330092166,0.253286419825538,0.782574517200532,0.513865827921422,1.19179529304154,2776.35030564605,TRUE,FALSE,-0.0602739462526595,-0.0610560061413002,103,0.710499937527833,FALSE,FALSE,0.959606096866589,FALSE,FALSE,0.599444526920439,FALSE,FALSE,2589.93670432167,9.02296727399971,-186.413601324382,0.14339288959497,0.838941127230229,0.170921277954727,"medium",-4.84548840858619,-5.30400209610968,-0.0969097681717239,-0.106080041922194,-1.73581139419984,-1.89819718794452,-0.0347162278839969,-0.0379639437588905,-6.02739462526595,-6.10560061413002,-0.120547892505319,-0.1221120122826,-0.0536796940390968,0.94773562325958,0.317757956168309
"a7a8b6b8-b95f-4014-b17a-a6d44d965995","City of Traitors",-0.316913755201261,0.19966963928001,-1.58719050299296,0.112469505045831,0.728393572573893,0.492497325820867,1.07727934498458,2597.41718229955,TRUE,FALSE,-0.0718762412190806,-0.0786805193012102,-0.319891028696852,0.204517416773992,-1.56412609616695,0.11778795857499,0.726228170792114,0.486389680042147,1.08433089288893,2587.59308537576,TRUE,FALSE,-0.0717729325103883,-0.0777531637195838,-0.245307778662368,0.196010394784071,-1.25150392627189,0.210750682094282,0.782463675554158,0.532864476599388,1.14897770530502,2776.08969928622,TRUE,FALSE,-0.0602929273975063,-0.061094269443018,116,0.512155897762738,FALSE,FALSE,0.682611960387743,FALSE,FALSE,0.580596037307114,FALSE,FALSE,2587.59308537576,9.82409692379679,-188.496613910469,0.0562355047620435,0.745695139640055,0.0754135326524835,"medium",-7.18762412190806,-7.86805193012102,-0.143752482438161,-0.15736103860242,-7.17729325103883,-7.77531637195838,-0.143545865020777,-0.155506327439168,-6.02929273975063,-6.1094269443018,-0.120585854795013,-0.122188538886036,-0.0783593800831043,0.924632072475353,0.317757956168309
"2616aa0e-8413-4e63-877c-bffd5263f552","Porcelain Legionnaire",-0.228872028258076,0.209125918838226,-1.09442210477567,0.273769893558288,0.795430319595661,0.527947290329245,1.19843288320976,2598.74783299805,TRUE,FALSE,-0.052087201296071,-0.057007049580707,-0.240917845622,0.213925045417707,-1.12617877514803,0.260089855599358,0.785906189370398,0.516742324138594,1.19527375567758,2588.78056745959,TRUE,FALSE,-0.0542242277194026,-0.0587953303712849,-0.247625811752678,0.202073075852532,-1.22542704270701,0.220414363052437,0.780651999436073,0.525350804534063,1.16002019786385,2776.15207281799,TRUE,FALSE,-0.0608731656634921,-0.0616270440948903,110,0.703249357169374,FALSE,FALSE,0.75827324977958,FALSE,FALSE,0.580596037307114,FALSE,FALSE,2588.78056745959,9.96726553845883,-187.371505358408,0.0147783201595879,0.78732950280071,0.0187701846647662,"medium",-5.2087201296071,-5.7007049580707,-0.104174402592142,-0.114014099161414,-5.42242277194026,-5.87953303712849,-0.108448455438805,-0.11759066074257,-6.08731656634921,-6.16270440948903,-0.121746331326984,-0.123254088189781,-0.0101570088795343,0.989894399336699,0.317757956168309
"d6ec3293-b09e-4931-ac4e-dc5eac0ca004","Mana Vault",-0.170636086440809,0.169857458197174,-1.00458400974499,0.31509720009273,0.843128343485683,0.604377241188209,1.17619485834931,2598.94088505319,TRUE,FALSE,-0.0388777794332235,-0.0425793491755114,-0.184360797709205,0.174323798516664,-1.05757675818188,0.290248443179432,0.83163569743655,0.590943159629068,1.17036287159141,2588.93524020701,TRUE,FALSE,-0.0415351033581475,-0.0452593572302832,-0.24912781938244,0.168473694252427,-1.47873423496708,0.139211358659388,0.779480334321977,0.560270116800689,1.08445832353905,2775.4687562039,TRUE,FALSE,-0.0612048807329735,-0.0620617710091114,164,0.710499937527833,FALSE,FALSE,0.792601517913066,FALSE,FALSE,0.526570053444985,FALSE,FALSE,2588.93524020701,10.0056448461878,-186.533515996891,0.0636480091637057,0.818081458414737,0.0778015544895024,"medium",-3.88777794332235,-4.25793491755114,-0.077755558866447,-0.0851586983510229,-4.15351033581475,-4.52593572302832,-0.0830702067162949,-0.0905187144605665,-6.12048807329735,-6.20617710091114,-0.122409761465947,-0.124123542018223,-0.0705604495981083,0.931871406571149,0.317757956168309
"dcb94950-3f3e-4876-84f8-d5e4d9cfecee","Charming Prince",0.0210186957883269,0.204188497565378,0.102937707260405,0.918012410579721,1.02124114436732,0.684415041582908,1.52383190254934,2599.94188806313,TRUE,FALSE,0.00479555091993685,0.00525451110571623,-0.0297915718191293,0.211255319848566,-0.141021640735413,0.887852846350698,0.970647822826361,0.641560365554987,1.4685402131139,2590.03619913889,TRUE,FALSE,-0.00672374129267431,-0.0073686605379451,-0.254296035279628,0.199711496445835,-1.27331695873902,0.20290559125937,0.775462203893206,0.524279380258063,1.14698699264295,2776.03683958328,TRUE,FALSE,-0.0624581343332085,-0.0632500064431503,113,0.974307760668449,FALSE,FALSE,0.962405375433582,FALSE,FALSE,0.580596037307114,FALSE,FALSE,2590.03619913889,9.9056889242388,-186.000640444389,0.245778940474112,0.922450390362294,0.266441364264133,"low",0.479555091993685,0.525451110571623,0.0095911018398737,0.0105090222114325,-0.672374129267431,-0.73686605379451,-0.0134474825853486,-0.0147373210758902,-6.24581343332085,-6.32500064431503,-0.124916268666417,-0.126500012886301,-0.039038049916721,0.961714115308178,0.317757956168309
"1f9fb33a-3b39-4aff-93b8-aedafe0ea694","Fanatic of Rhonas",0.0438286810551795,0.204190437871292,0.214646099553429,0.83004324927975,1.04480334494838,0.700203286248683,1.55899586741961,2599.90646392031,TRUE,FALSE,0.00999657139542389,0.0109556963230248,-0.044973360582607,0.230214010437665,-0.195354576800548,0.845115373910467,0.956022949388264,0.608844231775538,1.5011719452308,2590.01791112284,TRUE,FALSE,-0.0101510997170938,-0.0111141695118112,-0.25513303129651,0.221094708501444,-1.15395358408066,0.248519198988188,0.774813416671341,0.502339717560591,1.19507936495486,2776.32672716464,TRUE,FALSE,-0.0627218842206104,-0.0634407231865263,114,0.954381711722466,FALSE,FALSE,0.961188495007595,FALSE,FALSE,0.599444526920439,FALSE,FALSE,2590.01791112284,9.88855279747031,-186.308816041798,0.269989928277042,0.925213237002663,0.291813732747389,"low",0.999657139542389,1.09556963230248,0.0199931427908478,0.0219113926460497,-1.01510997170938,-1.11141695118112,-0.0203021994341877,-0.0222283390236223,-6.27218842206104,-6.34407231865263,-0.125443768441221,-0.126881446373053,-0.00852416336582893,0.991512064304775,0.317757956168309
"35f1a6ba-e46f-44fb-93f4-fb883d677b36","Baleful Mastery",-0.145668463188076,0.200404496958297,-0.726872227914071,0.467304231561231,0.864444250772468,0.583645630612337,1.28033831403754,2599.42229917538,TRUE,FALSE,-0.033213384634543,-0.0363634195710999,-0.0691349272026782,0.20419779274596,-0.33856843540267,0.73493486450974,0.933200757415461,0.625400771102188,1.3924889349049,2589.9412956453,TRUE,FALSE,-0.0156032986607352,-0.0170724794560701,-0.256723678915634,0.196661086273716,-1.30541167945305,0.1917527034986,0.773581941236234,0.52614449007198,1.13738532114049,2775.94888935379,TRUE,FALSE,-0.0630858922994416,-0.0639063361540091,116,0.801823220191631,FALSE,FALSE,0.959606096866589,FALSE,FALSE,0.580596037307114,FALSE,FALSE,2589.9412956453,9.48100353008067,-186.007593708494,0.159618816179227,0.857075649808055,0.186236554748667,"medium",-3.3213384634543,-3.63634195710999,-0.0664267692690859,-0.0727268391421998,-1.56032986607352,-1.70724794560701,-0.0312065973214704,-0.0341449589121402,-6.30858922994416,-6.39063361540091,-0.126171784598883,-0.127812672308018,-0.0427845484499847,0.958117795795216,0.317757956168309
"1785cb18-c291-4fd5-b8c7-ace893c32e49","Mesmeric Fiend",-0.313470669074503,0.18788696125173,-1.66840033489348,0.0952362818438572,0.730905816833265,0.505741751186851,1.05631641411256,2597.14980476244,TRUE,FALSE,-0.0711220927942796,-0.0778509634398085,-0.269875229158768,0.194384500924198,-1.38835775422243,0.165028133727747,0.763474747780844,0.521592393771038,1.11752720603302,2588.11620609812,TRUE,FALSE,-0.0606817749998477,-0.065834609268107,-0.257753757397296,0.186373018696306,-1.38299931610436,0.166665075590855,0.77278550139296,0.536308955722305,1.11353246070422,2775.73926429658,TRUE,FALSE,-0.0633372477813338,-0.064156979819256,135,0.482984000779561,FALSE,FALSE,0.682611960387743,FALSE,FALSE,0.577230261802472,FALSE,FALSE,2588.11620609812,9.03359866431992,-187.623058198451,0.041879684559694,0.755722022002356,0.0554167846647235,"medium",-7.11220927942796,-7.78509634398085,-0.142244185588559,-0.155701926879617,-6.06817749998477,-6.5834609268107,-0.121363549999695,-0.131669218536214,-6.33372477813338,-6.4156979819256,-0.126674495562668,-0.128313959638512,-0.0771303762575111,0.925769147421296,0.317757956168309
"de0e01e4-e143-47fd-8565-7b48219bb546","Goldvein Hydra",0.0699234459708573,0.19932036779609,0.350809336466762,0.725731392341015,1.0724260795743,0.72560863851659,1.58501103088068,2599.829642032,TRUE,FALSE,0.0159430331570555,0.0174749307235057,-0.0904533593367813,0.221871249605288,-0.407684003662931,0.683505682870252,0.913516939943299,0.591365500504872,1.41116314504467,2589.88948581786,TRUE,FALSE,-0.0204117753979849,-0.022298469769226,-0.260600884691031,0.217119890847448,-1.20026259995743,0.230037370012346,0.770588411880658,0.503507903034019,1.17933898742526,2776.21380525213,TRUE,FALSE,-0.0640183669997372,-0.0648185274474748,114,0.913378039687918,FALSE,FALSE,0.959606096866589,FALSE,FALSE,0.580596037307114,FALSE,FALSE,2589.88948581786,9.94015621414746,-186.324319434277,0.301837667693643,0.918843810466086,0.328497253021202,"low",1.59430331570555,1.74749307235057,0.0318860663141109,0.0349498614470114,-2.04117753979849,-2.2298469769226,-0.0408235507959698,-0.044596939538452,-6.40183669997372,-6.48185274474748,-0.128036733999474,-0.12963705489495,-0.00689114500694144,0.993132544485668,0.317757956168309
"6151b583-3aa7-4be8-9d05-d5e53f19c6c9","Fastbond",-0.208120897074749,0.176135981632349,-1.18159217183211,0.237367561152808,0.812108849192522,0.575021745249783,1.14694929084867,2598.54964755165,TRUE,FALSE,-0.0474043244962795,-0.0518830167712709,-0.240374168925901,0.187968783506667,-1.27879834322264,0.200968077504155,0.786333584422715,0.544007097901116,1.13660374722439,2588.41104088975,TRUE,FALSE,-0.0541125757990919,-0.0587503969169277,-0.26378543405544,0.179989081721674,-1.46556353047761,0.142767232800225,0.768138338304096,0.539795975357058,1.09307318636877,2775.50145125936,TRUE,FALSE,-0.0648282665461379,-0.065646681987183,157,0.66275270915529,FALSE,FALSE,0.696094999265457,FALSE,FALSE,0.526570053444985,FALSE,FALSE,2588.41104088975,10.1386066619061,-187.090410369615,0.0439705108884253,0.788860257306444,0.055739290300366,"medium",-4.74043244962795,-5.18830167712709,-0.094808648992559,-0.103766033542542,-5.41125757990919,-5.87503969169277,-0.108225151598184,-0.117500793833855,-6.48282665461379,-6.5646681987183,-0.129656533092276,-0.131293363974366,-0.0563466293635394,0.945211441059127,0.317757956168309
"d2e27911-87cb-49a0-a34f-6afe4bddd592","Phyrexian Metamorph",-0.536759581645891,0.181052168459496,-2.964668063426,0.00303009681850249,0.584639663333167,0.409990277972752,0.833686929437471,2591.05533169104,TRUE,FALSE,-0.120211771436041,-0.131693639220574,-0.476525847427301,0.184311032471748,-2.58544396955914,0.0097253678288364,0.620936878323088,0.432671944935509,0.891119961381113,2583.30973165097,TRUE,FALSE,-0.106069577309147,-0.114368724496531,-0.272135521550797,0.174641514701463,-1.55825218314209,0.119173479204288,0.76175102041472,0.54094758492486,1.07268177781673,2775.21899791605,TRUE,FALSE,-0.0668568200202835,-0.0677193812684254,149,0.173097283465316,TRUE,FALSE,0.358273134128225,TRUE,FALSE,0.505153255134592,FALSE,FALSE,2583.30973165097,7.74560004006435,-191.909266265082,0.177111357081552,0.655775854023658,0.270079107052884,"low",-12.0211771436041,-13.1693639220574,-0.240423542872082,-0.263387278441149,-10.6069577309147,-11.4368724496531,-0.212139154618294,-0.228737448993062,-6.68568200202835,-6.77193812684254,-0.133713640040567,-0.135438762536851,-0.0897319154063457,0.914176228986414,0.317757956168309
"74d29b3d-f588-431d-bf4e-f7215683ab39","Tangle Wire",-0.163047970823851,0.20637271358223,-0.790065546910998,0.429489489426895,0.849550433802869,0.566919200211603,1.27308431131853,2599.32547177484,TRUE,FALSE,-0.0371659004531514,-0.0406859054430198,-0.2849502963873,0.216186410197872,-1.31807682141763,0.187477932782549,0.752051633073546,0.492295732684731,1.14886565383005,2588.30342809561,TRUE,FALSE,-0.0640439547211309,-0.0692771499966514,-0.275948482839524,0.207004701636151,-1.33305418021159,0.182514024342314,0.758852023655735,0.505767754608691,1.13857870249546,2775.87434116516,TRUE,FALSE,-0.0677491174972075,-0.0685727525373185,109,0.791682937081087,FALSE,FALSE,0.682611960387743,FALSE,FALSE,0.580596037307114,FALSE,FALSE,2588.30342809561,11.0220436792274,-187.570913069554,0.0974988007293229,0.786818030177383,0.123915310770576,"medium",-3.71659004531514,-4.06859054430198,-0.0743318009063029,-0.0813718108860396,-6.40439547211309,-6.92771499966514,-0.128087909442262,-0.138554299993303,-6.77491174972075,-6.85727525373185,-0.135498234994415,-0.137145505074637,-0.0771350896754245,0.925764783894696,0.317757956168309
"329a8738-3e17-403a-857a-0ba529ce8cd1","Walking Ballista",-0.217429343133186,0.199122919601175,-1.09193529086796,0.274861544527467,0.804584452327963,0.544596423727555,1.18868966582076,2598.75221789612,TRUE,FALSE,-0.049517500130534,-0.0541797982316021,-0.162797355971668,0.201861291460159,-0.806481296112181,0.419965388386342,0.849763370440686,0.572097706154816,1.26219311487207,2589.40276406742,TRUE,FALSE,-0.03671376136525,-0.039992794983051,-0.289210093477844,0.194785106017879,-1.48476492577055,0.137606106079354,0.748854859352757,0.511202798646658,1.09698851778754,2775.43772431601,TRUE,FALSE,-0.0710124631568554,-0.0719229576248016,119,0.703249357169374,FALSE,FALSE,0.921487398586617,FALSE,FALSE,0.526570053444985,FALSE,FALSE,2589.40276406742,9.34945382870046,-186.034960248595,0.100908511087929,0.801067560707136,0.125967541362994,"medium",-4.9517500130534,-5.41797982316021,-0.099035000261068,-0.108359596463204,-3.671376136525,-3.9992794983051,-0.0734275227305,-0.0799855899661019,-7.10124631568554,-7.19229576248016,-0.142024926313711,-0.143845915249603,-0.0448407235726405,0.956149761823555,0.317757956168309
"8683a978-1bef-4b01-9361-56b1fc157d26","Courser of Kruphix",0.0299591724336512,0.193393472288439,0.154913048921156,0.876889866285981,1.03041246386148,0.705328213633747,1.50532734287078,2599.92850011586,TRUE,FALSE,0.00683441956233357,0.00748933228235832,-0.0625920432749723,0.208257630741174,-0.300551019677943,0.763756885998352,0.939326600137838,0.624516830432364,1.41282735505407,2589.96560444162,TRUE,FALSE,-0.0141271884970226,-0.0154569349222851,-0.29653124769364,0.201819326943499,-1.46929063823831,0.141753974959627,0.743392397603275,0.500525301777363,1.10410453747683,2775.48769055305,TRUE,FALSE,-0.0727391998310931,-0.0736541452482563,124,0.973361514157262,FALSE,FALSE,0.959606096866589,FALSE,FALSE,0.526570053444985,FALSE,FALSE,2589.96560444162,9.96289567424401,-185.522086111435,0.287020066258203,0.90437715386753,0.317367665725272,"low",0.683441956233357,0.748933228235832,0.0136688391246671,0.0149786645647166,-1.41271884970226,-1.54569349222851,-0.0282543769940451,-0.0309138698445702,-7.27391998310931,-7.36541452482563,-0.145478399662186,-0.147308290496513,-0.0352481586966907,0.965365822605804,0.317757956168309
"175b3d28-5c74-4972-9b5c-5e39762c78f4","Relic of Sauron",-0.274853828594241,0.198210089936642,-1.38667929913203,0.165539575624596,0.759683159064931,0.515125043503903,1.12034642742525,2598.01528932234,TRUE,FALSE,-0.0624729697367497,-0.0683563277914422,-0.157336008705382,0.203711580296242,-0.772346905740852,0.439908991235951,0.854416919056829,0.573148343790957,1.27371609720088,2589.45719874692,TRUE,FALSE,-0.035482420414403,-0.0387111034317963,-0.317647350024498,0.197532002339049,-1.60808044399449,0.107817561623997,0.727859422768495,0.494202426932508,1.07198854243028,2775.05579844847,TRUE,FALSE,-0.0778743923988767,-0.0789836441663364,119,0.5733321887486,FALSE,FALSE,0.931343685525665,FALSE,FALSE,0.482967072048253,FALSE,FALSE,2589.45719874692,8.55809057542456,-185.598599701553,0.126557496288334,0.780653166963418,0.162117444268646,"medium",-6.24729697367497,-6.83563277914422,-0.124945939473499,-0.136712655582884,-3.5482420414403,-3.87111034317963,-0.070964840828806,-0.0774222068635926,-7.78743923988767,-7.89836441663364,-0.155748784797753,-0.157967288332673,-0.0702287381095736,0.932180570296291,0.317757956168309
"4720b4f2-e6af-4223-9250-a0ed21ed5693","Pest Infestation",-0.298832180145594,0.190757560160941,-1.56655484528881,0.117218779417528,0.741683868270175,0.510320153599913,1.07794088979578,2597.47952932449,TRUE,FALSE,-0.067867881880366,-0.0742570189915668,-0.265777938353091,0.194877486593729,-1.36382063930849,0.172624022810546,0.76660934313441,0.523228079203514,1.12320020339043,2588.18470954693,TRUE,FALSE,-0.0597804390154139,-0.0648213075776009,-0.324203243947981,0.187458052582799,-1.72947088418505,0.0837248531108268,0.723103261082239,0.500763659357336,1.04416188438836,2774.64240921317,TRUE,FALSE,-0.0794630062704257,-0.0805180710551813,131,0.512155897762738,FALSE,FALSE,0.682611960387743,FALSE,FALSE,0.421343384303412,FALSE,FALSE,2588.18470954693,9.29481977755631,-186.457699666236,0.0435060820521713,0.743798824162275,0.0584917327627821,"medium",-6.7867881880366,-7.42570189915668,-0.135735763760732,-0.148514037983134,-5.97804390154139,-6.48213075776009,-0.119560878030828,-0.129642615155202,-7.94630062704257,-8.05180710551813,-0.158926012540851,-0.161036142110363,-0.0939171293220682,0.910358201116176,0.317757956168309
"0c3bc412-689f-4385-807b-ed60d6276d76","Grim Monolith",-0.415273477290614,0.208540611021476,-1.99133144981458,0.0464444600902553,0.66015971732525,0.438667711077215,0.993487419688934,2595.93339974955,TRUE,FALSE,-0.0938227015397363,-0.10257516400259,-0.313364881357076,0.213972079675614,-1.46451294875549,0.143053847696279,0.730983141781225,0.480585485214158,1.11184455213049,2587.88987580704,TRUE,FALSE,-0.0703848085650899,-0.0761298248636776,-0.330764759933375,0.208674213878968,-1.58507730200542,0.112948771964497,0.718374139545923,0.477225468663346,1.0813785899017,2775.12203424216,TRUE,FALSE,-0.0810600053875432,-0.0820559652697604,106,0.340629627565346,TRUE,FALSE,0.682611960387743,FALSE,FALSE,0.486021988453288,FALSE,FALSE,2587.88987580704,8.04352394250282,-187.232158435118,0.0708234244559757,0.703172332884133,0.100719867867221,"medium",-9.38227015397363,-10.257516400259,-0.187645403079473,-0.205150328005181,-7.03848085650899,-7.61298248636776,-0.14076961713018,-0.152259649727355,-8.10600053875432,-8.20559652697604,-0.162120010775086,-0.164111930539521,-0.0607205777557363,0.941086163448774,0.317757956168309
"1132218d-56cd-441e-9006-df3c50344491","Joraga Treespeaker",-0.0730969558252758,0.210937659638093,-0.34653345424752,0.728941846967725,0.929510704179324,0.614752968739363,1.4054265585015,2599.83209964312,TRUE,FALSE,-0.0166816863710289,-0.018267321543141,-0.122315097522882,0.220765669939466,-0.55404944779875,0.579545005363797,0.884869504381333,0.574063184838863,1.36395097345225,2589.74811140554,TRUE,FALSE,-0.0275984664098216,-0.0300933904269867,-0.336442472610078,0.210832804655762,-1.59577857515772,0.110538238320903,0.714306974610063,0.472520205624894,1.07981510187868,2775.09044433407,TRUE,FALSE,-0.0824103904656107,-0.0834170904605647,107,0.913378039687918,FALSE,FALSE,0.959606096866589,FALSE,FALSE,0.482967072048253,FALSE,FALSE,2589.74811140554,10.0839882375813,-185.342332928533,0.215203729569261,0.842895727723573,0.255314770844155,"low",-1.66816863710289,-1.8267321543141,-0.0333633727420578,-0.036534643086282,-2.75984664098216,-3.00933904269867,-0.0551969328196432,-0.0601867808539734,-8.24103904656107,-8.34170904605647,-0.164820780931221,-0.166834180921129,-0.0895009708994371,0.914387377345684,0.317757956168309
"c3896705-bbd2-4ffb-a590-ee78e0eabdc5","Long Goodbye",-0.428160112290628,0.208870907219869,-2.04987912385483,0.0403762278551925,0.651707060134506,0.432770770111479,0.981401983594582,2595.69426304989,TRUE,FALSE,-0.0966549519444222,-0.105678048176915,-0.36167232887863,0.2121382841126,-1.70488947995195,0.0882150387690656,0.696510556849464,0.459570295756413,1.05560990403932,2587.12077679592,TRUE,FALSE,-0.0810588139043168,-0.0877546324611005,-0.34175932726059,0.204890211973882,-1.66801197562407,0.0953133494958644,0.71051918673207,0.475521043369724,1.06165125971488,2774.85129652427,TRUE,FALSE,-0.0836854315851671,-0.0848707658002552,109,0.333744739049673,TRUE,FALSE,0.682611960387743,FALSE,FALSE,0.443753955029926,FALSE,FALSE,2587.12077679592,8.57348625396935,-187.730519728354,0.0588121265975639,0.68624560123868,0.0857012802579825,"medium",-9.66549519444222,-10.5678048176915,-0.193309903888844,-0.211356096353829,-8.10588139043168,-8.77546324611006,-0.162117627808634,-0.175509264922201,-8.36854315851671,-8.48707658002552,-0.167370863170334,-0.16974153160051,-0.103008390869833,0.902119403883267,0.317757956168309
"9e7fb3c0-5159-4d1f-8490-ce4c9a60f567","Urza, Lord High Artificer",-0.411139863517976,0.196849081460905,-2.08860442968148,0.0367433461130859,0.66289421040041,0.450695171273024,0.975002090528686,2595.52547401937,TRUE,FALSE,-0.0929560992757123,-0.101605123578313,-0.258686794220079,0.201294565358754,-1.28511564015173,0.198751876947813,0.772064800336643,0.520365337321148,1.14551068867791,2588.38907921512,TRUE,FALSE,-0.0582325264010747,-0.0631940727457561,-0.350505632637663,0.196676225958585,-1.7821454063872,0.0747255228555831,0.704331866487814,0.479030487430409,1.03559875867458,2774.44367238378,TRUE,FALSE,-0.0858493428575018,-0.0870010666396724,120,0.333744739049673,TRUE,FALSE,0.696094999265457,FALSE,FALSE,0.400045246762185,FALSE,FALSE,2588.38907921512,7.13639480424854,-186.054593168656,0.109170589936234,0.713096959074956,0.153093613073112,"medium",-9.29560992757123,-10.1605123578313,-0.185912198551425,-0.203210247156627,-5.82325264010747,-6.31940727457561,-0.116465052802149,-0.126388145491512,-8.58493428575018,-8.70010666396724,-0.171698685715004,-0.174002133279345,-0.0335373272220281,0.967018814431719,0.317757956168309
"fd99bce1-ce39-464b-8e61-2631eb3ed6f6","Tolarian Academy",-0.422140976601714,0.215494555543412,-1.95894033395508,0.0501197747518412,0.655641602752795,0.429767761613244,1.00022837833774,2596.05783227565,TRUE,FALSE,-0.0953518747606309,-0.104215441150118,-0.26015322300127,0.222231278434418,-1.1706417963934,0.241742789553477,0.770933452016094,0.498711987743737,1.19174674369939,2588.67345993896,TRUE,FALSE,-0.058542760456741,-0.0635949994257597,-0.351416268023751,0.215749644226921,-1.62881505220068,0.103352177250201,0.703690768914013,0.46103303887654,1.07406770556285,2774.97548001686,TRUE,FALSE,-0.086033285428666,-0.0872526834231373,100,0.340629627565346,FALSE,FALSE,0.739899473337438,FALSE,FALSE,0.473419650629951,FALSE,FALSE,2588.67345993896,7.38437233668265,-186.3020200779,0.115291849263299,0.7100886078943,0.1623626234551,"medium",-9.53518747606309,-10.4215441150118,-0.190703749521262,-0.208430882300236,-5.8542760456741,-6.35949994257597,-0.117085520913482,-0.127189998851519,-8.6033285428666,-8.72526834231373,-0.172066570857332,-0.174505366846275,-0.0190422385510295,0.981137919523491,0.317757956168309
"5da578b8-19e6-4068-9336-e7cd33c585f1","Retrofitter Foundry",-0.543302967031608,0.200883505471388,-2.70456733496714,0.00683934067211571,0.580826629384372,0.391787907560208,0.861077044217263,2592.48361013772,TRUE,FALSE,-0.121871188713827,-0.133115885497546,-0.398490958683279,0.206522142137824,-1.92953140306546,0.0536649254475867,0.671332350292906,0.447860106649828,1.0063122788969,2586.27827525305,TRUE,FALSE,-0.0892404643728533,-0.0964611517638698,-0.353846964475658,0.199508744560144,-1.77359125413667,0.0761307853919395,0.701982387378376,0.474789323023278,1.03789038273147,2774.47060929973,TRUE,FALSE,-0.0866854624154912,-0.0878416555997933,118,0.173097283465316,TRUE,FALSE,0.682611960387743,FALSE,FALSE,0.400045246762185,FALSE,FALSE,2586.27827525305,6.20533488467299,-188.192334046688,0.121155757994004,0.651380455685218,0.185998454415637,"medium",-12.1871188713827,-13.3115885497546,-0.243742377427655,-0.266231770995092,-8.92404643728533,-9.64611517638698,-0.178480928745707,-0.19292230352774,-8.66854624154912,-8.78416555997933,-0.173370924830982,-0.175683311199587,-0.0952446513378199,0.909150482375947,0.317757956168309
"5bb3cb5c-8d66-4f5e-a9a9-917e6045f024","Flickerwisp",-0.291963662771336,0.2097255002241,-1.39212285801851,0.163885197518319,0.746795671965428,0.495085084547091,1.12648066579604,2597.99776163842,TRUE,FALSE,-0.0663260906972463,-0.072554119406171,-0.27085972847739,0.219528640232418,-1.23382410691665,0.217268454393123,0.762723477285194,0.496021570975489,1.17282621733151,2588.52480017831,TRUE,FALSE,-0.0609232037001618,-0.0658385103209239,-0.356667314292196,0.208632136036808,-1.70955117973422,0.0873488999677109,0.700005340772949,0.465061185223812,1.05364088141399,2774.71327881714,TRUE,FALSE,-0.087272337082419,-0.0882223997230256,109,0.5733321887486,FALSE,FALSE,0.709244149972952,FALSE,FALSE,0.425561184780821,FALSE,FALSE,2588.52480017831,9.47296146011195,-186.188478638835,0.0627181365122443,0.73650816334119,0.0851560642963164,"medium",-6.63260906972463,-7.2554119406171,-0.132652181394493,-0.145108238812342,-6.09232037001618,-6.58385103209239,-0.121846407400324,-0.131677020641848,-8.7272337082419,-8.82223997230257,-0.174544674164838,-0.176444799446051,-0.100982494711067,0.90394885663328,0.317757956168309
"0845f0b0-9413-4ddd-861d-9607636bebc6","Natural Order",0.0862124315476444,0.192916685524023,0.4468894503006,0.654954881485837,1.09003786214176,0.746840025994186,1.59094652073699,2599.75297776207,TRUE,FALSE,0.0196561210715338,0.0215421302340771,-0.28843319822805,0.246675999199304,-1.16927953738624,0.242291024719654,0.74943686718606,0.4621257879546,1.21537389286061,2588.67523330456,TRUE,FALSE,-0.0647607358912578,-0.0699940078994838,-0.361383503382468,0.239130934458721,-1.51123694724176,0.130728092079466,0.696711755910939,0.43601434494621,1.11328280009775,2775.35755134866,TRUE,FALSE,-0.088255550964121,-0.0893665016330245,122,0.911799933048911,FALSE,FALSE,0.739899473337438,FALSE,FALSE,0.515649696535671,FALSE,FALSE,2588.67523330456,11.0777444575115,-186.682318044107,0.393326106230819,0.845395495079586,0.465256922375475,"low",1.96561210715338,2.15421302340771,0.0393122421430677,0.0430842604681543,-6.47607358912578,-6.99940078994838,-0.129521471782516,-0.139988015798968,-8.8255550964121,-8.93665016330245,-0.176511101928242,-0.178733003266049,0.0299414864168491,1.03039424013048,0.317757956168309
"01794178-cf41-454c-ac37-1d8b18e42db2","Green Sun's Zenith",-0.0265570419853589,0.177135269085116,-0.1499252075689,0.880823623726818,0.973792495193994,0.688154316203474,1.37799298989757,2599.92998871547,TRUE,FALSE,-0.00606076391610798,-0.00663895278023946,-0.175688398429315,0.194547327058295,-0.903062514843347,0.366492717170426,0.838879338735148,0.57292459976793,1.2282917250224,2589.23703418963,TRUE,FALSE,-0.0396077774848682,-0.0430667136331047,-0.370038572202813,0.188045694870692,-1.96781198557758,0.0490896746133216,0.690707688006499,0.477778456455541,0.998532068211152,2773.75815753575,TRUE,FALSE,-0.0904330762305016,-0.0915895467597876,149,0.973361514157262,FALSE,FALSE,0.889606253644454,FALSE,FALSE,0.34003579488252,TRUE,FALSE,2589.23703418963,10.6929545258431,-184.521123346123,0.283084807187495,0.834459840645214,0.339243176722095,"low",-0.606076391610798,-0.663895278023946,-0.012121527832216,-0.0132779055604789,-3.96077774848682,-4.30667136331047,-0.0792155549697365,-0.0861334272662093,-9.04330762305016,-9.15895467597876,-0.180866152461003,-0.183179093519575,-0.0487199402037851,0.952447834696578,0.317757956168309
"522aa72b-2b8c-484c-872b-f082101cee35","Get Lost",-0.457660358197522,0.176433192899081,-2.59395837414393,0.00948779731730778,0.632762352260715,0.447772756022,0.894177211663233,2593.13508600027,TRUE,FALSE,-0.103151056234844,-0.112875734019213,-0.569702432032757,0.184414342574768,-3.08925230043741,0.00200660953734319,0.565693745994943,0.394098443821142,0.812003750014869,2580.33925590838,TRUE,FALSE,-0.12613503575793,-0.134089881831272,-0.377990482521988,0.170007990792342,-2.22336891789803,0.0261909338034474,0.685237022363128,0.491051561002983,0.956212777041215,2772.66817272533,TRUE,FALSE,-0.0924120439677932,-0.0934238236233978,164,0.179635629207694,TRUE,FALSE,0.189959036201822,TRUE,FALSE,0.288912096468252,TRUE,FALSE,2580.33925590838,12.7958300918922,-192.328916816946,0.119543276368185,0.627897706872929,0.190386547139242,"medium",-10.3151056234844,-11.2875734019213,-0.206302112469688,-0.225751468038426,-12.613503575793,-13.4089881831272,-0.25227007151586,-0.268179763662543,-9.24120439677932,-9.34238236233978,-0.184824087935586,-0.186847647246796,-0.122610727586094,0.884607949017537,0.317757956168309
"c17816e8-28b1-4295-a637-efb0e5c18873","Lush Portico",-0.179239486000381,0.200537662844786,-0.893794629186988,0.371431783329794,0.835905687714199,0.564230002267007,1.23839270500594,2599.14774271712,TRUE,FALSE,-0.0408734290267491,-0.0447101647414012,-0.172769398804474,0.216588022168064,-0.797686765293103,0.42505228596777,0.841331604550478,0.550305377922477,1.28626558491528,2589.41812156654,TRUE,FALSE,-0.0389729413449651,-0.0423410407533482,-0.381453524883201,0.207668069757423,-1.8368424444296,0.0662331579908901,0.682868121696345,0.454533826856236,1.0259057611934,2774.25285882107,TRUE,FALSE,-0.093309253655188,-0.0942339999084401,120,0.755030235272011,FALSE,FALSE,0.921487398586617,FALSE,FALSE,0.400045246762185,FALSE,FALSE,2589.41812156654,9.72962115057499,-184.834737254533,0.158463482854133,0.786701804653674,0.201427633592239,"low",-4.08734290267491,-4.47101647414012,-0.0817468580534982,-0.0894203294828023,-3.89729413449651,-4.23410407533482,-0.0779458826899303,-0.0846820815066963,-9.3309253655188,-9.42339999084401,-0.186618507310376,-0.18846799981688,-0.0720883334945784,0.930448702395635,0.317757956168309
"8e42df9e-95f2-4c79-9274-2d16e3cd91f1","Thalia, Guardian of Thraben",-0.189103376146569,0.202003722384044,-0.936138076639251,0.349202100682318,0.827700937738461,0.557088774512483,1.22976601517893,2599.07239258956,TRUE,FALSE,-0.0430811332788953,-0.0471581646848423,-0.378142073988767,0.211090705244292,-1.79137245077252,0.0732335467754063,0.685133154150784,0.452992433709069,1.03623681983632,2586.8192494282,TRUE,FALSE,-0.0846523941118365,-0.0909380299006621,-0.401206512800979,0.197099281901075,-2.03555542633761,0.0417950175363496,0.669511784006634,0.454971224300339,0.985218415984581,2773.48064478351,TRUE,FALSE,-0.0978427145945236,-0.0990162651739777,121,0.746069719174284,FALSE,FALSE,0.682611960387743,FALSE,FALSE,0.329716249453424,TRUE,FALSE,2586.8192494282,12.2531431613597,-186.661395355312,0.158189153731827,0.727448625298626,0.217457492158829,"low",-4.30811332788953,-4.71581646848423,-0.0861622665577906,-0.0943163293696846,-8.46523941118365,-9.09380299006621,-0.169304788223673,-0.181876059801324,-9.78427145945236,-9.90162651739777,-0.195685429189047,-0.198032530347955,-0.104400660943388,0.900864283970159,0.317757956168309
"e4e6794a-feeb-4fc8-a2ee-38c75c18aaae","Heartless Act",-0.104031821637586,0.19887778295939,-0.523094234506972,0.600908677499225,0.9011966194127,0.610283133490183,1.33078451995912,2599.67783372297,TRUE,FALSE,-0.0237421369685687,-0.0259884809612617,-0.0394608749478208,0.203784230138739,-0.193640474147363,0.846457404181892,0.961307564463457,0.644759457391913,1.43326665921699,2590.01855166457,TRUE,FALSE,-0.00890781908804752,-0.00975724458429633,-0.420874301935665,0.193675170177546,-2.17309375047839,0.0297732619850792,0.656472613560067,0.449114399905944,0.959569081830015,2772.86526882928,TRUE,FALSE,-0.102661823985896,-0.104079666620453,123,0.875296119588919,FALSE,FALSE,0.961188495007595,FALSE,FALSE,0.2915726346125,TRUE,FALSE,2590.01855166457,9.65928205840237,-182.846717164709,0.304834950903391,0.839658932478741,0.363046159710935,"low",-2.37421369685687,-2.59884809612617,-0.0474842739371374,-0.0519769619225234,-0.890781908804752,-0.975724458429633,-0.017815638176095,-0.0195144891685927,-10.2661823985896,-10.4079666620453,-0.205323647971792,-0.208159333240905,-0.10068217090669,0.904220374762504,0.317757956168309
"3b6e5956-f795-451b-bb24-56462d1ced27","Umezawa's Jitte",-0.387863060592397,0.187574646914002,-2.06777977180585,0.0386607366591389,0.678505251009722,0.469771267071383,0.979986235679697,2595.61642694836,TRUE,FALSE,-0.0878278221918015,-0.0959942631157589,-0.507653227972537,0.192230446809337,-2.64085755611883,0.00826964801324898,0.601906459899856,0.412951591928033,0.877321685037397,2582.97142274826,TRUE,FALSE,-0.112953304913275,-0.120504196846581,-0.442423647276012,0.184864096016942,-2.3932372851647,0.0167004365856361,0.642477393994561,0.447196458937752,0.923033252039906,2771.8413247885,TRUE,FALSE,-0.107769854751974,-0.10891619284879,137,0.333744739049673,TRUE,FALSE,0.358273134128225,TRUE,FALSE,0.237196305976526,TRUE,FALSE,2582.97142274826,12.645004200097,-188.869902040234,0.0765987911098654,0.640963034968047,0.119505785717712,"medium",-8.78278221918015,-9.59942631157589,-0.175655644383603,-0.191988526231518,-11.2953304913275,-12.0504196846581,-0.22590660982655,-0.241008393693162,-10.7769854751974,-10.891619284879,-0.215539709503948,-0.217832385697581,-0.126170207112045,0.881464802436079,0.317757956168309
"ab1d1461-1625-4163-aacd-a939f4871fad","Staff of the Storyteller",-0.409011668096698,0.21125443323402,-1.93610927749672,0.0528543185016532,0.664306481084738,0.439081445861051,1.00505977870638,2596.12778332493,TRUE,FALSE,-0.0925646190190046,-0.101061326332954,-0.397456856600572,0.219450926271655,-1.81114230572245,0.0701188262540048,0.672026935548665,0.437105509688902,1.03320638173689,2586.72012675379,TRUE,FALSE,-0.0890547996066046,-0.0953847045594846,-0.449226533091064,0.212369200510361,-2.11530924452082,0.0344035990765452,0.638121526677302,0.420853634995282,0.96755510455205,2773.09947691523,TRUE,FALSE,-0.109445747996139,-0.11039410447311,107,0.345917928583389,FALSE,FALSE,0.682611960387743,FALSE,FALSE,0.305331941804339,TRUE,FALSE,2586.72012675379,9.40765657114025,-186.379350161439,0.0339054088713635,0.658151647770235,0.051516104208251,"medium",-9.25646190190046,-10.1061326332954,-0.185129238038009,-0.202122652665908,-8.90547996066046,-9.53847045594846,-0.178109599213209,-0.190769409118969,-10.9445747996139,-11.039410447311,-0.218891495992277,-0.22078820894622,-0.155734427252747,0.855786433749131,0.317757956168309
"1e2fee55-227b-4373-a3f7-b463f220033f","Tinker",-0.49200990359004,0.184899749259114,-2.66095495294885,0.00779193810178615,0.611396310784012,0.425532730221276,0.878441121663946,2592.71487213451,TRUE,FALSE,-0.110878843763911,-0.12105340249733,-0.362759459511595,0.199821286946921,-1.81541949335936,0.0694594676439946,0.695753770324371,0.470288387544479,1.02931163460802,2586.71757413681,TRUE,FALSE,-0.0814651466315172,-0.0885595714545277,-0.451647434264359,0.193479298574676,-2.33434500533936,0.0195776639358306,0.636578565955951,0.435671456654258,0.93013270537969,2772.12056694369,TRUE,FALSE,-0.110121715784853,-0.112018317205255,141,0.173097283465316,TRUE,FALSE,0.682611960387743,FALSE,FALSE,0.252729843535268,TRUE,FALSE,2586.71757413681,5.99729799770739,-185.402992806881,0.0843574595403596,0.647909549021445,0.13019943859103,"medium",-11.0878843763911,-12.105340249733,-0.221757687527823,-0.24210680499466,-8.14651466315172,-8.85595714545277,-0.162930293263034,-0.177119142909055,-11.0121715784853,-11.2018317205255,-0.220243431569706,-0.22403663441051,-0.0972349430738714,0.90734280718127,0.317757956168309
"31b770cc-09e7-4c0b-b2a4-462ab4f7200d","Expressive Iteration",-0.57202145266977,0.201231934442332,-2.84259779271613,0.00447475008547102,0.56438341045856,0.380436483682075,0.837271522746553,2591.69695946641,TRUE,FALSE,-0.128023802173264,-0.139850501957564,-0.530397254846317,0.211244380352603,-2.51082302857474,0.0120450064040645,0.588371189939725,0.388898754543139,0.890156250455896,2583.61677030763,TRUE,FALSE,-0.117875485020713,-0.126702063866433,-0.486412040709672,0.204467560508317,-2.3789203504968,0.0173634273277649,0.614828420775506,0.411820189023843,0.91791028480009,2771.88853097738,TRUE,FALSE,-0.118123011935362,-0.119806614429951,117,0.173097283465316,TRUE,FALSE,0.358273134128225,TRUE,FALSE,0.237196305976526,TRUE,FALSE,2583.61677030763,8.0801891587812,-188.271760669749,0.0504450103169465,0.589194340391264,0.0856169295235383,"medium",-12.8023802173264,-13.9850501957564,-0.256047604346528,-0.279701003915128,-11.7875485020713,-12.6702063866433,-0.235750970041427,-0.253404127732865,-11.8123011935362,-11.9806614429951,-0.236246023870724,-0.239613228859902,-0.126676456075842,0.881018674728595,0.317757956168309
"1fdcc0c3-4029-4fc3-a486-5d7f45c910bd","Everflowing Chalice",-0.915242656041142,0.227839471988239,-4.01705046124926,5.89311086466628e-05,0.400419450102567,0.256197148095191,0.625829511423245,2582.61526016006,TRUE,FALSE,-0.199377956665066,-0.216036658747337,-0.77512650357184,0.232337061999858,-3.3362154832289,0.000849273088303906,0.46064550401131,0.292144380516697,0.726333602551381,2578.25285804679,TRUE,FALSE,-0.169684497983436,-0.180078801273497,-0.782780887298726,0.226425467912446,-3.45712385852908,0.000545973845949776,0.457133006712258,0.293295453472159,0.712491732660376,2764.89413672361,TRUE,FALSE,-0.185609324516919,-0.188689951072752,100,0.0167364348556522,TRUE,TRUE,0.189959036201822,TRUE,FALSE,0.139108896777108,TRUE,FALSE,2578.25285804679,4.36240211326685,-186.641278676822,0.0602260539087433,0.439399320275378,0.137064513142621,"medium",-19.9377956665066,-21.6036658747337,-0.398755913330132,-0.432073317494673,-16.9684497983436,-18.0078801273497,-0.339368995966873,-0.360157602546994,-18.5609324516919,-18.8689951072752,-0.371218649033838,-0.377379902145503,-0.219647266921463,0.802801922819483,0.317757956168309
