season_id,scryfallId,card_name,archetype,games_played,games_won,game_winrate
Season-4,0020c31b-002a-4121-bc61-2c2c16e9afc8,Ornery Tumblewagg,Aggro,8,5,0.625
Season-4,0020c31b-002a-4121-bc61-2c2c16e9afc8,Ornery Tumblewagg,Aggro-Combo,20,12,0.6
Season-4,0020c31b-002a-4121-bc61-2c2c16e9afc8,Ornery Tumblewagg,Control-Aggro (Midrange),9,2,0.2222222222222222
Season-4,0027e5ca-8046-40a0-bd73-79be55f28bff,Remand,Aggro-Combo,9,6,0.6666666666666666
Season-4,0027e5ca-8046-40a0-bd73-79be55f28bff,Remand,Aggro-Control (Tempo),20,12,0.6
Season-4,0027e5ca-8046-40a0-bd73-79be55f28bff,Remand,Combo,29,15,0.5172413793103449
Season-4,0027e5ca-8046-40a0-bd73-79be55f28bff,Remand,Combo-Control,9,6,0.6666666666666666
Season-4,0027e5ca-8046-40a0-bd73-79be55f28bff,Remand,Control,19,5,0.2631578947368421
Season-4,0055ea30-20fb-4324-a632-8fed87628f05,"Boseiju, Who Endures",Aggro,25,15,0.6
Season-4,0055ea30-20fb-4324-a632-8fed87628f05,"Boseiju, Who Endures",Aggro-Combo,19,11,0.5789473684210527
Season-4,0055ea30-20fb-4324-a632-8fed87628f05,"Boseiju, Who Endures",Combo-Control,9,3,0.3333333333333333
Season-4,0055ea30-20fb-4324-a632-8fed87628f05,"Boseiju, Who Endures",Control,11,6,0.5454545454545454
Season-4,0055ea30-20fb-4324-a632-8fed87628f05,"Boseiju, Who Endures",Control-Aggro (Midrange),27,10,0.3703703703703703
Season-4,005dae9a-dddc-4a11-95bb-cce319edcce4,Skullclamp,Aggro,18,12,0.6666666666666666
Season-4,005dae9a-dddc-4a11-95bb-cce319edcce4,Skullclamp,Aggro-Combo,9,6,0.6666666666666666
Season-4,005dae9a-dddc-4a11-95bb-cce319edcce4,Skullclamp,Aggro-Control (Tempo),9,5,0.5555555555555556
Season-4,005dae9a-dddc-4a11-95bb-cce319edcce4,Skullclamp,Combo-Control,20,14,0.7
Season-4,005dae9a-dddc-4a11-95bb-cce319edcce4,Skullclamp,Control,7,4,0.5714285714285714
Season-4,005dae9a-dddc-4a11-95bb-cce319edcce4,Skullclamp,Control-Aggro (Midrange),10,7,0.7
Season-4,006d2bf1-20f7-4b09-8d98-8233d91682bd,Flame Slash,Aggro,65,33,0.5076923076923077
Season-4,006d2bf1-20f7-4b09-8d98-8233d91682bd,Flame Slash,Control,20,16,0.8
Season-4,00cb17a0-5a13-4d02-b7fb-f99531bc8ca5,Dark Depths,Combo,41,20,0.4878048780487805
Season-4,00cb17a0-5a13-4d02-b7fb-f99531bc8ca5,Dark Depths,Combo-Control,29,14,0.4827586206896552
Season-4,00f9955f-a522-47bf-b064-92dd21a76b18,Solemn Simulacrum,Combo,10,6,0.6
Season-4,00f9955f-a522-47bf-b064-92dd21a76b18,Solemn Simulacrum,Control,21,8,0.3809523809523809
Season-4,00f9955f-a522-47bf-b064-92dd21a76b18,Solemn Simulacrum,Control-Aggro (Midrange),8,1,0.125
Season-4,01006833-6007-4c16-9ebb-20d31c60a57a,Taiga,Aggro,16,9,0.5625
Season-4,01006833-6007-4c16-9ebb-20d31c60a57a,Taiga,Combo,31,11,0.3548387096774194
Season-4,01006833-6007-4c16-9ebb-20d31c60a57a,Taiga,Combo-Control,9,6,0.6666666666666666
Season-4,01006833-6007-4c16-9ebb-20d31c60a57a,Taiga,Control,11,8,0.7272727272727273
Season-4,01006833-6007-4c16-9ebb-20d31c60a57a,Taiga,Control-Aggro (Midrange),10,6,0.6
Season-4,01794178-cf41-454c-ac37-1d8b18e42db2,Green Sun's Zenith,Aggro,10,4,0.4
Season-4,01794178-cf41-454c-ac37-1d8b18e42db2,Green Sun's Zenith,Aggro-Combo,32,18,0.5625
Season-4,01794178-cf41-454c-ac37-1d8b18e42db2,Green Sun's Zenith,Combo,11,4,0.3636363636363636
Season-4,01794178-cf41-454c-ac37-1d8b18e42db2,Green Sun's Zenith,Combo-Control,32,13,0.40625
Season-4,01794178-cf41-454c-ac37-1d8b18e42db2,Green Sun's Zenith,Control-Aggro (Midrange),27,11,0.4074074074074074
Season-4,01978fe5-00a9-4add-ae2a-b4c2572ffb9a,Vendilion Clique,Combo,18,7,0.3888888888888889
Season-4,01978fe5-00a9-4add-ae2a-b4c2572ffb9a,Vendilion Clique,Control,8,5,0.625
Season-4,01c6f877-6b00-4d57-8a88-36cd3b16edbc,Llanowar Elves,Aggro,26,13,0.5
Season-4,01c6f877-6b00-4d57-8a88-36cd3b16edbc,Llanowar Elves,Aggro-Combo,20,11,0.55
Season-4,01c6f877-6b00-4d57-8a88-36cd3b16edbc,Llanowar Elves,Combo,10,5,0.5
Season-4,01c6f877-6b00-4d57-8a88-36cd3b16edbc,Llanowar Elves,Control-Aggro (Midrange),38,12,0.3157894736842105
Season-4,01d1e394-1b0c-4b40-ba85-f55973703d41,Smirking Spelljacker,Aggro-Control (Tempo),10,8,0.8
Season-4,01d1e394-1b0c-4b40-ba85-f55973703d41,Smirking Spelljacker,Combo,22,10,0.4545454545454545
Season-4,01d1e394-1b0c-4b40-ba85-f55973703d41,Smirking Spelljacker,Control,18,5,0.2777777777777778
Season-4,01e7b0bc-1c6c-48f4-8b72-1a809f536c6c,Birds of Paradise,Aggro,9,6,0.6666666666666666
Season-4,01e7b0bc-1c6c-48f4-8b72-1a809f536c6c,Birds of Paradise,Aggro-Combo,28,16,0.5714285714285714
Season-4,01e7b0bc-1c6c-48f4-8b72-1a809f536c6c,Birds of Paradise,Combo,11,4,0.3636363636363636
Season-4,01e7b0bc-1c6c-48f4-8b72-1a809f536c6c,Birds of Paradise,Combo-Control,9,3,0.3333333333333333
Season-4,01e7b0bc-1c6c-48f4-8b72-1a809f536c6c,Birds of Paradise,Control,29,19,0.6551724137931034
Season-4,01e7b0bc-1c6c-48f4-8b72-1a809f536c6c,Birds of Paradise,Control-Aggro (Midrange),18,5,0.2777777777777778
Season-4,02138fbb-3962-4348-8d31-faaefba0b8b2,Raugrin Triome,Aggro-Control (Tempo),9,5,0.5555555555555556
Season-4,02138fbb-3962-4348-8d31-faaefba0b8b2,Raugrin Triome,Combo-Control,20,10,0.5
Season-4,02138fbb-3962-4348-8d31-faaefba0b8b2,Raugrin Triome,Control,43,19,0.4418604651162791
Season-4,02551196-ecea-472f-9547-3c9658d0489e,Ravenous Chupacabra,Aggro,8,1,0.125
Season-4,02551196-ecea-472f-9547-3c9658d0489e,Ravenous Chupacabra,Combo,10,5,0.5
Season-4,02551196-ecea-472f-9547-3c9658d0489e,Ravenous Chupacabra,Control-Aggro (Midrange),11,7,0.6363636363636364
Season-4,02902fcc-eefc-4e81-aafd-59fa203a71d7,Eternal Witness,Combo-Control,21,8,0.3809523809523809
Season-4,02c532e8-21f1-4d6f-a931-1ea48a6aeea2,Coalition Relic,Combo,20,8,0.4
Season-4,02c532e8-21f1-4d6f-a931-1ea48a6aeea2,Coalition Relic,Combo-Control,20,8,0.4
Season-4,02c532e8-21f1-4d6f-a931-1ea48a6aeea2,Coalition Relic,Control,15,6,0.4
Season-4,02c532e8-21f1-4d6f-a931-1ea48a6aeea2,Coalition Relic,Control-Aggro (Midrange),10,4,0.4
Season-4,02d6d693-f1f3-4317-bcc0-c21fa8490d38,"Jace, Vryn's Prodigy // Jace, Telepath Unbound",Combo,86,47,0.5465116279069767
Season-4,02d6d693-f1f3-4317-bcc0-c21fa8490d38,"Jace, Vryn's Prodigy // Jace, Telepath Unbound",Combo-Control,22,12,0.5454545454545454
Season-4,02d6d693-f1f3-4317-bcc0-c21fa8490d38,"Jace, Vryn's Prodigy // Jace, Telepath Unbound",Control,9,1,0.1111111111111111
Season-4,0324641d-af55-4c53-b4dc-c8262e967da5,Volcanic Island,Aggro-Control (Tempo),11,7,0.6363636363636364
Season-4,0324641d-af55-4c53-b4dc-c8262e967da5,Volcanic Island,Combo,28,12,0.4285714285714285
Season-4,0324641d-af55-4c53-b4dc-c8262e967da5,Volcanic Island,Combo-Control,11,7,0.6363636363636364
Season-4,0324641d-af55-4c53-b4dc-c8262e967da5,Volcanic Island,Control,17,5,0.2941176470588235
Season-4,0359f212-9564-41a9-870b-d2c57455a695,Brainstorm,Combo,36,21,0.5833333333333334
Season-4,0359f212-9564-41a9-870b-d2c57455a695,Brainstorm,Combo-Control,9,6,0.6666666666666666
Season-4,0359f212-9564-41a9-870b-d2c57455a695,Brainstorm,Control,8,1,0.125
Season-4,0359f212-9564-41a9-870b-d2c57455a695,Brainstorm,Control-Aggro (Midrange),8,2,0.25
Season-4,045ce37b-86d2-4e56-84af-b6625b53d13c,Path to Exile,Aggro,50,24,0.48
Season-4,045ce37b-86d2-4e56-84af-b6625b53d13c,Path to Exile,Combo-Control,21,11,0.5238095238095238
Season-4,045ce37b-86d2-4e56-84af-b6625b53d13c,Path to Exile,Control,34,10,0.2941176470588235
Season-4,0463e989-ba32-4a46-a82f-e0d6daf3cd51,Sulfuric Vortex,Aggro,29,11,0.3793103448275862
Season-4,04fc99dc-bfbe-4567-b791-6b1db96471ec,Reanimate,Aggro-Control (Tempo),9,5,0.5555555555555556
Season-4,04fc99dc-bfbe-4567-b791-6b1db96471ec,Reanimate,Combo,66,34,0.5151515151515151
Season-4,04fc99dc-bfbe-4567-b791-6b1db96471ec,Reanimate,Control,9,6,0.6666666666666666
Season-4,04fc99dc-bfbe-4567-b791-6b1db96471ec,Reanimate,Control-Aggro (Midrange),10,4,0.4
Season-4,054f2276-2dd5-43da-bb26-c57c560861fe,Steam Vents,Combo,57,27,0.4736842105263157
Season-4,054f2276-2dd5-43da-bb26-c57c560861fe,Steam Vents,Combo-Control,20,10,0.5
Season-4,054f2276-2dd5-43da-bb26-c57c560861fe,Steam Vents,Control,17,5,0.2941176470588235
Season-4,059164e1-894d-4586-9800-e60d6fbd6eb6,Shifting Woodland,Aggro-Combo,19,10,0.5263157894736842
Season-4,059164e1-894d-4586-9800-e60d6fbd6eb6,Shifting Woodland,Combo-Control,20,8,0.4
Season-4,0596155d-8f83-40ca-be31-9a0df1ced65e,Wall of Omens,Aggro,10,2,0.2
Season-4,0596155d-8f83-40ca-be31-9a0df1ced65e,Wall of Omens,Control,27,9,0.3333333333333333
Season-4,05bd329b-5707-42fc-af1c-084cc604e805,Imperial Recruiter,Aggro,8,5,0.625
Season-4,05bd329b-5707-42fc-af1c-084cc604e805,Imperial Recruiter,Combo-Control,9,6,0.6666666666666666
Season-4,05bd329b-5707-42fc-af1c-084cc604e805,Imperial Recruiter,Control,10,6,0.6
Season-4,05bd329b-5707-42fc-af1c-084cc604e805,Imperial Recruiter,Control-Aggro (Midrange),10,5,0.5
Season-4,05bdd22c-3e11-4c29-bdfa-d3dfc0e90a9f,Bitter Triumph,Aggro,8,1,0.125
Season-4,05bdd22c-3e11-4c29-bdfa-d3dfc0e90a9f,Bitter Triumph,Combo,38,16,0.4210526315789473
Season-4,05bdd22c-3e11-4c29-bdfa-d3dfc0e90a9f,Bitter Triumph,Combo-Control,9,6,0.6666666666666666
Season-4,05bdd22c-3e11-4c29-bdfa-d3dfc0e90a9f,Bitter Triumph,Control,11,6,0.5454545454545454
Season-4,05bdd22c-3e11-4c29-bdfa-d3dfc0e90a9f,Bitter Triumph,Control-Aggro (Midrange),20,10,0.5
Season-4,05cf51d8-9f91-42ff-99e9-4397f2251c20,Dark Confidant,Aggro,9,5,0.5555555555555556
Season-4,05cf51d8-9f91-42ff-99e9-4397f2251c20,Dark Confidant,Combo-Control,20,14,0.7
Season-4,05cf51d8-9f91-42ff-99e9-4397f2251c20,Dark Confidant,Control,47,25,0.5319148936170213
Season-4,05e8a4ea-8c0d-4284-ac23-80e19fdde11d,Myr Battlesphere,Combo,38,15,0.3947368421052631
Season-4,05e8a4ea-8c0d-4284-ac23-80e19fdde11d,Myr Battlesphere,Combo-Control,9,6,0.6666666666666666
Season-4,05e8a4ea-8c0d-4284-ac23-80e19fdde11d,Myr Battlesphere,Control,8,2,0.25
Season-4,0645f487-efe5-4764-b361-85e07bb5ccca,"Ulamog, the Infinite Gyre",Combo,20,11,0.55
Season-4,064dfdeb-485f-473e-9fa0-8fdb7638cdc6,Dismember,Aggro,19,13,0.6842105263157895
Season-4,064dfdeb-485f-473e-9fa0-8fdb7638cdc6,Dismember,Combo,37,17,0.4594594594594595
Season-4,064dfdeb-485f-473e-9fa0-8fdb7638cdc6,Dismember,Control,26,14,0.5384615384615384
Season-4,068bb15a-fc2d-42a2-859b-837b946d23c0,Underground Sea,Combo,45,21,0.4666666666666667
Season-4,068bb15a-fc2d-42a2-859b-837b946d23c0,Underground Sea,Control,28,13,0.4642857142857143
Season-4,06c0c35d-a26e-473a-9206-8fbda7191700,Entomb,Combo,66,31,0.4696969696969697
Season-4,06c0c35d-a26e-473a-9206-8fbda7191700,Entomb,Combo-Control,20,14,0.7
Season-4,06cb1bd6-73e0-4104-b344-4bc52d7dcedf,Baleful Strix,Aggro-Control (Tempo),9,4,0.4444444444444444
Season-4,06cb1bd6-73e0-4104-b344-4bc52d7dcedf,Baleful Strix,Combo,39,23,0.5897435897435898
Season-4,06cb1bd6-73e0-4104-b344-4bc52d7dcedf,Baleful Strix,Control,26,16,0.6153846153846154
Season-4,071daca8-ccc6-4707-843e-adac40dd1588,Fury,Aggro,56,31,0.5535714285714286
Season-4,071daca8-ccc6-4707-843e-adac40dd1588,Fury,Combo-Control,9,3,0.3333333333333333
Season-4,071daca8-ccc6-4707-843e-adac40dd1588,Fury,Control,11,6,0.5454545454545454
Season-4,071daca8-ccc6-4707-843e-adac40dd1588,Fury,Control-Aggro (Midrange),10,5,0.5
Season-4,07246783-d475-4f61-99ac-e2b574072349,Voice of Resurgence,Aggro,10,4,0.4
Season-4,07246783-d475-4f61-99ac-e2b574072349,Voice of Resurgence,Combo-Control,11,5,0.4545454545454545
Season-4,07246783-d475-4f61-99ac-e2b574072349,Voice of Resurgence,Control-Aggro (Midrange),18,4,0.2222222222222222
Season-4,07313dd3-d0dc-40ca-98a3-fa4d39e5bcae,Oust,Aggro,47,28,0.5957446808510638
Season-4,07313dd3-d0dc-40ca-98a3-fa4d39e5bcae,Oust,Aggro-Control (Tempo),9,5,0.5555555555555556
Season-4,07313dd3-d0dc-40ca-98a3-fa4d39e5bcae,Oust,Combo-Control,20,11,0.55
Season-4,07313dd3-d0dc-40ca-98a3-fa4d39e5bcae,Oust,Control-Aggro (Midrange),19,6,0.3157894736842105
Season-4,073bfdca-d7b8-4f4b-93f3-6e7c44bc0b0a,Sol Ring,Combo,40,21,0.525
Season-4,073bfdca-d7b8-4f4b-93f3-6e7c44bc0b0a,Sol Ring,Combo-Control,18,9,0.5
Season-4,073bfdca-d7b8-4f4b-93f3-6e7c44bc0b0a,Sol Ring,Control,39,20,0.5128205128205128
Season-4,0783b426-a527-42c1-9271-be28b229e1c6,"Torsten, Founder of Benalia",Combo,19,6,0.3157894736842105
Season-4,079e6263-e54c-4899-a336-5315909b9322,"Magda, Brazen Outlaw",Aggro,45,21,0.4666666666666667
Season-4,079e6263-e54c-4899-a336-5315909b9322,"Magda, Brazen Outlaw",Aggro-Control (Tempo),11,7,0.6363636363636364
Season-4,079e6263-e54c-4899-a336-5315909b9322,"Magda, Brazen Outlaw",Combo,11,5,0.4545454545454545
Season-4,079e6263-e54c-4899-a336-5315909b9322,"Magda, Brazen Outlaw",Combo-Control,18,12,0.6666666666666666
Season-4,079e6263-e54c-4899-a336-5315909b9322,"Magda, Brazen Outlaw",Control,11,8,0.7272727272727273
Season-4,07a3d9e8-8597-498b-869c-cff79e0df516,"Karn, Scion of Urza",Combo,28,13,0.4642857142857143
Season-4,07a3d9e8-8597-498b-869c-cff79e0df516,"Karn, Scion of Urza",Combo-Control,9,6,0.6666666666666666
Season-4,07a3d9e8-8597-498b-869c-cff79e0df516,"Karn, Scion of Urza",Control,20,10,0.5
Season-4,07c17b01-ee5d-491a-8403-b3f819b778c4,Wishclaw Talisman,Combo,49,27,0.5510204081632653
Season-4,07c17b01-ee5d-491a-8403-b3f819b778c4,Wishclaw Talisman,Combo-Control,20,11,0.55
Season-4,0845f0b0-9413-4ddd-861d-9607636bebc6,Natural Order,Aggro,18,9,0.5
Season-4,0845f0b0-9413-4ddd-861d-9607636bebc6,Natural Order,Aggro-Combo,50,28,0.56
Season-4,0845f0b0-9413-4ddd-861d-9607636bebc6,Natural Order,Combo-Control,18,9,0.5
Season-4,09521f23-52d6-482d-9f3b-c4d12fcc08cc,Tidehollow Sculler,Combo-Control,20,14,0.7
Season-4,09521f23-52d6-482d-9f3b-c4d12fcc08cc,Tidehollow Sculler,Control,38,23,0.6052631578947368
Season-4,09521f23-52d6-482d-9f3b-c4d12fcc08cc,Tidehollow Sculler,Control-Aggro (Midrange),10,6,0.6
Season-4,09fd2d9c-1793-4beb-a3fb-7a869f660cd4,Bonecrusher Giant // Stomp,Aggro,66,39,0.5909090909090909
Season-4,09fd2d9c-1793-4beb-a3fb-7a869f660cd4,Bonecrusher Giant // Stomp,Combo,11,5,0.4545454545454545
Season-4,09fd2d9c-1793-4beb-a3fb-7a869f660cd4,Bonecrusher Giant // Stomp,Combo-Control,9,3,0.3333333333333333
Season-4,0a26d900-c652-4f9c-8681-a35c5f8b1937,Sacred Foundry,Aggro,39,22,0.5641025641025641
Season-4,0a26d900-c652-4f9c-8681-a35c5f8b1937,Sacred Foundry,Combo,9,3,0.3333333333333333
Season-4,0a26d900-c652-4f9c-8681-a35c5f8b1937,Sacred Foundry,Combo-Control,11,7,0.6363636363636364
Season-4,0a26d900-c652-4f9c-8681-a35c5f8b1937,Sacred Foundry,Control-Aggro (Midrange),10,6,0.6
Season-4,0aa3a844-97e6-4f5d-a36f-56fea4e06932,Manglehorn,Aggro,8,5,0.625
Season-4,0aa3a844-97e6-4f5d-a36f-56fea4e06932,Manglehorn,Control-Aggro (Midrange),8,1,0.125
Season-4,0ad38866-fc5f-4f62-89c1-afc0f50765aa,Novice Inspector,Aggro,47,26,0.5531914893617021
Season-4,0ad38866-fc5f-4f62-89c1-afc0f50765aa,Novice Inspector,Aggro-Control (Tempo),9,5,0.5555555555555556
Season-4,0ad38866-fc5f-4f62-89c1-afc0f50765aa,Novice Inspector,Combo,11,6,0.5454545454545454
Season-4,0ad38866-fc5f-4f62-89c1-afc0f50765aa,Novice Inspector,Control,37,21,0.5675675675675675
Season-4,0adcd4e5-d542-4293-8774-ace2305ef820,Walk-In Closet // Forgotten Cellar,Aggro-Combo,12,6,0.5
Season-4,0adcd4e5-d542-4293-8774-ace2305ef820,Walk-In Closet // Forgotten Cellar,Combo,31,16,0.5161290322580645
Season-4,0adcd4e5-d542-4293-8774-ace2305ef820,Walk-In Closet // Forgotten Cellar,Combo-Control,21,11,0.5238095238095238
Season-4,0adcd4e5-d542-4293-8774-ace2305ef820,Walk-In Closet // Forgotten Cellar,Control-Aggro (Midrange),10,5,0.5
Season-4,0c0e7131-db26-448d-afda-f48337a026f0,Pyroclasm,Combo,9,4,0.4444444444444444
Season-4,0c0e7131-db26-448d-afda-f48337a026f0,Pyroclasm,Control,11,8,0.7272727272727273
Season-4,0c3bc412-689f-4385-807b-ed60d6276d76,Grim Monolith,Combo,38,16,0.4210526315789473
Season-4,0c3bc412-689f-4385-807b-ed60d6276d76,Grim Monolith,Control,24,8,0.3333333333333333
Season-4,0c3d7e2c-a104-4757-9984-fb31088f92c4,Cryptic Coat,Aggro-Control (Tempo),11,7,0.6363636363636364
Season-4,0c3d7e2c-a104-4757-9984-fb31088f92c4,Cryptic Coat,Combo,31,14,0.4516129032258064
Season-4,0c3d7e2c-a104-4757-9984-fb31088f92c4,Cryptic Coat,Control,37,15,0.4054054054054054
Season-4,0c9a7cb0-5bff-48ff-b620-2838816ac9b5,Counterspell,Aggro-Control (Tempo),28,17,0.6071428571428571
Season-4,0c9a7cb0-5bff-48ff-b620-2838816ac9b5,Counterspell,Combo,19,8,0.4210526315789473
Season-4,0c9a7cb0-5bff-48ff-b620-2838816ac9b5,Counterspell,Control,29,17,0.5862068965517241
Season-4,0c9a7cb0-5bff-48ff-b620-2838816ac9b5,Counterspell,Control-Aggro (Midrange),8,2,0.25
Season-4,0cb33b46-4d1b-4f97-bfdc-d815aee111da,Mana Crypt,Aggro,39,26,0.6666666666666666
Season-4,0cb33b46-4d1b-4f97-bfdc-d815aee111da,Mana Crypt,Aggro-Control (Tempo),19,13,0.6842105263157895
Season-4,0cb33b46-4d1b-4f97-bfdc-d815aee111da,Mana Crypt,Combo,30,14,0.4666666666666667
Season-4,0cb33b46-4d1b-4f97-bfdc-d815aee111da,Mana Crypt,Control,17,12,0.7058823529411765
Season-4,0ce44270-a684-4489-9077-521456e6dfaa,Lórien Revealed,Aggro-Control (Tempo),29,16,0.5517241379310345
Season-4,0ce44270-a684-4489-9077-521456e6dfaa,Lórien Revealed,Combo,44,22,0.5
Season-4,0ce44270-a684-4489-9077-521456e6dfaa,Lórien Revealed,Combo-Control,9,6,0.6666666666666666
Season-4,0ce44270-a684-4489-9077-521456e6dfaa,Lórien Revealed,Control,17,6,0.3529411764705882
Season-4,0d08f5e4-d2d3-4659-86d4-a983d80e3b2c,Tundra,Aggro-Control (Tempo),9,5,0.5555555555555556
Season-4,0d08f5e4-d2d3-4659-86d4-a983d80e3b2c,Tundra,Combo,9,3,0.3333333333333333
Season-4,0d08f5e4-d2d3-4659-86d4-a983d80e3b2c,Tundra,Combo-Control,11,8,0.7272727272727273
Season-4,0d08f5e4-d2d3-4659-86d4-a983d80e3b2c,Tundra,Control,36,20,0.5555555555555556
Season-4,0d16e8e0-31b2-4389-afd6-783c501f6fa0,"Ajani, Nacatl Pariah // Ajani, Nacatl Avenger",Aggro,60,34,0.5666666666666667
Season-4,0d16e8e0-31b2-4389-afd6-783c501f6fa0,"Ajani, Nacatl Pariah // Ajani, Nacatl Avenger",Combo,10,6,0.6
Season-4,0d16e8e0-31b2-4389-afd6-783c501f6fa0,"Ajani, Nacatl Pariah // Ajani, Nacatl Avenger",Combo-Control,11,8,0.7272727272727273
Season-4,0d16e8e0-31b2-4389-afd6-783c501f6fa0,"Ajani, Nacatl Pariah // Ajani, Nacatl Avenger",Control,32,17,0.53125
Season-4,0d60eabe-b281-4eba-9c26-287364ed2067,Earthshaker Khenra,Aggro,17,8,0.4705882352941176
Season-4,0d60eabe-b281-4eba-9c26-287364ed2067,Earthshaker Khenra,Control,10,3,0.3
Season-4,0d60eabe-b281-4eba-9c26-287364ed2067,Earthshaker Khenra,Control-Aggro (Midrange),10,5,0.5
Season-4,0da69523-cece-425a-b08a-fb27fac29374,Figure of Destiny,Aggro,37,20,0.5405405405405406
Season-4,0da69523-cece-425a-b08a-fb27fac29374,Figure of Destiny,Control,9,5,0.5555555555555556
Season-4,0da69523-cece-425a-b08a-fb27fac29374,Figure of Destiny,Control-Aggro (Midrange),10,5,0.5
Season-4,0e0d989d-7186-40dc-bdfe-cfbb77656bc8,"Emrakul, the Aeons Torn",Aggro-Combo,10,6,0.6
Season-4,0e0d989d-7186-40dc-bdfe-cfbb77656bc8,"Emrakul, the Aeons Torn",Combo,46,22,0.4782608695652174
Season-4,0e51d796-7279-4c06-87f0-37adbdaa41df,Underworld Breach,Aggro,10,6,0.6
Season-4,0e51d796-7279-4c06-87f0-37adbdaa41df,Underworld Breach,Combo,50,24,0.48
Season-4,0e51d796-7279-4c06-87f0-37adbdaa41df,Underworld Breach,Combo-Control,11,8,0.7272727272727273
Season-4,0e606072-a3aa-4300-ba90-ec92a721fa76,"Jace, the Mind Sculptor",Aggro-Control (Tempo),19,13,0.6842105263157895
Season-4,0e606072-a3aa-4300-ba90-ec92a721fa76,"Jace, the Mind Sculptor",Combo,18,10,0.5555555555555556
Season-4,0e606072-a3aa-4300-ba90-ec92a721fa76,"Jace, the Mind Sculptor",Control,18,4,0.2222222222222222
Season-4,0e9aeaa8-9a75-4719-992f-cbb316f72175,Savannah,Aggro,18,11,0.6111111111111112
Season-4,0e9aeaa8-9a75-4719-992f-cbb316f72175,Savannah,Aggro-Combo,9,6,0.6666666666666666
Season-4,0e9aeaa8-9a75-4719-992f-cbb316f72175,Savannah,Combo,9,3,0.3333333333333333
Season-4,0e9aeaa8-9a75-4719-992f-cbb316f72175,Savannah,Control,11,8,0.7272727272727273
Season-4,0e9aeaa8-9a75-4719-992f-cbb316f72175,Savannah,Control-Aggro (Midrange),28,14,0.5
Season-4,0ecbe097-ba51-42e5-957c-382eb66c08f0,Robber of the Rich,Aggro,83,49,0.5903614457831325
Season-4,0ecbe097-ba51-42e5-957c-382eb66c08f0,Robber of the Rich,Control,19,7,0.3684210526315789
Season-4,0eee981e-5d26-4810-90e1-432f3c3107f2,Reclamation Sage,Aggro-Combo,12,6,0.5
Season-4,0eee981e-5d26-4810-90e1-432f3c3107f2,Reclamation Sage,Combo-Control,21,11,0.5238095238095238
Season-4,0eee981e-5d26-4810-90e1-432f3c3107f2,Reclamation Sage,Control-Aggro (Midrange),20,8,0.4
Season-4,0f3c8470-1cc8-4383-8782-c022867d46e8,"Tezzeret, Agent of Bolas",Combo,9,3,0.3333333333333333
Season-4,0f7585c8-9e21-4eef-afc1-2852de23db2f,Polluted Delta,Aggro,10,6,0.6
Season-4,0f7585c8-9e21-4eef-afc1-2852de23db2f,Polluted Delta,Aggro-Control (Tempo),9,5,0.5555555555555556
Season-4,0f7585c8-9e21-4eef-afc1-2852de23db2f,Polluted Delta,Combo,31,16,0.5161290322580645
Season-4,0f7585c8-9e21-4eef-afc1-2852de23db2f,Polluted Delta,Combo-Control,18,9,0.5
Season-4,0f7585c8-9e21-4eef-afc1-2852de23db2f,Polluted Delta,Control,18,6,0.3333333333333333
Season-4,0fb4c734-c698-46f2-bc78-5f036f472e5b,Unholy Annex // Ritual Chamber,Aggro,18,8,0.4444444444444444
Season-4,0fb4c734-c698-46f2-bc78-5f036f472e5b,Unholy Annex // Ritual Chamber,Combo,10,2,0.2
Season-4,0fe070f4-8877-4280-b8fd-869f3ac34ab6,Sheltering Landscape,Aggro,9,6,0.6666666666666666
Season-4,0fe070f4-8877-4280-b8fd-869f3ac34ab6,Sheltering Landscape,Control,8,1,0.125
Season-4,10158a5e-5a03-41ab-85d2-0907ccf32c9b,Dack Fayden,Combo,37,17,0.4594594594594595
Season-4,10158a5e-5a03-41ab-85d2-0907ccf32c9b,Dack Fayden,Combo-Control,20,10,0.5
Season-4,10158a5e-5a03-41ab-85d2-0907ccf32c9b,Dack Fayden,Control,17,8,0.4705882352941176
Season-4,1066a94a-8e4f-4d77-820b-7a77a18116f0,Wooded Foothills,Aggro,37,23,0.6216216216216216
Season-4,1066a94a-8e4f-4d77-820b-7a77a18116f0,Wooded Foothills,Combo,9,6,0.6666666666666666
Season-4,1066a94a-8e4f-4d77-820b-7a77a18116f0,Wooded Foothills,Combo-Control,18,9,0.5
Season-4,1066a94a-8e4f-4d77-820b-7a77a18116f0,Wooded Foothills,Control,17,6,0.3529411764705882
Season-4,106f9629-b3aa-4703-82fb-c1e771bbce72,The Wandering Emperor,Aggro,27,15,0.5555555555555556
Season-4,106f9629-b3aa-4703-82fb-c1e771bbce72,The Wandering Emperor,Control,17,9,0.5294117647058824
Season-4,106f9629-b3aa-4703-82fb-c1e771bbce72,The Wandering Emperor,Control-Aggro (Midrange),9,2,0.2222222222222222
Season-4,107492bd-b32f-4692-917c-7771986b5bf7,Thespian's Stage,Combo,41,20,0.4878048780487805
Season-4,107492bd-b32f-4692-917c-7771986b5bf7,Thespian's Stage,Combo-Control,20,11,0.55
Season-4,107492bd-b32f-4692-917c-7771986b5bf7,Thespian's Stage,Control-Aggro (Midrange),10,5,0.5
Season-4,1132218d-56cd-441e-9006-df3c50344491,Joraga Treespeaker,Aggro-Combo,21,10,0.4761904761904761
Season-4,1132218d-56cd-441e-9006-df3c50344491,Joraga Treespeaker,Aggro-Control (Tempo),17,7,0.4117647058823529
Season-4,1132218d-56cd-441e-9006-df3c50344491,Joraga Treespeaker,Combo,11,4,0.3636363636363636
Season-4,1132218d-56cd-441e-9006-df3c50344491,Joraga Treespeaker,Combo-Control,11,5,0.4545454545454545
Season-4,1132218d-56cd-441e-9006-df3c50344491,Joraga Treespeaker,Control,8,1,0.125
Season-4,1132218d-56cd-441e-9006-df3c50344491,Joraga Treespeaker,Control-Aggro (Midrange),28,11,0.3928571428571428
Season-4,113f48b9-a972-4e2c-af95-05ab078e01f2,Tranquil Landscape,Combo,19,9,0.4736842105263157
Season-4,1163fe84-c5d5-42c8-b7cd-d206a9b0bd3f,Tireless Provisioner,Aggro,17,10,0.5882352941176471
Season-4,1163fe84-c5d5-42c8-b7cd-d206a9b0bd3f,Tireless Provisioner,Combo,10,7,0.7
Season-4,1163fe84-c5d5-42c8-b7cd-d206a9b0bd3f,Tireless Provisioner,Combo-Control,22,10,0.4545454545454545
Season-4,1163fe84-c5d5-42c8-b7cd-d206a9b0bd3f,Tireless Provisioner,Control,9,6,0.6666666666666666
Season-4,1163fe84-c5d5-42c8-b7cd-d206a9b0bd3f,Tireless Provisioner,Control-Aggro (Midrange),8,1,0.125
Season-4,139b90cd-8272-457a-be32-1298145345be,Watery Grave,Aggro-Control (Tempo),9,5,0.5555555555555556
Season-4,139b90cd-8272-457a-be32-1298145345be,Watery Grave,Combo,37,21,0.5675675675675675
Season-4,139b90cd-8272-457a-be32-1298145345be,Watery Grave,Control,39,20,0.5128205128205128
Season-4,14065271-d942-42a8-aa38-d8a622c0375d,Scrubland,Aggro,10,6,0.6
Season-4,14065271-d942-42a8-aa38-d8a622c0375d,Scrubland,Aggro-Control (Tempo),9,5,0.5555555555555556
Season-4,14065271-d942-42a8-aa38-d8a622c0375d,Scrubland,Combo,9,3,0.3333333333333333
Season-4,14065271-d942-42a8-aa38-d8a622c0375d,Scrubland,Combo-Control,9,6,0.6666666666666666
Season-4,14065271-d942-42a8-aa38-d8a622c0375d,Scrubland,Control,17,7,0.4117647058823529
Season-4,14065271-d942-42a8-aa38-d8a622c0375d,Scrubland,Control-Aggro (Midrange),10,4,0.4
Season-4,1453f92e-df2d-4789-aa1b-a5b5c51567d4,Preordain,Aggro-Control (Tempo),19,9,0.4736842105263157
Season-4,1453f92e-df2d-4789-aa1b-a5b5c51567d4,Preordain,Combo,48,23,0.4791666666666667
Season-4,1453f92e-df2d-4789-aa1b-a5b5c51567d4,Preordain,Combo-Control,11,5,0.4545454545454545
Season-4,1453f92e-df2d-4789-aa1b-a5b5c51567d4,Preordain,Control,30,14,0.4666666666666667
Season-4,1453f92e-df2d-4789-aa1b-a5b5c51567d4,Preordain,Control-Aggro (Midrange),8,2,0.25
Season-4,1571b584-9007-45ee-a3c3-6c72f227fee2,Mystical Tutor,Combo,75,38,0.5066666666666667
Season-4,1571b584-9007-45ee-a3c3-6c72f227fee2,Mystical Tutor,Control,8,2,0.25
Season-4,1571b584-9007-45ee-a3c3-6c72f227fee2,Mystical Tutor,Control-Aggro (Midrange),8,2,0.25
Season-4,15c34f32-49d9-4a0d-83b2-28172f54fdd1,Crop Rotation,Aggro-Combo,10,5,0.5
Season-4,15c34f32-49d9-4a0d-83b2-28172f54fdd1,Crop Rotation,Combo,20,11,0.55
Season-4,15c34f32-49d9-4a0d-83b2-28172f54fdd1,Crop Rotation,Combo-Control,20,8,0.4
Season-4,15c34f32-49d9-4a0d-83b2-28172f54fdd1,Crop Rotation,Control-Aggro (Midrange),8,1,0.125
Season-4,15db4353-9c46-4fe4-b22e-0cf024aa9dfc,Grim Lavamancer,Aggro,29,14,0.4827586206896552
Season-4,15db4353-9c46-4fe4-b22e-0cf024aa9dfc,Grim Lavamancer,Combo-Control,9,3,0.3333333333333333
Season-4,15db4353-9c46-4fe4-b22e-0cf024aa9dfc,Grim Lavamancer,Control,9,8,0.8888888888888888
Season-4,15faa763-b897-4e86-b094-73f3236291a9,Verdant Catacombs,Combo,39,22,0.5641025641025641
Season-4,15faa763-b897-4e86-b094-73f3236291a9,Verdant Catacombs,Combo-Control,11,5,0.4545454545454545
Season-4,15faa763-b897-4e86-b094-73f3236291a9,Verdant Catacombs,Control,45,23,0.5111111111111111
Season-4,162018eb-5483-4fa2-9c5a-abb639eecf91,"Kiki-Jiki, Mirror Breaker",Aggro,16,7,0.4375
Season-4,162018eb-5483-4fa2-9c5a-abb639eecf91,"Kiki-Jiki, Mirror Breaker",Combo-Control,31,18,0.5806451612903226
Season-4,162e81d3-6cd4-4cb8-8ed8-cfbd8d34ca71,Mind Stone,Combo,10,6,0.6
Season-4,162e81d3-6cd4-4cb8-8ed8-cfbd8d34ca71,Mind Stone,Control,39,17,0.4358974358974359
Season-4,1658f12b-8ac5-4d29-86d5-f20c4d5f7e48,Vindicate,Combo,8,0,0.0
Season-4,1658f12b-8ac5-4d29-86d5-f20c4d5f7e48,Vindicate,Control,11,6,0.5454545454545454
Season-4,16c8d2fa-54a7-46e8-980c-905258497c90,Arid Mesa,Aggro,28,19,0.6785714285714286
Season-4,16c8d2fa-54a7-46e8-980c-905258497c90,Arid Mesa,Combo,21,12,0.5714285714285714
Season-4,16c8d2fa-54a7-46e8-980c-905258497c90,Arid Mesa,Combo-Control,21,8,0.3809523809523809
Season-4,16c8d2fa-54a7-46e8-980c-905258497c90,Arid Mesa,Control,39,26,0.6666666666666666
Season-4,1716b4dd-9045-462b-b053-72de450a8cde,Blood Crypt,Aggro,19,10,0.5263157894736842
Season-4,1716b4dd-9045-462b-b053-72de450a8cde,Blood Crypt,Combo,28,14,0.5
Season-4,1716b4dd-9045-462b-b053-72de450a8cde,Blood Crypt,Combo-Control,11,8,0.7272727272727273
Season-4,1716b4dd-9045-462b-b053-72de450a8cde,Blood Crypt,Control,9,4,0.4444444444444444
Season-4,1716b4dd-9045-462b-b053-72de450a8cde,Blood Crypt,Control-Aggro (Midrange),10,6,0.6
Season-4,17260fff-b239-4af4-9306-3236ae3fa5a5,Thundering Falls,Combo,9,3,0.3333333333333333
Season-4,17260fff-b239-4af4-9306-3236ae3fa5a5,Thundering Falls,Combo-Control,30,14,0.4666666666666667
Season-4,17260fff-b239-4af4-9306-3236ae3fa5a5,Thundering Falls,Control,26,15,0.5769230769230769
Season-4,175b3d28-5c74-4972-9b5c-5e39762c78f4,Relic of Sauron,Combo,56,22,0.3928571428571428
Season-4,175b3d28-5c74-4972-9b5c-5e39762c78f4,Relic of Sauron,Control,7,2,0.2857142857142857
Season-4,1785cb18-c291-4fd5-b8c7-ace893c32e49,Mesmeric Fiend,Aggro,8,1,0.125
Season-4,1785cb18-c291-4fd5-b8c7-ace893c32e49,Mesmeric Fiend,Combo,19,8,0.4210526315789473
Season-4,1785cb18-c291-4fd5-b8c7-ace893c32e49,Mesmeric Fiend,Combo-Control,40,25,0.625
Season-4,1785cb18-c291-4fd5-b8c7-ace893c32e49,Mesmeric Fiend,Control,15,6,0.4
Season-4,17db2b6a-eaa8-4a08-9e86-370bbd058574,Bayou,Combo,33,15,0.4545454545454545
Season-4,17db2b6a-eaa8-4a08-9e86-370bbd058574,Bayou,Control,31,21,0.6774193548387096
Season-4,17db2b6a-eaa8-4a08-9e86-370bbd058574,Bayou,Control-Aggro (Midrange),31,16,0.5161290322580645
Season-4,17f28b16-da65-41a8-ba4f-f1c5e104aad6,Council's Judgment,Aggro,56,35,0.625
Season-4,17f28b16-da65-41a8-ba4f-f1c5e104aad6,Council's Judgment,Control,19,7,0.3684210526315789
Season-4,17f28b16-da65-41a8-ba4f-f1c5e104aad6,Council's Judgment,Control-Aggro (Midrange),10,6,0.6
Season-4,18092f68-b96e-4084-9eba-b240d2195d81,"Adeline, Resplendent Cathar",Aggro,48,26,0.5416666666666666
Season-4,18092f68-b96e-4084-9eba-b240d2195d81,"Adeline, Resplendent Cathar",Combo-Control,9,3,0.3333333333333333
Season-4,18092f68-b96e-4084-9eba-b240d2195d81,"Adeline, Resplendent Cathar",Control-Aggro (Midrange),9,2,0.2222222222222222
Season-4,187b6719-e5ed-4615-a00b-3313ceca055b,Currency Converter,Combo,37,18,0.4864864864864865
Season-4,187e887c-c39d-4d25-a506-cdc95fc70316,"Gideon, Ally of Zendikar",Aggro,38,20,0.5263157894736842
Season-4,187e887c-c39d-4d25-a506-cdc95fc70316,"Gideon, Ally of Zendikar",Aggro-Control (Tempo),8,2,0.25
Season-4,187e887c-c39d-4d25-a506-cdc95fc70316,"Gideon, Ally of Zendikar",Control-Aggro (Midrange),9,2,0.2222222222222222
Season-4,18a3cca1-e50e-49b6-9e1a-f86640e3b177,Snuff Out,Aggro,29,16,0.5517241379310345
Season-4,18a3cca1-e50e-49b6-9e1a-f86640e3b177,Snuff Out,Aggro-Control (Tempo),10,8,0.8
Season-4,18a3cca1-e50e-49b6-9e1a-f86640e3b177,Snuff Out,Combo,39,20,0.5128205128205128
Season-4,18a3cca1-e50e-49b6-9e1a-f86640e3b177,Snuff Out,Combo-Control,11,5,0.4545454545454545
Season-4,18a3cca1-e50e-49b6-9e1a-f86640e3b177,Snuff Out,Control,7,4,0.5714285714285714
Season-4,18adbda4-8d36-47cd-afbc-c785aaa8ed80,Blightsteel Colossus,Combo,39,13,0.3333333333333333
Season-4,18adbda4-8d36-47cd-afbc-c785aaa8ed80,Blightsteel Colossus,Control,7,2,0.2857142857142857
Season-4,18bd50f2-c3ba-4217-a2d5-bb771e199706,Vampiric Tutor,Combo,77,34,0.4415584415584415
Season-4,18bd50f2-c3ba-4217-a2d5-bb771e199706,Vampiric Tutor,Control,19,9,0.4736842105263157
Season-4,18bd50f2-c3ba-4217-a2d5-bb771e199706,Vampiric Tutor,Control-Aggro (Midrange),10,4,0.4
Season-4,18f23daa-bc59-456a-8a28-3823e51bc74b,Night's Whisper,Combo,78,43,0.5512820512820513
Season-4,19477aca-b8db-4061-9a78-ebb189a9df22,Breeding Pool,Aggro-Control (Tempo),8,2,0.25
Season-4,19477aca-b8db-4061-9a78-ebb189a9df22,Breeding Pool,Combo,21,12,0.5714285714285714
Season-4,19477aca-b8db-4061-9a78-ebb189a9df22,Breeding Pool,Combo-Control,11,5,0.4545454545454545
Season-4,19477aca-b8db-4061-9a78-ebb189a9df22,Breeding Pool,Control,39,21,0.5384615384615384
Season-4,19557351-b65f-4b04-b971-66abdc07000a,Stoneforge Mystic,Aggro,9,6,0.6666666666666666
Season-4,19557351-b65f-4b04-b971-66abdc07000a,Stoneforge Mystic,Combo-Control,11,5,0.4545454545454545
Season-4,19557351-b65f-4b04-b971-66abdc07000a,Stoneforge Mystic,Control,27,21,0.7777777777777778
Season-4,19557351-b65f-4b04-b971-66abdc07000a,Stoneforge Mystic,Control-Aggro (Midrange),9,2,0.2222222222222222
Season-4,19adde22-e5eb-4815-beb6-c520b3274cc9,Lotus Cobra,Aggro,17,11,0.6470588235294118
Season-4,19adde22-e5eb-4815-beb6-c520b3274cc9,Lotus Cobra,Aggro-Combo,22,11,0.5
Season-4,19adde22-e5eb-4815-beb6-c520b3274cc9,Lotus Cobra,Combo,11,5,0.4545454545454545
Season-4,19adde22-e5eb-4815-beb6-c520b3274cc9,Lotus Cobra,Combo-Control,12,5,0.4166666666666667
Season-4,19adde22-e5eb-4815-beb6-c520b3274cc9,Lotus Cobra,Control,11,6,0.5454545454545454
Season-4,19adde22-e5eb-4815-beb6-c520b3274cc9,Lotus Cobra,Control-Aggro (Midrange),17,4,0.2352941176470588
Season-4,1a55c370-d396-4c73-8ee2-83dc4c124005,The Goose Mother,Aggro-Control (Tempo),17,7,0.4117647058823529
Season-4,1a55c370-d396-4c73-8ee2-83dc4c124005,The Goose Mother,Combo-Control,20,11,0.55
Season-4,1a55c370-d396-4c73-8ee2-83dc4c124005,The Goose Mother,Control,8,1,0.125
Season-4,1a55c370-d396-4c73-8ee2-83dc4c124005,The Goose Mother,Control-Aggro (Midrange),8,2,0.25
Season-4,1a6f256b-943e-4cfb-9fc9-d1ded68b5f97,Chart a Course,Combo,20,7,0.35
Season-4,1a6f256b-943e-4cfb-9fc9-d1ded68b5f97,Chart a Course,Control,26,16,0.6153846153846154
Season-4,1ac01fff-4de6-4783-9489-4127e25bc641,Prismatic Vista,Aggro,18,13,0.7222222222222222
Season-4,1ac01fff-4de6-4783-9489-4127e25bc641,Prismatic Vista,Aggro-Control (Tempo),18,9,0.5
Season-4,1ac01fff-4de6-4783-9489-4127e25bc641,Prismatic Vista,Combo,30,13,0.4333333333333333
Season-4,1ac01fff-4de6-4783-9489-4127e25bc641,Prismatic Vista,Combo-Control,9,3,0.3333333333333333
Season-4,1ac01fff-4de6-4783-9489-4127e25bc641,Prismatic Vista,Control,11,6,0.5454545454545454
Season-4,1af92296-455a-425e-9397-a96d09937767,Incinerate,Aggro,30,15,0.5
Season-4,1af92296-455a-425e-9397-a96d09937767,Incinerate,Combo,10,2,0.2
Season-4,1af92296-455a-425e-9397-a96d09937767,Incinerate,Combo-Control,9,6,0.6666666666666666
Season-4,1af92296-455a-425e-9397-a96d09937767,Incinerate,Control,21,9,0.4285714285714285
Season-4,1b6ef5f5-4058-4f89-a573-9e2da87a9f2e,Steel Seraph,Aggro,8,6,0.75
Season-4,1b6ef5f5-4058-4f89-a573-9e2da87a9f2e,Steel Seraph,Aggro-Control (Tempo),9,1,0.1111111111111111
Season-4,1b6ef5f5-4058-4f89-a573-9e2da87a9f2e,Steel Seraph,Control,8,5,0.625
Season-4,1b6ef5f5-4058-4f89-a573-9e2da87a9f2e,Steel Seraph,Control-Aggro (Midrange),17,4,0.2352941176470588
Season-4,1bd3fa8a-6c50-4f7f-9ae3-0810eec5e3db,Reprieve,Aggro,40,22,0.55
Season-4,1bd3fa8a-6c50-4f7f-9ae3-0810eec5e3db,Reprieve,Aggro-Control (Tempo),17,7,0.4117647058823529
Season-4,1bd3fa8a-6c50-4f7f-9ae3-0810eec5e3db,Reprieve,Combo-Control,11,7,0.6363636363636364
Season-4,1bd3fa8a-6c50-4f7f-9ae3-0810eec5e3db,Reprieve,Control,16,7,0.4375
Season-4,1be9d9a4-d7ee-4854-abc2-85cabf993ec9,Archon of Cruelty,Combo,56,26,0.4642857142857143
Season-4,1c0f2873-5849-4cab-855a-2fbbc41dbb6c,Chaos Defiler,Aggro,9,5,0.5555555555555556
Season-4,1c0f2873-5849-4cab-855a-2fbbc41dbb6c,Chaos Defiler,Combo,30,18,0.6
Season-4,1c0f2873-5849-4cab-855a-2fbbc41dbb6c,Chaos Defiler,Combo-Control,9,6,0.6666666666666666
Season-4,1c0f2873-5849-4cab-855a-2fbbc41dbb6c,Chaos Defiler,Control-Aggro (Midrange),21,13,0.6190476190476191
Season-4,1c7d50d6-b63a-4d8c-88fa-1d78ae693a45,Overgrown Tomb,Combo,21,12,0.5714285714285714
Season-4,1c7d50d6-b63a-4d8c-88fa-1d78ae693a45,Overgrown Tomb,Combo-Control,18,12,0.6666666666666666
Season-4,1c7d50d6-b63a-4d8c-88fa-1d78ae693a45,Overgrown Tomb,Control,10,4,0.4
Season-4,1c7d50d6-b63a-4d8c-88fa-1d78ae693a45,Overgrown Tomb,Control-Aggro (Midrange),21,11,0.5238095238095238
Season-4,1daf4348-05c5-4c55-bcf2-c7bec7988bfc,Plateau,Aggro,48,27,0.5625
Season-4,1daf4348-05c5-4c55-bcf2-c7bec7988bfc,Plateau,Combo-Control,11,7,0.6363636363636364
Season-4,1daf4348-05c5-4c55-bcf2-c7bec7988bfc,Plateau,Control,21,12,0.5714285714285714
Season-4,1dd64b1d-bcef-476c-bf0b-3ac7df7cbed3,"Nissa, Ascended Animist",Aggro-Combo,30,17,0.5666666666666667
Season-4,1dd64b1d-bcef-476c-bf0b-3ac7df7cbed3,"Nissa, Ascended Animist",Control-Aggro (Midrange),10,7,0.7
Season-4,1e0c695d-62f9-4805-9e2f-7032e8464136,No More Lies,Aggro-Control (Tempo),9,5,0.5555555555555556
Season-4,1e0c695d-62f9-4805-9e2f-7032e8464136,No More Lies,Control,27,9,0.3333333333333333
Season-4,1e2fee55-227b-4373-a3f7-b463f220033f,Tinker,Combo,89,35,0.3932584269662921
Season-4,1e3e8085-cfcd-4e88-b441-4d1f8ac63904,Forth Eorlingas!,Aggro,48,33,0.6875
Season-4,1e3e8085-cfcd-4e88-b441-4d1f8ac63904,Forth Eorlingas!,Aggro-Control (Tempo),9,5,0.5555555555555556
Season-4,1e3e8085-cfcd-4e88-b441-4d1f8ac63904,Forth Eorlingas!,Combo-Control,9,6,0.6666666666666666
Season-4,1e3e8085-cfcd-4e88-b441-4d1f8ac63904,Forth Eorlingas!,Control,44,19,0.4318181818181818
Season-4,1ea179e9-9c0d-46c1-9ee8-60be68e1f79c,Thirst for Discovery,Aggro-Control (Tempo),18,9,0.5
Season-4,1ea179e9-9c0d-46c1-9ee8-60be68e1f79c,Thirst for Discovery,Combo,28,12,0.4285714285714285
Season-4,1ea179e9-9c0d-46c1-9ee8-60be68e1f79c,Thirst for Discovery,Control-Aggro (Midrange),8,2,0.25
Season-4,1ee98955-4c47-4d45-9377-608dfa755337,Bone Shards,Combo,59,27,0.4576271186440678
Season-4,1ee98955-4c47-4d45-9377-608dfa755337,Bone Shards,Combo-Control,11,8,0.7272727272727273
Season-4,1ee98955-4c47-4d45-9377-608dfa755337,Bone Shards,Control,11,6,0.5454545454545454
Season-4,1f123ad6-fe84-4fed-9c0f-6b41921e9c26,Deceiver Exarch,Combo-Control,9,6,0.6666666666666666
Season-4,1f123ad6-fe84-4fed-9c0f-6b41921e9c26,Deceiver Exarch,Control,11,6,0.5454545454545454
Season-4,1f2f7d4b-aa65-42ed-a441-8e35be96743c,Orcish Lumberjack,Aggro,21,13,0.6190476190476191
Season-4,1f2f7d4b-aa65-42ed-a441-8e35be96743c,Orcish Lumberjack,Control-Aggro (Midrange),10,5,0.5
Season-4,1f9fb33a-3b39-4aff-93b8-aedafe0ea694,Fanatic of Rhonas,Aggro,11,7,0.6363636363636364
Season-4,1f9fb33a-3b39-4aff-93b8-aedafe0ea694,Fanatic of Rhonas,Aggro-Combo,31,17,0.5483870967741935
Season-4,1f9fb33a-3b39-4aff-93b8-aedafe0ea694,Fanatic of Rhonas,Control,8,1,0.125
Season-4,1f9fb33a-3b39-4aff-93b8-aedafe0ea694,Fanatic of Rhonas,Control-Aggro (Midrange),27,5,0.1851851851851851
Season-4,1fa48620-4c3d-4f75-be1f-c12c4aa59f51,"Golos, Tireless Pilgrim",Combo,11,4,0.3636363636363636
Season-4,1fc6d14a-1328-4032-ad9e-cd85cd365bd3,Endurance,Aggro,8,5,0.625
Season-4,1fc6d14a-1328-4032-ad9e-cd85cd365bd3,Endurance,Aggro-Control (Tempo),8,2,0.25
Season-4,1fc6d14a-1328-4032-ad9e-cd85cd365bd3,Endurance,Combo-Control,11,5,0.4545454545454545
Season-4,1fc6d14a-1328-4032-ad9e-cd85cd365bd3,Endurance,Control,21,8,0.3809523809523809
Season-4,1fc6d14a-1328-4032-ad9e-cd85cd365bd3,Endurance,Control-Aggro (Midrange),11,7,0.6363636363636364
Season-4,1fdcc0c3-4029-4fc3-a486-5d7f45c910bd,Everflowing Chalice,Combo,40,14,0.35
Season-4,1fdcc0c3-4029-4fc3-a486-5d7f45c910bd,Everflowing Chalice,Control,18,4,0.2222222222222222
Season-4,1fdcc0c3-4029-4fc3-a486-5d7f45c910bd,Everflowing Chalice,Control-Aggro (Midrange),9,1,0.1111111111111111
Season-4,205df311-a72d-40f1-b2ea-9b30274bc9bd,Knight of the Reliquary,Combo,10,7,0.7
Season-4,205df311-a72d-40f1-b2ea-9b30274bc9bd,Knight of the Reliquary,Combo-Control,12,5,0.4166666666666667
Season-4,205df311-a72d-40f1-b2ea-9b30274bc9bd,Knight of the Reliquary,Control-Aggro (Midrange),8,1,0.125
Season-4,207d5f12-fbc6-4c75-9d84-fd2f0023fbd0,Sneak Attack,Aggro,8,3,0.375
Season-4,207d5f12-fbc6-4c75-9d84-fd2f0023fbd0,Sneak Attack,Aggro-Combo,8,7,0.875
Season-4,207d5f12-fbc6-4c75-9d84-fd2f0023fbd0,Sneak Attack,Combo,70,35,0.5
Season-4,216a8e4e-ea7b-41c7-a982-b5751025ff25,Scrapheap Scrounger,Aggro,17,8,0.4705882352941176
Season-4,216a8e4e-ea7b-41c7-a982-b5751025ff25,Scrapheap Scrounger,Aggro-Control (Tempo),10,8,0.8
Season-4,216a8e4e-ea7b-41c7-a982-b5751025ff25,Scrapheap Scrounger,Combo,8,5,0.625
Season-4,21c950d7-b4f6-4902-8c9a-98f2933f9fa5,Adanto Vanguard,Aggro,67,37,0.5522388059701493
Season-4,21c950d7-b4f6-4902-8c9a-98f2933f9fa5,Adanto Vanguard,Aggro-Control (Tempo),9,4,0.4444444444444444
Season-4,21c950d7-b4f6-4902-8c9a-98f2933f9fa5,Adanto Vanguard,Combo-Control,11,8,0.7272727272727273
Season-4,21c950d7-b4f6-4902-8c9a-98f2933f9fa5,Adanto Vanguard,Control,10,3,0.3
Season-4,224d904a-5972-4152-878a-9a922e7a55b6,"Titania, Protector of Argoth",Aggro,9,6,0.6666666666666666
Season-4,224d904a-5972-4152-878a-9a922e7a55b6,"Titania, Protector of Argoth",Combo,21,11,0.5238095238095238
Season-4,224d904a-5972-4152-878a-9a922e7a55b6,"Titania, Protector of Argoth",Control,11,6,0.5454545454545454
Season-4,224d904a-5972-4152-878a-9a922e7a55b6,"Titania, Protector of Argoth",Control-Aggro (Midrange),10,5,0.5
Season-4,229a0d4a-3777-451d-a2fb-f1a2fdf8019f,Spara's Headquarters,Aggro,10,4,0.4
Season-4,229a0d4a-3777-451d-a2fb-f1a2fdf8019f,Spara's Headquarters,Combo,21,8,0.3809523809523809
Season-4,229a0d4a-3777-451d-a2fb-f1a2fdf8019f,Spara's Headquarters,Combo-Control,11,5,0.4545454545454545
Season-4,229a0d4a-3777-451d-a2fb-f1a2fdf8019f,Spara's Headquarters,Control,16,5,0.3125
Season-4,2398892d-28e9-4009-81ec-0d544af79d2b,Ancestral Recall,Aggro,10,4,0.4
Season-4,2398892d-28e9-4009-81ec-0d544af79d2b,Ancestral Recall,Aggro-Combo,10,5,0.5
Season-4,2398892d-28e9-4009-81ec-0d544af79d2b,Ancestral Recall,Aggro-Control (Tempo),9,5,0.5555555555555556
Season-4,2398892d-28e9-4009-81ec-0d544af79d2b,Ancestral Recall,Combo,38,22,0.5789473684210527
Season-4,2398892d-28e9-4009-81ec-0d544af79d2b,Ancestral Recall,Control,36,20,0.5555555555555556
Season-4,2398892d-28e9-4009-81ec-0d544af79d2b,Ancestral Recall,Control-Aggro (Midrange),8,2,0.25
Season-4,23b95b26-0bbf-4fa1-80c1-f621f1a1b947,Damn,Combo,29,7,0.2413793103448276
Season-4,23b95b26-0bbf-4fa1-80c1-f621f1a1b947,Damn,Combo-Control,9,6,0.6666666666666666
Season-4,2424f2c4-366b-42cf-bf4b-a8a5bfdd2c4b,Life // Death,Aggro,10,6,0.6
Season-4,2424f2c4-366b-42cf-bf4b-a8a5bfdd2c4b,Life // Death,Combo,50,28,0.56
Season-4,245cdc59-d560-4c10-b721-f51cc312e370,Mishra's Factory,Aggro,9,5,0.5555555555555556
Season-4,245cdc59-d560-4c10-b721-f51cc312e370,Mishra's Factory,Combo,10,6,0.6
Season-4,245cdc59-d560-4c10-b721-f51cc312e370,Mishra's Factory,Control,16,6,0.375
Season-4,245cdc59-d560-4c10-b721-f51cc312e370,Mishra's Factory,Control-Aggro (Midrange),10,5,0.5
Season-4,247939d9-87e9-4f01-b223-fb4cfa7dbbe1,Mana Leak,Aggro-Control (Tempo),18,10,0.5555555555555556
Season-4,247939d9-87e9-4f01-b223-fb4cfa7dbbe1,Mana Leak,Combo,28,12,0.4285714285714285
Season-4,247939d9-87e9-4f01-b223-fb4cfa7dbbe1,Mana Leak,Combo-Control,20,13,0.65
Season-4,247939d9-87e9-4f01-b223-fb4cfa7dbbe1,Mana Leak,Control,19,11,0.5789473684210527
Season-4,2487d124-210b-4808-888c-cd0a78aebd90,Molten Collapse,Aggro,10,7,0.7
Season-4,2487d124-210b-4808-888c-cd0a78aebd90,Molten Collapse,Combo,10,7,0.7
Season-4,2487d124-210b-4808-888c-cd0a78aebd90,Molten Collapse,Control,9,4,0.4444444444444444
Season-4,24a5cc2c-0fbf-4a5f-b175-6e0ffd0d0787,Misty Rainforest,Aggro,27,15,0.5555555555555556
Season-4,24a5cc2c-0fbf-4a5f-b175-6e0ffd0d0787,Misty Rainforest,Aggro-Control (Tempo),10,8,0.8
Season-4,24a5cc2c-0fbf-4a5f-b175-6e0ffd0d0787,Misty Rainforest,Combo,30,14,0.4666666666666667
Season-4,24a5cc2c-0fbf-4a5f-b175-6e0ffd0d0787,Misty Rainforest,Combo-Control,20,13,0.65
Season-4,24a5cc2c-0fbf-4a5f-b175-6e0ffd0d0787,Misty Rainforest,Control,19,16,0.8421052631578947
Season-4,24c0d87b-0049-4beb-b9cb-6f813b7aa7dc,Fable of the Mirror-Breaker // Reflection of Kiki-Jiki,Aggro,48,26,0.5416666666666666
Season-4,24c0d87b-0049-4beb-b9cb-6f813b7aa7dc,Fable of the Mirror-Breaker // Reflection of Kiki-Jiki,Aggro-Combo,8,7,0.875
Season-4,24c0d87b-0049-4beb-b9cb-6f813b7aa7dc,Fable of the Mirror-Breaker // Reflection of Kiki-Jiki,Combo,21,14,0.6666666666666666
Season-4,24c0d87b-0049-4beb-b9cb-6f813b7aa7dc,Fable of the Mirror-Breaker // Reflection of Kiki-Jiki,Control,9,4,0.4444444444444444
Season-4,24da9431-7e52-44f5-bc18-2f2d8a4ca81e,Abrade,Aggro,42,19,0.4523809523809524
Season-4,24da9431-7e52-44f5-bc18-2f2d8a4ca81e,Abrade,Combo-Control,9,3,0.3333333333333333
Season-4,24da9431-7e52-44f5-bc18-2f2d8a4ca81e,Abrade,Control,22,14,0.6363636363636364
Season-4,24da9431-7e52-44f5-bc18-2f2d8a4ca81e,Abrade,Control-Aggro (Midrange),10,5,0.5
Season-4,24e58478-c6a8-4f86-854a-a489c99bd777,Usher of the Fallen,Aggro,57,32,0.5614035087719298
Season-4,24e58478-c6a8-4f86-854a-a489c99bd777,Usher of the Fallen,Combo-Control,11,8,0.7272727272727273
Season-4,24e58478-c6a8-4f86-854a-a489c99bd777,Usher of the Fallen,Control,7,4,0.5714285714285714
Season-4,24e58478-c6a8-4f86-854a-a489c99bd777,Usher of the Fallen,Control-Aggro (Midrange),9,2,0.2222222222222222
Season-4,25b0b816-0583-44aa-9dc5-f3ff48993a51,Gaea's Cradle,Aggro,18,11,0.6111111111111112
Season-4,25b0b816-0583-44aa-9dc5-f3ff48993a51,Gaea's Cradle,Aggro-Combo,40,22,0.55
Season-4,25b0b816-0583-44aa-9dc5-f3ff48993a51,Gaea's Cradle,Combo-Control,18,12,0.6666666666666666
Season-4,25b0b816-0583-44aa-9dc5-f3ff48993a51,Gaea's Cradle,Control-Aggro (Midrange),10,5,0.5
Season-4,2605df98-0b02-4aab-bc36-01e93c693743,Territorial Kavu,Aggro,9,6,0.6666666666666666
Season-4,2605df98-0b02-4aab-bc36-01e93c693743,Territorial Kavu,Combo-Control,20,11,0.55
Season-4,2605df98-0b02-4aab-bc36-01e93c693743,Territorial Kavu,Control,9,5,0.5555555555555556
Season-4,2605df98-0b02-4aab-bc36-01e93c693743,Territorial Kavu,Control-Aggro (Midrange),10,5,0.5
Season-4,2616aa0e-8413-4e63-877c-bffd5263f552,Porcelain Legionnaire,Aggro,29,17,0.5862068965517241
Season-4,2616aa0e-8413-4e63-877c-bffd5263f552,Porcelain Legionnaire,Aggro-Control (Tempo),17,6,0.3529411764705882
Season-4,2616aa0e-8413-4e63-877c-bffd5263f552,Porcelain Legionnaire,Combo,20,8,0.4
Season-4,2616aa0e-8413-4e63-877c-bffd5263f552,Porcelain Legionnaire,Control,8,2,0.25
Season-4,2616aa0e-8413-4e63-877c-bffd5263f552,Porcelain Legionnaire,Control-Aggro (Midrange),18,7,0.3888888888888889
Season-4,261ac92e-c61a-4c11-aa6a-9ae1cb703e5c,Dreams of Steel and Oil,Aggro,10,4,0.4
Season-4,261ac92e-c61a-4c11-aa6a-9ae1cb703e5c,Dreams of Steel and Oil,Aggro-Control (Tempo),9,4,0.4444444444444444
Season-4,261ac92e-c61a-4c11-aa6a-9ae1cb703e5c,Dreams of Steel and Oil,Control,38,26,0.6842105263157895
Season-4,26c68473-70ca-40ba-b5c6-71ec30f88a2c,Damnation,Aggro-Control (Tempo),9,5,0.5555555555555556
Season-4,26c68473-70ca-40ba-b5c6-71ec30f88a2c,Damnation,Combo,40,24,0.6
Season-4,26c68473-70ca-40ba-b5c6-71ec30f88a2c,Damnation,Control,19,8,0.4210526315789473
Season-4,26d40e03-6de4-4373-9fbf-04c1dd79e995,Jetmir's Garden,Aggro,28,17,0.6071428571428571
Season-4,26d40e03-6de4-4373-9fbf-04c1dd79e995,Jetmir's Garden,Combo-Control,31,19,0.6129032258064516
Season-4,26d40e03-6de4-4373-9fbf-04c1dd79e995,Jetmir's Garden,Control,20,13,0.65
Season-4,26d40e03-6de4-4373-9fbf-04c1dd79e995,Jetmir's Garden,Control-Aggro (Midrange),10,6,0.6
Season-4,28667c8b-d02c-4e57-a050-1549207b65d1,Thragtusk,Aggro-Combo,28,16,0.5714285714285714
Season-4,28667c8b-d02c-4e57-a050-1549207b65d1,Thragtusk,Combo,11,4,0.3636363636363636
Season-4,28667c8b-d02c-4e57-a050-1549207b65d1,Thragtusk,Control,11,8,0.7272727272727273
Season-4,29148d7e-b398-4e19-a29e-d9a660ad5016,Mirage Mirror,Combo,21,11,0.5238095238095238
Season-4,29148d7e-b398-4e19-a29e-d9a660ad5016,Mirage Mirror,Combo-Control,20,8,0.4
Season-4,29148d7e-b398-4e19-a29e-d9a660ad5016,Mirage Mirror,Control-Aggro (Midrange),8,1,0.125
Season-4,29632951-3c3d-478c-8c5a-9a34f30a5c28,Dauthi Voidwalker,Aggro,37,17,0.4594594594594595
Season-4,29632951-3c3d-478c-8c5a-9a34f30a5c28,Dauthi Voidwalker,Aggro-Control (Tempo),10,8,0.8
Season-4,29632951-3c3d-478c-8c5a-9a34f30a5c28,Dauthi Voidwalker,Combo,18,10,0.5555555555555556
Season-4,29632951-3c3d-478c-8c5a-9a34f30a5c28,Dauthi Voidwalker,Combo-Control,11,5,0.4545454545454545
Season-4,29632951-3c3d-478c-8c5a-9a34f30a5c28,Dauthi Voidwalker,Control,20,15,0.75
Season-4,2a717b98-cdac-416d-bf6c-f6b6638e65d1,"Tamiyo, Inquisitive Student // Tamiyo, Seasoned Scholar",Aggro-Control (Tempo),29,17,0.5862068965517241
Season-4,2a717b98-cdac-416d-bf6c-f6b6638e65d1,"Tamiyo, Inquisitive Student // Tamiyo, Seasoned Scholar",Combo,29,15,0.5172413793103449
Season-4,2a717b98-cdac-416d-bf6c-f6b6638e65d1,"Tamiyo, Inquisitive Student // Tamiyo, Seasoned Scholar",Control,36,14,0.3888888888888889
Season-4,2ae6828e-ff19-45db-8b59-61616353491f,Deceptive Landscape,Control,10,4,0.4
Season-4,2ae6828e-ff19-45db-8b59-61616353491f,Deceptive Landscape,Control-Aggro (Midrange),19,5,0.2631578947368421
Season-4,2b20d3e1-62ef-44db-8109-a33d4fa3e7f1,Exploration,Aggro,11,7,0.6363636363636364
Season-4,2b20d3e1-62ef-44db-8109-a33d4fa3e7f1,Exploration,Aggro-Combo,12,6,0.5
Season-4,2b20d3e1-62ef-44db-8109-a33d4fa3e7f1,Exploration,Combo,10,7,0.7
Season-4,2b20d3e1-62ef-44db-8109-a33d4fa3e7f1,Exploration,Combo-Control,11,5,0.4545454545454545
Season-4,2b20d3e1-62ef-44db-8109-a33d4fa3e7f1,Exploration,Control-Aggro (Midrange),19,6,0.3157894736842105
Season-4,2b5315a4-6a78-456f-8d5a-fea9d62f3f0e,Strip Mine,Aggro,17,11,0.6470588235294118
Season-4,2b5315a4-6a78-456f-8d5a-fea9d62f3f0e,Strip Mine,Aggro-Combo,12,6,0.5
Season-4,2b5315a4-6a78-456f-8d5a-fea9d62f3f0e,Strip Mine,Combo,41,18,0.4390243902439024
Season-4,2b5315a4-6a78-456f-8d5a-fea9d62f3f0e,Strip Mine,Combo-Control,18,9,0.5
Season-4,2b5315a4-6a78-456f-8d5a-fea9d62f3f0e,Strip Mine,Control-Aggro (Midrange),10,5,0.5
Season-4,2b5801fb-2026-4f25-98bc-ebb2f99684b9,Undercity Sewers,Combo,37,21,0.5675675675675675
Season-4,2b5801fb-2026-4f25-98bc-ebb2f99684b9,Undercity Sewers,Combo-Control,9,6,0.6666666666666666
Season-4,2b5801fb-2026-4f25-98bc-ebb2f99684b9,Undercity Sewers,Control,9,8,0.8888888888888888
Season-4,2b73d294-6ab1-4051-9b0f-d8e335d37674,Unholy Heat,Aggro,37,21,0.5675675675675675
Season-4,2b73d294-6ab1-4051-9b0f-d8e335d37674,Unholy Heat,Combo,10,6,0.6
Season-4,2b73d294-6ab1-4051-9b0f-d8e335d37674,Unholy Heat,Combo-Control,27,15,0.5555555555555556
Season-4,2b73d294-6ab1-4051-9b0f-d8e335d37674,Unholy Heat,Control-Aggro (Midrange),10,5,0.5
Season-4,2b74bb81-fb9a-40e5-a941-e517430b52f5,Indatha Triome,Aggro,20,8,0.4
Season-4,2b74bb81-fb9a-40e5-a941-e517430b52f5,Indatha Triome,Combo,21,8,0.3809523809523809
Season-4,2b74bb81-fb9a-40e5-a941-e517430b52f5,Indatha Triome,Combo-Control,21,11,0.5238095238095238
Season-4,2b9b0195-beda-403e-bc27-7ae3be9f318c,Temple Garden,Aggro,19,10,0.5263157894736842
Season-4,2b9b0195-beda-403e-bc27-7ae3be9f318c,Temple Garden,Combo-Control,31,16,0.5161290322580645
Season-4,2b9b0195-beda-403e-bc27-7ae3be9f318c,Temple Garden,Control,20,12,0.6
Season-4,2b9b0195-beda-403e-bc27-7ae3be9f318c,Temple Garden,Control-Aggro (Midrange),18,8,0.4444444444444444
Season-4,2be39749-ad6f-4160-99eb-c677eee7f1b2,Thraben Inspector,Aggro,10,6,0.6
Season-4,2be39749-ad6f-4160-99eb-c677eee7f1b2,Thraben Inspector,Aggro-Control (Tempo),17,7,0.4117647058823529
Season-4,2be39749-ad6f-4160-99eb-c677eee7f1b2,Thraben Inspector,Combo,11,6,0.5454545454545454
Season-4,2be39749-ad6f-4160-99eb-c677eee7f1b2,Thraben Inspector,Combo-Control,20,13,0.65
Season-4,2be39749-ad6f-4160-99eb-c677eee7f1b2,Thraben Inspector,Control,28,16,0.5714285714285714
Season-4,2be39749-ad6f-4160-99eb-c677eee7f1b2,Thraben Inspector,Control-Aggro (Midrange),9,2,0.2222222222222222
Season-4,2bf2da97-3331-4614-b4ff-f03d061500a7,Fire Covenant,Aggro,17,7,0.4117647058823529
Season-4,2bf2da97-3331-4614-b4ff-f03d061500a7,Fire Covenant,Combo,19,10,0.5263157894736842
Season-4,2bf2da97-3331-4614-b4ff-f03d061500a7,Fire Covenant,Combo-Control,9,6,0.6666666666666666
Season-4,2bf2da97-3331-4614-b4ff-f03d061500a7,Fire Covenant,Control,16,8,0.5
Season-4,2bf2da97-3331-4614-b4ff-f03d061500a7,Fire Covenant,Control-Aggro (Midrange),21,13,0.6190476190476191
Season-4,2c695df6-6bf2-4e6b-8500-e3116137ca27,Jacked Rabbit,Aggro,41,20,0.4878048780487805
Season-4,2c695df6-6bf2-4e6b-8500-e3116137ca27,Jacked Rabbit,Control,39,15,0.3846153846153846
Season-4,2c695df6-6bf2-4e6b-8500-e3116137ca27,Jacked Rabbit,Control-Aggro (Midrange),9,2,0.2222222222222222
Season-4,2d9b12cc-f616-4b52-91eb-a430e70f9251,Wrath of God,Combo-Control,12,5,0.4166666666666667
Season-4,2d9b12cc-f616-4b52-91eb-a430e70f9251,Wrath of God,Control,15,7,0.4666666666666667
Season-4,2da5f3f8-5eef-498f-ba2c-2f3fbc3745aa,Ephemerate,Aggro,18,10,0.5555555555555556
Season-4,2da5f3f8-5eef-498f-ba2c-2f3fbc3745aa,Ephemerate,Control,28,9,0.3214285714285714
Season-4,2dc16614-5cf8-444d-a5ae-cac25018af68,Burst Lightning,Aggro,54,33,0.6111111111111112
Season-4,2dc16614-5cf8-444d-a5ae-cac25018af68,Burst Lightning,Aggro-Control (Tempo),11,7,0.6363636363636364
Season-4,2dc16614-5cf8-444d-a5ae-cac25018af68,Burst Lightning,Control-Aggro (Midrange),10,5,0.5
Season-4,2e139ad1-1079-49e9-babd-6399c44ad333,Seasoned Pyromancer,Aggro,19,13,0.6842105263157895
Season-4,2e139ad1-1079-49e9-babd-6399c44ad333,Seasoned Pyromancer,Aggro-Combo,8,7,0.875
Season-4,2e139ad1-1079-49e9-babd-6399c44ad333,Seasoned Pyromancer,Aggro-Control (Tempo),11,7,0.6363636363636364
Season-4,2ef878cb-27b6-47d8-ad11-bd20529b0e7e,Cast into the Fire,Aggro,25,15,0.6
Season-4,2ef878cb-27b6-47d8-ad11-bd20529b0e7e,Cast into the Fire,Combo,11,8,0.7272727272727273
Season-4,2ef878cb-27b6-47d8-ad11-bd20529b0e7e,Cast into the Fire,Control,11,6,0.5454545454545454
Season-4,2f8f22fb-7291-4517-9b15-e98501f2856b,Splinter Twin,Aggro,8,3,0.375
Season-4,2f8f22fb-7291-4517-9b15-e98501f2856b,Splinter Twin,Combo-Control,20,13,0.65
Season-4,2f8f22fb-7291-4517-9b15-e98501f2856b,Splinter Twin,Control,11,6,0.5454545454545454
Season-4,3003d481-1b52-4aa9-bbdc-e948fbc8d49d,Sylvan Library,Aggro-Combo,32,17,0.53125
Season-4,3003d481-1b52-4aa9-bbdc-e948fbc8d49d,Sylvan Library,Aggro-Control (Tempo),9,5,0.5555555555555556
Season-4,3003d481-1b52-4aa9-bbdc-e948fbc8d49d,Sylvan Library,Combo-Control,18,12,0.6666666666666666
Season-4,3003d481-1b52-4aa9-bbdc-e948fbc8d49d,Sylvan Library,Control-Aggro (Midrange),10,7,0.7
Season-4,3027e6c5-eed3-44e7-bb12-67569721af99,Goryo's Vengeance,Combo,19,9,0.4736842105263157
Season-4,3028075c-5fc5-4942-a984-1ffcf7a8933d,Knight of Autumn,Aggro,10,4,0.4
Season-4,3028075c-5fc5-4942-a984-1ffcf7a8933d,Knight of Autumn,Combo,10,7,0.7
Season-4,3028075c-5fc5-4942-a984-1ffcf7a8933d,Knight of Autumn,Combo-Control,11,5,0.4545454545454545
Season-4,3028075c-5fc5-4942-a984-1ffcf7a8933d,Knight of Autumn,Control,20,12,0.6
Season-4,3028075c-5fc5-4942-a984-1ffcf7a8933d,Knight of Autumn,Control-Aggro (Midrange),29,13,0.4482758620689655
Season-4,30377bf0-d9b1-4c14-8dde-f74b1e02d604,Gilded Goose,Aggro,8,5,0.625
Season-4,30377bf0-d9b1-4c14-8dde-f74b1e02d604,Gilded Goose,Aggro-Combo,22,12,0.5454545454545454
Season-4,30377bf0-d9b1-4c14-8dde-f74b1e02d604,Gilded Goose,Aggro-Control (Tempo),17,7,0.4117647058823529
Season-4,30377bf0-d9b1-4c14-8dde-f74b1e02d604,Gilded Goose,Combo-Control,11,5,0.4545454545454545
Season-4,30377bf0-d9b1-4c14-8dde-f74b1e02d604,Gilded Goose,Control,27,10,0.3703703703703703
Season-4,30377bf0-d9b1-4c14-8dde-f74b1e02d604,Gilded Goose,Control-Aggro (Midrange),28,14,0.5
Season-4,310a1c46-8331-4a09-9fcb-d942f8102364,Thoughtseize,Aggro-Combo,8,7,0.875
Season-4,310a1c46-8331-4a09-9fcb-d942f8102364,Thoughtseize,Aggro-Control (Tempo),9,5,0.5555555555555556
Season-4,310a1c46-8331-4a09-9fcb-d942f8102364,Thoughtseize,Combo,37,19,0.5135135135135135
Season-4,310a1c46-8331-4a09-9fcb-d942f8102364,Thoughtseize,Combo-Control,9,6,0.6666666666666666
Season-4,310a1c46-8331-4a09-9fcb-d942f8102364,Thoughtseize,Control,37,30,0.8108108108108109
Season-4,311a6257-dd77-4bb6-81cb-c8e7862350f3,Necromancy,Aggro,9,5,0.5555555555555556
Season-4,311a6257-dd77-4bb6-81cb-c8e7862350f3,Necromancy,Aggro-Combo,8,7,0.875
Season-4,311a6257-dd77-4bb6-81cb-c8e7862350f3,Necromancy,Combo,58,33,0.5689655172413793
Season-4,31b770cc-09e7-4c0b-b2a4-462ab4f7200d,Expressive Iteration,Combo,47,19,0.4042553191489361
Season-4,31b770cc-09e7-4c0b-b2a4-462ab4f7200d,Expressive Iteration,Combo-Control,20,10,0.5
Season-4,31b770cc-09e7-4c0b-b2a4-462ab4f7200d,Expressive Iteration,Control,9,4,0.4444444444444444
Season-4,3277ad99-5682-4baa-b106-de15721876a6,Glorybringer,Aggro,38,24,0.631578947368421
Season-4,3277ad99-5682-4baa-b106-de15721876a6,Glorybringer,Aggro-Control (Tempo),11,7,0.6363636363636364
Season-4,3277ad99-5682-4baa-b106-de15721876a6,Glorybringer,Control-Aggro (Midrange),10,5,0.5
Season-4,327cf118-cc92-4073-85d0-94d2a0a6989a,Scalding Tarn,Aggro,17,10,0.5882352941176471
Season-4,327cf118-cc92-4073-85d0-94d2a0a6989a,Scalding Tarn,Aggro-Control (Tempo),9,5,0.5555555555555556
Season-4,327cf118-cc92-4073-85d0-94d2a0a6989a,Scalding Tarn,Combo,30,15,0.5
Season-4,327cf118-cc92-4073-85d0-94d2a0a6989a,Scalding Tarn,Combo-Control,20,11,0.55
Season-4,327cf118-cc92-4073-85d0-94d2a0a6989a,Scalding Tarn,Control,20,11,0.55
Season-4,329a8738-3e17-403a-857a-0ba529ce8cd1,Walking Ballista,Aggro-Combo,10,6,0.6
Season-4,329a8738-3e17-403a-857a-0ba529ce8cd1,Walking Ballista,Aggro-Control (Tempo),9,5,0.5555555555555556
Season-4,329a8738-3e17-403a-857a-0ba529ce8cd1,Walking Ballista,Combo,38,14,0.3684210526315789
Season-4,329a8738-3e17-403a-857a-0ba529ce8cd1,Walking Ballista,Combo-Control,12,5,0.4166666666666667
Season-4,329a8738-3e17-403a-857a-0ba529ce8cd1,Walking Ballista,Control,8,4,0.5
Season-4,329a8738-3e17-403a-857a-0ba529ce8cd1,Walking Ballista,Control-Aggro (Midrange),19,6,0.3157894736842105
Season-4,32a180dd-9641-4546-8940-9b21084f0c71,Lightning Bolt,Aggro,44,27,0.6136363636363636
Season-4,32a180dd-9641-4546-8940-9b21084f0c71,Lightning Bolt,Aggro-Control (Tempo),11,7,0.6363636363636364
Season-4,32a180dd-9641-4546-8940-9b21084f0c71,Lightning Bolt,Combo,10,3,0.3
Season-4,32a180dd-9641-4546-8940-9b21084f0c71,Lightning Bolt,Combo-Control,9,6,0.6666666666666666
Season-4,32a180dd-9641-4546-8940-9b21084f0c71,Lightning Bolt,Control,17,5,0.2941176470588235
Season-4,32aa6e33-221f-414c-9b51-850d97a7e051,Galvanic Discharge,Aggro,49,27,0.5510204081632653
Season-4,32aa6e33-221f-414c-9b51-850d97a7e051,Galvanic Discharge,Combo-Control,11,7,0.6363636363636364
Season-4,32aa6e33-221f-414c-9b51-850d97a7e051,Galvanic Discharge,Control,9,4,0.4444444444444444
Season-4,32e29c7d-ed4b-4eff-b3c2-d99e5b63ef8d,Sunfall,Aggro-Control (Tempo),18,6,0.3333333333333333
Season-4,32e29c7d-ed4b-4eff-b3c2-d99e5b63ef8d,Sunfall,Control,9,4,0.4444444444444444
Season-4,33672990-4860-4aa6-ac1b-f9da66f5da59,Wurmcoil Engine,Aggro,9,6,0.6666666666666666
Season-4,33672990-4860-4aa6-ac1b-f9da66f5da59,Wurmcoil Engine,Combo,27,10,0.3703703703703703
Season-4,33672990-4860-4aa6-ac1b-f9da66f5da59,Wurmcoil Engine,Combo-Control,9,3,0.3333333333333333
Season-4,33672990-4860-4aa6-ac1b-f9da66f5da59,Wurmcoil Engine,Control,22,13,0.5909090909090909
Season-4,33ab05b5-d6f5-439c-9aed-1a58ceb282ad,Flametongue Yearling,Aggro,30,17,0.5666666666666667
Season-4,33ab05b5-d6f5-439c-9aed-1a58ceb282ad,Flametongue Yearling,Aggro-Combo,8,7,0.875
Season-4,33ab05b5-d6f5-439c-9aed-1a58ceb282ad,Flametongue Yearling,Combo,10,6,0.6
Season-4,33ab05b5-d6f5-439c-9aed-1a58ceb282ad,Flametongue Yearling,Control,9,4,0.4444444444444444
Season-4,33ca68a6-474e-4d86-bffa-ee4bddb4a3cf,Fellwar Stone,Combo,46,20,0.4347826086956521
Season-4,33ca68a6-474e-4d86-bffa-ee4bddb4a3cf,Fellwar Stone,Control,7,2,0.2857142857142857
Season-4,345a1c80-41d6-43b1-83ab-1aa56dd06b1b,Bitter Reunion,Combo,11,4,0.3636363636363636
Season-4,345a4aee-5846-4ae9-9af1-4c8fe8d692ec,Winds of Abandon,Aggro,20,12,0.6
Season-4,345a4aee-5846-4ae9-9af1-4c8fe8d692ec,Winds of Abandon,Aggro-Control (Tempo),18,5,0.2777777777777778
Season-4,345a4aee-5846-4ae9-9af1-4c8fe8d692ec,Winds of Abandon,Control,43,17,0.3953488372093023
Season-4,345a4aee-5846-4ae9-9af1-4c8fe8d692ec,Winds of Abandon,Control-Aggro (Midrange),10,7,0.7
Season-4,345fd005-5052-4500-a260-3649500e21f4,Mulldrifter,Aggro-Control (Tempo),9,5,0.5555555555555556
Season-4,345fd005-5052-4500-a260-3649500e21f4,Mulldrifter,Control,9,6,0.6666666666666666
Season-4,3462a3d0-5552-49fa-9eb7-100960c55891,"Oko, Thief of Crowns",Aggro-Combo,9,6,0.6666666666666666
Season-4,3462a3d0-5552-49fa-9eb7-100960c55891,"Oko, Thief of Crowns",Aggro-Control (Tempo),9,1,0.1111111111111111
Season-4,3462a3d0-5552-49fa-9eb7-100960c55891,"Oko, Thief of Crowns",Combo,11,6,0.5454545454545454
Season-4,3462a3d0-5552-49fa-9eb7-100960c55891,"Oko, Thief of Crowns",Combo-Control,9,6,0.6666666666666666
Season-4,3462a3d0-5552-49fa-9eb7-100960c55891,"Oko, Thief of Crowns",Control,29,9,0.3103448275862069
Season-4,3462a3d0-5552-49fa-9eb7-100960c55891,"Oko, Thief of Crowns",Control-Aggro (Midrange),8,1,0.125
Season-4,35f1a6ba-e46f-44fb-93f4-fb883d677b36,Baleful Mastery,Combo,39,21,0.5384615384615384
Season-4,35f1a6ba-e46f-44fb-93f4-fb883d677b36,Baleful Mastery,Control,26,13,0.5
Season-4,377cee38-e769-47b0-abd5-0f528600f36a,Badlands,Aggro,8,1,0.125
Season-4,377cee38-e769-47b0-abd5-0f528600f36a,Badlands,Aggro-Combo,8,7,0.875
Season-4,377cee38-e769-47b0-abd5-0f528600f36a,Badlands,Combo,40,20,0.5
Season-4,377cee38-e769-47b0-abd5-0f528600f36a,Badlands,Control,11,8,0.7272727272727273
Season-4,377cee38-e769-47b0-abd5-0f528600f36a,Badlands,Control-Aggro (Midrange),21,12,0.5714285714285714
Season-4,37dbe1a3-3c44-452b-9fb9-37f5d793d0b5,Memory Jar,Aggro,10,6,0.6
Season-4,37dbe1a3-3c44-452b-9fb9-37f5d793d0b5,Memory Jar,Combo,47,25,0.5319148936170213
Season-4,37dbe1a3-3c44-452b-9fb9-37f5d793d0b5,Memory Jar,Control-Aggro (Midrange),8,2,0.25
Season-4,39b41cb3-ca3d-4389-8f66-e1f77f5fb683,Fact or Fiction,Combo,9,3,0.3333333333333333
Season-4,39b41cb3-ca3d-4389-8f66-e1f77f5fb683,Fact or Fiction,Combo-Control,11,5,0.4545454545454545
Season-4,39b41cb3-ca3d-4389-8f66-e1f77f5fb683,Fact or Fiction,Control,19,12,0.631578947368421
Season-4,39c431d7-d94b-46c4-bb89-f3db56214ab4,Elvish Reclaimer,Aggro,9,6,0.6666666666666666
Season-4,39c431d7-d94b-46c4-bb89-f3db56214ab4,Elvish Reclaimer,Aggro-Combo,21,10,0.4761904761904761
Season-4,39c431d7-d94b-46c4-bb89-f3db56214ab4,Elvish Reclaimer,Combo,10,5,0.5
Season-4,39c431d7-d94b-46c4-bb89-f3db56214ab4,Elvish Reclaimer,Control-Aggro (Midrange),10,5,0.5
Season-4,3a2d7cf9-dddb-4de3-b4f2-c52e3ec8fb4b,Brain Freeze,Aggro,10,6,0.6
Season-4,3a2d7cf9-dddb-4de3-b4f2-c52e3ec8fb4b,Brain Freeze,Combo,59,32,0.5423728813559322
Season-4,3a2d7cf9-dddb-4de3-b4f2-c52e3ec8fb4b,Brain Freeze,Combo-Control,11,8,0.7272727272727273
Season-4,3a9d1082-a862-45d4-9e5e-392e879fead6,Zuran Orb,Aggro,9,6,0.6666666666666666
Season-4,3a9d1082-a862-45d4-9e5e-392e879fead6,Zuran Orb,Combo,21,11,0.5238095238095238
Season-4,3a9d1082-a862-45d4-9e5e-392e879fead6,Zuran Orb,Combo-Control,11,5,0.4545454545454545
Season-4,3a9d1082-a862-45d4-9e5e-392e879fead6,Zuran Orb,Control-Aggro (Midrange),10,5,0.5
Season-4,3b214b6f-4734-4200-8467-92d7e3469b5d,Tezzeret the Seeker,Combo,57,22,0.3859649122807017
Season-4,3b214b6f-4734-4200-8467-92d7e3469b5d,Tezzeret the Seeker,Control,7,2,0.2857142857142857
Season-4,3b5233ff-03bc-4053-9b49-c4185c2de38d,Restoration Angel,Aggro,19,9,0.4736842105263157
Season-4,3b5233ff-03bc-4053-9b49-c4185c2de38d,Restoration Angel,Aggro-Control (Tempo),9,1,0.1111111111111111
Season-4,3b5233ff-03bc-4053-9b49-c4185c2de38d,Restoration Angel,Combo-Control,11,7,0.6363636363636364
Season-4,3b5233ff-03bc-4053-9b49-c4185c2de38d,Restoration Angel,Control,27,13,0.4814814814814814
Season-4,3b6e5956-f795-451b-bb24-56462d1ced27,Umezawa's Jitte,Aggro,18,7,0.3888888888888889
Season-4,3b6e5956-f795-451b-bb24-56462d1ced27,Umezawa's Jitte,Aggro-Combo,10,6,0.6
Season-4,3b6e5956-f795-451b-bb24-56462d1ced27,Umezawa's Jitte,Aggro-Control (Tempo),9,1,0.1111111111111111
Season-4,3b6e5956-f795-451b-bb24-56462d1ced27,Umezawa's Jitte,Combo,11,4,0.3636363636363636
Season-4,3b6e5956-f795-451b-bb24-56462d1ced27,Umezawa's Jitte,Control,10,4,0.4
Season-4,3b6e5956-f795-451b-bb24-56462d1ced27,Umezawa's Jitte,Control-Aggro (Midrange),18,7,0.3888888888888889
Season-4,3bd1ec98-8188-4649-899e-b0972509fc7e,Firebolt,Aggro,31,16,0.5161290322580645
Season-4,3bd1ec98-8188-4649-899e-b0972509fc7e,Firebolt,Aggro-Control (Tempo),11,7,0.6363636363636364
Season-4,3bd1ec98-8188-4649-899e-b0972509fc7e,Firebolt,Control-Aggro (Midrange),10,5,0.5
Season-4,3c02b8ee-84cb-44cb-ba14-9e725a9d03ee,Ponder,Combo,28,12,0.4285714285714285
Season-4,3c02b8ee-84cb-44cb-ba14-9e725a9d03ee,Ponder,Combo-Control,22,12,0.5454545454545454
Season-4,3c02b8ee-84cb-44cb-ba14-9e725a9d03ee,Ponder,Control,40,18,0.45
Season-4,3c3ac3dd-35db-447f-8674-37b4680a1ef7,Leyline Binding,Combo-Control,29,17,0.5862068965517241
Season-4,3c3ac3dd-35db-447f-8674-37b4680a1ef7,Leyline Binding,Control,30,15,0.5
Season-4,3ca1e1de-b916-445f-b3b2-0f4d0cc7ceeb,Stern Scolding,Aggro-Control (Tempo),8,2,0.25
Season-4,3ca1e1de-b916-445f-b3b2-0f4d0cc7ceeb,Stern Scolding,Combo,58,28,0.4827586206896552
Season-4,3d3025a2-4a17-4137-ba0b-bd676c6f5f88,"Tinybones, the Pickpocket",Aggro,9,5,0.5555555555555556
Season-4,3d3025a2-4a17-4137-ba0b-bd676c6f5f88,"Tinybones, the Pickpocket",Combo-Control,20,11,0.55
Season-4,3d3025a2-4a17-4137-ba0b-bd676c6f5f88,"Tinybones, the Pickpocket",Control,30,17,0.5666666666666667
Season-4,3d3025a2-4a17-4137-ba0b-bd676c6f5f88,"Tinybones, the Pickpocket",Control-Aggro (Midrange),9,1,0.1111111111111111
Season-4,3d8ca18d-9099-4f1e-95c1-f04da58a26bd,"Gut, True Soul Zealot",Aggro,74,47,0.6351351351351351
Season-4,3d8ca18d-9099-4f1e-95c1-f04da58a26bd,"Gut, True Soul Zealot",Aggro-Combo,8,7,0.875
Season-4,3d8ca18d-9099-4f1e-95c1-f04da58a26bd,"Gut, True Soul Zealot",Combo,11,4,0.3636363636363636
Season-4,3d8ca18d-9099-4f1e-95c1-f04da58a26bd,"Gut, True Soul Zealot",Control,9,5,0.5555555555555556
Season-4,3e7da55c-7f05-46b2-aa3c-17f8d5df46bb,Scion of Draco,Combo-Control,11,5,0.4545454545454545
Season-4,3e7da55c-7f05-46b2-aa3c-17f8d5df46bb,Scion of Draco,Control,11,6,0.5454545454545454
Season-4,3ee3945e-5089-4751-b7b3-5961c39d2a33,Nethergoyf,Aggro,18,5,0.2777777777777778
Season-4,3ee3945e-5089-4751-b7b3-5961c39d2a33,Nethergoyf,Aggro-Combo,8,7,0.875
Season-4,3ee3945e-5089-4751-b7b3-5961c39d2a33,Nethergoyf,Combo,28,14,0.5
Season-4,3ee3945e-5089-4751-b7b3-5961c39d2a33,Nethergoyf,Control,9,8,0.8888888888888888
Season-4,3f3c77ad-fce8-4506-90e1-7ef71552a71c,Wheel of Fortune,Aggro,10,2,0.2
Season-4,3f3c77ad-fce8-4506-90e1-7ef71552a71c,Wheel of Fortune,Combo,58,30,0.5172413793103449
Season-4,3f3c77ad-fce8-4506-90e1-7ef71552a71c,Wheel of Fortune,Combo-Control,18,9,0.5
Season-4,3faa8c5e-9e1b-4cee-b322-a033bf33dcbc,Hymn to Tourach,Aggro-Control (Tempo),10,8,0.8
Season-4,3faa8c5e-9e1b-4cee-b322-a033bf33dcbc,Hymn to Tourach,Combo,20,7,0.35
Season-4,3faa8c5e-9e1b-4cee-b322-a033bf33dcbc,Hymn to Tourach,Control,8,8,1.0
Season-4,400382a4-aea2-4827-b06a-1b0b3745908b,Noble Hierarch,Aggro-Combo,40,22,0.55
Season-4,400382a4-aea2-4827-b06a-1b0b3745908b,Noble Hierarch,Aggro-Control (Tempo),17,7,0.4117647058823529
Season-4,400382a4-aea2-4827-b06a-1b0b3745908b,Noble Hierarch,Combo,19,10,0.5263157894736842
Season-4,400382a4-aea2-4827-b06a-1b0b3745908b,Noble Hierarch,Combo-Control,18,9,0.5
Season-4,400382a4-aea2-4827-b06a-1b0b3745908b,Noble Hierarch,Control,20,13,0.65
Season-4,416d2d51-8f29-4e95-b037-e8c32b081e6c,Mana Drain,Aggro-Control (Tempo),18,9,0.5
Season-4,416d2d51-8f29-4e95-b037-e8c32b081e6c,Mana Drain,Combo,40,26,0.65
Season-4,416d2d51-8f29-4e95-b037-e8c32b081e6c,Mana Drain,Control,16,7,0.4375
Season-4,41e108a5-4e2f-42cf-9ea1-87bf3c0a2b7f,"Nissa, Who Shakes the World",Aggro,11,7,0.6363636363636364
Season-4,41e108a5-4e2f-42cf-9ea1-87bf3c0a2b7f,"Nissa, Who Shakes the World",Aggro-Combo,32,17,0.53125
Season-4,41e108a5-4e2f-42cf-9ea1-87bf3c0a2b7f,"Nissa, Who Shakes the World",Combo-Control,9,6,0.6666666666666666
Season-4,41e108a5-4e2f-42cf-9ea1-87bf3c0a2b7f,"Nissa, Who Shakes the World",Control-Aggro (Midrange),17,2,0.1176470588235294
Season-4,4216656e-90e8-45fc-a0f6-0d0d79d0a021,Shelldock Isle,Aggro-Control (Tempo),9,4,0.4444444444444444
Season-4,4216656e-90e8-45fc-a0f6-0d0d79d0a021,Shelldock Isle,Combo,47,22,0.4680851063829787
Season-4,4216656e-90e8-45fc-a0f6-0d0d79d0a021,Shelldock Isle,Combo-Control,11,5,0.4545454545454545
Season-4,4216656e-90e8-45fc-a0f6-0d0d79d0a021,Shelldock Isle,Control,8,4,0.5
Season-4,43aa7e35-55ee-4e02-a8aa-ea2b267055d1,Woodfall Primus,Aggro,8,5,0.625
Season-4,43aa7e35-55ee-4e02-a8aa-ea2b267055d1,Woodfall Primus,Combo,62,30,0.4838709677419355
Season-4,43aa7e35-55ee-4e02-a8aa-ea2b267055d1,Woodfall Primus,Combo-Control,9,6,0.6666666666666666
Season-4,441f8b2f-c8cb-4340-a92f-116c2276e906,Frantic Search,Combo,48,22,0.4583333333333333
Season-4,441f8b2f-c8cb-4340-a92f-116c2276e906,Frantic Search,Combo-Control,9,6,0.6666666666666666
Season-4,441f8b2f-c8cb-4340-a92f-116c2276e906,Frantic Search,Control,11,6,0.5454545454545454
Season-4,44afd414-cc69-4888-ba12-7ea87e60b1f7,Craterhoof Behemoth,Aggro,10,4,0.4
Season-4,44afd414-cc69-4888-ba12-7ea87e60b1f7,Craterhoof Behemoth,Aggro-Combo,50,28,0.56
Season-4,45026d57-0324-4312-8b86-2e7d4f581ee9,Marsh Flats,Aggro,20,10,0.5
Season-4,45026d57-0324-4312-8b86-2e7d4f581ee9,Marsh Flats,Combo,10,7,0.7
Season-4,45026d57-0324-4312-8b86-2e7d4f581ee9,Marsh Flats,Combo-Control,30,17,0.5666666666666667
Season-4,45026d57-0324-4312-8b86-2e7d4f581ee9,Marsh Flats,Control,31,18,0.5806451612903226
Season-4,45026d57-0324-4312-8b86-2e7d4f581ee9,Marsh Flats,Control-Aggro (Midrange),18,7,0.3888888888888889
Season-4,45fd6e91-df76-497f-b642-33dc3d5f6a5a,Mox Ruby,Aggro,27,15,0.5555555555555556
Season-4,45fd6e91-df76-497f-b642-33dc3d5f6a5a,Mox Ruby,Aggro-Combo,8,7,0.875
Season-4,45fd6e91-df76-497f-b642-33dc3d5f6a5a,Mox Ruby,Aggro-Control (Tempo),11,7,0.6363636363636364
Season-4,45fd6e91-df76-497f-b642-33dc3d5f6a5a,Mox Ruby,Combo,38,17,0.4473684210526316
Season-4,45fd6e91-df76-497f-b642-33dc3d5f6a5a,Mox Ruby,Control,11,6,0.5454545454545454
Season-4,45fd6e91-df76-497f-b642-33dc3d5f6a5a,Mox Ruby,Control-Aggro (Midrange),10,5,0.5
Season-4,4720b4f2-e6af-4223-9250-a0ed21ed5693,Pest Infestation,Aggro,8,5,0.625
Season-4,4720b4f2-e6af-4223-9250-a0ed21ed5693,Pest Infestation,Combo,29,10,0.3448275862068966
Season-4,4720b4f2-e6af-4223-9250-a0ed21ed5693,Pest Infestation,Combo-Control,30,14,0.4666666666666667
Season-4,4720b4f2-e6af-4223-9250-a0ed21ed5693,Pest Infestation,Control,9,5,0.5555555555555556
Season-4,4720b4f2-e6af-4223-9250-a0ed21ed5693,Pest Infestation,Control-Aggro (Midrange),9,1,0.1111111111111111
Season-4,47a6234f-309f-4e03-9263-66da48b57153,Solitude,Aggro,39,24,0.6153846153846154
Season-4,47a6234f-309f-4e03-9263-66da48b57153,Solitude,Aggro-Control (Tempo),9,5,0.5555555555555556
Season-4,47a6234f-309f-4e03-9263-66da48b57153,Solitude,Combo-Control,9,3,0.3333333333333333
Season-4,47a6234f-309f-4e03-9263-66da48b57153,Solitude,Control,39,28,0.717948717948718
Season-4,47c8e6c4-450b-4f8b-b897-5808fe935a90,Vampire Hexmage,Aggro,28,12,0.4285714285714285
Season-4,47c8e6c4-450b-4f8b-b897-5808fe935a90,Vampire Hexmage,Combo-Control,9,6,0.6666666666666666
Season-4,4820d223-4ea1-4850-931c-3d2ab5eb003b,Birthing Ritual,Aggro-Combo,9,4,0.4444444444444444
Season-4,4820d223-4ea1-4850-931c-3d2ab5eb003b,Birthing Ritual,Combo-Control,11,5,0.4545454545454545
Season-4,4820d223-4ea1-4850-931c-3d2ab5eb003b,Birthing Ritual,Control-Aggro (Midrange),11,7,0.6363636363636364
Season-4,486d7edc-d983-41f0-8b78-c99aecd72996,"Otawara, Soaring City",Aggro-Control (Tempo),9,5,0.5555555555555556
Season-4,486d7edc-d983-41f0-8b78-c99aecd72996,"Otawara, Soaring City",Combo,22,11,0.5
Season-4,486d7edc-d983-41f0-8b78-c99aecd72996,"Otawara, Soaring City",Control,9,4,0.4444444444444444
Season-4,487116ab-b885-406b-aa54-56cb67eb3ca5,Scavenging Ooze,Aggro,10,4,0.4
Season-4,487116ab-b885-406b-aa54-56cb67eb3ca5,Scavenging Ooze,Aggro-Combo,32,17,0.53125
Season-4,487116ab-b885-406b-aa54-56cb67eb3ca5,Scavenging Ooze,Combo-Control,9,6,0.6666666666666666
Season-4,487116ab-b885-406b-aa54-56cb67eb3ca5,Scavenging Ooze,Control,10,2,0.2
Season-4,492b368b-de32-45c1-8459-238aae54f9fc,Unmarked Grave,Combo,55,23,0.4181818181818181
Season-4,493a5ca7-5f90-4af4-b6db-43ae09a2f2c9,Dark Ritual,Combo,61,33,0.5409836065573771
Season-4,493a5ca7-5f90-4af4-b6db-43ae09a2f2c9,Dark Ritual,Control,24,14,0.5833333333333334
Season-4,49bb0ad3-1082-41f1-82a4-52a4006cc9b6,"Leovold, Emissary of Trest",Combo,21,11,0.5238095238095238
Season-4,49bb0ad3-1082-41f1-82a4-52a4006cc9b6,"Leovold, Emissary of Trest",Combo-Control,9,6,0.6666666666666666
Season-4,49bb0ad3-1082-41f1-82a4-52a4006cc9b6,"Leovold, Emissary of Trest",Control,20,13,0.65
Season-4,4a08ca06-58db-4ce6-b490-be4bea8956a1,Sensei's Divining Top,Combo,52,27,0.5192307692307693
Season-4,4a0bb5dc-75a6-4bd6-81f8-611197fb0fba,Nettlecyst,Combo,40,15,0.375
Season-4,4a0bb5dc-75a6-4bd6-81f8-611197fb0fba,Nettlecyst,Control-Aggro (Midrange),8,2,0.25
Season-4,4a1f905f-1d55-4d02-9d24-e58070793d3f,"Atraxa, Grand Unifier",Aggro-Combo,9,6,0.6666666666666666
Season-4,4a1f905f-1d55-4d02-9d24-e58070793d3f,"Atraxa, Grand Unifier",Combo,68,36,0.5294117647058824
Season-4,4a1f905f-1d55-4d02-9d24-e58070793d3f,"Atraxa, Grand Unifier",Combo-Control,11,5,0.4545454545454545
Season-4,4a1f905f-1d55-4d02-9d24-e58070793d3f,"Atraxa, Grand Unifier",Control,9,6,0.6666666666666666
Season-4,4a706ecf-3277-40e3-871c-4ba4ead16e20,Wrenn and Six,Aggro,9,6,0.6666666666666666
Season-4,4a706ecf-3277-40e3-871c-4ba4ead16e20,Wrenn and Six,Combo,11,4,0.3636363636363636
Season-4,4a706ecf-3277-40e3-871c-4ba4ead16e20,Wrenn and Six,Combo-Control,38,20,0.5263157894736842
Season-4,4a706ecf-3277-40e3-871c-4ba4ead16e20,Wrenn and Six,Control,19,7,0.3684210526315789
Season-4,4acaef84-55d1-43dc-b10a-696182e6709b,Repeal,Aggro-Control (Tempo),19,9,0.4736842105263157
Season-4,4acaef84-55d1-43dc-b10a-696182e6709b,Repeal,Combo,11,6,0.5454545454545454
Season-4,4acaef84-55d1-43dc-b10a-696182e6709b,Repeal,Control,37,15,0.4054054054054054
Season-4,4acf970d-d2d7-413d-aba7-587ee53d8d5c,Stomping Ground,Aggro,39,25,0.6410256410256411
Season-4,4acf970d-d2d7-413d-aba7-587ee53d8d5c,Stomping Ground,Combo,10,6,0.6
Season-4,4acf970d-d2d7-413d-aba7-587ee53d8d5c,Stomping Ground,Combo-Control,11,5,0.4545454545454545
Season-4,4acf970d-d2d7-413d-aba7-587ee53d8d5c,Stomping Ground,Control,33,22,0.6666666666666666
Season-4,4acf970d-d2d7-413d-aba7-587ee53d8d5c,Stomping Ground,Control-Aggro (Midrange),11,7,0.6363636363636364
Season-4,4b0bd07e-cf80-4d64-af29-f4cec6632b3e,Perilous Landscape,Aggro-Control (Tempo),9,5,0.5555555555555556
Season-4,4b0bd07e-cf80-4d64-af29-f4cec6632b3e,Perilous Landscape,Combo,10,6,0.6
Season-4,4b0bd07e-cf80-4d64-af29-f4cec6632b3e,Perilous Landscape,Combo-Control,9,6,0.6666666666666666
Season-4,4b4956a2-9a39-4152-9c98-70e4b2acfa26,Miscalculation,Aggro-Control (Tempo),21,15,0.7142857142857143
Season-4,4b4956a2-9a39-4152-9c98-70e4b2acfa26,Miscalculation,Combo,29,13,0.4482758620689655
Season-4,4b4956a2-9a39-4152-9c98-70e4b2acfa26,Miscalculation,Combo-Control,40,21,0.525
Season-4,4b4956a2-9a39-4152-9c98-70e4b2acfa26,Miscalculation,Control,30,12,0.4
Season-4,4c6cf93a-d073-48ac-88db-c46bf3e10beb,Generous Plunderer,Aggro,44,21,0.4772727272727273
Season-4,4c6cf93a-d073-48ac-88db-c46bf3e10beb,Generous Plunderer,Combo,11,5,0.4545454545454545
Season-4,4c6cf93a-d073-48ac-88db-c46bf3e10beb,Generous Plunderer,Control,9,5,0.5555555555555556
Season-4,4c732dc7-dd6b-4cc1-bbe0-ff3b1d2c7419,Animate Dead,Combo,73,38,0.5205479452054794
Season-4,4c732dc7-dd6b-4cc1-bbe0-ff3b1d2c7419,Animate Dead,Combo-Control,11,5,0.4545454545454545
Season-4,4c732dc7-dd6b-4cc1-bbe0-ff3b1d2c7419,Animate Dead,Control,9,8,0.8888888888888888
Season-4,4cbdacc1-7a1b-4633-85f5-eb50c2bf406d,Snapcaster Mage,Aggro-Control (Tempo),9,4,0.4444444444444444
Season-4,4cbdacc1-7a1b-4633-85f5-eb50c2bf406d,Snapcaster Mage,Combo,20,12,0.6
Season-4,4cbdacc1-7a1b-4633-85f5-eb50c2bf406d,Snapcaster Mage,Control,43,18,0.4186046511627907
Season-4,4ced112a-e775-4f97-97b3-74877e9dce12,Dragon's Rage Channeler,Aggro,16,6,0.375
Season-4,4ced112a-e775-4f97-97b3-74877e9dce12,Dragon's Rage Channeler,Aggro-Combo,8,7,0.875
Season-4,4ced112a-e775-4f97-97b3-74877e9dce12,Dragon's Rage Channeler,Combo,19,12,0.631578947368421
Season-4,4ced112a-e775-4f97-97b3-74877e9dce12,Dragon's Rage Channeler,Control-Aggro (Midrange),11,7,0.6363636363636364
Season-4,4df8aabc-7fcb-4b7b-980b-18f499e6c170,Hullbreacher,Aggro-Control (Tempo),9,5,0.5555555555555556
Season-4,4df8aabc-7fcb-4b7b-980b-18f499e6c170,Hullbreacher,Combo,47,26,0.5531914893617021
Season-4,4df8aabc-7fcb-4b7b-980b-18f499e6c170,Hullbreacher,Combo-Control,9,3,0.3333333333333333
Season-4,4df8aabc-7fcb-4b7b-980b-18f499e6c170,Hullbreacher,Control,26,9,0.3461538461538461
Season-4,4e117771-5a8b-4812-b487-32ba34b7f724,Giver of Runes,Aggro,68,36,0.5294117647058824
Season-4,4e117771-5a8b-4812-b487-32ba34b7f724,Giver of Runes,Combo-Control,11,8,0.7272727272727273
Season-4,4e117771-5a8b-4812-b487-32ba34b7f724,Giver of Runes,Control,10,3,0.3
Season-4,4e117771-5a8b-4812-b487-32ba34b7f724,Giver of Runes,Control-Aggro (Midrange),10,7,0.7
Season-4,4e4b6e22-93b2-4896-bba5-0ceaa5d8ea3c,"Yavimaya, Cradle of Growth",Combo,10,7,0.7
Season-4,4e4fb50c-a81f-44d3-93c5-fa9a0b37f617,"Omnath, Locus of Creation",Combo-Control,40,19,0.475
Season-4,4e4fb50c-a81f-44d3-93c5-fa9a0b37f617,"Omnath, Locus of Creation",Control,33,20,0.6060606060606061
Season-4,4f84b838-b8f1-4b9a-a19f-479594f9d427,Qasali Pridemage,Aggro-Control (Tempo),8,2,0.25
Season-4,4f84b838-b8f1-4b9a-a19f-479594f9d427,Qasali Pridemage,Combo-Control,9,6,0.6666666666666666
Season-4,4f84b838-b8f1-4b9a-a19f-479594f9d427,Qasali Pridemage,Control,11,6,0.5454545454545454
Season-4,4f84b838-b8f1-4b9a-a19f-479594f9d427,Qasali Pridemage,Control-Aggro (Midrange),19,6,0.3157894736842105
Season-4,504a69eb-3c2d-4bb1-b117-252b15acf0c2,Mana Confluence,Aggro,9,6,0.6666666666666666
Season-4,504a69eb-3c2d-4bb1-b117-252b15acf0c2,Mana Confluence,Aggro-Control (Tempo),10,8,0.8
Season-4,504a69eb-3c2d-4bb1-b117-252b15acf0c2,Mana Confluence,Combo,28,10,0.3571428571428571
Season-4,504a69eb-3c2d-4bb1-b117-252b15acf0c2,Mana Confluence,Combo-Control,20,11,0.55
Season-4,504a69eb-3c2d-4bb1-b117-252b15acf0c2,Mana Confluence,Control,20,11,0.55
Season-4,50bc0f5b-7421-45b9-af85-86dd9821b7d8,Soulherder,Control,30,15,0.5
Season-4,522aa72b-2b8c-484c-872b-f082101cee35,Get Lost,Aggro,49,26,0.5306122448979592
Season-4,522aa72b-2b8c-484c-872b-f082101cee35,Get Lost,Aggro-Control (Tempo),8,2,0.25
Season-4,522aa72b-2b8c-484c-872b-f082101cee35,Get Lost,Combo-Control,9,6,0.6666666666666666
Season-4,522aa72b-2b8c-484c-872b-f082101cee35,Get Lost,Control,27,9,0.3333333333333333
Season-4,522aa72b-2b8c-484c-872b-f082101cee35,Get Lost,Control-Aggro (Midrange),9,2,0.2222222222222222
Season-4,5260f8ae-805b-4eae-badf-62de0f768867,Hedge Maze,Combo,10,5,0.5
Season-4,5260f8ae-805b-4eae-badf-62de0f768867,Hedge Maze,Control,21,10,0.4761904761904761
Season-4,52d3005f-a1c7-4ef5-911f-ccc0752f4181,Faerie Mastermind,Aggro-Control (Tempo),38,21,0.5526315789473685
Season-4,52d3005f-a1c7-4ef5-911f-ccc0752f4181,Faerie Mastermind,Combo,27,10,0.3703703703703703
Season-4,52d3005f-a1c7-4ef5-911f-ccc0752f4181,Faerie Mastermind,Control,36,15,0.4166666666666667
Season-4,52eef0d6-24b7-40b7-8403-e8e863d0cd55,"Bristly Bill, Spine Sower",Aggro,9,6,0.6666666666666666
Season-4,52eef0d6-24b7-40b7-8403-e8e863d0cd55,"Bristly Bill, Spine Sower",Aggro-Combo,41,21,0.5121951219512195
Season-4,52eef0d6-24b7-40b7-8403-e8e863d0cd55,"Bristly Bill, Spine Sower",Combo,10,5,0.5
Season-4,52eef0d6-24b7-40b7-8403-e8e863d0cd55,"Bristly Bill, Spine Sower",Combo-Control,21,11,0.5238095238095238
Season-4,52eef0d6-24b7-40b7-8403-e8e863d0cd55,"Bristly Bill, Spine Sower",Control,9,5,0.5555555555555556
Season-4,52eef0d6-24b7-40b7-8403-e8e863d0cd55,"Bristly Bill, Spine Sower",Control-Aggro (Midrange),18,6,0.3333333333333333
Season-4,53d4fd57-74b6-42c7-88b1-110e5a8dfc3c,Spell Pierce,Aggro-Control (Tempo),9,5,0.5555555555555556
Season-4,53d4fd57-74b6-42c7-88b1-110e5a8dfc3c,Spell Pierce,Combo,47,24,0.5106382978723404
Season-4,5427d8a6-ac9e-4e50-bd39-81713b2ade25,Fatal Push,Aggro-Control (Tempo),10,8,0.8
Season-4,5427d8a6-ac9e-4e50-bd39-81713b2ade25,Fatal Push,Combo,38,21,0.5526315789473685
Season-4,5427d8a6-ac9e-4e50-bd39-81713b2ade25,Fatal Push,Combo-Control,22,13,0.5909090909090909
Season-4,5427d8a6-ac9e-4e50-bd39-81713b2ade25,Fatal Push,Control,7,4,0.5714285714285714
Season-4,5427d8a6-ac9e-4e50-bd39-81713b2ade25,Fatal Push,Control-Aggro (Midrange),11,7,0.6363636363636364
Season-4,54a3ea87-005e-4985-b2a5-21711d0b71c0,Springheart Nantuko,Aggro,10,4,0.4
Season-4,54a3ea87-005e-4985-b2a5-21711d0b71c0,Springheart Nantuko,Aggro-Combo,18,10,0.5555555555555556
Season-4,54a3ea87-005e-4985-b2a5-21711d0b71c0,Springheart Nantuko,Combo,21,11,0.5238095238095238
Season-4,54a3ea87-005e-4985-b2a5-21711d0b71c0,Springheart Nantuko,Combo-Control,20,11,0.55
Season-4,54a3ea87-005e-4985-b2a5-21711d0b71c0,Springheart Nantuko,Control-Aggro (Midrange),18,8,0.4444444444444444
Season-4,54f449ff-4025-465e-9ec5-a5cf42c4c9d3,Xander's Lounge,Aggro-Control (Tempo),10,8,0.8
Season-4,54f449ff-4025-465e-9ec5-a5cf42c4c9d3,Xander's Lounge,Combo,38,21,0.5526315789473685
Season-4,54f449ff-4025-465e-9ec5-a5cf42c4c9d3,Xander's Lounge,Combo-Control,9,3,0.3333333333333333
Season-4,54f449ff-4025-465e-9ec5-a5cf42c4c9d3,Xander's Lounge,Control,39,20,0.5128205128205128
Season-4,551c0a45-9515-4e51-84e5-79703832a661,Expedition Map,Combo,31,16,0.5161290322580645
Season-4,551c0a45-9515-4e51-84e5-79703832a661,Expedition Map,Combo-Control,29,14,0.4827586206896552
Season-4,553fb946-2706-475b-89f9-e4355ec9ea2b,March of Otherworldly Light,Aggro,29,11,0.3793103448275862
Season-4,553fb946-2706-475b-89f9-e4355ec9ea2b,March of Otherworldly Light,Control,27,9,0.3333333333333333
Season-4,553fb946-2706-475b-89f9-e4355ec9ea2b,March of Otherworldly Light,Control-Aggro (Midrange),9,2,0.2222222222222222
Season-4,55707746-da6e-46e5-a5ca-7ac843fdc38e,"Phelia, Exuberant Shepherd",Aggro,56,32,0.5714285714285714
Season-4,55707746-da6e-46e5-a5ca-7ac843fdc38e,"Phelia, Exuberant Shepherd",Aggro-Control (Tempo),9,5,0.5555555555555556
Season-4,55707746-da6e-46e5-a5ca-7ac843fdc38e,"Phelia, Exuberant Shepherd",Control,19,8,0.4210526315789473
Season-4,55707746-da6e-46e5-a5ca-7ac843fdc38e,"Phelia, Exuberant Shepherd",Control-Aggro (Midrange),19,8,0.4210526315789473
Season-4,55d35442-5ca0-4fd7-8ff1-b7347b3e6690,Piggy Bank,Aggro,46,29,0.6304347826086957
Season-4,55d35442-5ca0-4fd7-8ff1-b7347b3e6690,Piggy Bank,Control,11,6,0.5454545454545454
Season-4,564caf57-4ba5-4993-a35e-945699c94eb7,Toxic Deluge,Combo,50,19,0.38
Season-4,564caf57-4ba5-4993-a35e-945699c94eb7,Toxic Deluge,Control,9,8,0.8888888888888888
Season-4,568dd5a6-86f4-4039-87d7-812120c8ab94,Triplicate Titan,Aggro,8,3,0.375
Season-4,568dd5a6-86f4-4039-87d7-812120c8ab94,Triplicate Titan,Aggro-Combo,8,7,0.875
Season-4,568dd5a6-86f4-4039-87d7-812120c8ab94,Triplicate Titan,Combo,47,25,0.5319148936170213
Season-4,56995b84-2307-4955-9c7c-dc4f04acdc07,Inquisition of Kozilek,Aggro,19,9,0.4736842105263157
Season-4,56995b84-2307-4955-9c7c-dc4f04acdc07,Inquisition of Kozilek,Aggro-Combo,8,7,0.875
Season-4,56995b84-2307-4955-9c7c-dc4f04acdc07,Inquisition of Kozilek,Aggro-Control (Tempo),10,8,0.8
Season-4,56995b84-2307-4955-9c7c-dc4f04acdc07,Inquisition of Kozilek,Combo,39,22,0.5641025641025641
Season-4,56995b84-2307-4955-9c7c-dc4f04acdc07,Inquisition of Kozilek,Combo-Control,22,13,0.5909090909090909
Season-4,56995b84-2307-4955-9c7c-dc4f04acdc07,Inquisition of Kozilek,Control,21,9,0.4285714285714285
Season-4,57fb0fa7-0c5c-4a75-9461-c51403c30282,Foreboding Landscape,Combo,10,5,0.5
Season-4,57fb0fa7-0c5c-4a75-9461-c51403c30282,Foreboding Landscape,Control,10,4,0.4
Season-4,586a4c31-65c7-4c7f-b5f6-74b105b2a629,Trinket Mage,Combo,39,19,0.4871794871794871
Season-4,586a4c31-65c7-4c7f-b5f6-74b105b2a629,Trinket Mage,Control,9,4,0.4444444444444444
Season-4,58c1e824-c8a9-4312-8e4c-a29a26d189a4,"Ugin, the Spirit Dragon",Aggro-Combo,10,6,0.6
Season-4,58c1e824-c8a9-4312-8e4c-a29a26d189a4,"Ugin, the Spirit Dragon",Control,11,6,0.5454545454545454
Season-4,59faa45d-868b-4bc7-934c-0e077642e129,Loran of the Third Path,Aggro,19,12,0.631578947368421
Season-4,59faa45d-868b-4bc7-934c-0e077642e129,Loran of the Third Path,Control,21,14,0.6666666666666666
Season-4,5a077de0-1893-40d0-a499-ee2e6e2258f1,Legion Extruder,Aggro,26,16,0.6153846153846154
Season-4,5a077de0-1893-40d0-a499-ee2e6e2258f1,Legion Extruder,Combo,10,6,0.6
Season-4,5a077de0-1893-40d0-a499-ee2e6e2258f1,Legion Extruder,Control,9,5,0.5555555555555556
Season-4,5a10b543-d5d4-42a8-9ee8-dada59a2ad7e,"Saheeli, Sublime Artificer",Combo,47,19,0.4042553191489361
Season-4,5a10b543-d5d4-42a8-9ee8-dada59a2ad7e,"Saheeli, Sublime Artificer",Control,8,2,0.25
Season-4,5ab21006-7f61-49e0-8b6a-0397c5d4c3bd,Imperial Seal,Aggro-Combo,8,7,0.875
Season-4,5ab21006-7f61-49e0-8b6a-0397c5d4c3bd,Imperial Seal,Combo,71,36,0.5070422535211268
Season-4,5ab21006-7f61-49e0-8b6a-0397c5d4c3bd,Imperial Seal,Combo-Control,20,11,0.55
Season-4,5ad36fb2-c44e-4085-ba0d-54277841ad3a,Lurrus of the Dream-Den,Combo,8,0,0.0
Season-4,5ad36fb2-c44e-4085-ba0d-54277841ad3a,Lurrus of the Dream-Den,Combo-Control,20,14,0.7
Season-4,5ad36fb2-c44e-4085-ba0d-54277841ad3a,Lurrus of the Dream-Den,Control,47,25,0.5319148936170213
Season-4,5ad67b3c-cd5a-497b-8639-9b844e8d517a,Mind Twist,Combo,32,14,0.4375
Season-4,5ad67b3c-cd5a-497b-8639-9b844e8d517a,Mind Twist,Control,28,17,0.6071428571428571
Season-4,5ad67b3c-cd5a-497b-8639-9b844e8d517a,Mind Twist,Control-Aggro (Midrange),19,7,0.3684210526315789
Season-4,5b8ba842-c662-4686-bca3-93ddb7fa11a6,Mother of Runes,Aggro,39,22,0.5641025641025641
Season-4,5b8ba842-c662-4686-bca3-93ddb7fa11a6,Mother of Runes,Aggro-Control (Tempo),9,5,0.5555555555555556
Season-4,5b8ba842-c662-4686-bca3-93ddb7fa11a6,Mother of Runes,Combo-Control,9,3,0.3333333333333333
Season-4,5b8ba842-c662-4686-bca3-93ddb7fa11a6,Mother of Runes,Control,30,17,0.5666666666666667
Season-4,5b8ba842-c662-4686-bca3-93ddb7fa11a6,Mother of Runes,Control-Aggro (Midrange),10,4,0.4
Season-4,5bb3cb5c-8d66-4f5e-a9a9-917e6045f024,Flickerwisp,Aggro-Control (Tempo),9,5,0.5555555555555556
Season-4,5bb3cb5c-8d66-4f5e-a9a9-917e6045f024,Flickerwisp,Combo-Control,9,3,0.3333333333333333
Season-4,5bb3cb5c-8d66-4f5e-a9a9-917e6045f024,Flickerwisp,Control,38,15,0.3947368421052631
Season-4,5c70da33-ce5d-4b8b-9c1d-9a356a7e196f,Grave Titan,Aggro-Combo,8,7,0.875
Season-4,5c70da33-ce5d-4b8b-9c1d-9a356a7e196f,Grave Titan,Combo,48,21,0.4375
Season-4,5c70da33-ce5d-4b8b-9c1d-9a356a7e196f,Grave Titan,Control-Aggro (Midrange),10,4,0.4
Season-4,5cb76266-ae50-4bbc-8f96-d98f309b02d3,"Teferi, Time Raveler",Combo-Control,9,3,0.3333333333333333
Season-4,5cb76266-ae50-4bbc-8f96-d98f309b02d3,"Teferi, Time Raveler",Control,41,24,0.5853658536585366
Season-4,5d10b752-d9cb-419d-a5c4-d4ee1acb655e,"Teferi, Hero of Dominaria",Aggro-Control (Tempo),9,1,0.1111111111111111
Season-4,5d10b752-d9cb-419d-a5c4-d4ee1acb655e,"Teferi, Hero of Dominaria",Combo,18,6,0.3333333333333333
Season-4,5d10b752-d9cb-419d-a5c4-d4ee1acb655e,"Teferi, Hero of Dominaria",Control,35,20,0.5714285714285714
Season-4,5da578b8-19e6-4068-9336-e7cd33c585f1,Retrofitter Foundry,Aggro-Control (Tempo),9,5,0.5555555555555556
Season-4,5da578b8-19e6-4068-9336-e7cd33c585f1,Retrofitter Foundry,Combo,29,10,0.3448275862068966
Season-4,5da578b8-19e6-4068-9336-e7cd33c585f1,Retrofitter Foundry,Control,25,10,0.4
Season-4,5de097e5-e960-4404-a370-defe93ce892f,Oracle of Mul Daya,Aggro,9,6,0.6666666666666666
Season-4,5de097e5-e960-4404-a370-defe93ce892f,Oracle of Mul Daya,Aggro-Combo,20,11,0.55
Season-4,5de097e5-e960-4404-a370-defe93ce892f,Oracle of Mul Daya,Combo-Control,20,11,0.55
Season-4,5de097e5-e960-4404-a370-defe93ce892f,Oracle of Mul Daya,Control-Aggro (Midrange),8,2,0.25
Season-4,5eccf31d-869d-4003-a92b-71b4f4b479ee,Strix Serenade,Combo-Control,18,12,0.6666666666666666
Season-4,5eccf31d-869d-4003-a92b-71b4f4b479ee,Strix Serenade,Control,39,19,0.4871794871794871
Season-4,5f1cdcba-a04a-4a2f-8bc1-0dd7fa03754d,Exhume,Aggro-Combo,8,7,0.875
Season-4,5f1cdcba-a04a-4a2f-8bc1-0dd7fa03754d,Exhume,Combo,49,27,0.5510204081632653
Season-4,5f608efc-0dbc-4cc3-aadd-ed473bfc29ab,Portal to Phyrexia,Combo,58,21,0.3620689655172414
Season-4,5f6927e1-c580-483a-8e2a-6e2deb74800e,Mox Jet,Aggro,9,6,0.6666666666666666
Season-4,5f6927e1-c580-483a-8e2a-6e2deb74800e,Mox Jet,Aggro-Control (Tempo),9,5,0.5555555555555556
Season-4,5f6927e1-c580-483a-8e2a-6e2deb74800e,Mox Jet,Combo,38,21,0.5526315789473685
Season-4,5f6927e1-c580-483a-8e2a-6e2deb74800e,Mox Jet,Combo-Control,11,8,0.7272727272727273
Season-4,5f6927e1-c580-483a-8e2a-6e2deb74800e,Mox Jet,Control,17,10,0.5882352941176471
Season-4,5f6927e1-c580-483a-8e2a-6e2deb74800e,Mox Jet,Control-Aggro (Midrange),10,5,0.5
Season-4,605c2218-9d12-4ac3-a721-fca590b89847,Karakas,Aggro,38,23,0.6052631578947368
Season-4,605c2218-9d12-4ac3-a721-fca590b89847,Karakas,Combo-Control,11,8,0.7272727272727273
Season-4,605c2218-9d12-4ac3-a721-fca590b89847,Karakas,Control,54,28,0.5185185185185185
Season-4,60d0e6a6-629a-45a7-bfcb-25ba7156788b,Elvish Mystic,Aggro,9,6,0.6666666666666666
Season-4,60d0e6a6-629a-45a7-bfcb-25ba7156788b,Elvish Mystic,Aggro-Combo,39,23,0.5897435897435898
Season-4,60d0e6a6-629a-45a7-bfcb-25ba7156788b,Elvish Mystic,Combo,11,4,0.3636363636363636
Season-4,60d0e6a6-629a-45a7-bfcb-25ba7156788b,Elvish Mystic,Combo-Control,9,6,0.6666666666666666
Season-4,60d0e6a6-629a-45a7-bfcb-25ba7156788b,Elvish Mystic,Control,11,8,0.7272727272727273
Season-4,60d0e6a6-629a-45a7-bfcb-25ba7156788b,Elvish Mystic,Control-Aggro (Midrange),28,10,0.3571428571428571
Season-4,612b2e6e-fe8d-49ad-b845-6fa7fa59ffd1,Concealing Curtains // Revealing Eye,Aggro,10,4,0.4
Season-4,612b2e6e-fe8d-49ad-b845-6fa7fa59ffd1,Concealing Curtains // Revealing Eye,Combo,21,13,0.6190476190476191
Season-4,612b2e6e-fe8d-49ad-b845-6fa7fa59ffd1,Concealing Curtains // Revealing Eye,Combo-Control,9,6,0.6666666666666666
Season-4,612b2e6e-fe8d-49ad-b845-6fa7fa59ffd1,Concealing Curtains // Revealing Eye,Control,28,18,0.6428571428571429
Season-4,612b2e6e-fe8d-49ad-b845-6fa7fa59ffd1,Concealing Curtains // Revealing Eye,Control-Aggro (Midrange),10,6,0.6
Season-4,6151b583-3aa7-4be8-9d05-d5e53f19c6c9,Fastbond,Aggro-Combo,22,11,0.5
Season-4,6151b583-3aa7-4be8-9d05-d5e53f19c6c9,Fastbond,Combo,32,13,0.40625
Season-4,6151b583-3aa7-4be8-9d05-d5e53f19c6c9,Fastbond,Combo-Control,21,11,0.5238095238095238
Season-4,6151b583-3aa7-4be8-9d05-d5e53f19c6c9,Fastbond,Control,19,7,0.3684210526315789
Season-4,6151b583-3aa7-4be8-9d05-d5e53f19c6c9,Fastbond,Control-Aggro (Midrange),9,1,0.1111111111111111
Season-4,6171e136-1167-4329-acb2-6853d3a814e5,Goblin Welder,Combo,30,11,0.3666666666666666
Season-4,61a28870-cf78-4323-9d82-cee764067764,Lightning Greaves,Combo,20,8,0.4
Season-4,61a28870-cf78-4323-9d82-cee764067764,Lightning Greaves,Combo-Control,9,6,0.6666666666666666
Season-4,61a28870-cf78-4323-9d82-cee764067764,Lightning Greaves,Control-Aggro (Midrange),11,7,0.6363636363636364
Season-4,62b3f560-262b-4bc3-9aef-535fd7082c28,Vaultborn Tyrant,Aggro-Combo,9,4,0.4444444444444444
Season-4,62b3f560-262b-4bc3-9aef-535fd7082c28,Vaultborn Tyrant,Combo,31,14,0.4516129032258064
Season-4,62b3f560-262b-4bc3-9aef-535fd7082c28,Vaultborn Tyrant,Combo-Control,9,6,0.6666666666666666
Season-4,62d37423-3445-412a-9abd-0480da404637,Phyrexian Fleshgorger,Aggro,10,7,0.7
Season-4,62d37423-3445-412a-9abd-0480da404637,Phyrexian Fleshgorger,Combo,67,32,0.4776119402985074
Season-4,63af3c26-5b1f-46f6-9aa2-036c615bf5ea,Flash,Aggro-Combo,9,6,0.6666666666666666
Season-4,63af3c26-5b1f-46f6-9aa2-036c615bf5ea,Flash,Combo,41,20,0.4878048780487805
Season-4,63c59228-c742-4abd-b4d7-9f7880190e95,Windswept Heath,Aggro,19,11,0.5789473684210527
Season-4,63c59228-c742-4abd-b4d7-9f7880190e95,Windswept Heath,Aggro-Combo,9,4,0.4444444444444444
Season-4,63c59228-c742-4abd-b4d7-9f7880190e95,Windswept Heath,Combo,9,3,0.3333333333333333
Season-4,63c59228-c742-4abd-b4d7-9f7880190e95,Windswept Heath,Combo-Control,22,10,0.4545454545454545
Season-4,63c59228-c742-4abd-b4d7-9f7880190e95,Windswept Heath,Control,29,12,0.4137931034482758
Season-4,63c59228-c742-4abd-b4d7-9f7880190e95,Windswept Heath,Control-Aggro (Midrange),20,12,0.6
Season-4,641b21e1-9188-4bc3-96e8-cda2acbc5ed5,Time Spiral,Combo,78,42,0.5384615384615384
Season-4,641b21e1-9188-4bc3-96e8-cda2acbc5ed5,Time Spiral,Control,16,7,0.4375
Season-4,652236c2-84ef-45e4-b5fc-ed6170bc3d6c,Meticulous Archive,Aggro-Control (Tempo),9,5,0.5555555555555556
Season-4,652236c2-84ef-45e4-b5fc-ed6170bc3d6c,Meticulous Archive,Combo-Control,9,3,0.3333333333333333
Season-4,652236c2-84ef-45e4-b5fc-ed6170bc3d6c,Meticulous Archive,Control,23,11,0.4782608695652174
Season-4,658cfcb7-81b7-48c6-9dd2-1663d06108cf,Fountainport,Aggro-Control (Tempo),9,4,0.4444444444444444
Season-4,661fc907-7003-45c6-820c-9616e9a71c30,Seething Landscape,Aggro-Control (Tempo),10,8,0.8
Season-4,661fc907-7003-45c6-820c-9616e9a71c30,Seething Landscape,Combo,11,8,0.7272727272727273
Season-4,66d80dd1-b944-4cb2-8578-b4dbcabbbc1e,Ophiomancer,Aggro-Control (Tempo),19,12,0.631578947368421
Season-4,66d80dd1-b944-4cb2-8578-b4dbcabbbc1e,Ophiomancer,Combo,10,5,0.5
Season-4,66d80dd1-b944-4cb2-8578-b4dbcabbbc1e,Ophiomancer,Control-Aggro (Midrange),30,14,0.4666666666666667
Season-4,671c008a-8ff8-42d7-9e03-6d8a9ddace67,Faithless Looting,Aggro,8,1,0.125
Season-4,671c008a-8ff8-42d7-9e03-6d8a9ddace67,Faithless Looting,Combo,49,23,0.4693877551020408
Season-4,672b9b16-daef-44e6-9a3a-cfd9f3c78bc7,Pentad Prism,Aggro-Control (Tempo),11,7,0.6363636363636364
Season-4,672b9b16-daef-44e6-9a3a-cfd9f3c78bc7,Pentad Prism,Combo,49,25,0.5102040816326531
Season-4,672b9b16-daef-44e6-9a3a-cfd9f3c78bc7,Pentad Prism,Control,29,12,0.4137931034482758
Season-4,68841ca8-a043-4f30-9a17-e983ed960bc2,Demonic Tutor,Combo,77,42,0.5454545454545454
Season-4,68841ca8-a043-4f30-9a17-e983ed960bc2,Demonic Tutor,Control,9,8,0.8888888888888888
Season-4,68841ca8-a043-4f30-9a17-e983ed960bc2,Demonic Tutor,Control-Aggro (Midrange),21,13,0.6190476190476191
Season-4,68924203-c3d9-41ce-8ca8-c6dd491eb3ca,Psychic Frog,Aggro-Control (Tempo),28,17,0.6071428571428571
Season-4,68924203-c3d9-41ce-8ca8-c6dd491eb3ca,Psychic Frog,Combo,47,28,0.5957446808510638
Season-4,68924203-c3d9-41ce-8ca8-c6dd491eb3ca,Psychic Frog,Combo-Control,11,5,0.4545454545454545
Season-4,68924203-c3d9-41ce-8ca8-c6dd491eb3ca,Psychic Frog,Control,19,8,0.4210526315789473
Season-4,68c72226-6f52-4322-8b14-18737293dfa0,Bloodstained Mire,Aggro,8,3,0.375
Season-4,68c72226-6f52-4322-8b14-18737293dfa0,Bloodstained Mire,Combo,50,26,0.52
Season-4,68c72226-6f52-4322-8b14-18737293dfa0,Bloodstained Mire,Combo-Control,11,5,0.4545454545454545
Season-4,68c72226-6f52-4322-8b14-18737293dfa0,Bloodstained Mire,Control,10,4,0.4
Season-4,6920c895-bc98-4871-a53f-219fa27a74e5,Occult Epiphany,Aggro-Control (Tempo),10,8,0.8
Season-4,6920c895-bc98-4871-a53f-219fa27a74e5,Occult Epiphany,Combo,47,23,0.4893617021276595
Season-4,6920c895-bc98-4871-a53f-219fa27a74e5,Occult Epiphany,Combo-Control,11,5,0.4545454545454545
Season-4,6920c895-bc98-4871-a53f-219fa27a74e5,Occult Epiphany,Control,28,14,0.5
Season-4,6982a82c-dd32-40d2-8dd2-ec92d0fc6c2d,Phyrexian Revoker,Aggro,19,12,0.631578947368421
Season-4,6982a82c-dd32-40d2-8dd2-ec92d0fc6c2d,Phyrexian Revoker,Combo,19,6,0.3157894736842105
Season-4,6982a82c-dd32-40d2-8dd2-ec92d0fc6c2d,Phyrexian Revoker,Combo-Control,9,3,0.3333333333333333
Season-4,6982a82c-dd32-40d2-8dd2-ec92d0fc6c2d,Phyrexian Revoker,Control,8,4,0.5
Season-4,6989018c-37b1-4282-a4af-9cc97f160b4d,Oliphaunt,Aggro,41,23,0.5609756097560976
Season-4,6989018c-37b1-4282-a4af-9cc97f160b4d,Oliphaunt,Aggro-Combo,8,7,0.875
Season-4,6989018c-37b1-4282-a4af-9cc97f160b4d,Oliphaunt,Combo,20,12,0.6
Season-4,6989018c-37b1-4282-a4af-9cc97f160b4d,Oliphaunt,Combo-Control,18,9,0.5
Season-4,6989018c-37b1-4282-a4af-9cc97f160b4d,Oliphaunt,Control,22,14,0.6363636363636364
Season-4,69af2825-18c2-4463-b6ba-42eaa070ccc1,"Grist, the Hunger Tide",Aggro-Control (Tempo),9,5,0.5555555555555556
Season-4,69af2825-18c2-4463-b6ba-42eaa070ccc1,"Grist, the Hunger Tide",Combo-Control,9,6,0.6666666666666666
Season-4,69af2825-18c2-4463-b6ba-42eaa070ccc1,"Grist, the Hunger Tide",Control,11,8,0.7272727272727273
Season-4,69af2825-18c2-4463-b6ba-42eaa070ccc1,"Grist, the Hunger Tide",Control-Aggro (Midrange),30,14,0.4666666666666667
Season-4,69c1b656-1d67-499c-bf0f-417682a86c7d,Shadowy Backstreet,Aggro,10,6,0.6
Season-4,69c1b656-1d67-499c-bf0f-417682a86c7d,Shadowy Backstreet,Combo,8,0,0.0
Season-4,69c1b656-1d67-499c-bf0f-417682a86c7d,Shadowy Backstreet,Control,15,6,0.4
Season-4,69c68c95-b788-43b1-9f22-1b22c5a00b25,Deep-Cavern Bat,Aggro,8,1,0.125
Season-4,69c68c95-b788-43b1-9f22-1b22c5a00b25,Deep-Cavern Bat,Combo,30,15,0.5
Season-4,69c68c95-b788-43b1-9f22-1b22c5a00b25,Deep-Cavern Bat,Combo-Control,20,11,0.55
Season-4,69c68c95-b788-43b1-9f22-1b22c5a00b25,Deep-Cavern Bat,Control,37,18,0.4864864864864865
Season-4,69c68c95-b788-43b1-9f22-1b22c5a00b25,Deep-Cavern Bat,Control-Aggro (Midrange),11,7,0.6363636363636364
Season-4,6a058e68-70af-4a64-859c-c881e5578368,Chrome Mox,Aggro,49,30,0.6122448979591837
Season-4,6a058e68-70af-4a64-859c-c881e5578368,Chrome Mox,Combo,36,17,0.4722222222222222
Season-4,6a058e68-70af-4a64-859c-c881e5578368,Chrome Mox,Control,9,4,0.4444444444444444
Season-4,6aa5cc65-f8f1-4f6f-8b4e-2fedccbda684,"Rofellos, Llanowar Emissary",Aggro-Combo,20,11,0.55
Season-4,6aa5cc65-f8f1-4f6f-8b4e-2fedccbda684,"Rofellos, Llanowar Emissary",Combo-Control,9,6,0.6666666666666666
Season-4,6aa5cc65-f8f1-4f6f-8b4e-2fedccbda684,"Rofellos, Llanowar Emissary",Control-Aggro (Midrange),9,1,0.1111111111111111
Season-4,6bbf7394-9b17-45f8-a25b-d865e8452b2c,Steamcore Scholar,Aggro-Control (Tempo),18,5,0.2777777777777778
Season-4,6bbf7394-9b17-45f8-a25b-d865e8452b2c,Steamcore Scholar,Combo,18,8,0.4444444444444444
Season-4,6bbf7394-9b17-45f8-a25b-d865e8452b2c,Steamcore Scholar,Control,47,20,0.425531914893617
Season-4,6bcafc2e-cef6-412d-8c5d-1658c3337292,Overlord of the Mistmoors,Aggro,20,10,0.5
Season-4,6bcafc2e-cef6-412d-8c5d-1658c3337292,Overlord of the Mistmoors,Aggro-Control (Tempo),9,5,0.5555555555555556
Season-4,6be9b1d5-9ab8-4adb-ba54-2c0117e842fa,Mox Opal,Combo,57,22,0.3859649122807017
Season-4,6be9b1d5-9ab8-4adb-ba54-2c0117e842fa,Mox Opal,Control,17,4,0.2352941176470588
Season-4,6cc73d16-5ed7-4104-91f6-0997a2080e2e,Embereth Shieldbreaker // Battle Display,Aggro,21,9,0.4285714285714285
Season-4,6cc73d16-5ed7-4104-91f6-0997a2080e2e,Embereth Shieldbreaker // Battle Display,Combo,11,5,0.4545454545454545
Season-4,6cc73d16-5ed7-4104-91f6-0997a2080e2e,Embereth Shieldbreaker // Battle Display,Combo-Control,9,6,0.6666666666666666
Season-4,6cc73d16-5ed7-4104-91f6-0997a2080e2e,Embereth Shieldbreaker // Battle Display,Control,10,3,0.3
Season-4,6da09e6a-2965-4855-bd41-41b41ba188fb,Through the Breach,Combo,40,26,0.65
Season-4,6efb6a69-562c-4d95-858d-b067444cfd7e,Palantír of Orthanc,Aggro,9,6,0.6666666666666666
Season-4,6efb6a69-562c-4d95-858d-b067444cfd7e,Palantír of Orthanc,Aggro-Combo,10,6,0.6
Season-4,6efb6a69-562c-4d95-858d-b067444cfd7e,Palantír of Orthanc,Combo,36,17,0.4722222222222222
Season-4,6efb6a69-562c-4d95-858d-b067444cfd7e,Palantír of Orthanc,Control,11,6,0.5454545454545454
Season-4,6f11029a-b24d-4248-834f-b852b56857f6,Biogenic Ooze,Aggro,18,9,0.5
Season-4,6f11029a-b24d-4248-834f-b852b56857f6,Biogenic Ooze,Aggro-Combo,19,11,0.5789473684210527
Season-4,6f11029a-b24d-4248-834f-b852b56857f6,Biogenic Ooze,Control-Aggro (Midrange),39,15,0.3846153846153846
Season-4,6f26faca-f338-4ce5-a218-6a61d40fc50a,Tendrils of Agony,Combo,30,20,0.6666666666666666
Season-4,6fd672bb-18cf-44e3-8dda-5310b1e0fffe,Godless Shrine,Combo-Control,22,13,0.5909090909090909
Season-4,6fd672bb-18cf-44e3-8dda-5310b1e0fffe,Godless Shrine,Control,48,27,0.5625
Season-4,6fd672bb-18cf-44e3-8dda-5310b1e0fffe,Godless Shrine,Control-Aggro (Midrange),10,4,0.4
Season-4,70496f16-c4c0-4c03-beef-454eb4824cd1,Deathrite Shaman,Control-Aggro (Midrange),19,6,0.3157894736842105
Season-4,7054012b-4f9d-44a0-aaf9-7fd3bddc7b2d,Slickshot Show-Off,Aggro,56,34,0.6071428571428571
Season-4,7054012b-4f9d-44a0-aaf9-7fd3bddc7b2d,Slickshot Show-Off,Combo,11,5,0.4545454545454545
Season-4,70719e7b-6f02-4c1a-9f11-79b2b0d9846a,Dust Animus,Aggro,37,16,0.4324324324324324
Season-4,70719e7b-6f02-4c1a-9f11-79b2b0d9846a,Dust Animus,Aggro-Control (Tempo),27,10,0.3703703703703703
Season-4,70e33f45-7d47-423b-a123-8541f1d1afb4,Lingering Souls,Aggro,10,6,0.6
Season-4,70e33f45-7d47-423b-a123-8541f1d1afb4,Lingering Souls,Aggro-Control (Tempo),9,5,0.5555555555555556
Season-4,70e33f45-7d47-423b-a123-8541f1d1afb4,Lingering Souls,Combo-Control,9,6,0.6666666666666666
Season-4,70e33f45-7d47-423b-a123-8541f1d1afb4,Lingering Souls,Control,53,30,0.5660377358490566
Season-4,71384418-173a-4f77-adab-56e52fa23692,Delighted Halfling,Aggro,10,4,0.4
Season-4,71384418-173a-4f77-adab-56e52fa23692,Delighted Halfling,Aggro-Combo,20,12,0.6
Season-4,71384418-173a-4f77-adab-56e52fa23692,Delighted Halfling,Combo,10,3,0.3
Season-4,71384418-173a-4f77-adab-56e52fa23692,Delighted Halfling,Combo-Control,9,6,0.6666666666666666
Season-4,71384418-173a-4f77-adab-56e52fa23692,Delighted Halfling,Control,10,2,0.2
Season-4,71384418-173a-4f77-adab-56e52fa23692,Delighted Halfling,Control-Aggro (Midrange),18,9,0.5
Season-4,716a44b4-f6b0-4f14-a270-6442aed3251f,"Raffine, Scheming Seer",Aggro-Control (Tempo),9,4,0.4444444444444444
Season-4,716a44b4-f6b0-4f14-a270-6442aed3251f,"Raffine, Scheming Seer",Control,11,6,0.5454545454545454
Season-4,729daf0e-b822-41bd-a908-ca8ec34032f0,Tropical Island,Aggro-Combo,19,11,0.5789473684210527
Season-4,729daf0e-b822-41bd-a908-ca8ec34032f0,Tropical Island,Control,28,14,0.5
Season-4,729daf0e-b822-41bd-a908-ca8ec34032f0,Tropical Island,Control-Aggro (Midrange),18,7,0.3888888888888889
Season-4,72c6d541-e2cb-4d6e-acac-90a8f53b7006,Elegant Parlor,Aggro,49,27,0.5510204081632653
Season-4,72c6d541-e2cb-4d6e-acac-90a8f53b7006,Elegant Parlor,Combo,10,7,0.7
Season-4,72c6d541-e2cb-4d6e-acac-90a8f53b7006,Elegant Parlor,Combo-Control,22,13,0.5909090909090909
Season-4,72c6d541-e2cb-4d6e-acac-90a8f53b7006,Elegant Parlor,Control,8,4,0.5
Season-4,73cc6df4-3564-4ace-bf8a-eac3e62d725a,Ursine Monstrosity,Aggro,8,4,0.5
Season-4,73cc6df4-3564-4ace-bf8a-eac3e62d725a,Ursine Monstrosity,Aggro-Combo,9,6,0.6666666666666666
Season-4,73cc6df4-3564-4ace-bf8a-eac3e62d725a,Ursine Monstrosity,Control-Aggro (Midrange),30,14,0.4666666666666667
Season-4,748e6a61-9c1f-4225-9f04-e54002f63ac3,Savai Triome,Aggro,9,6,0.6666666666666666
Season-4,748e6a61-9c1f-4225-9f04-e54002f63ac3,Savai Triome,Combo,10,7,0.7
Season-4,748e6a61-9c1f-4225-9f04-e54002f63ac3,Savai Triome,Combo-Control,11,5,0.4545454545454545
Season-4,748e6a61-9c1f-4225-9f04-e54002f63ac3,Savai Triome,Control,20,7,0.35
Season-4,74b4c336-5d4c-4bc5-b82a-35084a6ad808,Spellseeker,Combo,39,18,0.4615384615384615
Season-4,74d29b3d-f588-431d-bf4e-f7215683ab39,Tangle Wire,Aggro,18,7,0.3888888888888889
Season-4,74d29b3d-f588-431d-bf4e-f7215683ab39,Tangle Wire,Aggro-Combo,9,6,0.6666666666666666
Season-4,74d29b3d-f588-431d-bf4e-f7215683ab39,Tangle Wire,Combo,20,8,0.4
Season-4,74d29b3d-f588-431d-bf4e-f7215683ab39,Tangle Wire,Control,18,8,0.4444444444444444
Season-4,74d29b3d-f588-431d-bf4e-f7215683ab39,Tangle Wire,Control-Aggro (Midrange),18,6,0.3333333333333333
Season-4,758f95f8-bcb0-43ae-b474-56ebd855951e,Lion's Eye Diamond,Aggro,10,6,0.6
Season-4,758f95f8-bcb0-43ae-b474-56ebd855951e,Lion's Eye Diamond,Combo,77,38,0.4935064935064935
Season-4,758f95f8-bcb0-43ae-b474-56ebd855951e,Lion's Eye Diamond,Combo-Control,11,8,0.7272727272727273
Season-4,75fdce80-e338-4a50-bdc6-786511feaeef,Ziatora's Proving Ground,Combo,20,9,0.45
Season-4,75fdce80-e338-4a50-bdc6-786511feaeef,Ziatora's Proving Ground,Combo-Control,9,6,0.6666666666666666
Season-4,75fdce80-e338-4a50-bdc6-786511feaeef,Ziatora's Proving Ground,Control,8,4,0.5
Season-4,75fdce80-e338-4a50-bdc6-786511feaeef,Ziatora's Proving Ground,Control-Aggro (Midrange),21,13,0.6190476190476191
Season-4,76ae81ea-13e3-4ab8-b956-4c7b139a5e9c,Corpse Dance,Combo,10,3,0.3
Season-4,76c3cad2-1e25-4abe-878d-9194de6fcc27,Guide of Souls,Aggro,11,7,0.6363636363636364
Season-4,76c3cad2-1e25-4abe-878d-9194de6fcc27,Guide of Souls,Control,11,6,0.5454545454545454
Season-4,76c3cad2-1e25-4abe-878d-9194de6fcc27,Guide of Souls,Control-Aggro (Midrange),10,6,0.6
Season-4,773199f9-c83b-4a77-8342-9f1552ecf595,Intrepid Adversary,Aggro,56,29,0.5178571428571429
Season-4,773199f9-c83b-4a77-8342-9f1552ecf595,Intrepid Adversary,Control,11,6,0.5454545454545454
Season-4,7740ff55-67bb-409e-90f7-2c2c8b8c770a,"Valgavoth, Terror Eater",Combo,36,19,0.5277777777777778
Season-4,7832abb5-5107-4603-904e-491b221bd3e3,Smuggler's Copter,Aggro,19,11,0.5789473684210527
Season-4,7832abb5-5107-4603-904e-491b221bd3e3,Smuggler's Copter,Aggro-Control (Tempo),9,5,0.5555555555555556
Season-4,7832abb5-5107-4603-904e-491b221bd3e3,Smuggler's Copter,Combo,20,9,0.45
Season-4,7832abb5-5107-4603-904e-491b221bd3e3,Smuggler's Copter,Combo-Control,11,8,0.7272727272727273
Season-4,7832abb5-5107-4603-904e-491b221bd3e3,Smuggler's Copter,Control,10,3,0.3
Season-4,78cef262-c753-4658-b3ec-fec8db47f944,Palace Jailer,Aggro,65,37,0.5692307692307692
Season-4,78cef262-c753-4658-b3ec-fec8db47f944,Palace Jailer,Aggro-Control (Tempo),8,2,0.25
Season-4,78cef262-c753-4658-b3ec-fec8db47f944,Palace Jailer,Control,19,11,0.5789473684210527
Season-4,78cef262-c753-4658-b3ec-fec8db47f944,Palace Jailer,Control-Aggro (Midrange),10,6,0.6
Season-4,7a4e1580-dd26-4f4b-ac98-3e6fa7b879d5,Patchwork Automaton,Combo,19,8,0.4210526315789473
Season-4,7aa37f85-5336-4372-97a2-9c8b00798c7a,Tough Cookie,Combo,10,4,0.4
Season-4,7aa37f85-5336-4372-97a2-9c8b00798c7a,Tough Cookie,Combo-Control,11,5,0.4545454545454545
Season-4,7aa37f85-5336-4372-97a2-9c8b00798c7a,Tough Cookie,Control-Aggro (Midrange),18,6,0.3333333333333333
Season-4,7b54447f-1daf-4352-b5c3-3c0ec8b8f4d0,Unwanted Remake,Aggro,10,4,0.4
Season-4,7b54447f-1daf-4352-b5c3-3c0ec8b8f4d0,Unwanted Remake,Combo-Control,11,7,0.6363636363636364
Season-4,7b54447f-1daf-4352-b5c3-3c0ec8b8f4d0,Unwanted Remake,Control,16,7,0.4375
Season-4,7c024bae-5631-4e20-ac69-df392ac9e109,Orcish Bowmasters,Aggro,9,5,0.5555555555555556
Season-4,7c024bae-5631-4e20-ac69-df392ac9e109,Orcish Bowmasters,Combo,49,25,0.5102040816326531
Season-4,7c024bae-5631-4e20-ac69-df392ac9e109,Orcish Bowmasters,Control,36,25,0.6944444444444444
Season-4,7c353e83-4b63-4bc6-b029-273d2eca1f75,Upheaval,Combo,20,10,0.5
Season-4,7c353e83-4b63-4bc6-b029-273d2eca1f75,Upheaval,Control,17,4,0.2352941176470588
Season-4,7c59e0cd-10a8-4a32-9c0a-a2c6ef1ed9a6,Unable to Scream,Aggro-Control (Tempo),11,7,0.6363636363636364
Season-4,7c59e0cd-10a8-4a32-9c0a-a2c6ef1ed9a6,Unable to Scream,Combo,10,5,0.5
Season-4,7c59e0cd-10a8-4a32-9c0a-a2c6ef1ed9a6,Unable to Scream,Control,22,8,0.3636363636363636
Season-4,7c884e1e-fecb-4330-b3de-5fc2a60f7173,Kolaghan's Command,Aggro,27,13,0.4814814814814814
Season-4,7c884e1e-fecb-4330-b3de-5fc2a60f7173,Kolaghan's Command,Control,49,29,0.5918367346938775
Season-4,7c884e1e-fecb-4330-b3de-5fc2a60f7173,Kolaghan's Command,Control-Aggro (Midrange),11,7,0.6363636363636364
Season-4,7d48d622-f397-4f31-b1a5-0c23f60aa71c,Mana Tithe,Aggro,39,21,0.5384615384615384
Season-4,7d48d622-f397-4f31-b1a5-0c23f60aa71c,Mana Tithe,Aggro-Control (Tempo),17,6,0.3529411764705882
Season-4,7d48d622-f397-4f31-b1a5-0c23f60aa71c,Mana Tithe,Combo-Control,11,8,0.7272727272727273
Season-4,7d48d622-f397-4f31-b1a5-0c23f60aa71c,Mana Tithe,Control,11,8,0.7272727272727273
Season-4,7d48d622-f397-4f31-b1a5-0c23f60aa71c,Mana Tithe,Control-Aggro (Midrange),10,7,0.7
Season-4,7eb39e97-53c2-4df0-9fb3-a3d6a24ec41f,Avacyn's Pilgrim,Aggro-Combo,29,18,0.6206896551724138
Season-4,7eb39e97-53c2-4df0-9fb3-a3d6a24ec41f,Avacyn's Pilgrim,Combo,11,4,0.3636363636363636
Season-4,7eb39e97-53c2-4df0-9fb3-a3d6a24ec41f,Avacyn's Pilgrim,Combo-Control,9,6,0.6666666666666666
Season-4,7eb39e97-53c2-4df0-9fb3-a3d6a24ec41f,Avacyn's Pilgrim,Control,11,8,0.7272727272727273
Season-4,7eb39e97-53c2-4df0-9fb3-a3d6a24ec41f,Avacyn's Pilgrim,Control-Aggro (Midrange),10,7,0.7
Season-4,7f7e780e-fbc5-4dc0-b5c7-efcb8645c7c6,Ertai Resurrected,Combo,19,8,0.4210526315789473
Season-4,7f7e780e-fbc5-4dc0-b5c7-efcb8645c7c6,Ertai Resurrected,Control,22,14,0.6363636363636364
Season-4,80c72839-0fa6-4b5f-83b7-6553ebf09bef,"Otharri, Suns' Glory",Aggro,59,33,0.559322033898305
Season-4,80c72839-0fa6-4b5f-83b7-6553ebf09bef,"Otharri, Suns' Glory",Combo,10,7,0.7
Season-4,80c72839-0fa6-4b5f-83b7-6553ebf09bef,"Otharri, Suns' Glory",Combo-Control,23,10,0.4347826086956521
Season-4,80c72839-0fa6-4b5f-83b7-6553ebf09bef,"Otharri, Suns' Glory",Control,9,5,0.5555555555555556
Season-4,80fca8c0-ae3e-439e-b202-228b9f360e9a,Portable Hole,Aggro,27,13,0.4814814814814814
Season-4,80fca8c0-ae3e-439e-b202-228b9f360e9a,Portable Hole,Aggro-Control (Tempo),8,2,0.25
Season-4,80fca8c0-ae3e-439e-b202-228b9f360e9a,Portable Hole,Control,43,28,0.6511627906976745
Season-4,819a513c-3be6-4bdc-8ba6-1f7326a8f3ea,Fiery Confluence,Aggro,20,13,0.65
Season-4,819a513c-3be6-4bdc-8ba6-1f7326a8f3ea,Fiery Confluence,Aggro-Control (Tempo),11,7,0.6363636363636364
Season-4,819a513c-3be6-4bdc-8ba6-1f7326a8f3ea,Fiery Confluence,Combo,11,8,0.7272727272727273
Season-4,819a513c-3be6-4bdc-8ba6-1f7326a8f3ea,Fiery Confluence,Combo-Control,11,7,0.6363636363636364
Season-4,819a513c-3be6-4bdc-8ba6-1f7326a8f3ea,Fiery Confluence,Control-Aggro (Midrange),20,11,0.55
Season-4,825969b9-3c70-4fca-8cab-696e9ca7cdb2,Prismatic Ending,Aggro,19,13,0.6842105263157895
Season-4,825969b9-3c70-4fca-8cab-696e9ca7cdb2,Prismatic Ending,Aggro-Control (Tempo),9,5,0.5555555555555556
Season-4,825969b9-3c70-4fca-8cab-696e9ca7cdb2,Prismatic Ending,Control,41,27,0.6585365853658537
Season-4,825969b9-3c70-4fca-8cab-696e9ca7cdb2,Prismatic Ending,Control-Aggro (Midrange),10,6,0.6
Season-4,85a89077-b384-4fca-9d26-7297962c1541,Kappa Cannoneer,Combo,48,17,0.3541666666666667
Season-4,85a89077-b384-4fca-9d26-7297962c1541,Kappa Cannoneer,Control,8,4,0.5
Season-4,85a89077-b384-4fca-9d26-7297962c1541,Kappa Cannoneer,Control-Aggro (Midrange),10,5,0.5
Season-4,866b7fd4-86e3-4b42-b1ea-33bad0db1f9f,Prismari Command,Aggro-Control (Tempo),11,7,0.6363636363636364
Season-4,866b7fd4-86e3-4b42-b1ea-33bad0db1f9f,Prismari Command,Combo,27,10,0.3703703703703703
Season-4,866b7fd4-86e3-4b42-b1ea-33bad0db1f9f,Prismari Command,Control,11,8,0.7272727272727273
Season-4,8683a978-1bef-4b01-9361-56b1fc157d26,Courser of Kruphix,Aggro,10,4,0.4
Season-4,8683a978-1bef-4b01-9361-56b1fc157d26,Courser of Kruphix,Aggro-Combo,22,11,0.5
Season-4,8683a978-1bef-4b01-9361-56b1fc157d26,Courser of Kruphix,Combo,21,9,0.4285714285714285
Season-4,8683a978-1bef-4b01-9361-56b1fc157d26,Courser of Kruphix,Combo-Control,20,11,0.55
Season-4,8683a978-1bef-4b01-9361-56b1fc157d26,Courser of Kruphix,Control,8,1,0.125
Season-4,8683a978-1bef-4b01-9361-56b1fc157d26,Courser of Kruphix,Control-Aggro (Midrange),9,1,0.1111111111111111
Season-4,86ecaedc-08f1-4de7-aae8-056df57940e0,Goblin Cratermaker,Aggro,34,11,0.3235294117647059
Season-4,87cc2855-6b14-44dd-a398-7dc2bbae081f,Kaldra Compleat,Aggro,17,9,0.5294117647058824
Season-4,87cc2855-6b14-44dd-a398-7dc2bbae081f,Kaldra Compleat,Aggro-Combo,10,6,0.6
Season-4,87cc2855-6b14-44dd-a398-7dc2bbae081f,Kaldra Compleat,Combo-Control,11,5,0.4545454545454545
Season-4,87cc2855-6b14-44dd-a398-7dc2bbae081f,Kaldra Compleat,Control,16,13,0.8125
Season-4,87d5e94b-0b35-4efd-9158-1767dcaea38c,Witherbloom Command,Combo,20,8,0.4
Season-4,87d5e94b-0b35-4efd-9158-1767dcaea38c,Witherbloom Command,Control-Aggro (Midrange),29,10,0.3448275862068966
Season-4,8870ef0b-cb1f-463b-8509-fece4743d3d4,Ramunap Excavator,Aggro,9,6,0.6666666666666666
Season-4,8870ef0b-cb1f-463b-8509-fece4743d3d4,Ramunap Excavator,Aggro-Combo,12,6,0.5
Season-4,8870ef0b-cb1f-463b-8509-fece4743d3d4,Ramunap Excavator,Combo,21,9,0.4285714285714285
Season-4,8870ef0b-cb1f-463b-8509-fece4743d3d4,Ramunap Excavator,Combo-Control,12,5,0.4166666666666667
Season-4,8870ef0b-cb1f-463b-8509-fece4743d3d4,Ramunap Excavator,Control,11,6,0.5454545454545454
Season-4,8870ef0b-cb1f-463b-8509-fece4743d3d4,Ramunap Excavator,Control-Aggro (Midrange),20,10,0.5
Season-4,89af0f45-c11c-4f13-9950-b1489440ee5b,Chain Lightning,Aggro,50,27,0.54
Season-4,89af0f45-c11c-4f13-9950-b1489440ee5b,Chain Lightning,Combo,20,8,0.4
Season-4,89af0f45-c11c-4f13-9950-b1489440ee5b,Chain Lightning,Control,9,5,0.5555555555555556
Season-4,89af0f45-c11c-4f13-9950-b1489440ee5b,Chain Lightning,Control-Aggro (Midrange),10,6,0.6
Season-4,89f5cc05-5d9d-4709-b3c5-a6249c294acc,Hexdrinker,Aggro,21,11,0.5238095238095238
Season-4,89f5cc05-5d9d-4709-b3c5-a6249c294acc,Hexdrinker,Aggro-Combo,19,12,0.631578947368421
Season-4,89f5cc05-5d9d-4709-b3c5-a6249c294acc,Hexdrinker,Aggro-Control (Tempo),8,2,0.25
Season-4,89f5cc05-5d9d-4709-b3c5-a6249c294acc,Hexdrinker,Combo-Control,11,5,0.4545454545454545
Season-4,89f5cc05-5d9d-4709-b3c5-a6249c294acc,Hexdrinker,Control,11,6,0.5454545454545454
Season-4,89f5cc05-5d9d-4709-b3c5-a6249c294acc,Hexdrinker,Control-Aggro (Midrange),48,23,0.4791666666666667
Season-4,8a720448-017f-4f4a-9501-678245eaed17,Mishra's Bauble,Aggro,9,7,0.7777777777777778
Season-4,8a720448-017f-4f4a-9501-678245eaed17,Mishra's Bauble,Aggro-Combo,8,7,0.875
Season-4,8a720448-017f-4f4a-9501-678245eaed17,Mishra's Bauble,Combo,20,10,0.5
Season-4,8a720448-017f-4f4a-9501-678245eaed17,Mishra's Bauble,Control,16,6,0.375
Season-4,8a720448-017f-4f4a-9501-678245eaed17,Mishra's Bauble,Control-Aggro (Midrange),10,5,0.5
Season-4,8c2996d9-3287-4480-8c04-7a378e37e3cf,Flooded Strand,Aggro-Combo,19,11,0.5789473684210527
Season-4,8c2996d9-3287-4480-8c04-7a378e37e3cf,Flooded Strand,Aggro-Control (Tempo),9,5,0.5555555555555556
Season-4,8c2996d9-3287-4480-8c04-7a378e37e3cf,Flooded Strand,Combo,31,15,0.4838709677419355
Season-4,8c2996d9-3287-4480-8c04-7a378e37e3cf,Flooded Strand,Control,29,17,0.5862068965517241
Season-4,8c39f9b4-02b9-4d44-b8d6-4fd02ebbb0c5,"Narset, Parter of Veils",Combo,37,18,0.4864864864864865
Season-4,8c39f9b4-02b9-4d44-b8d6-4fd02ebbb0c5,"Narset, Parter of Veils",Combo-Control,9,6,0.6666666666666666
Season-4,8c39f9b4-02b9-4d44-b8d6-4fd02ebbb0c5,"Narset, Parter of Veils",Control,8,5,0.625
Season-4,8ca3c48b-f104-4292-9a4e-2ce87a65893c,Mutavault,Aggro,18,9,0.5
Season-4,8ca3c48b-f104-4292-9a4e-2ce87a65893c,Mutavault,Control,11,6,0.5454545454545454
Season-4,8ca3c48b-f104-4292-9a4e-2ce87a65893c,Mutavault,Control-Aggro (Midrange),10,5,0.5
Season-4,8db735ea-f9cf-4e3c-9200-4f180df55baa,Fractured Identity,Aggro-Control (Tempo),9,4,0.4444444444444444
Season-4,8db735ea-f9cf-4e3c-9200-4f180df55baa,Fractured Identity,Combo,9,3,0.3333333333333333
Season-4,8db735ea-f9cf-4e3c-9200-4f180df55baa,Fractured Identity,Combo-Control,11,5,0.4545454545454545
Season-4,8db735ea-f9cf-4e3c-9200-4f180df55baa,Fractured Identity,Control,34,20,0.5882352941176471
Season-4,8db735ea-f9cf-4e3c-9200-4f180df55baa,Fractured Identity,Control-Aggro (Midrange),8,2,0.25
Season-4,8e42df9e-95f2-4c79-9274-2d16e3cd91f1,"Thalia, Guardian of Thraben",Aggro,49,27,0.5510204081632653
Season-4,8e42df9e-95f2-4c79-9274-2d16e3cd91f1,"Thalia, Guardian of Thraben",Combo-Control,9,3,0.3333333333333333
Season-4,8e42df9e-95f2-4c79-9274-2d16e3cd91f1,"Thalia, Guardian of Thraben",Control,20,9,0.45
Season-4,8e42df9e-95f2-4c79-9274-2d16e3cd91f1,"Thalia, Guardian of Thraben",Control-Aggro (Midrange),9,2,0.2222222222222222
Season-4,900c9dfd-ece1-4b09-a801-0fa05e1994b9,Fallen Shinobi,Aggro-Control (Tempo),9,4,0.4444444444444444
Season-4,900c9dfd-ece1-4b09-a801-0fa05e1994b9,Fallen Shinobi,Control,18,5,0.2777777777777778
Season-4,90107d10-e2aa-4cb7-a000-039f0c581b47,Simic Signet,Combo,39,16,0.4102564102564102
Season-4,90107d10-e2aa-4cb7-a000-039f0c581b47,Simic Signet,Control,19,6,0.3157894736842105
Season-4,907b3d1d-8c85-4707-80b5-c4d832df9846,Tishana's Tidebinder,Aggro-Control (Tempo),19,13,0.6842105263157895
Season-4,907b3d1d-8c85-4707-80b5-c4d832df9846,Tishana's Tidebinder,Combo,9,4,0.4444444444444444
Season-4,907b3d1d-8c85-4707-80b5-c4d832df9846,Tishana's Tidebinder,Combo-Control,9,6,0.6666666666666666
Season-4,907b3d1d-8c85-4707-80b5-c4d832df9846,Tishana's Tidebinder,Control,17,5,0.2941176470588235
Season-4,924a24e7-91b8-4ceb-a136-7a765d98c994,Mystic Forge,Combo,28,13,0.4642857142857143
Season-4,924a24e7-91b8-4ceb-a136-7a765d98c994,Mystic Forge,Control,7,2,0.2857142857142857
Season-4,926916ed-2f22-4ba9-9427-194886ad6c1e,Urza's Cave,Combo,30,16,0.5333333333333333
Season-4,926916ed-2f22-4ba9-9427-194886ad6c1e,Urza's Cave,Combo-Control,20,11,0.55
Season-4,928036c9-11b8-493e-b9f2-8fbd3487cd19,"Minsc & Boo, Timeless Heroes",Aggro,43,26,0.6046511627906976
Season-4,928036c9-11b8-493e-b9f2-8fbd3487cd19,"Minsc & Boo, Timeless Heroes",Combo,20,6,0.3
Season-4,928036c9-11b8-493e-b9f2-8fbd3487cd19,"Minsc & Boo, Timeless Heroes",Combo-Control,9,6,0.6666666666666666
Season-4,928036c9-11b8-493e-b9f2-8fbd3487cd19,"Minsc & Boo, Timeless Heroes",Control,19,9,0.4736842105263157
Season-4,93f99e67-901f-4c8d-8a09-e443b7eb928f,Archangel Elspeth,Aggro,30,15,0.5
Season-4,93f99e67-901f-4c8d-8a09-e443b7eb928f,Archangel Elspeth,Combo-Control,12,5,0.4166666666666667
Season-4,93f99e67-901f-4c8d-8a09-e443b7eb928f,Archangel Elspeth,Control,10,6,0.6
Season-4,93f99e67-901f-4c8d-8a09-e443b7eb928f,Archangel Elspeth,Control-Aggro (Midrange),27,10,0.3703703703703703
Season-4,9417f14c-a853-42c6-a992-29139484260a,Ignoble Hierarch,Aggro,8,4,0.5
Season-4,9417f14c-a853-42c6-a992-29139484260a,Ignoble Hierarch,Aggro-Combo,12,6,0.5
Season-4,9417f14c-a853-42c6-a992-29139484260a,Ignoble Hierarch,Combo,11,4,0.3636363636363636
Season-4,9417f14c-a853-42c6-a992-29139484260a,Ignoble Hierarch,Combo-Control,9,3,0.3333333333333333
Season-4,9417f14c-a853-42c6-a992-29139484260a,Ignoble Hierarch,Control,39,21,0.5384615384615384
Season-4,94b67489-5eb0-4406-9bf3-27e50dc632eb,"Nadu, Winged Wisdom",Aggro,10,4,0.4
Season-4,94b67489-5eb0-4406-9bf3-27e50dc632eb,"Nadu, Winged Wisdom",Aggro-Control (Tempo),9,5,0.5555555555555556
Season-4,94b67489-5eb0-4406-9bf3-27e50dc632eb,"Nadu, Winged Wisdom",Combo-Control,9,6,0.6666666666666666
Season-4,94b67489-5eb0-4406-9bf3-27e50dc632eb,"Nadu, Winged Wisdom",Control-Aggro (Midrange),18,7,0.3888888888888889
Season-4,94c6fdd8-21e7-48ae-aa05-a3666b928c1a,Timetwister,Combo,57,30,0.5263157894736842
Season-4,94c6fdd8-21e7-48ae-aa05-a3666b928c1a,Timetwister,Combo-Control,9,6,0.6666666666666666
Season-4,94c6fdd8-21e7-48ae-aa05-a3666b928c1a,Timetwister,Control,9,4,0.4444444444444444
Season-4,9503a1e6-f0bf-44d0-a28b-56fbfcff1ff2,Guardian of Ghirapur,Aggro-Control (Tempo),8,2,0.25
Season-4,9503a1e6-f0bf-44d0-a28b-56fbfcff1ff2,Guardian of Ghirapur,Combo-Control,9,3,0.3333333333333333
Season-4,9503a1e6-f0bf-44d0-a28b-56fbfcff1ff2,Guardian of Ghirapur,Control,17,3,0.1764705882352941
Season-4,9503a1e6-f0bf-44d0-a28b-56fbfcff1ff2,Guardian of Ghirapur,Control-Aggro (Midrange),9,2,0.2222222222222222
Season-4,95c14c4d-6c16-4826-8d93-d89ad04aee09,"Etali, Primal Conqueror // Etali, Primal Sickness",Aggro-Combo,8,7,0.875
Season-4,95c14c4d-6c16-4826-8d93-d89ad04aee09,"Etali, Primal Conqueror // Etali, Primal Sickness",Combo,77,43,0.5584415584415584
Season-4,95c14c4d-6c16-4826-8d93-d89ad04aee09,"Etali, Primal Conqueror // Etali, Primal Sickness",Combo-Control,11,5,0.4545454545454545
Season-4,96b6b2e1-c3e6-464c-8a13-b15deb34e862,Aetherflux Reservoir,Combo,48,25,0.5208333333333334
Season-4,96c5607b-55fe-43c2-93fe-0084d84499d9,Deep Forest Hermit,Aggro,8,5,0.625
Season-4,96c5607b-55fe-43c2-93fe-0084d84499d9,Deep Forest Hermit,Aggro-Combo,29,15,0.5172413793103449
Season-4,9721f8da-39ed-4ada-a571-61e08a86032b,Broadside Bombardiers,Aggro,75,43,0.5733333333333334
Season-4,9721f8da-39ed-4ada-a571-61e08a86032b,Broadside Bombardiers,Aggro-Control (Tempo),9,5,0.5555555555555556
Season-4,9721f8da-39ed-4ada-a571-61e08a86032b,Broadside Bombardiers,Control,11,6,0.5454545454545454
Season-4,97b9bab9-12ee-4da5-9d53-d0b82d9279cd,Pyrite Spellbomb,Aggro,18,7,0.3888888888888889
Season-4,97b9bab9-12ee-4da5-9d53-d0b82d9279cd,Pyrite Spellbomb,Combo,9,4,0.4444444444444444
Season-4,97b9bab9-12ee-4da5-9d53-d0b82d9279cd,Pyrite Spellbomb,Control,30,16,0.5333333333333333
Season-4,97d08a15-e61c-4421-a541-c68a4f87cb74,Forensic Gadgeteer,Combo,29,12,0.4137931034482758
Season-4,97d08a15-e61c-4421-a541-c68a4f87cb74,Forensic Gadgeteer,Control,7,2,0.2857142857142857
Season-4,9814d8e8-c462-41ca-9909-1c659f488543,Lotus Petal,Aggro,29,16,0.5517241379310345
Season-4,9814d8e8-c462-41ca-9909-1c659f488543,Lotus Petal,Aggro-Combo,8,7,0.875
Season-4,9814d8e8-c462-41ca-9909-1c659f488543,Lotus Petal,Combo,47,19,0.4042553191489361
Season-4,985453e7-997e-4d77-a338-cc0290791ebe,Finale of Devastation,Aggro-Combo,29,15,0.5172413793103449
Season-4,985453e7-997e-4d77-a338-cc0290791ebe,Finale of Devastation,Aggro-Control (Tempo),9,5,0.5555555555555556
Season-4,985453e7-997e-4d77-a338-cc0290791ebe,Finale of Devastation,Combo-Control,12,5,0.4166666666666667
Season-4,985453e7-997e-4d77-a338-cc0290791ebe,Finale of Devastation,Control,10,2,0.2
Season-4,985bdb0c-ce6c-4506-8163-76f3b2fdf5fb,Lose Focus,Aggro-Control (Tempo),9,1,0.1111111111111111
Season-4,985bdb0c-ce6c-4506-8163-76f3b2fdf5fb,Lose Focus,Combo,35,20,0.5714285714285714
Season-4,985bdb0c-ce6c-4506-8163-76f3b2fdf5fb,Lose Focus,Control,61,28,0.4590163934426229
Season-4,98e7bf8f-dba7-4005-8cee-634c9153931d,Phantasmal Image,Combo,28,14,0.5
Season-4,98e7bf8f-dba7-4005-8cee-634c9153931d,Phantasmal Image,Combo-Control,9,3,0.3333333333333333
Season-4,98e7bf8f-dba7-4005-8cee-634c9153931d,Phantasmal Image,Control,35,13,0.3714285714285714
Season-4,98fb1eaa-2871-491a-a4f5-3e358778ba40,Mindslaver,Combo,9,3,0.3333333333333333
Season-4,98fb1eaa-2871-491a-a4f5-3e358778ba40,Mindslaver,Control,11,7,0.6363636363636364
Season-4,995486ce-58bb-4753-a812-0ca73ef1a235,Gitaxian Probe,Aggro-Control (Tempo),9,5,0.5555555555555556
Season-4,995486ce-58bb-4753-a812-0ca73ef1a235,Gitaxian Probe,Combo,47,24,0.5106382978723404
Season-4,995486ce-58bb-4753-a812-0ca73ef1a235,Gitaxian Probe,Control,36,10,0.2777777777777778
Season-4,99ff731b-8399-40c8-b539-ba6ba5783771,Wasteland,Aggro,21,13,0.6190476190476191
Season-4,99ff731b-8399-40c8-b539-ba6ba5783771,Wasteland,Aggro-Combo,12,6,0.5
Season-4,99ff731b-8399-40c8-b539-ba6ba5783771,Wasteland,Aggro-Control (Tempo),8,2,0.25
Season-4,99ff731b-8399-40c8-b539-ba6ba5783771,Wasteland,Combo-Control,18,9,0.5
Season-4,99ff731b-8399-40c8-b539-ba6ba5783771,Wasteland,Control,11,6,0.5454545454545454
Season-4,9a71531f-d4b6-4cc7-8193-b2f5bce33b21,Night Scythe,Aggro,27,17,0.6296296296296297
Season-4,9a71531f-d4b6-4cc7-8193-b2f5bce33b21,Night Scythe,Aggro-Control (Tempo),19,13,0.6842105263157895
Season-4,9a71531f-d4b6-4cc7-8193-b2f5bce33b21,Night Scythe,Combo,20,7,0.35
Season-4,9a71531f-d4b6-4cc7-8193-b2f5bce33b21,Night Scythe,Control,9,4,0.4444444444444444
Season-4,9a9a1df5-a4e8-49a4-aebe-ca93894ccfcf,Dimir Signet,Combo,39,19,0.4871794871794871
Season-4,9a9a1df5-a4e8-49a4-aebe-ca93894ccfcf,Dimir Signet,Combo-Control,9,6,0.6666666666666666
Season-4,9a9a1df5-a4e8-49a4-aebe-ca93894ccfcf,Dimir Signet,Control,8,2,0.25
Season-4,9b32531e-c759-4603-abd0-1724e8df70db,Tribal Flames,Control,8,1,0.125
Season-4,9d3a7998-ccac-45ad-a4e9-3a2cb057f63b,Elite Spellbinder,Aggro,65,40,0.6153846153846154
Season-4,9d3a7998-ccac-45ad-a4e9-3a2cb057f63b,Elite Spellbinder,Aggro-Control (Tempo),9,5,0.5555555555555556
Season-4,9d3a7998-ccac-45ad-a4e9-3a2cb057f63b,Elite Spellbinder,Control,18,10,0.5555555555555556
Season-4,9d3a7998-ccac-45ad-a4e9-3a2cb057f63b,Elite Spellbinder,Control-Aggro (Midrange),10,7,0.7
Season-4,9d48aaff-46ab-411b-9456-171d4709f951,Fear of Missing Out,Aggro,25,11,0.44
Season-4,9d48aaff-46ab-411b-9456-171d4709f951,Fear of Missing Out,Combo,30,18,0.6
Season-4,9d48aaff-46ab-411b-9456-171d4709f951,Fear of Missing Out,Control-Aggro (Midrange),21,12,0.5714285714285714
Season-4,9e7fb3c0-5159-4d1f-8490-ce4c9a60f567,"Urza, Lord High Artificer",Aggro-Control (Tempo),11,7,0.6363636363636364
Season-4,9e7fb3c0-5159-4d1f-8490-ce4c9a60f567,"Urza, Lord High Artificer",Combo,48,17,0.3541666666666667
Season-4,9e7fb3c0-5159-4d1f-8490-ce4c9a60f567,"Urza, Lord High Artificer",Control,18,4,0.2222222222222222
Season-4,a15570c0-4210-4959-8584-987ec85f8283,Wight of the Reliquary,Control-Aggro (Midrange),11,7,0.6363636363636364
Season-4,a1febcf1-afa4-4406-9ac1-5bf98b2765d2,Time Walk,Combo,38,20,0.5263157894736842
Season-4,a1febcf1-afa4-4406-9ac1-5bf98b2765d2,Time Walk,Combo-Control,9,3,0.3333333333333333
Season-4,a1febcf1-afa4-4406-9ac1-5bf98b2765d2,Time Walk,Control,35,14,0.4
Season-4,a249b1f4-2b22-4b67-a207-e0c4ae95d2e1,Ketria Triome,Combo,29,13,0.4482758620689655
Season-4,a249b1f4-2b22-4b67-a207-e0c4ae95d2e1,Ketria Triome,Combo-Control,9,6,0.6666666666666666
Season-4,a249b1f4-2b22-4b67-a207-e0c4ae95d2e1,Ketria Triome,Control,36,17,0.4722222222222222
Season-4,a249b1f4-2b22-4b67-a207-e0c4ae95d2e1,Ketria Triome,Control-Aggro (Midrange),8,2,0.25
Season-4,a24e8dba-5c86-4e32-8a52-61402f7fe9f0,Containment Priest,Aggro,30,18,0.6
Season-4,a24e8dba-5c86-4e32-8a52-61402f7fe9f0,Containment Priest,Control,16,10,0.625
Season-4,a2c56479-4bee-4edb-80d7-4af010b7c793,Raffine's Tower,Combo,39,21,0.5384615384615384
Season-4,a2c56479-4bee-4edb-80d7-4af010b7c793,Raffine's Tower,Control,34,10,0.2941176470588235
Season-4,a3012af9-621d-4fae-b00d-079a89ae35fe,Harvester of Misery,Aggro-Control (Tempo),9,5,0.5555555555555556
Season-4,a3012af9-621d-4fae-b00d-079a89ae35fe,Harvester of Misery,Combo,31,15,0.4838709677419355
Season-4,a3b1b58d-b7f1-404f-aec6-b19cef4bebbd,Unruly Krasis,Aggro-Control (Tempo),17,7,0.4117647058823529
Season-4,a3b1b58d-b7f1-404f-aec6-b19cef4bebbd,Unruly Krasis,Control,11,6,0.5454545454545454
Season-4,a3bb2881-e8fb-4fba-a9f9-d93e6ca24378,"Laelia, the Blade Reforged",Aggro,75,44,0.5866666666666667
Season-4,a3bb2881-e8fb-4fba-a9f9-d93e6ca24378,"Laelia, the Blade Reforged",Combo,11,8,0.7272727272727273
Season-4,a3bb2881-e8fb-4fba-a9f9-d93e6ca24378,"Laelia, the Blade Reforged",Control-Aggro (Midrange),10,5,0.5
Season-4,a50d79fe-6d37-42f3-b7b0-0c3018282fa2,End-Raze Forerunners,Aggro-Combo,60,33,0.55
Season-4,a50d79fe-6d37-42f3-b7b0-0c3018282fa2,End-Raze Forerunners,Combo-Control,9,3,0.3333333333333333
Season-4,a55c4d47-5252-40af-961d-c08bc688028a,Goblin Engineer,Combo,30,10,0.3333333333333333
Season-4,a6539e26-b63b-4725-9407-caaf451de084,Troll of Khazad-dûm,Aggro-Control (Tempo),10,8,0.8
Season-4,a6539e26-b63b-4725-9407-caaf451de084,Troll of Khazad-dûm,Combo,78,42,0.5384615384615384
Season-4,a6539e26-b63b-4725-9407-caaf451de084,Troll of Khazad-dûm,Control,8,8,1.0
Season-4,a6539e26-b63b-4725-9407-caaf451de084,Troll of Khazad-dûm,Control-Aggro (Midrange),11,7,0.6363636363636364
Season-4,a7a8b6b8-b95f-4014-b17a-a6d44d965995,City of Traitors,Aggro,27,16,0.5925925925925926
Season-4,a7a8b6b8-b95f-4014-b17a-a6d44d965995,City of Traitors,Combo,37,16,0.4324324324324324
Season-4,a7a8b6b8-b95f-4014-b17a-a6d44d965995,City of Traitors,Control,18,8,0.4444444444444444
Season-4,a8069994-b103-40dc-9e14-062004914ec8,Cathar Commando,Aggro,28,16,0.5714285714285714
Season-4,a8069994-b103-40dc-9e14-062004914ec8,Cathar Commando,Combo-Control,18,9,0.5
Season-4,a8069994-b103-40dc-9e14-062004914ec8,Cathar Commando,Control,18,10,0.5555555555555556
Season-4,a8069994-b103-40dc-9e14-062004914ec8,Cathar Commando,Control-Aggro (Midrange),9,2,0.2222222222222222
Season-4,a9225cc3-90f0-448f-a8d9-7c6c2796d077,Sheoldred's Edict,Aggro,20,11,0.55
Season-4,a9225cc3-90f0-448f-a8d9-7c6c2796d077,Sheoldred's Edict,Aggro-Control (Tempo),9,5,0.5555555555555556
Season-4,a9225cc3-90f0-448f-a8d9-7c6c2796d077,Sheoldred's Edict,Combo,21,13,0.6190476190476191
Season-4,a9225cc3-90f0-448f-a8d9-7c6c2796d077,Sheoldred's Edict,Control-Aggro (Midrange),10,4,0.4
Season-4,a93e3406-4e29-4bc0-ae52-cbd2ac1f99a4,"Alesha, Who Laughs at Fate",Control-Aggro (Midrange),10,6,0.6
Season-4,a9738cda-adb1-47fb-9f4c-ecd930228c4d,"Ragavan, Nimble Pilferer",Aggro,46,28,0.6086956521739131
Season-4,a9738cda-adb1-47fb-9f4c-ecd930228c4d,"Ragavan, Nimble Pilferer",Aggro-Control (Tempo),11,7,0.6363636363636364
Season-4,a9738cda-adb1-47fb-9f4c-ecd930228c4d,"Ragavan, Nimble Pilferer",Combo,11,8,0.7272727272727273
Season-4,a9738cda-adb1-47fb-9f4c-ecd930228c4d,"Ragavan, Nimble Pilferer",Combo-Control,9,6,0.6666666666666666
Season-4,a9738cda-adb1-47fb-9f4c-ecd930228c4d,"Ragavan, Nimble Pilferer",Control,9,4,0.4444444444444444
Season-4,aaae15dd-11b6-4421-99e9-365c7fe4a5d6,Embercleave,Aggro,72,35,0.4861111111111111
Season-4,aac0c8df-f01d-4178-8d66-ee603f814d24,Mishra's Workshop,Combo,39,16,0.4102564102564102
Season-4,ab1d1461-1625-4163-aacd-a939f4871fad,Staff of the Storyteller,Aggro,8,3,0.375
Season-4,ab1d1461-1625-4163-aacd-a939f4871fad,Staff of the Storyteller,Control,28,12,0.4285714285714285
Season-4,ab1d1461-1625-4163-aacd-a939f4871fad,Staff of the Storyteller,Control-Aggro (Midrange),19,8,0.4210526315789473
Season-4,ab9f6a1b-8467-4584-affd-8c71d3e34d2f,"Akal Pakal, First Among Equals",Combo,38,16,0.4210526315789473
Season-4,ab9f6a1b-8467-4584-affd-8c71d3e34d2f,"Akal Pakal, First Among Equals",Control,18,4,0.2222222222222222
Season-4,aced2c55-7543-4076-bcdd-36c4d649b8ae,Mox Emerald,Aggro,50,31,0.62
Season-4,aced2c55-7543-4076-bcdd-36c4d649b8ae,Mox Emerald,Aggro-Combo,10,6,0.6
Season-4,aced2c55-7543-4076-bcdd-36c4d649b8ae,Mox Emerald,Combo,20,8,0.4
Season-4,aced2c55-7543-4076-bcdd-36c4d649b8ae,Mox Emerald,Combo-Control,20,8,0.4
Season-4,aced2c55-7543-4076-bcdd-36c4d649b8ae,Mox Emerald,Control,7,2,0.2857142857142857
Season-4,af09af65-0a3b-42df-b0fd-372e2158beac,Academy Ruins,Combo,29,12,0.4137931034482758
Season-4,af09af65-0a3b-42df-b0fd-372e2158beac,Academy Ruins,Control,16,6,0.375
Season-4,af7091c9-5f98-4078-a42b-c9e057346d9b,Hallowed Fountain,Combo,9,3,0.3333333333333333
Season-4,af7091c9-5f98-4078-a42b-c9e057346d9b,Hallowed Fountain,Combo-Control,9,3,0.3333333333333333
Season-4,af7091c9-5f98-4078-a42b-c9e057346d9b,Hallowed Fountain,Control,38,20,0.5263157894736842
Season-4,b045c28a-39f9-4cd9-8f3a-a626b697f409,Cathartic Pyre,Aggro,40,20,0.5
Season-4,b045c28a-39f9-4cd9-8f3a-a626b697f409,Cathartic Pyre,Combo,39,22,0.5641025641025641
Season-4,b0f61742-522c-4b36-97db-41d0c412a072,Nexus of Becoming,Aggro-Combo,20,12,0.6
Season-4,b256ddc8-8b12-434c-a610-1a872e948f2f,White Plume Adventurer,Aggro,46,25,0.5434782608695652
Season-4,b256ddc8-8b12-434c-a610-1a872e948f2f,White Plume Adventurer,Aggro-Control (Tempo),9,5,0.5555555555555556
Season-4,b256ddc8-8b12-434c-a610-1a872e948f2f,White Plume Adventurer,Combo-Control,9,6,0.6666666666666666
Season-4,b256ddc8-8b12-434c-a610-1a872e948f2f,White Plume Adventurer,Control,19,12,0.631578947368421
Season-4,b256ddc8-8b12-434c-a610-1a872e948f2f,White Plume Adventurer,Control-Aggro (Midrange),10,7,0.7
Season-4,b277752b-430a-4f09-8a98-b72f813dd52e,Bountiful Landscape,Aggro,9,6,0.6666666666666666
Season-4,b277752b-430a-4f09-8a98-b72f813dd52e,Bountiful Landscape,Combo,10,6,0.6
Season-4,b34bf7fd-9fe3-43e2-8cfe-7ce7cff08afe,Stonecoil Serpent,Combo,19,9,0.4736842105263157
Season-4,b34bf7fd-9fe3-43e2-8cfe-7ce7cff08afe,Stonecoil Serpent,Combo-Control,20,11,0.55
Season-4,b34bf7fd-9fe3-43e2-8cfe-7ce7cff08afe,Stonecoil Serpent,Control,18,8,0.4444444444444444
Season-4,b34bf7fd-9fe3-43e2-8cfe-7ce7cff08afe,Stonecoil Serpent,Control-Aggro (Midrange),18,5,0.2777777777777778
Season-4,b3da28c7-6e92-439d-a163-91682d4f11dc,Shattered Landscape,Aggro-Control (Tempo),9,5,0.5555555555555556
Season-4,b3da28c7-6e92-439d-a163-91682d4f11dc,Shattered Landscape,Control-Aggro (Midrange),10,6,0.6
Season-4,b3dd3c7d-4685-4579-b483-14ddaaaddf5b,Scythecat Cub,Aggro,8,4,0.5
Season-4,b3dd3c7d-4685-4579-b483-14ddaaaddf5b,Scythecat Cub,Aggro-Combo,9,4,0.4444444444444444
Season-4,b3dd3c7d-4685-4579-b483-14ddaaaddf5b,Scythecat Cub,Combo,10,7,0.7
Season-4,b3dd3c7d-4685-4579-b483-14ddaaaddf5b,Scythecat Cub,Combo-Control,11,5,0.4545454545454545
Season-4,b50e1800-a45c-43bd-8886-8a06145d9346,Recurring Nightmare,Combo,57,24,0.4210526315789473
Season-4,b50e1800-a45c-43bd-8886-8a06145d9346,Recurring Nightmare,Combo-Control,11,5,0.4545454545454545
Season-4,b598c93e-dae1-4d71-a9e4-917abf76d2d0,Raucous Theater,Aggro,9,5,0.5555555555555556
Season-4,b598c93e-dae1-4d71-a9e4-917abf76d2d0,Raucous Theater,Combo,28,16,0.5714285714285714
Season-4,b598c93e-dae1-4d71-a9e4-917abf76d2d0,Raucous Theater,Control,11,6,0.5454545454545454
Season-4,b598c93e-dae1-4d71-a9e4-917abf76d2d0,Raucous Theater,Control-Aggro (Midrange),11,7,0.6363636363636364
Season-4,b5aaaee0-9a61-45df-821e-cce516f8de6a,Old One Eye,Aggro,8,5,0.625
Season-4,b5aaaee0-9a61-45df-821e-cce516f8de6a,Old One Eye,Aggro-Combo,19,9,0.4736842105263157
Season-4,b5aaaee0-9a61-45df-821e-cce516f8de6a,Old One Eye,Combo,11,5,0.4545454545454545
Season-4,b5aaaee0-9a61-45df-821e-cce516f8de6a,Old One Eye,Control,11,6,0.5454545454545454
Season-4,b5aaaee0-9a61-45df-821e-cce516f8de6a,Old One Eye,Control-Aggro (Midrange),10,5,0.5
Season-4,b689a206-aec3-4a31-95cf-3d4b840db04c,Securitron Squadron,Aggro,27,14,0.5185185185185185
Season-4,b689a206-aec3-4a31-95cf-3d4b840db04c,Securitron Squadron,Combo-Control,9,6,0.6666666666666666
Season-4,b689a206-aec3-4a31-95cf-3d4b840db04c,Securitron Squadron,Control,11,6,0.5454545454545454
Season-4,b689a206-aec3-4a31-95cf-3d4b840db04c,Securitron Squadron,Control-Aggro (Midrange),25,5,0.2
Season-4,b6cb2549-e485-44d6-9d65-7605c568909e,Unearth,Aggro,19,12,0.631578947368421
Season-4,b6cb2549-e485-44d6-9d65-7605c568909e,Unearth,Combo-Control,9,6,0.6666666666666666
Season-4,b6cb2549-e485-44d6-9d65-7605c568909e,Unearth,Control,27,18,0.6666666666666666
Season-4,b6cb2549-e485-44d6-9d65-7605c568909e,Unearth,Control-Aggro (Midrange),9,1,0.1111111111111111
Season-4,b768efa2-e56b-4a7e-ace8-d673f10e0714,Birthing Pod,Combo-Control,20,11,0.55
Season-4,b768efa2-e56b-4a7e-ace8-d673f10e0714,Birthing Pod,Control,20,14,0.7
Season-4,b7f16fdf-a3f5-462d-a64a-789d893b6ef5,Batterskull,Aggro,8,3,0.375
Season-4,b7f16fdf-a3f5-462d-a64a-789d893b6ef5,Batterskull,Combo-Control,11,5,0.4545454545454545
Season-4,b7f16fdf-a3f5-462d-a64a-789d893b6ef5,Batterskull,Control,27,21,0.7777777777777778
Season-4,b7f16fdf-a3f5-462d-a64a-789d893b6ef5,Batterskull,Control-Aggro (Midrange),9,2,0.2222222222222222
Season-4,b83cfbaa-7890-4f6f-878b-4edb45677371,Skyclave Apparition,Aggro,48,29,0.6041666666666666
Season-4,b83cfbaa-7890-4f6f-878b-4edb45677371,Skyclave Apparition,Aggro-Control (Tempo),9,5,0.5555555555555556
Season-4,b83cfbaa-7890-4f6f-878b-4edb45677371,Skyclave Apparition,Combo-Control,20,13,0.65
Season-4,b83cfbaa-7890-4f6f-878b-4edb45677371,Skyclave Apparition,Control,10,6,0.6
Season-4,b841bfa8-7c17-4df2-8466-780ab9a4a53a,Fabled Passage,Aggro,18,10,0.5555555555555556
Season-4,b841bfa8-7c17-4df2-8466-780ab9a4a53a,Fabled Passage,Aggro-Combo,12,6,0.5
Season-4,b841bfa8-7c17-4df2-8466-780ab9a4a53a,Fabled Passage,Combo,19,10,0.5263157894736842
Season-4,b841bfa8-7c17-4df2-8466-780ab9a4a53a,Fabled Passage,Combo-Control,9,3,0.3333333333333333
Season-4,b841bfa8-7c17-4df2-8466-780ab9a4a53a,Fabled Passage,Control,11,8,0.7272727272727273
Season-4,b841bfa8-7c17-4df2-8466-780ab9a4a53a,Fabled Passage,Control-Aggro (Midrange),8,2,0.25
Season-4,b90331d4-74f0-43bf-8ed2-f8616d782859,Basalt Monolith,Combo,28,10,0.3571428571428571
Season-4,b90331d4-74f0-43bf-8ed2-f8616d782859,Basalt Monolith,Control,8,2,0.25
Season-4,bb142d99-b210-47c8-897c-be62f90d2192,Mishra's Research Desk,Aggro,10,2,0.2
Season-4,bb142d99-b210-47c8-897c-be62f90d2192,Mishra's Research Desk,Combo,10,3,0.3
Season-4,bb142d99-b210-47c8-897c-be62f90d2192,Mishra's Research Desk,Control,10,2,0.2
Season-4,bb41ff5c-9617-4033-a4fa-99323640b9c3,Duress,Aggro,10,7,0.7
Season-4,bb41ff5c-9617-4033-a4fa-99323640b9c3,Duress,Combo,60,33,0.55
Season-4,bb41ff5c-9617-4033-a4fa-99323640b9c3,Duress,Combo-Control,20,14,0.7
Season-4,bb41ff5c-9617-4033-a4fa-99323640b9c3,Duress,Control,9,8,0.8888888888888888
Season-4,bb9ad57f-cca2-4717-a951-cbe3c7782efe,Recruiter of the Guard,Aggro,48,28,0.5833333333333334
Season-4,bb9ad57f-cca2-4717-a951-cbe3c7782efe,Recruiter of the Guard,Control,30,20,0.6666666666666666
Season-4,bbec97ff-bb84-4496-9e09-d4fc1570c516,Mawloc,Aggro,17,10,0.5882352941176471
Season-4,bbec97ff-bb84-4496-9e09-d4fc1570c516,Mawloc,Combo-Control,21,11,0.5238095238095238
Season-4,bbec97ff-bb84-4496-9e09-d4fc1570c516,Mawloc,Control,20,13,0.65
Season-4,bbec97ff-bb84-4496-9e09-d4fc1570c516,Mawloc,Control-Aggro (Midrange),21,12,0.5714285714285714
Season-4,bce84a87-093a-42de-9696-8c3250e0f33b,Goblin Rabblemaster,Aggro,36,20,0.5555555555555556
Season-4,bce84a87-093a-42de-9696-8c3250e0f33b,Goblin Rabblemaster,Aggro-Combo,8,7,0.875
Season-4,bce84a87-093a-42de-9696-8c3250e0f33b,Goblin Rabblemaster,Control,11,6,0.5454545454545454
Season-4,bd3d4b4b-cf31-4f89-8140-9650edb03c7b,Ancient Tomb,Aggro,29,19,0.6551724137931034
Season-4,bd3d4b4b-cf31-4f89-8140-9650edb03c7b,Ancient Tomb,Combo,9,4,0.4444444444444444
Season-4,bd3d4b4b-cf31-4f89-8140-9650edb03c7b,Ancient Tomb,Combo-Control,9,6,0.6666666666666666
Season-4,bd3d4b4b-cf31-4f89-8140-9650edb03c7b,Ancient Tomb,Control,8,4,0.5
Season-4,bd3d4b4b-cf31-4f89-8140-9650edb03c7b,Ancient Tomb,Control-Aggro (Midrange),10,6,0.6
Season-4,bd8fa327-dd41-4737-8f19-2cf5eb1f7cdd,Black Lotus,Aggro,8,5,0.625
Season-4,bd8fa327-dd41-4737-8f19-2cf5eb1f7cdd,Black Lotus,Combo,40,27,0.675
Season-4,bd8fa327-dd41-4737-8f19-2cf5eb1f7cdd,Black Lotus,Combo-Control,20,11,0.55
Season-4,bd8fa327-dd41-4737-8f19-2cf5eb1f7cdd,Black Lotus,Control,22,13,0.5909090909090909
Season-4,bd8fa327-dd41-4737-8f19-2cf5eb1f7cdd,Black Lotus,Control-Aggro (Midrange),11,7,0.6363636363636364
Season-4,bdb41396-5008-4a5f-92ca-54ecac42e926,Cave of the Frost Dragon,Aggro,10,5,0.5
Season-4,bdb41396-5008-4a5f-92ca-54ecac42e926,Cave of the Frost Dragon,Aggro-Control (Tempo),17,7,0.4117647058823529
Season-4,bdb41396-5008-4a5f-92ca-54ecac42e926,Cave of the Frost Dragon,Control-Aggro (Midrange),10,6,0.6
Season-4,be77b98a-dd79-477c-8ab2-7ebf5637a89e,Headliner Scarlett,Aggro,47,21,0.4468085106382978
Season-4,be77b98a-dd79-477c-8ab2-7ebf5637a89e,Headliner Scarlett,Aggro-Control (Tempo),11,7,0.6363636363636364
Season-4,be77b98a-dd79-477c-8ab2-7ebf5637a89e,Headliner Scarlett,Combo,10,6,0.6
Season-4,be77b98a-dd79-477c-8ab2-7ebf5637a89e,Headliner Scarlett,Control-Aggro (Midrange),10,6,0.6
Season-4,bf220c06-3cce-4bdd-aa58-83940c223e9c,Commercial District,Aggro,16,9,0.5625
Season-4,bf220c06-3cce-4bdd-aa58-83940c223e9c,Commercial District,Combo-Control,9,6,0.6666666666666666
Season-4,bf220c06-3cce-4bdd-aa58-83940c223e9c,Commercial District,Control,11,6,0.5454545454545454
Season-4,bf220c06-3cce-4bdd-aa58-83940c223e9c,Commercial District,Control-Aggro (Midrange),10,5,0.5
Season-4,bf4b9a8a-b42a-46fb-b0d0-9cf800f63c8a,"Emry, Lurker of the Loch",Combo,46,17,0.3695652173913043
Season-4,bf4b9a8a-b42a-46fb-b0d0-9cf800f63c8a,"Emry, Lurker of the Loch",Control,17,4,0.2352941176470588
Season-4,c17816e8-28b1-4295-a637-efb0e5c18873,Lush Portico,Combo-Control,21,11,0.5238095238095238
Season-4,c17816e8-28b1-4295-a637-efb0e5c18873,Lush Portico,Control,17,7,0.4117647058823529
Season-4,c17816e8-28b1-4295-a637-efb0e5c18873,Lush Portico,Control-Aggro (Midrange),36,10,0.2777777777777778
Season-4,c1e0f201-42cb-46a1-901a-65bb4fc18f6c,Urza's Saga,Aggro,10,7,0.7
Season-4,c1e0f201-42cb-46a1-901a-65bb4fc18f6c,Urza's Saga,Aggro-Control (Tempo),9,5,0.5555555555555556
Season-4,c1e0f201-42cb-46a1-901a-65bb4fc18f6c,Urza's Saga,Combo,19,8,0.4210526315789473
Season-4,c1e0f201-42cb-46a1-901a-65bb4fc18f6c,Urza's Saga,Combo-Control,11,5,0.4545454545454545
Season-4,c1e0f201-42cb-46a1-901a-65bb4fc18f6c,Urza's Saga,Control,22,8,0.3636363636363636
Season-4,c2089ec9-0665-448f-bfe9-d181de127814,Brazen Borrower // Petty Theft,Aggro-Control (Tempo),46,23,0.5
Season-4,c2089ec9-0665-448f-bfe9-d181de127814,Brazen Borrower // Petty Theft,Combo,17,9,0.5294117647058824
Season-4,c2089ec9-0665-448f-bfe9-d181de127814,Brazen Borrower // Petty Theft,Combo-Control,11,5,0.4545454545454545
Season-4,c2089ec9-0665-448f-bfe9-d181de127814,Brazen Borrower // Petty Theft,Control,20,7,0.35
Season-4,c3896705-bbd2-4ffb-a590-ee78e0eabdc5,Long Goodbye,Aggro,17,6,0.3529411764705882
Season-4,c3896705-bbd2-4ffb-a590-ee78e0eabdc5,Long Goodbye,Combo,47,23,0.4893617021276595
Season-4,c3896705-bbd2-4ffb-a590-ee78e0eabdc5,Long Goodbye,Control,11,7,0.6363636363636364
Season-4,c3b92caa-3401-4b11-9515-152f3e057c05,"Koma, World-Eater",Control,8,1,0.125
Season-4,c3b92caa-3401-4b11-9515-152f3e057c05,"Koma, World-Eater",Control-Aggro (Midrange),8,2,0.25
Season-4,c4fffacd-81c7-44b8-9b59-2c7210022c14,Augur of Autumn,Aggro,10,4,0.4
Season-4,c4fffacd-81c7-44b8-9b59-2c7210022c14,Augur of Autumn,Combo-Control,31,13,0.4193548387096774
Season-4,c4fffacd-81c7-44b8-9b59-2c7210022c14,Augur of Autumn,Control,8,1,0.125
Season-4,c4fffacd-81c7-44b8-9b59-2c7210022c14,Augur of Autumn,Control-Aggro (Midrange),18,3,0.1666666666666666
Season-4,c78da035-6b5b-4136-9ab6-f622b64fdc54,Unstoppable Slasher,Aggro,17,6,0.3529411764705882
Season-4,c78da035-6b5b-4136-9ab6-f622b64fdc54,Unstoppable Slasher,Aggro-Combo,8,7,0.875
Season-4,c78da035-6b5b-4136-9ab6-f622b64fdc54,Unstoppable Slasher,Combo,18,5,0.2777777777777778
Season-4,c78da035-6b5b-4136-9ab6-f622b64fdc54,Unstoppable Slasher,Combo-Control,11,5,0.4545454545454545
Season-4,c78da035-6b5b-4136-9ab6-f622b64fdc54,Unstoppable Slasher,Control,8,8,1.0
Season-4,c78da035-6b5b-4136-9ab6-f622b64fdc54,Unstoppable Slasher,Control-Aggro (Midrange),19,5,0.2631578947368421
Season-4,c7bbb911-9de2-455d-9677-e1004db65dbd,"Chandra, Torch of Defiance",Aggro,67,29,0.4328358208955223
Season-4,c7bbb911-9de2-455d-9677-e1004db65dbd,"Chandra, Torch of Defiance",Aggro-Combo,8,7,0.875
Season-4,c7bbb911-9de2-455d-9677-e1004db65dbd,"Chandra, Torch of Defiance",Combo,20,13,0.65
Season-4,c8090bcf-e17a-4110-a518-77ccd045b18f,Charming Scoundrel,Aggro,37,17,0.4594594594594595
Season-4,c8090bcf-e17a-4110-a518-77ccd045b18f,Charming Scoundrel,Aggro-Combo,8,7,0.875
Season-4,c8090bcf-e17a-4110-a518-77ccd045b18f,Charming Scoundrel,Combo,18,10,0.5555555555555556
Season-4,c8090bcf-e17a-4110-a518-77ccd045b18f,Charming Scoundrel,Combo-Control,11,7,0.6363636363636364
Season-4,c8090bcf-e17a-4110-a518-77ccd045b18f,Charming Scoundrel,Control,9,5,0.5555555555555556
Season-4,c86b8a75-9e31-4a44-95b8-c83b9a49646f,Ocelot Pride,Aggro,36,22,0.6111111111111112
Season-4,c86b8a75-9e31-4a44-95b8-c83b9a49646f,Ocelot Pride,Aggro-Control (Tempo),9,5,0.5555555555555556
Season-4,c86b8a75-9e31-4a44-95b8-c83b9a49646f,Ocelot Pride,Combo-Control,11,8,0.7272727272727273
Season-4,c86b8a75-9e31-4a44-95b8-c83b9a49646f,Ocelot Pride,Control,50,23,0.46
Season-4,c86b8a75-9e31-4a44-95b8-c83b9a49646f,Ocelot Pride,Control-Aggro (Midrange),10,7,0.7
Season-4,ca4c8b04-66af-4cb3-8003-9088d8344b20,Alpha Deathclaw,Combo,8,0,0.0
Season-4,ca4c8b04-66af-4cb3-8003-9088d8344b20,Alpha Deathclaw,Control,11,8,0.7272727272727273
Season-4,cb94a02f-4660-45b6-8a39-941b710cf8f3,Collective Brutality,Aggro,8,1,0.125
Season-4,cb94a02f-4660-45b6-8a39-941b710cf8f3,Collective Brutality,Aggro-Combo,8,7,0.875
Season-4,cb94a02f-4660-45b6-8a39-941b710cf8f3,Collective Brutality,Combo,25,11,0.44
Season-4,cb94a02f-4660-45b6-8a39-941b710cf8f3,Collective Brutality,Combo-Control,20,14,0.7
Season-4,cb94a02f-4660-45b6-8a39-941b710cf8f3,Collective Brutality,Control,20,12,0.6
Season-4,cb94a02f-4660-45b6-8a39-941b710cf8f3,Collective Brutality,Control-Aggro (Midrange),10,4,0.4
Season-4,cbac1d27-15e2-4e2f-82ab-625a16e096cb,Enlightened Tutor,Aggro,10,4,0.4
Season-4,cbac1d27-15e2-4e2f-82ab-625a16e096cb,Enlightened Tutor,Control,18,8,0.4444444444444444
Season-4,cc520518-2063-4b57-a0d4-10cf62a7175e,Zagoth Triome,Aggro,10,4,0.4
Season-4,cc520518-2063-4b57-a0d4-10cf62a7175e,Zagoth Triome,Combo,69,39,0.5652173913043478
Season-4,cc520518-2063-4b57-a0d4-10cf62a7175e,Zagoth Triome,Control,10,2,0.2
Season-4,cc520518-2063-4b57-a0d4-10cf62a7175e,Zagoth Triome,Control-Aggro (Midrange),8,1,0.125
Season-4,cd062615-648f-4cc7-9373-520f3f6a90e3,Spitting Dilophosaurus,Aggro-Combo,8,7,0.875
Season-4,cd062615-648f-4cc7-9373-520f3f6a90e3,Spitting Dilophosaurus,Combo,16,5,0.3125
Season-4,cd062615-648f-4cc7-9373-520f3f6a90e3,Spitting Dilophosaurus,Control-Aggro (Midrange),10,4,0.4
Season-4,cda40e31-ba99-4565-ad92-7c687ff44bd9,"Daretti, Scrap Savant",Aggro,8,3,0.375
Season-4,cda40e31-ba99-4565-ad92-7c687ff44bd9,"Daretti, Scrap Savant",Combo,9,4,0.4444444444444444
Season-4,ce54c7c1-3401-4414-8da0-5846cb0ae1b4,Channel,Aggro-Combo,20,11,0.55
Season-4,ce54c7c1-3401-4414-8da0-5846cb0ae1b4,Channel,Combo,11,5,0.4545454545454545
Season-4,ce54c7c1-3401-4414-8da0-5846cb0ae1b4,Channel,Control-Aggro (Midrange),8,2,0.25
Season-4,ce648aa3-098b-4af0-a433-fd290bc85904,Balance,Combo-Control,21,11,0.5238095238095238
Season-4,ce648aa3-098b-4af0-a433-fd290bc85904,Balance,Control,8,8,1.0
Season-4,cea3b218-0e6e-443a-84f7-380f1021e8e1,Barrowgoyf,Aggro,20,11,0.55
Season-4,cea3b218-0e6e-443a-84f7-380f1021e8e1,Barrowgoyf,Combo,56,25,0.4464285714285714
Season-4,cea3b218-0e6e-443a-84f7-380f1021e8e1,Barrowgoyf,Control,19,14,0.7368421052631579
Season-4,cea3b218-0e6e-443a-84f7-380f1021e8e1,Barrowgoyf,Control-Aggro (Midrange),10,4,0.4
Season-4,cf3eb762-6c3f-4b11-a4f9-968f79370217,Mystic Confluence,Aggro-Control (Tempo),19,12,0.631578947368421
Season-4,cf3eb762-6c3f-4b11-a4f9-968f79370217,Mystic Confluence,Combo,21,11,0.5238095238095238
Season-4,cf3eb762-6c3f-4b11-a4f9-968f79370217,Mystic Confluence,Combo-Control,11,5,0.4545454545454545
Season-4,cf3eb762-6c3f-4b11-a4f9-968f79370217,Mystic Confluence,Control,8,2,0.25
Season-4,d0e3e7b3-7ba9-47a2-b46c-a40bffb445e2,Twisted Landscape,Control,8,1,0.125
Season-4,d2124603-d20e-40eb-97f0-a66323397ac2,Bolas's Citadel,Combo,30,17,0.5666666666666667
Season-4,d2507bc2-da17-4e46-b4c5-ba0080ce2c6f,Rishadan Port,Aggro,39,20,0.5128205128205128
Season-4,d2507bc2-da17-4e46-b4c5-ba0080ce2c6f,Rishadan Port,Combo-Control,12,5,0.4166666666666667
Season-4,d2e27911-87cb-49a0-a34f-6afe4bddd592,Phyrexian Metamorph,Aggro,9,6,0.6666666666666666
Season-4,d2e27911-87cb-49a0-a34f-6afe4bddd592,Phyrexian Metamorph,Combo,40,16,0.4
Season-4,d2e27911-87cb-49a0-a34f-6afe4bddd592,Phyrexian Metamorph,Combo-Control,11,7,0.6363636363636364
Season-4,d2e27911-87cb-49a0-a34f-6afe4bddd592,Phyrexian Metamorph,Control,30,14,0.4666666666666667
Season-4,d40b65c1-b24d-492d-81b9-d8474ebdc08c,Sylvan Caryatid,Aggro,8,5,0.625
Season-4,d40b65c1-b24d-492d-81b9-d8474ebdc08c,Sylvan Caryatid,Aggro-Combo,18,10,0.5555555555555556
Season-4,d40b65c1-b24d-492d-81b9-d8474ebdc08c,Sylvan Caryatid,Aggro-Control (Tempo),9,5,0.5555555555555556
Season-4,d40b65c1-b24d-492d-81b9-d8474ebdc08c,Sylvan Caryatid,Combo,10,4,0.4
Season-4,d40b65c1-b24d-492d-81b9-d8474ebdc08c,Sylvan Caryatid,Control,29,13,0.4482758620689655
Season-4,d40b65c1-b24d-492d-81b9-d8474ebdc08c,Sylvan Caryatid,Control-Aggro (Midrange),19,6,0.3157894736842105
Season-4,d51269cf-a333-4a64-94cd-245798d840d2,Elder Gargaroth,Aggro,18,9,0.5
Season-4,d51269cf-a333-4a64-94cd-245798d840d2,Elder Gargaroth,Aggro-Combo,10,6,0.6
Season-4,d51269cf-a333-4a64-94cd-245798d840d2,Elder Gargaroth,Combo,11,5,0.4545454545454545
Season-4,d51269cf-a333-4a64-94cd-245798d840d2,Elder Gargaroth,Combo-Control,20,11,0.55
Season-4,d51269cf-a333-4a64-94cd-245798d840d2,Elder Gargaroth,Control-Aggro (Midrange),31,18,0.5806451612903226
Season-4,d5806e68-1054-458e-866d-1f2470f682b2,The One Ring,Aggro,20,11,0.55
Season-4,d5806e68-1054-458e-866d-1f2470f682b2,The One Ring,Aggro-Control (Tempo),11,7,0.6363636363636364
Season-4,d5806e68-1054-458e-866d-1f2470f682b2,The One Ring,Combo,34,12,0.3529411764705882
Season-4,d5806e68-1054-458e-866d-1f2470f682b2,The One Ring,Combo-Control,11,7,0.6363636363636364
Season-4,d5806e68-1054-458e-866d-1f2470f682b2,The One Ring,Control,8,2,0.25
Season-4,d5806e68-1054-458e-866d-1f2470f682b2,The One Ring,Control-Aggro (Midrange),10,4,0.4
Season-4,d58d3545-043a-457a-8324-facc3c2363ec,Overlord of the Boilerbilges,Aggro,8,3,0.375
Season-4,d58d3545-043a-457a-8324-facc3c2363ec,Overlord of the Boilerbilges,Combo,10,6,0.6
Season-4,d58d3545-043a-457a-8324-facc3c2363ec,Overlord of the Boilerbilges,Control-Aggro (Midrange),10,5,0.5
Season-4,d5c782cc-c951-4c6f-a93f-774ae6c1c214,Shallow Grave,Combo,56,25,0.4464285714285714
Season-4,d67be074-cdd4-41d9-ac89-0a0456c4e4b2,"Sheoldred, the Apocalypse",Aggro,9,5,0.5555555555555556
Season-4,d67be074-cdd4-41d9-ac89-0a0456c4e4b2,"Sheoldred, the Apocalypse",Combo,38,24,0.631578947368421
Season-4,d67be074-cdd4-41d9-ac89-0a0456c4e4b2,"Sheoldred, the Apocalypse",Combo-Control,18,12,0.6666666666666666
Season-4,d67be074-cdd4-41d9-ac89-0a0456c4e4b2,"Sheoldred, the Apocalypse",Control,8,2,0.25
Season-4,d67be074-cdd4-41d9-ac89-0a0456c4e4b2,"Sheoldred, the Apocalypse",Control-Aggro (Midrange),11,7,0.6363636363636364
Season-4,d6ec3293-b09e-4931-ac4e-dc5eac0ca004,Mana Vault,Aggro,17,9,0.5294117647058824
Season-4,d6ec3293-b09e-4931-ac4e-dc5eac0ca004,Mana Vault,Aggro-Combo,10,6,0.6
Season-4,d6ec3293-b09e-4931-ac4e-dc5eac0ca004,Mana Vault,Combo,31,18,0.5806451612903226
Season-4,d6ec3293-b09e-4931-ac4e-dc5eac0ca004,Mana Vault,Combo-Control,30,17,0.5666666666666667
Season-4,d6ec3293-b09e-4931-ac4e-dc5eac0ca004,Mana Vault,Control,16,6,0.375
Season-4,d7a8cc1d-aabb-4eb6-b0f1-6c93ec246f61,Court of Garenbrig,Aggro,11,7,0.6363636363636364
Season-4,d7a8cc1d-aabb-4eb6-b0f1-6c93ec246f61,Court of Garenbrig,Aggro-Combo,19,10,0.5263157894736842
Season-4,d7a8cc1d-aabb-4eb6-b0f1-6c93ec246f61,Court of Garenbrig,Aggro-Control (Tempo),8,2,0.25
Season-4,d7a8cc1d-aabb-4eb6-b0f1-6c93ec246f61,Court of Garenbrig,Combo-Control,21,11,0.5238095238095238
Season-4,d7a8cc1d-aabb-4eb6-b0f1-6c93ec246f61,Court of Garenbrig,Control-Aggro (Midrange),18,8,0.4444444444444444
Season-4,d91a527d-51f1-4fb1-9016-fc923fd43a6a,Azorius Signet,Aggro,10,4,0.4
Season-4,d91a527d-51f1-4fb1-9016-fc923fd43a6a,Azorius Signet,Control,15,10,0.6666666666666666
Season-4,dcb94950-3f3e-4876-84f8-d5e4d9cfecee,Charming Prince,Aggro,26,15,0.5769230769230769
Season-4,dcb94950-3f3e-4876-84f8-d5e4d9cfecee,Charming Prince,Combo,9,3,0.3333333333333333
Season-4,dcb94950-3f3e-4876-84f8-d5e4d9cfecee,Charming Prince,Combo-Control,9,6,0.6666666666666666
Season-4,dcb94950-3f3e-4876-84f8-d5e4d9cfecee,Charming Prince,Control,26,11,0.4230769230769231
Season-4,de0e01e4-e143-47fd-8565-7b48219bb546,Goldvein Hydra,Aggro,10,4,0.4
Season-4,de0e01e4-e143-47fd-8565-7b48219bb546,Goldvein Hydra,Aggro-Combo,28,16,0.5714285714285714
Season-4,de0e01e4-e143-47fd-8565-7b48219bb546,Goldvein Hydra,Combo,11,4,0.3636363636363636
Season-4,de0e01e4-e143-47fd-8565-7b48219bb546,Goldvein Hydra,Control-Aggro (Midrange),19,7,0.3684210526315789
Season-4,df3784d4-80cd-4f78-afb3-d61f3bab5b2c,Zealous Conscripts,Aggro,84,47,0.5595238095238095
Season-4,df3784d4-80cd-4f78-afb3-d61f3bab5b2c,Zealous Conscripts,Aggro-Combo,8,7,0.875
Season-4,df3784d4-80cd-4f78-afb3-d61f3bab5b2c,Zealous Conscripts,Combo-Control,11,7,0.6363636363636364
Season-4,df9d9075-2d1e-4848-b661-816d539e05eb,Emperor of Bones,Combo,30,18,0.6
Season-4,df9d9075-2d1e-4848-b661-816d539e05eb,Emperor of Bones,Combo-Control,31,19,0.6129032258064516
Season-4,df9d9075-2d1e-4848-b661-816d539e05eb,Emperor of Bones,Control,37,22,0.5945945945945946
Season-4,e16ab44e-4257-4c0c-b705-8ac1e9c1d835,Touch the Spirit Realm,Aggro,17,11,0.6470588235294118
Season-4,e16ab44e-4257-4c0c-b705-8ac1e9c1d835,Touch the Spirit Realm,Aggro-Control (Tempo),9,1,0.1111111111111111
Season-4,e2312c49-1627-47ad-8113-78a999a97d8d,Contaminated Landscape,Aggro-Control (Tempo),9,5,0.5555555555555556
Season-4,e2312c49-1627-47ad-8113-78a999a97d8d,Contaminated Landscape,Combo,18,7,0.3888888888888889
Season-4,e2312c49-1627-47ad-8113-78a999a97d8d,Contaminated Landscape,Control,9,4,0.4444444444444444
Season-4,e2312c49-1627-47ad-8113-78a999a97d8d,Contaminated Landscape,Control-Aggro (Midrange),8,2,0.25
Season-4,e419cd0b-2449-4cc5-9ead-b9e45e271700,"Phlage, Titan of Fire's Fury",Aggro,37,14,0.3783783783783784
Season-4,e419cd0b-2449-4cc5-9ead-b9e45e271700,"Phlage, Titan of Fire's Fury",Control,9,5,0.5555555555555556
Season-4,e41cf82d-3213-47ce-a015-6e51a8b07e4f,Questing Beast,Aggro,20,13,0.65
Season-4,e41cf82d-3213-47ce-a015-6e51a8b07e4f,Questing Beast,Aggro-Combo,41,21,0.5121951219512195
Season-4,e41cf82d-3213-47ce-a015-6e51a8b07e4f,Questing Beast,Aggro-Control (Tempo),9,5,0.5555555555555556
Season-4,e41cf82d-3213-47ce-a015-6e51a8b07e4f,Questing Beast,Combo-Control,12,5,0.4166666666666667
Season-4,e41cf82d-3213-47ce-a015-6e51a8b07e4f,Questing Beast,Control-Aggro (Midrange),18,4,0.2222222222222222
Season-4,e4e6794a-feeb-4fc8-a2ee-38c75c18aaae,Heartless Act,Combo,27,5,0.1851851851851851
Season-4,e4e6794a-feeb-4fc8-a2ee-38c75c18aaae,Heartless Act,Combo-Control,11,8,0.7272727272727273
Season-4,e4e6794a-feeb-4fc8-a2ee-38c75c18aaae,Heartless Act,Control,42,23,0.5476190476190477
Season-4,e5145f31-a4ac-44ef-8f85-e4d95f2c9ff5,Library of Alexandria,Aggro-Control (Tempo),9,5,0.5555555555555556
Season-4,e5145f31-a4ac-44ef-8f85-e4d95f2c9ff5,Library of Alexandria,Combo,38,17,0.4473684210526316
Season-4,e5145f31-a4ac-44ef-8f85-e4d95f2c9ff5,Library of Alexandria,Combo-Control,31,16,0.5161290322580645
Season-4,e5145f31-a4ac-44ef-8f85-e4d95f2c9ff5,Library of Alexandria,Control,25,13,0.52
Season-4,e5145f31-a4ac-44ef-8f85-e4d95f2c9ff5,Library of Alexandria,Control-Aggro (Midrange),10,5,0.5
Season-4,e58e681e-a069-4414-aafe-634c7987fd0d,Swords to Plowshares,Aggro,29,17,0.5862068965517241
Season-4,e58e681e-a069-4414-aafe-634c7987fd0d,Swords to Plowshares,Aggro-Control (Tempo),18,6,0.3333333333333333
Season-4,e58e681e-a069-4414-aafe-634c7987fd0d,Swords to Plowshares,Combo-Control,20,10,0.5
Season-4,e58e681e-a069-4414-aafe-634c7987fd0d,Swords to Plowshares,Control,30,15,0.5
Season-4,e58e681e-a069-4414-aafe-634c7987fd0d,Swords to Plowshares,Control-Aggro (Midrange),8,1,0.125
Season-4,e6befbc4-1320-4f26-bd9f-b1814fedda10,Grief,Aggro,28,12,0.4285714285714285
Season-4,e6befbc4-1320-4f26-bd9f-b1814fedda10,Grief,Aggro-Control (Tempo),9,5,0.5555555555555556
Season-4,e6befbc4-1320-4f26-bd9f-b1814fedda10,Grief,Combo,49,25,0.5102040816326531
Season-4,e6befbc4-1320-4f26-bd9f-b1814fedda10,Grief,Control,8,8,1.0
Season-4,e6befbc4-1320-4f26-bd9f-b1814fedda10,Grief,Control-Aggro (Midrange),9,1,0.1111111111111111
Season-4,e7b3ddca-69ef-4743-897b-57c58077db24,Time Warp,Aggro-Control (Tempo),20,12,0.6
Season-4,e7b3ddca-69ef-4743-897b-57c58077db24,Time Warp,Combo,30,13,0.4333333333333333
Season-4,e7b3ddca-69ef-4743-897b-57c58077db24,Time Warp,Control,29,17,0.5862068965517241
Season-4,e9be371c-c688-44ad-ab71-bd4c9f242d58,Force of Negation,Aggro-Control (Tempo),19,9,0.4736842105263157
Season-4,e9be371c-c688-44ad-ab71-bd4c9f242d58,Force of Negation,Combo,18,7,0.3888888888888889
Season-4,e9be371c-c688-44ad-ab71-bd4c9f242d58,Force of Negation,Control,27,10,0.3703703703703703
Season-4,ea1feac0-d3a7-45eb-9719-1cdaf51ea0b6,Mox Sapphire,Aggro-Combo,8,7,0.875
Season-4,ea1feac0-d3a7-45eb-9719-1cdaf51ea0b6,Mox Sapphire,Combo,48,28,0.5833333333333334
Season-4,ea1feac0-d3a7-45eb-9719-1cdaf51ea0b6,Mox Sapphire,Combo-Control,11,7,0.6363636363636364
Season-4,ea1feac0-d3a7-45eb-9719-1cdaf51ea0b6,Mox Sapphire,Control,27,14,0.5185185185185185
Season-4,ea7e7daf-7c06-4c74-8bcf-e42c1f611861,Virtue of Loyalty // Ardenvale Fealty,Aggro,19,11,0.5789473684210527
Season-4,ea7e7daf-7c06-4c74-8bcf-e42c1f611861,Virtue of Loyalty // Ardenvale Fealty,Control-Aggro (Midrange),17,3,0.1764705882352941
Season-4,ebc01ab4-d89a-4d25-bf54-6aed33772f4b,Force of Will,Aggro-Control (Tempo),39,20,0.5128205128205128
Season-4,ebc01ab4-d89a-4d25-bf54-6aed33772f4b,Force of Will,Combo,40,15,0.375
Season-4,ebc01ab4-d89a-4d25-bf54-6aed33772f4b,Force of Will,Combo-Control,11,5,0.4545454545454545
Season-4,ebc01ab4-d89a-4d25-bf54-6aed33772f4b,Force of Will,Control,11,6,0.5454545454545454
Season-4,ebeafbc2-0399-4335-8f63-76a3e085e8c6,Evolved Sleeper,Aggro,10,4,0.4
Season-4,ebeafbc2-0399-4335-8f63-76a3e085e8c6,Evolved Sleeper,Combo,11,5,0.4545454545454545
Season-4,ebeafbc2-0399-4335-8f63-76a3e085e8c6,Evolved Sleeper,Control,32,15,0.46875
Season-4,ebeafbc2-0399-4335-8f63-76a3e085e8c6,Evolved Sleeper,Control-Aggro (Midrange),10,6,0.6
Season-4,ec59ed99-ce40-489a-b776-8874bec60393,Trash for Treasure,Combo,38,12,0.3157894736842105
Season-4,eca8d6f8-c6f1-437c-99e2-4281eae14a6f,Fateful Absence,Aggro,8,5,0.625
Season-4,eca8d6f8-c6f1-437c-99e2-4281eae14a6f,Fateful Absence,Combo-Control,9,6,0.6666666666666666
Season-4,eca8d6f8-c6f1-437c-99e2-4281eae14a6f,Fateful Absence,Control,18,12,0.6666666666666666
Season-4,eca8d6f8-c6f1-437c-99e2-4281eae14a6f,Fateful Absence,Control-Aggro (Midrange),9,2,0.2222222222222222
Season-4,ed0216a0-c5c9-4a99-b869-53e4d0256326,Mox Pearl,Aggro,39,23,0.5897435897435898
Season-4,ed0216a0-c5c9-4a99-b869-53e4d0256326,Mox Pearl,Aggro-Combo,12,6,0.5
Season-4,ed0216a0-c5c9-4a99-b869-53e4d0256326,Mox Pearl,Combo,9,4,0.4444444444444444
Season-4,ed0216a0-c5c9-4a99-b869-53e4d0256326,Mox Pearl,Combo-Control,20,11,0.55
Season-4,ed0216a0-c5c9-4a99-b869-53e4d0256326,Mox Pearl,Control,23,12,0.5217391304347826
Season-4,ee8e9928-d9b2-4570-adb8-44b34115decd,Tireless Tracker,Aggro,16,9,0.5625
Season-4,ee8e9928-d9b2-4570-adb8-44b34115decd,Tireless Tracker,Aggro-Combo,10,5,0.5
Season-4,ee8e9928-d9b2-4570-adb8-44b34115decd,Tireless Tracker,Aggro-Control (Tempo),9,5,0.5555555555555556
Season-4,ee8e9928-d9b2-4570-adb8-44b34115decd,Tireless Tracker,Combo,21,10,0.4761904761904761
Season-4,ee8e9928-d9b2-4570-adb8-44b34115decd,Tireless Tracker,Control,9,5,0.5555555555555556
Season-4,ee8e9928-d9b2-4570-adb8-44b34115decd,Tireless Tracker,Control-Aggro (Midrange),10,5,0.5
Season-4,eeeffc0b-dc92-458e-ad58-86ff6077a508,Sentinel of the Nameless City,Aggro-Combo,10,6,0.6
Season-4,eeeffc0b-dc92-458e-ad58-86ff6077a508,Sentinel of the Nameless City,Aggro-Control (Tempo),9,5,0.5555555555555556
Season-4,eeeffc0b-dc92-458e-ad58-86ff6077a508,Sentinel of the Nameless City,Combo,10,4,0.4
Season-4,eeeffc0b-dc92-458e-ad58-86ff6077a508,Sentinel of the Nameless City,Combo-Control,9,6,0.6666666666666666
Season-4,eeeffc0b-dc92-458e-ad58-86ff6077a508,Sentinel of the Nameless City,Control-Aggro (Midrange),21,14,0.6666666666666666
Season-4,efda91fa-03b2-4fb4-ae07-b45f6c6d3eab,Yawgmoth's Will,Combo,40,26,0.65
Season-4,f05e9a3e-8a35-4687-85cb-e31b3927a5e2,Daze,Combo,58,31,0.5344827586206896
Season-4,f05e9a3e-8a35-4687-85cb-e31b3927a5e2,Daze,Control,38,17,0.4473684210526316
Season-4,f1a21287-e244-4960-84fb-c4f6e5c346d9,Third Path Iconoclast,Combo,18,7,0.3888888888888889
Season-4,f1a21287-e244-4960-84fb-c4f6e5c346d9,Third Path Iconoclast,Control,11,7,0.6363636363636364
Season-4,f1e5cafb-b0e6-4ee5-8c58-6f8e5ef2b9da,Virtue of Persistence // Locthwain Scorn,Aggro,10,7,0.7
Season-4,f1e5cafb-b0e6-4ee5-8c58-6f8e5ef2b9da,Virtue of Persistence // Locthwain Scorn,Aggro-Control (Tempo),9,5,0.5555555555555556
Season-4,f1e5cafb-b0e6-4ee5-8c58-6f8e5ef2b9da,Virtue of Persistence // Locthwain Scorn,Combo,21,11,0.5238095238095238
Season-4,f20015ad-8fda-498f-ac28-1ffb824ab480,Caldaia Guardian,Aggro,10,4,0.4
Season-4,f20015ad-8fda-498f-ac28-1ffb824ab480,Caldaia Guardian,Aggro-Combo,18,10,0.5555555555555556
Season-4,f20015ad-8fda-498f-ac28-1ffb824ab480,Caldaia Guardian,Combo,9,3,0.3333333333333333
Season-4,f20015ad-8fda-498f-ac28-1ffb824ab480,Caldaia Guardian,Control,9,6,0.6666666666666666
Season-4,f20015ad-8fda-498f-ac28-1ffb824ab480,Caldaia Guardian,Control-Aggro (Midrange),28,11,0.3928571428571428
Season-4,f231caf8-56c0-4719-a90d-5e5efbee3148,Den of the Bugbear,Aggro,57,25,0.4385964912280701
Season-4,f231caf8-56c0-4719-a90d-5e5efbee3148,Den of the Bugbear,Aggro-Control (Tempo),11,7,0.6363636363636364
Season-4,f252ae53-443c-4a27-b8f0-639a9a2b8598,Pestermite,Combo-Control,31,18,0.5806451612903226
Season-4,f252ae53-443c-4a27-b8f0-639a9a2b8598,Pestermite,Control,7,2,0.2857142857142857
Season-4,f33d3948-fe7b-4c3b-ab67-1022623fbb2b,"Toby, Beastie Befriender",Aggro,8,6,0.75
Season-4,f33d3948-fe7b-4c3b-ab67-1022623fbb2b,"Toby, Beastie Befriender",Control,22,14,0.6363636363636364
Season-4,f33d3948-fe7b-4c3b-ab67-1022623fbb2b,"Toby, Beastie Befriender",Control-Aggro (Midrange),18,4,0.2222222222222222
Season-4,f3537373-ef54-4578-9d05-6216420ee349,Esper Sentinel,Aggro,27,16,0.5925925925925926
Season-4,f3537373-ef54-4578-9d05-6216420ee349,Esper Sentinel,Combo-Control,22,15,0.6818181818181818
Season-4,f3537373-ef54-4578-9d05-6216420ee349,Esper Sentinel,Control,31,15,0.4838709677419355
Season-4,f3537373-ef54-4578-9d05-6216420ee349,Esper Sentinel,Control-Aggro (Midrange),8,1,0.125
Season-4,f44e5128-e146-4e46-b313-a40d82719d1d,Spirit of the Labyrinth,Combo-Control,9,6,0.6666666666666666
Season-4,f44e5128-e146-4e46-b313-a40d82719d1d,Spirit of the Labyrinth,Control,21,9,0.4285714285714285
Season-4,f44e5128-e146-4e46-b313-a40d82719d1d,Spirit of the Labyrinth,Control-Aggro (Midrange),10,6,0.6
Season-4,f46a9329-7b91-441d-8653-50c1152c9120,"Kellan, Planar Trailblazer",Aggro,18,12,0.6666666666666666
Season-4,f46a9329-7b91-441d-8653-50c1152c9120,"Kellan, Planar Trailblazer",Combo,11,4,0.3636363636363636
Season-4,f5881bbc-8600-464d-9dcd-5a7780918d1d,Galvanic Blast,Aggro,37,25,0.6756756756756757
Season-4,f5881bbc-8600-464d-9dcd-5a7780918d1d,Galvanic Blast,Combo,9,4,0.4444444444444444
Season-4,f5881bbc-8600-464d-9dcd-5a7780918d1d,Galvanic Blast,Combo-Control,9,3,0.3333333333333333
Season-4,f5881bbc-8600-464d-9dcd-5a7780918d1d,Galvanic Blast,Control,8,4,0.5
Season-4,f6ca59cd-8779-4a84-a54b-e863b79c61f0,Underground Mortuary,Combo,19,10,0.5263157894736842
Season-4,f6ca59cd-8779-4a84-a54b-e863b79c61f0,Underground Mortuary,Combo-Control,9,6,0.6666666666666666
Season-4,f6ca59cd-8779-4a84-a54b-e863b79c61f0,Underground Mortuary,Control,9,6,0.6666666666666666
Season-4,f823be95-bef4-4e86-a924-239be62394bf,Izzet Signet,Combo,56,29,0.5178571428571429
Season-4,f83ed433-fae3-4fa5-acad-bb8a5b535ce3,Coveted Jewel,Aggro,9,6,0.6666666666666666
Season-4,f83ed433-fae3-4fa5-acad-bb8a5b535ce3,Coveted Jewel,Combo,30,12,0.4
Season-4,f83ed433-fae3-4fa5-acad-bb8a5b535ce3,Coveted Jewel,Control,11,6,0.5454545454545454
Season-4,f9246b68-580f-4f53-883d-7900880e4b0d,Six,Aggro-Combo,21,10,0.4761904761904761
Season-4,f9246b68-580f-4f53-883d-7900880e4b0d,Six,Combo-Control,11,5,0.4545454545454545
Season-4,f9246b68-580f-4f53-883d-7900880e4b0d,Six,Control-Aggro (Midrange),10,5,0.5
Season-4,f9287151-95df-4f5a-b32a-4b0aea825452,Karn Liberated,Control,19,9,0.4736842105263157
Season-4,fa6ac7d2-0127-49a8-b7d2-a38308d3c27b,"Liliana, the Last Hope",Aggro,10,4,0.4
Season-4,fa6ac7d2-0127-49a8-b7d2-a38308d3c27b,"Liliana, the Last Hope",Combo,18,5,0.2777777777777778
Season-4,fa6ac7d2-0127-49a8-b7d2-a38308d3c27b,"Liliana, the Last Hope",Control,8,8,1.0
Season-4,fa6ac7d2-0127-49a8-b7d2-a38308d3c27b,"Liliana, the Last Hope",Control-Aggro (Midrange),10,6,0.6
Season-4,fa7a55aa-ae61-4933-b7a4-dcc55dac6fcd,"Inti, Seneschal of the Sun",Aggro,59,31,0.5254237288135594
Season-4,fa7a55aa-ae61-4933-b7a4-dcc55dac6fcd,"Inti, Seneschal of the Sun",Combo-Control,18,12,0.6666666666666666
Season-4,fa7a55aa-ae61-4933-b7a4-dcc55dac6fcd,"Inti, Seneschal of the Sun",Control,9,5,0.5555555555555556
Season-4,fa7a55aa-ae61-4933-b7a4-dcc55dac6fcd,"Inti, Seneschal of the Sun",Control-Aggro (Midrange),10,6,0.6
Season-4,fa7b7897-36e0-415a-8bb7-602886164852,Show and Tell,Combo,38,16,0.4210526315789473
Season-4,fa87bf1e-2062-4983-b1c4-98bffea69a4c,Pyrogoyf,Aggro,45,25,0.5555555555555556
Season-4,fa87bf1e-2062-4983-b1c4-98bffea69a4c,Pyrogoyf,Combo,10,7,0.7
Season-4,fa87bf1e-2062-4983-b1c4-98bffea69a4c,Pyrogoyf,Combo-Control,27,12,0.4444444444444444
Season-4,fa87bf1e-2062-4983-b1c4-98bffea69a4c,Pyrogoyf,Control,11,6,0.5454545454545454
Season-4,fa87bf1e-2062-4983-b1c4-98bffea69a4c,Pyrogoyf,Control-Aggro (Midrange),11,7,0.6363636363636364
Season-4,fadb218d-29e2-42d1-a7a1-1066741d63ad,Mox Diamond,Combo,19,6,0.3157894736842105
Season-4,fadb218d-29e2-42d1-a7a1-1066741d63ad,Mox Diamond,Combo-Control,18,12,0.6666666666666666
Season-4,fadb218d-29e2-42d1-a7a1-1066741d63ad,Mox Diamond,Control,36,16,0.4444444444444444
Season-4,fc310a26-b6a0-4e42-98ab-bdfd7b06cb63,"Beza, the Bounding Spring",Aggro,20,8,0.4
Season-4,fc310a26-b6a0-4e42-98ab-bdfd7b06cb63,"Beza, the Bounding Spring",Combo-Control,11,5,0.4545454545454545
Season-4,fc310a26-b6a0-4e42-98ab-bdfd7b06cb63,"Beza, the Bounding Spring",Control,29,18,0.6206896551724138
Season-4,fd6ddbca-b943-49d6-b341-509bb72dd5a6,Primeval Titan,Aggro-Combo,10,6,0.6
Season-4,fd6ddbca-b943-49d6-b341-509bb72dd5a6,Primeval Titan,Combo,11,4,0.3636363636363636
Season-4,fd6ddbca-b943-49d6-b341-509bb72dd5a6,Primeval Titan,Combo-Control,18,9,0.5
Season-4,fd97b3cf-924e-4f77-bb82-0bf19592389f,Dreadhorde Arcanist,Aggro,40,23,0.575
Season-4,fd97b3cf-924e-4f77-bb82-0bf19592389f,Dreadhorde Arcanist,Combo-Control,11,7,0.6363636363636364
Season-4,fd99bce1-ce39-464b-8e61-2631eb3ed6f6,Tolarian Academy,Combo,48,20,0.4166666666666667
Season-4,fd99bce1-ce39-464b-8e61-2631eb3ed6f6,Tolarian Academy,Control,17,4,0.2352941176470588
Season-4,fe30c0ff-f74b-456a-a61e-3720d84d713f,Parallax Wave,Aggro,18,12,0.6666666666666666
Season-4,fe30c0ff-f74b-456a-a61e-3720d84d713f,Parallax Wave,Combo-Control,9,3,0.3333333333333333
Season-4,fe30c0ff-f74b-456a-a61e-3720d84d713f,Parallax Wave,Control,55,31,0.5636363636363636
Season-4,fe30c0ff-f74b-456a-a61e-3720d84d713f,Parallax Wave,Control-Aggro (Midrange),10,7,0.7
Season-4,fe964e7e-e2c5-4263-889d-0a531eb51442,Luminarch Aspirant,Aggro,49,33,0.673469387755102
Season-4,fe964e7e-e2c5-4263-889d-0a531eb51442,Luminarch Aspirant,Aggro-Control (Tempo),9,5,0.5555555555555556
Season-4,fe964e7e-e2c5-4263-889d-0a531eb51442,Luminarch Aspirant,Control,36,17,0.4722222222222222
Season-4,febaaeae-5c0d-45fa-8169-b27b4996f18e,Chrome Host Seedshark,Aggro-Control (Tempo),30,16,0.5333333333333333
Season-4,febaaeae-5c0d-45fa-8169-b27b4996f18e,Chrome Host Seedshark,Combo,18,6,0.3333333333333333
Season-4,febaaeae-5c0d-45fa-8169-b27b4996f18e,Chrome Host Seedshark,Control,28,13,0.4642857142857143
Season-4,ff590af2-2d6c-4f16-a9b8-1a6dab6e9ad5,Echo of Eons,Combo,28,12,0.4285714285714285
Season-4,ff590af2-2d6c-4f16-a9b8-1a6dab6e9ad5,Echo of Eons,Combo-Control,9,6,0.6666666666666666
Season-4,ff84ea71-e477-44f7-a3f8-77fef708efeb,Thieving Skydiver,Aggro-Control (Tempo),37,19,0.5135135135135135
Season-4,ff84ea71-e477-44f7-a3f8-77fef708efeb,Thieving Skydiver,Combo,8,5,0.625
Season-4,ff84ea71-e477-44f7-a3f8-77fef708efeb,Thieving Skydiver,Control,37,17,0.4594594594594595
Season-5,0027e5ca-8046-40a0-bd73-79be55f28bff,Remand,Combo,56,29,0.5178571428571429
Season-5,0027e5ca-8046-40a0-bd73-79be55f28bff,Remand,Combo-Control,39,19,0.4871794871794871
Season-5,0027e5ca-8046-40a0-bd73-79be55f28bff,Remand,Control,17,3,0.1764705882352941
Season-5,0055ea30-20fb-4324-a632-8fed87628f05,"Boseiju, Who Endures",Aggro,17,10,0.5882352941176471
Season-5,0055ea30-20fb-4324-a632-8fed87628f05,"Boseiju, Who Endures",Aggro-Combo,16,7,0.4375
Season-5,0055ea30-20fb-4324-a632-8fed87628f05,"Boseiju, Who Endures",Combo,10,7,0.7
Season-5,0055ea30-20fb-4324-a632-8fed87628f05,"Boseiju, Who Endures",Control,9,6,0.6666666666666666
Season-5,0055ea30-20fb-4324-a632-8fed87628f05,"Boseiju, Who Endures",Control-Aggro (Midrange),21,7,0.3333333333333333
Season-5,005dae9a-dddc-4a11-95bb-cce319edcce4,Skullclamp,Aggro,36,16,0.4444444444444444
Season-5,005dae9a-dddc-4a11-95bb-cce319edcce4,Skullclamp,Aggro-Combo,8,4,0.5
Season-5,005dae9a-dddc-4a11-95bb-cce319edcce4,Skullclamp,Combo,9,3,0.3333333333333333
Season-5,005dae9a-dddc-4a11-95bb-cce319edcce4,Skullclamp,Combo-Control,8,3,0.375
Season-5,005dae9a-dddc-4a11-95bb-cce319edcce4,Skullclamp,Control,20,6,0.3
Season-5,005dae9a-dddc-4a11-95bb-cce319edcce4,Skullclamp,Control-Aggro (Midrange),19,9,0.4736842105263157
Season-5,006d2bf1-20f7-4b09-8d98-8233d91682bd,Flame Slash,Aggro,33,19,0.5757575757575758
Season-5,006d2bf1-20f7-4b09-8d98-8233d91682bd,Flame Slash,Aggro-Combo,9,5,0.5555555555555556
Season-5,006d2bf1-20f7-4b09-8d98-8233d91682bd,Flame Slash,Aggro-Control (Tempo),19,11,0.5789473684210527
Season-5,006d2bf1-20f7-4b09-8d98-8233d91682bd,Flame Slash,Combo,9,3,0.3333333333333333
Season-5,006d2bf1-20f7-4b09-8d98-8233d91682bd,Flame Slash,Control,31,15,0.4838709677419355
Season-5,00cb17a0-5a13-4d02-b7fb-f99531bc8ca5,Dark Depths,Combo,19,8,0.4210526315789473
Season-5,01006833-6007-4c16-9ebb-20d31c60a57a,Taiga,Aggro,30,17,0.5666666666666667
Season-5,01006833-6007-4c16-9ebb-20d31c60a57a,Taiga,Aggro-Combo,23,6,0.2608695652173913
Season-5,01006833-6007-4c16-9ebb-20d31c60a57a,Taiga,Control-Aggro (Midrange),38,20,0.5263157894736842
Season-5,01794178-cf41-454c-ac37-1d8b18e42db2,Green Sun's Zenith,Aggro,21,12,0.5714285714285714
Season-5,01794178-cf41-454c-ac37-1d8b18e42db2,Green Sun's Zenith,Aggro-Combo,8,3,0.375
Season-5,01794178-cf41-454c-ac37-1d8b18e42db2,Green Sun's Zenith,Control,9,4,0.4444444444444444
Season-5,01794178-cf41-454c-ac37-1d8b18e42db2,Green Sun's Zenith,Control-Aggro (Midrange),38,18,0.4736842105263157
Season-5,01978fe5-00a9-4add-ae2a-b4c2572ffb9a,Vendilion Clique,Aggro-Control (Tempo),9,5,0.5555555555555556
Season-5,01978fe5-00a9-4add-ae2a-b4c2572ffb9a,Vendilion Clique,Combo,18,6,0.3333333333333333
Season-5,01978fe5-00a9-4add-ae2a-b4c2572ffb9a,Vendilion Clique,Combo-Control,10,5,0.5
Season-5,01978fe5-00a9-4add-ae2a-b4c2572ffb9a,Vendilion Clique,Control,10,4,0.4
Season-5,01978fe5-00a9-4add-ae2a-b4c2572ffb9a,Vendilion Clique,Control-Aggro (Midrange),6,1,0.1666666666666666
Season-5,01c6f877-6b00-4d57-8a88-36cd3b16edbc,Llanowar Elves,Aggro,11,4,0.3636363636363636
Season-5,01c6f877-6b00-4d57-8a88-36cd3b16edbc,Llanowar Elves,Aggro-Combo,33,17,0.5151515151515151
Season-5,01c6f877-6b00-4d57-8a88-36cd3b16edbc,Llanowar Elves,Control-Aggro (Midrange),40,20,0.5
Season-5,01d1e394-1b0c-4b40-ba85-f55973703d41,Smirking Spelljacker,Combo,9,5,0.5555555555555556
Season-5,01d1e394-1b0c-4b40-ba85-f55973703d41,Smirking Spelljacker,Control,46,18,0.391304347826087
Season-5,01d1e394-1b0c-4b40-ba85-f55973703d41,Smirking Spelljacker,Control-Aggro (Midrange),9,5,0.5555555555555556
Season-5,01e7b0bc-1c6c-48f4-8b72-1a809f536c6c,Birds of Paradise,Aggro,41,22,0.5365853658536586
Season-5,01e7b0bc-1c6c-48f4-8b72-1a809f536c6c,Birds of Paradise,Aggro-Combo,17,10,0.5882352941176471
Season-5,01e7b0bc-1c6c-48f4-8b72-1a809f536c6c,Birds of Paradise,Control,20,9,0.45
Season-5,01e7b0bc-1c6c-48f4-8b72-1a809f536c6c,Birds of Paradise,Control-Aggro (Midrange),38,24,0.631578947368421
Season-5,02138fbb-3962-4348-8d31-faaefba0b8b2,Raugrin Triome,Aggro-Control (Tempo),9,5,0.5555555555555556
Season-5,02138fbb-3962-4348-8d31-faaefba0b8b2,Raugrin Triome,Control,36,14,0.3888888888888889
Season-5,026e7167-d665-43d0-a51e-8df2d68cdb5e,"Cecil, Dark Knight // Cecil, Redeemed Paladin",Aggro,18,9,0.5
Season-5,026e7167-d665-43d0-a51e-8df2d68cdb5e,"Cecil, Dark Knight // Cecil, Redeemed Paladin",Combo,10,6,0.6
Season-5,026e7167-d665-43d0-a51e-8df2d68cdb5e,"Cecil, Dark Knight // Cecil, Redeemed Paladin",Control,29,14,0.4827586206896552
Season-5,02c532e8-21f1-4d6f-a931-1ea48a6aeea2,Coalition Relic,Combo,20,12,0.6
Season-5,02c532e8-21f1-4d6f-a931-1ea48a6aeea2,Coalition Relic,Control,29,17,0.5862068965517241
Season-5,02d6d693-f1f3-4317-bcc0-c21fa8490d38,"Jace, Vryn's Prodigy // Jace, Telepath Unbound",Aggro,10,6,0.6
Season-5,02d6d693-f1f3-4317-bcc0-c21fa8490d38,"Jace, Vryn's Prodigy // Jace, Telepath Unbound",Combo,35,21,0.6
Season-5,02d6d693-f1f3-4317-bcc0-c21fa8490d38,"Jace, Vryn's Prodigy // Jace, Telepath Unbound",Combo-Control,27,17,0.6296296296296297
Season-5,02d6d693-f1f3-4317-bcc0-c21fa8490d38,"Jace, Vryn's Prodigy // Jace, Telepath Unbound",Control,10,4,0.4
Season-5,02d6d693-f1f3-4317-bcc0-c21fa8490d38,"Jace, Vryn's Prodigy // Jace, Telepath Unbound",Control-Aggro (Midrange),6,1,0.1666666666666666
Season-5,02e8e540-8aa3-4e6a-9a11-c3949cab5f0f,"Tezzeret, Cruel Captain",Combo,20,10,0.5
Season-5,02e8e540-8aa3-4e6a-9a11-c3949cab5f0f,"Tezzeret, Cruel Captain",Control,19,13,0.6842105263157895
Season-5,0324641d-af55-4c53-b4dc-c8262e967da5,Volcanic Island,Aggro,9,6,0.6666666666666666
Season-5,0324641d-af55-4c53-b4dc-c8262e967da5,Volcanic Island,Aggro-Control (Tempo),38,19,0.5
Season-5,0324641d-af55-4c53-b4dc-c8262e967da5,Volcanic Island,Combo,19,12,0.631578947368421
Season-5,0324641d-af55-4c53-b4dc-c8262e967da5,Volcanic Island,Combo-Control,9,7,0.7777777777777778
Season-5,0324641d-af55-4c53-b4dc-c8262e967da5,Volcanic Island,Control,17,9,0.5294117647058824
Season-5,0359f212-9564-41a9-870b-d2c57455a695,Brainstorm,Combo,15,10,0.6666666666666666
Season-5,0359f212-9564-41a9-870b-d2c57455a695,Brainstorm,Control,35,21,0.6
Season-5,045ce37b-86d2-4e56-84af-b6625b53d13c,Path to Exile,Aggro,29,14,0.4827586206896552
Season-5,045ce37b-86d2-4e56-84af-b6625b53d13c,Path to Exile,Combo,19,4,0.2105263157894736
Season-5,045ce37b-86d2-4e56-84af-b6625b53d13c,Path to Exile,Combo-Control,22,10,0.4545454545454545
Season-5,045ce37b-86d2-4e56-84af-b6625b53d13c,Path to Exile,Control,37,23,0.6216216216216216
Season-5,04fc99dc-bfbe-4567-b791-6b1db96471ec,Reanimate,Aggro,8,6,0.75
Season-5,04fc99dc-bfbe-4567-b791-6b1db96471ec,Reanimate,Combo,46,25,0.5434782608695652
Season-5,04fc99dc-bfbe-4567-b791-6b1db96471ec,Reanimate,Control,37,16,0.4324324324324324
Season-5,04fc99dc-bfbe-4567-b791-6b1db96471ec,Reanimate,Control-Aggro (Midrange),9,5,0.5555555555555556
Season-5,054f2276-2dd5-43da-bb26-c57c560861fe,Steam Vents,Aggro-Control (Tempo),12,7,0.5833333333333334
Season-5,054f2276-2dd5-43da-bb26-c57c560861fe,Steam Vents,Combo,28,14,0.5
Season-5,054f2276-2dd5-43da-bb26-c57c560861fe,Steam Vents,Combo-Control,20,13,0.65
Season-5,054f2276-2dd5-43da-bb26-c57c560861fe,Steam Vents,Control,18,4,0.2222222222222222
Season-5,054f2276-2dd5-43da-bb26-c57c560861fe,Steam Vents,Control-Aggro (Midrange),9,5,0.5555555555555556
Season-5,05690d52-06c4-40b1-8360-380418a83250,The Aetherspark,Aggro,9,7,0.7777777777777778
Season-5,05690d52-06c4-40b1-8360-380418a83250,The Aetherspark,Combo,9,3,0.3333333333333333
Season-5,05690d52-06c4-40b1-8360-380418a83250,The Aetherspark,Control,19,12,0.631578947368421
Season-5,05690d52-06c4-40b1-8360-380418a83250,The Aetherspark,Control-Aggro (Midrange),10,4,0.4
Season-5,059e8447-6b1c-4651-a734-a8fea2cbf7b2,Bloodchief's Thirst,Aggro-Control (Tempo),9,4,0.4444444444444444
Season-5,059e8447-6b1c-4651-a734-a8fea2cbf7b2,Bloodchief's Thirst,Control,18,7,0.3888888888888889
Season-5,05bd329b-5707-42fc-af1c-084cc604e805,Imperial Recruiter,Aggro,20,7,0.35
Season-5,05bd329b-5707-42fc-af1c-084cc604e805,Imperial Recruiter,Aggro-Combo,8,0,0.0
Season-5,05bdd22c-3e11-4c29-bdfa-d3dfc0e90a9f,Bitter Triumph,Aggro,11,5,0.4545454545454545
Season-5,05bdd22c-3e11-4c29-bdfa-d3dfc0e90a9f,Bitter Triumph,Combo,56,30,0.5357142857142857
Season-5,05bdd22c-3e11-4c29-bdfa-d3dfc0e90a9f,Bitter Triumph,Control,27,16,0.5925925925925926
Season-5,05bdd22c-3e11-4c29-bdfa-d3dfc0e90a9f,Bitter Triumph,Control-Aggro (Midrange),9,5,0.5555555555555556
Season-5,05cf51d8-9f91-42ff-99e9-4397f2251c20,Dark Confidant,Aggro,17,11,0.6470588235294118
Season-5,05cf51d8-9f91-42ff-99e9-4397f2251c20,Dark Confidant,Control,54,25,0.4629629629629629
Season-5,05e8a4ea-8c0d-4284-ac23-80e19fdde11d,Myr Battlesphere,Combo,26,5,0.1923076923076923
Season-5,05e8a4ea-8c0d-4284-ac23-80e19fdde11d,Myr Battlesphere,Control,10,6,0.6
Season-5,05e8a4ea-8c0d-4284-ac23-80e19fdde11d,Myr Battlesphere,Control-Aggro (Midrange),21,12,0.5714285714285714
Season-5,0645f487-efe5-4764-b361-85e07bb5ccca,"Ulamog, the Infinite Gyre",Aggro-Combo,9,5,0.5555555555555556
Season-5,0645f487-efe5-4764-b361-85e07bb5ccca,"Ulamog, the Infinite Gyre",Combo,9,3,0.3333333333333333
Season-5,064dfdeb-485f-473e-9fa0-8fdb7638cdc6,Dismember,Aggro,30,15,0.5
Season-5,064dfdeb-485f-473e-9fa0-8fdb7638cdc6,Dismember,Combo,18,7,0.3888888888888889
Season-5,064dfdeb-485f-473e-9fa0-8fdb7638cdc6,Dismember,Combo-Control,10,8,0.8
Season-5,064dfdeb-485f-473e-9fa0-8fdb7638cdc6,Dismember,Control,48,29,0.6041666666666666
Season-5,064dfdeb-485f-473e-9fa0-8fdb7638cdc6,Dismember,Control-Aggro (Midrange),10,8,0.8
Season-5,068bb15a-fc2d-42a2-859b-837b946d23c0,Underground Sea,Aggro-Control (Tempo),9,5,0.5555555555555556
Season-5,068bb15a-fc2d-42a2-859b-837b946d23c0,Underground Sea,Combo,9,5,0.5555555555555556
Season-5,068bb15a-fc2d-42a2-859b-837b946d23c0,Underground Sea,Combo-Control,9,7,0.7777777777777778
Season-5,068bb15a-fc2d-42a2-859b-837b946d23c0,Underground Sea,Control,45,27,0.6
Season-5,06c0c35d-a26e-473a-9206-8fbda7191700,Entomb,Combo,73,36,0.4931506849315068
Season-5,06cb1bd6-73e0-4104-b344-4bc52d7dcedf,Baleful Strix,Combo,21,12,0.5714285714285714
Season-5,06cb1bd6-73e0-4104-b344-4bc52d7dcedf,Baleful Strix,Combo-Control,10,8,0.8
Season-5,06cb1bd6-73e0-4104-b344-4bc52d7dcedf,Baleful Strix,Control,57,36,0.631578947368421
Season-5,071daca8-ccc6-4707-843e-adac40dd1588,Fury,Aggro,45,26,0.5777777777777777
Season-5,071daca8-ccc6-4707-843e-adac40dd1588,Fury,Combo,10,6,0.6
Season-5,071daca8-ccc6-4707-843e-adac40dd1588,Fury,Combo-Control,9,7,0.7777777777777778
Season-5,071daca8-ccc6-4707-843e-adac40dd1588,Fury,Control,9,7,0.7777777777777778
Season-5,071daca8-ccc6-4707-843e-adac40dd1588,Fury,Control-Aggro (Midrange),9,6,0.6666666666666666
Season-5,07246783-d475-4f61-99ac-e2b574072349,Voice of Resurgence,Aggro,20,11,0.55
Season-5,07246783-d475-4f61-99ac-e2b574072349,Voice of Resurgence,Control-Aggro (Midrange),10,2,0.2
Season-5,07313dd3-d0dc-40ca-98a3-fa4d39e5bcae,Oust,Aggro,26,13,0.5
Season-5,07313dd3-d0dc-40ca-98a3-fa4d39e5bcae,Oust,Combo,9,1,0.1111111111111111
Season-5,07313dd3-d0dc-40ca-98a3-fa4d39e5bcae,Oust,Combo-Control,12,5,0.4166666666666667
Season-5,07313dd3-d0dc-40ca-98a3-fa4d39e5bcae,Oust,Control,46,20,0.4347826086956521
Season-5,073bfdca-d7b8-4f4b-93f3-6e7c44bc0b0a,Sol Ring,Aggro,54,37,0.6851851851851852
Season-5,073bfdca-d7b8-4f4b-93f3-6e7c44bc0b0a,Sol Ring,Combo,28,15,0.5357142857142857
Season-5,073bfdca-d7b8-4f4b-93f3-6e7c44bc0b0a,Sol Ring,Control,9,3,0.3333333333333333
Season-5,0783b426-a527-42c1-9271-be28b229e1c6,"Torsten, Founder of Benalia",Combo,10,5,0.5
Season-5,0783b426-a527-42c1-9271-be28b229e1c6,"Torsten, Founder of Benalia",Combo-Control,18,11,0.6111111111111112
Season-5,079e6263-e54c-4899-a336-5315909b9322,"Magda, Brazen Outlaw",Aggro,48,29,0.6041666666666666
Season-5,079e6263-e54c-4899-a336-5315909b9322,"Magda, Brazen Outlaw",Aggro-Combo,9,5,0.5555555555555556
Season-5,079e6263-e54c-4899-a336-5315909b9322,"Magda, Brazen Outlaw",Combo-Control,10,8,0.8
Season-5,079e6263-e54c-4899-a336-5315909b9322,"Magda, Brazen Outlaw",Control,11,7,0.6363636363636364
Season-5,079e6263-e54c-4899-a336-5315909b9322,"Magda, Brazen Outlaw",Control-Aggro (Midrange),11,5,0.4545454545454545
Season-5,07a3d9e8-8597-498b-869c-cff79e0df516,"Karn, Scion of Urza",Combo,17,5,0.2941176470588235
Season-5,07a3d9e8-8597-498b-869c-cff79e0df516,"Karn, Scion of Urza",Combo-Control,9,2,0.2222222222222222
Season-5,07a3d9e8-8597-498b-869c-cff79e0df516,"Karn, Scion of Urza",Control,27,10,0.3703703703703703
Season-5,07c17b01-ee5d-491a-8403-b3f819b778c4,Wishclaw Talisman,Combo-Control,9,2,0.2222222222222222
Season-5,07d8ae46-14ec-4878-ba8a-a47d4508c6d7,Zealous Persecution,Control,26,13,0.5
Season-5,0845f0b0-9413-4ddd-861d-9607636bebc6,Natural Order,Aggro-Combo,26,14,0.5384615384615384
Season-5,0845f0b0-9413-4ddd-861d-9607636bebc6,Natural Order,Control-Aggro (Midrange),49,19,0.3877551020408163
Season-5,08f79439-b8f8-418f-9772-26d81844749e,Enduring Innocence,Aggro,20,13,0.65
Season-5,08f79439-b8f8-418f-9772-26d81844749e,Enduring Innocence,Control,18,11,0.6111111111111112
Season-5,08f79439-b8f8-418f-9772-26d81844749e,Enduring Innocence,Control-Aggro (Midrange),8,6,0.75
Season-5,09521f23-52d6-482d-9f3b-c4d12fcc08cc,Tidehollow Sculler,Combo,10,3,0.3
Season-5,09521f23-52d6-482d-9f3b-c4d12fcc08cc,Tidehollow Sculler,Control,47,23,0.4893617021276595
Season-5,09fd2d9c-1793-4beb-a3fb-7a869f660cd4,Bonecrusher Giant // Stomp,Aggro,59,25,0.423728813559322
Season-5,09fd2d9c-1793-4beb-a3fb-7a869f660cd4,Bonecrusher Giant // Stomp,Aggro-Combo,20,10,0.5
Season-5,09fd2d9c-1793-4beb-a3fb-7a869f660cd4,Bonecrusher Giant // Stomp,Aggro-Control (Tempo),12,7,0.5833333333333334
Season-5,09fd2d9c-1793-4beb-a3fb-7a869f660cd4,Bonecrusher Giant // Stomp,Combo,7,7,1.0
Season-5,09fd2d9c-1793-4beb-a3fb-7a869f660cd4,Bonecrusher Giant // Stomp,Combo-Control,10,8,0.8
Season-5,0a26d900-c652-4f9c-8681-a35c5f8b1937,Sacred Foundry,Aggro,32,19,0.59375
Season-5,0a26d900-c652-4f9c-8681-a35c5f8b1937,Sacred Foundry,Aggro-Combo,11,5,0.4545454545454545
Season-5,0a26d900-c652-4f9c-8681-a35c5f8b1937,Sacred Foundry,Aggro-Control (Tempo),9,5,0.5555555555555556
Season-5,0a26d900-c652-4f9c-8681-a35c5f8b1937,Sacred Foundry,Control,38,19,0.5
Season-5,0a786855-6eb4-42c0-a528-4842db46809d,Stock Up,Combo,37,20,0.5405405405405406
Season-5,0a786855-6eb4-42c0-a528-4842db46809d,Stock Up,Combo-Control,9,7,0.7777777777777778
Season-5,0a786855-6eb4-42c0-a528-4842db46809d,Stock Up,Control,28,14,0.5
Season-5,0a786855-6eb4-42c0-a528-4842db46809d,Stock Up,Control-Aggro (Midrange),19,12,0.631578947368421
Season-5,0ad38866-fc5f-4f62-89c1-afc0f50765aa,Novice Inspector,Aggro,17,12,0.7058823529411765
Season-5,0ad38866-fc5f-4f62-89c1-afc0f50765aa,Novice Inspector,Combo,8,3,0.375
Season-5,0ad38866-fc5f-4f62-89c1-afc0f50765aa,Novice Inspector,Combo-Control,10,5,0.5
Season-5,0ad38866-fc5f-4f62-89c1-afc0f50765aa,Novice Inspector,Control,17,7,0.4117647058823529
Season-5,0adcd4e5-d542-4293-8774-ace2305ef820,Walk-In Closet // Forgotten Cellar,Aggro,11,8,0.7272727272727273
Season-5,0adcd4e5-d542-4293-8774-ace2305ef820,Walk-In Closet // Forgotten Cellar,Combo,10,7,0.7
Season-5,0adcd4e5-d542-4293-8774-ace2305ef820,Walk-In Closet // Forgotten Cellar,Control-Aggro (Midrange),20,9,0.45
Season-5,0c3bc412-689f-4385-807b-ed60d6276d76,Grim Monolith,Aggro,9,6,0.6666666666666666
Season-5,0c3bc412-689f-4385-807b-ed60d6276d76,Grim Monolith,Combo-Control,12,5,0.4166666666666667
Season-5,0c3bc412-689f-4385-807b-ed60d6276d76,Grim Monolith,Control,37,16,0.4324324324324324
Season-5,0c3d7e2c-a104-4757-9984-fb31088f92c4,Cryptic Coat,Aggro-Control (Tempo),9,4,0.4444444444444444
Season-5,0c3d7e2c-a104-4757-9984-fb31088f92c4,Cryptic Coat,Control,9,5,0.5555555555555556
Season-5,0c9a7cb0-5bff-48ff-b620-2838816ac9b5,Counterspell,Aggro-Control (Tempo),27,14,0.5185185185185185
Season-5,0c9a7cb0-5bff-48ff-b620-2838816ac9b5,Counterspell,Combo,9,3,0.3333333333333333
Season-5,0c9a7cb0-5bff-48ff-b620-2838816ac9b5,Counterspell,Control,52,31,0.5961538461538461
Season-5,0cb33b46-4d1b-4f97-bfdc-d815aee111da,Mana Crypt,Aggro,40,24,0.6
Season-5,0cb33b46-4d1b-4f97-bfdc-d815aee111da,Mana Crypt,Aggro-Combo,8,3,0.375
Season-5,0cb33b46-4d1b-4f97-bfdc-d815aee111da,Mana Crypt,Combo,19,6,0.3157894736842105
Season-5,0cb33b46-4d1b-4f97-bfdc-d815aee111da,Mana Crypt,Control,28,12,0.4285714285714285
Season-5,0cb33b46-4d1b-4f97-bfdc-d815aee111da,Mana Crypt,Control-Aggro (Midrange),10,4,0.4
Season-5,0ce44270-a684-4489-9077-521456e6dfaa,Lórien Revealed,Aggro-Combo,8,4,0.5
Season-5,0ce44270-a684-4489-9077-521456e6dfaa,Lórien Revealed,Aggro-Control (Tempo),9,5,0.5555555555555556
Season-5,0ce44270-a684-4489-9077-521456e6dfaa,Lórien Revealed,Combo,28,13,0.4642857142857143
Season-5,0ce44270-a684-4489-9077-521456e6dfaa,Lórien Revealed,Combo-Control,9,7,0.7777777777777778
Season-5,0ce44270-a684-4489-9077-521456e6dfaa,Lórien Revealed,Control,38,23,0.6052631578947368
Season-5,0d08f5e4-d2d3-4659-86d4-a983d80e3b2c,Tundra,Aggro,9,3,0.3333333333333333
Season-5,0d08f5e4-d2d3-4659-86d4-a983d80e3b2c,Tundra,Combo,9,1,0.1111111111111111
Season-5,0d08f5e4-d2d3-4659-86d4-a983d80e3b2c,Tundra,Combo-Control,10,5,0.5
Season-5,0d08f5e4-d2d3-4659-86d4-a983d80e3b2c,Tundra,Control,35,14,0.4
Season-5,0d16e8e0-31b2-4389-afd6-783c501f6fa0,"Ajani, Nacatl Pariah // Ajani, Nacatl Avenger",Aggro,57,35,0.6140350877192983
Season-5,0d16e8e0-31b2-4389-afd6-783c501f6fa0,"Ajani, Nacatl Pariah // Ajani, Nacatl Avenger",Control,18,10,0.5555555555555556
Season-5,0d16e8e0-31b2-4389-afd6-783c501f6fa0,"Ajani, Nacatl Pariah // Ajani, Nacatl Avenger",Control-Aggro (Midrange),20,6,0.3
Season-5,0d60eabe-b281-4eba-9c26-287364ed2067,Earthshaker Khenra,Aggro,65,40,0.6153846153846154
Season-5,0d60eabe-b281-4eba-9c26-287364ed2067,Earthshaker Khenra,Aggro-Combo,11,5,0.4545454545454545
Season-5,0d60eabe-b281-4eba-9c26-287364ed2067,Earthshaker Khenra,Control,9,5,0.5555555555555556
Season-5,0da69523-cece-425a-b08a-fb27fac29374,Figure of Destiny,Aggro,82,40,0.4878048780487805
Season-5,0e0d989d-7186-40dc-bdfe-cfbb77656bc8,"Emrakul, the Aeons Torn",Combo,7,7,1.0
Season-5,0e51d796-7279-4c06-87f0-37adbdaa41df,Underworld Breach,Aggro-Combo,11,5,0.4545454545454545
Season-5,0e51d796-7279-4c06-87f0-37adbdaa41df,Underworld Breach,Aggro-Control (Tempo),8,2,0.25
Season-5,0e51d796-7279-4c06-87f0-37adbdaa41df,Underworld Breach,Combo,38,17,0.4473684210526316
Season-5,0e51d796-7279-4c06-87f0-37adbdaa41df,Underworld Breach,Combo-Control,9,7,0.7777777777777778
Season-5,0e606072-a3aa-4300-ba90-ec92a721fa76,"Jace, the Mind Sculptor",Aggro-Control (Tempo),17,6,0.3529411764705882
Season-5,0e606072-a3aa-4300-ba90-ec92a721fa76,"Jace, the Mind Sculptor",Combo,7,7,1.0
Season-5,0e606072-a3aa-4300-ba90-ec92a721fa76,"Jace, the Mind Sculptor",Control,44,22,0.5
Season-5,0e606072-a3aa-4300-ba90-ec92a721fa76,"Jace, the Mind Sculptor",Control-Aggro (Midrange),10,8,0.8
Season-5,0e9aeaa8-9a75-4719-992f-cbb316f72175,Savannah,Aggro,9,6,0.6666666666666666
Season-5,0e9aeaa8-9a75-4719-992f-cbb316f72175,Savannah,Aggro-Combo,10,7,0.7
Season-5,0e9aeaa8-9a75-4719-992f-cbb316f72175,Savannah,Control,9,3,0.3333333333333333
Season-5,0e9aeaa8-9a75-4719-992f-cbb316f72175,Savannah,Control-Aggro (Midrange),20,10,0.5
Season-5,0eee981e-5d26-4810-90e1-432f3c3107f2,Reclamation Sage,Aggro,9,4,0.4444444444444444
Season-5,0eee981e-5d26-4810-90e1-432f3c3107f2,Reclamation Sage,Aggro-Combo,18,10,0.5555555555555556
Season-5,0eee981e-5d26-4810-90e1-432f3c3107f2,Reclamation Sage,Control-Aggro (Midrange),11,5,0.4545454545454545
Season-5,0f7585c8-9e21-4eef-afc1-2852de23db2f,Polluted Delta,Aggro,26,14,0.5384615384615384
Season-5,0f7585c8-9e21-4eef-afc1-2852de23db2f,Polluted Delta,Combo,10,7,0.7
Season-5,0f7585c8-9e21-4eef-afc1-2852de23db2f,Polluted Delta,Combo-Control,9,7,0.7777777777777778
Season-5,0f7585c8-9e21-4eef-afc1-2852de23db2f,Polluted Delta,Control,33,10,0.303030303030303
Season-5,0f7585c8-9e21-4eef-afc1-2852de23db2f,Polluted Delta,Control-Aggro (Midrange),31,12,0.3870967741935484
Season-5,0fe070f4-8877-4280-b8fd-869f3ac34ab6,Sheltering Landscape,Aggro,27,15,0.5555555555555556
Season-5,0fe070f4-8877-4280-b8fd-869f3ac34ab6,Sheltering Landscape,Aggro-Combo,11,5,0.4545454545454545
Season-5,0fe070f4-8877-4280-b8fd-869f3ac34ab6,Sheltering Landscape,Control,9,4,0.4444444444444444
Season-5,0fe070f4-8877-4280-b8fd-869f3ac34ab6,Sheltering Landscape,Control-Aggro (Midrange),8,6,0.75
Season-5,10158a5e-5a03-41ab-85d2-0907ccf32c9b,Dack Fayden,Aggro,10,6,0.6
Season-5,10158a5e-5a03-41ab-85d2-0907ccf32c9b,Dack Fayden,Combo,7,7,1.0
Season-5,10158a5e-5a03-41ab-85d2-0907ccf32c9b,Dack Fayden,Combo-Control,26,16,0.6153846153846154
Season-5,10158a5e-5a03-41ab-85d2-0907ccf32c9b,Dack Fayden,Control,19,8,0.4210526315789473
Season-5,1066a94a-8e4f-4d77-820b-7a77a18116f0,Wooded Foothills,Aggro,29,15,0.5172413793103449
Season-5,1066a94a-8e4f-4d77-820b-7a77a18116f0,Wooded Foothills,Aggro-Control (Tempo),10,6,0.6
Season-5,1066a94a-8e4f-4d77-820b-7a77a18116f0,Wooded Foothills,Combo,9,7,0.7777777777777778
Season-5,1066a94a-8e4f-4d77-820b-7a77a18116f0,Wooded Foothills,Control,20,12,0.6
Season-5,1066a94a-8e4f-4d77-820b-7a77a18116f0,Wooded Foothills,Control-Aggro (Midrange),28,19,0.6785714285714286
Season-5,106f9629-b3aa-4703-82fb-c1e771bbce72,The Wandering Emperor,Aggro,10,3,0.3
Season-5,106f9629-b3aa-4703-82fb-c1e771bbce72,The Wandering Emperor,Combo-Control,10,5,0.5
Season-5,106f9629-b3aa-4703-82fb-c1e771bbce72,The Wandering Emperor,Control,56,28,0.5
Season-5,107492bd-b32f-4692-917c-7771986b5bf7,Thespian's Stage,Combo,19,8,0.4210526315789473
Season-5,1103da9c-300c-406b-997d-9e5bb7cd02d6,"Lightning, Army of One",Aggro,51,31,0.6078431372549019
Season-5,1103da9c-300c-406b-997d-9e5bb7cd02d6,"Lightning, Army of One",Control,10,6,0.6
Season-5,113f48b9-a972-4e2c-af95-05ab078e01f2,Tranquil Landscape,Combo,19,8,0.4210526315789473
Season-5,113f48b9-a972-4e2c-af95-05ab078e01f2,Tranquil Landscape,Combo-Control,9,2,0.2222222222222222
Season-5,113f48b9-a972-4e2c-af95-05ab078e01f2,Tranquil Landscape,Control,9,4,0.4444444444444444
Season-5,113f48b9-a972-4e2c-af95-05ab078e01f2,Tranquil Landscape,Control-Aggro (Midrange),18,10,0.5555555555555556
Season-5,117bb5db-4a1c-4704-b0b5-c67b45ac2f52,"Yuffie, Materia Hunter",Aggro,50,23,0.46
Season-5,120be808-ff3b-4fca-96a1-4db6b9825856,Quantum Riddler,Aggro,9,6,0.6666666666666666
Season-5,120be808-ff3b-4fca-96a1-4db6b9825856,Quantum Riddler,Aggro-Control (Tempo),9,4,0.4444444444444444
Season-5,120be808-ff3b-4fca-96a1-4db6b9825856,Quantum Riddler,Control,29,17,0.5862068965517241
Season-5,120be808-ff3b-4fca-96a1-4db6b9825856,Quantum Riddler,Control-Aggro (Midrange),10,8,0.8
Season-5,139b90cd-8272-457a-be32-1298145345be,Watery Grave,Aggro,9,6,0.6666666666666666
Season-5,139b90cd-8272-457a-be32-1298145345be,Watery Grave,Combo,28,15,0.5357142857142857
Season-5,139b90cd-8272-457a-be32-1298145345be,Watery Grave,Combo-Control,19,14,0.7368421052631579
Season-5,139b90cd-8272-457a-be32-1298145345be,Watery Grave,Control,40,23,0.575
Season-5,14065271-d942-42a8-aa38-d8a622c0375d,Scrubland,Aggro,30,17,0.5666666666666667
Season-5,14065271-d942-42a8-aa38-d8a622c0375d,Scrubland,Aggro-Control (Tempo),9,5,0.5555555555555556
Season-5,14065271-d942-42a8-aa38-d8a622c0375d,Scrubland,Combo,10,3,0.3
Season-5,14065271-d942-42a8-aa38-d8a622c0375d,Scrubland,Combo-Control,9,6,0.6666666666666666
Season-5,14065271-d942-42a8-aa38-d8a622c0375d,Scrubland,Control,27,13,0.4814814814814814
Season-5,1453f92e-df2d-4789-aa1b-a5b5c51567d4,Preordain,Combo,73,39,0.5342465753424658
Season-5,1453f92e-df2d-4789-aa1b-a5b5c51567d4,Preordain,Control,10,6,0.6
Season-5,1571b584-9007-45ee-a3c3-6c72f227fee2,Mystical Tutor,Aggro-Control (Tempo),9,5,0.5555555555555556
Season-5,1571b584-9007-45ee-a3c3-6c72f227fee2,Mystical Tutor,Combo,27,8,0.2962962962962963
Season-5,1571b584-9007-45ee-a3c3-6c72f227fee2,Mystical Tutor,Combo-Control,21,7,0.3333333333333333
Season-5,1571b584-9007-45ee-a3c3-6c72f227fee2,Mystical Tutor,Control,18,9,0.5
Season-5,15c34f32-49d9-4a0d-83b2-28172f54fdd1,Crop Rotation,Aggro-Combo,8,0,0.0
Season-5,15c34f32-49d9-4a0d-83b2-28172f54fdd1,Crop Rotation,Combo,19,8,0.4210526315789473
Season-5,15c34f32-49d9-4a0d-83b2-28172f54fdd1,Crop Rotation,Control-Aggro (Midrange),9,6,0.6666666666666666
Season-5,15faa763-b897-4e86-b094-73f3236291a9,Verdant Catacombs,Aggro,21,10,0.4761904761904761
Season-5,15faa763-b897-4e86-b094-73f3236291a9,Verdant Catacombs,Aggro-Combo,8,3,0.375
Season-5,15faa763-b897-4e86-b094-73f3236291a9,Verdant Catacombs,Aggro-Control (Tempo),9,4,0.4444444444444444
Season-5,15faa763-b897-4e86-b094-73f3236291a9,Verdant Catacombs,Combo,11,7,0.6363636363636364
Season-5,15faa763-b897-4e86-b094-73f3236291a9,Verdant Catacombs,Combo-Control,9,6,0.6666666666666666
Season-5,15faa763-b897-4e86-b094-73f3236291a9,Verdant Catacombs,Control,19,9,0.4736842105263157
Season-5,15faa763-b897-4e86-b094-73f3236291a9,Verdant Catacombs,Control-Aggro (Midrange),38,13,0.3421052631578947
Season-5,162e81d3-6cd4-4cb8-8ed8-cfbd8d34ca71,Mind Stone,Combo,29,10,0.3448275862068966
Season-5,162e81d3-6cd4-4cb8-8ed8-cfbd8d34ca71,Mind Stone,Control,30,15,0.5
Season-5,16448d95-ee21-4def-b880-26f6f159c213,Metamorphosis Fanatic,Aggro-Combo,8,0,0.0
Season-5,16448d95-ee21-4def-b880-26f6f159c213,Metamorphosis Fanatic,Combo,64,29,0.453125
Season-5,16448d95-ee21-4def-b880-26f6f159c213,Metamorphosis Fanatic,Control,18,12,0.6666666666666666
Season-5,16c8d2fa-54a7-46e8-980c-905258497c90,Arid Mesa,Aggro,28,14,0.5
Season-5,16c8d2fa-54a7-46e8-980c-905258497c90,Arid Mesa,Aggro-Combo,19,12,0.631578947368421
Season-5,16c8d2fa-54a7-46e8-980c-905258497c90,Arid Mesa,Aggro-Control (Tempo),8,2,0.25
Season-5,16c8d2fa-54a7-46e8-980c-905258497c90,Arid Mesa,Combo,10,3,0.3
Season-5,16c8d2fa-54a7-46e8-980c-905258497c90,Arid Mesa,Combo-Control,10,5,0.5
Season-5,16c8d2fa-54a7-46e8-980c-905258497c90,Arid Mesa,Control,28,10,0.3571428571428571
Season-5,16e040c3-bf42-4a5b-aeb3-5dc9921151e5,Death's Shadow,Control,28,12,0.4285714285714285
Season-5,1716b4dd-9045-462b-b053-72de450a8cde,Blood Crypt,Aggro,51,22,0.4313725490196078
Season-5,1716b4dd-9045-462b-b053-72de450a8cde,Blood Crypt,Combo,40,22,0.55
Season-5,1716b4dd-9045-462b-b053-72de450a8cde,Blood Crypt,Control,9,4,0.4444444444444444
Season-5,17260fff-b239-4af4-9306-3236ae3fa5a5,Thundering Falls,Aggro-Combo,11,5,0.4545454545454545
Season-5,17260fff-b239-4af4-9306-3236ae3fa5a5,Thundering Falls,Aggro-Control (Tempo),18,8,0.4444444444444444
Season-5,17260fff-b239-4af4-9306-3236ae3fa5a5,Thundering Falls,Combo,21,14,0.6666666666666666
Season-5,17260fff-b239-4af4-9306-3236ae3fa5a5,Thundering Falls,Combo-Control,8,3,0.375
Season-5,17260fff-b239-4af4-9306-3236ae3fa5a5,Thundering Falls,Control,19,8,0.4210526315789473
Season-5,175b3d28-5c74-4972-9b5c-5e39762c78f4,Relic of Sauron,Aggro,9,6,0.6666666666666666
Season-5,175b3d28-5c74-4972-9b5c-5e39762c78f4,Relic of Sauron,Combo,19,8,0.4210526315789473
Season-5,175b3d28-5c74-4972-9b5c-5e39762c78f4,Relic of Sauron,Combo-Control,21,7,0.3333333333333333
Season-5,175b3d28-5c74-4972-9b5c-5e39762c78f4,Relic of Sauron,Control,39,22,0.5641025641025641
Season-5,17824929-f131-4b8d-addb-66c25323155e,Infernal Grasp,Combo,9,7,0.7777777777777778
Season-5,17824929-f131-4b8d-addb-66c25323155e,Infernal Grasp,Control,10,4,0.4
Season-5,17824929-f131-4b8d-addb-66c25323155e,Infernal Grasp,Control-Aggro (Midrange),9,5,0.5555555555555556
Season-5,1785cb18-c291-4fd5-b8c7-ace893c32e49,Mesmeric Fiend,Aggro,11,5,0.4545454545454545
Season-5,1785cb18-c291-4fd5-b8c7-ace893c32e49,Mesmeric Fiend,Aggro-Control (Tempo),9,4,0.4444444444444444
Season-5,1785cb18-c291-4fd5-b8c7-ace893c32e49,Mesmeric Fiend,Combo,45,14,0.3111111111111111
Season-5,1785cb18-c291-4fd5-b8c7-ace893c32e49,Mesmeric Fiend,Control,18,10,0.5555555555555556
Season-5,17db2b6a-eaa8-4a08-9e86-370bbd058574,Bayou,Aggro-Combo,8,3,0.375
Season-5,17db2b6a-eaa8-4a08-9e86-370bbd058574,Bayou,Control,20,12,0.6
Season-5,17db2b6a-eaa8-4a08-9e86-370bbd058574,Bayou,Control-Aggro (Midrange),39,17,0.4358974358974359
Season-5,17f28b16-da65-41a8-ba4f-f1c5e104aad6,Council's Judgment,Aggro,19,11,0.5789473684210527
Season-5,17f28b16-da65-41a8-ba4f-f1c5e104aad6,Council's Judgment,Control,53,25,0.4716981132075472
Season-5,18092f68-b96e-4084-9eba-b240d2195d81,"Adeline, Resplendent Cathar",Aggro,38,17,0.4473684210526316
Season-5,18092f68-b96e-4084-9eba-b240d2195d81,"Adeline, Resplendent Cathar",Control,26,17,0.6538461538461539
Season-5,1834ac92-8b4e-4442-a834-acd580e1ef99,Jack-in-the-Mox,Aggro,37,23,0.6216216216216216
Season-5,1834ac92-8b4e-4442-a834-acd580e1ef99,Jack-in-the-Mox,Aggro-Control (Tempo),17,6,0.3529411764705882
Season-5,1834ac92-8b4e-4442-a834-acd580e1ef99,Jack-in-the-Mox,Combo,11,7,0.6363636363636364
Season-5,1834ac92-8b4e-4442-a834-acd580e1ef99,Jack-in-the-Mox,Control,21,11,0.5238095238095238
Season-5,1834ac92-8b4e-4442-a834-acd580e1ef99,Jack-in-the-Mox,Control-Aggro (Midrange),29,12,0.4137931034482758
Season-5,187b6719-e5ed-4615-a00b-3313ceca055b,Currency Converter,Combo,43,14,0.3255813953488372
Season-5,187b6719-e5ed-4615-a00b-3313ceca055b,Currency Converter,Combo-Control,26,11,0.4230769230769231
Season-5,187b6719-e5ed-4615-a00b-3313ceca055b,Currency Converter,Control,27,12,0.4444444444444444
Season-5,187e887c-c39d-4d25-a506-cdc95fc70316,"Gideon, Ally of Zendikar",Aggro,25,10,0.4
Season-5,187e887c-c39d-4d25-a506-cdc95fc70316,"Gideon, Ally of Zendikar",Control,28,18,0.6428571428571429
Season-5,187e887c-c39d-4d25-a506-cdc95fc70316,"Gideon, Ally of Zendikar",Control-Aggro (Midrange),8,6,0.75
Season-5,18a3cca1-e50e-49b6-9e1a-f86640e3b177,Snuff Out,Combo,29,16,0.5517241379310345
Season-5,18a3cca1-e50e-49b6-9e1a-f86640e3b177,Snuff Out,Combo-Control,9,7,0.7777777777777778
Season-5,18a3cca1-e50e-49b6-9e1a-f86640e3b177,Snuff Out,Control,45,28,0.6222222222222222
Season-5,18a3cca1-e50e-49b6-9e1a-f86640e3b177,Snuff Out,Control-Aggro (Midrange),9,5,0.5555555555555556
Season-5,18adbda4-8d36-47cd-afbc-c785aaa8ed80,Blightsteel Colossus,Aggro-Combo,9,5,0.5555555555555556
Season-5,18adbda4-8d36-47cd-afbc-c785aaa8ed80,Blightsteel Colossus,Combo,28,12,0.4285714285714285
Season-5,18bd50f2-c3ba-4217-a2d5-bb771e199706,Vampiric Tutor,Combo,48,22,0.4583333333333333
Season-5,18bd50f2-c3ba-4217-a2d5-bb771e199706,Vampiric Tutor,Combo-Control,9,6,0.6666666666666666
Season-5,18bd50f2-c3ba-4217-a2d5-bb771e199706,Vampiric Tutor,Control,29,10,0.3448275862068966
Season-5,18bd50f2-c3ba-4217-a2d5-bb771e199706,Vampiric Tutor,Control-Aggro (Midrange),9,5,0.5555555555555556
Season-5,18f23daa-bc59-456a-8a28-3823e51bc74b,Night's Whisper,Aggro,9,3,0.3333333333333333
Season-5,18f23daa-bc59-456a-8a28-3823e51bc74b,Night's Whisper,Control,17,11,0.6470588235294118
Season-5,19018f23-b63b-45af-8419-8959f41472d4,Pre-War Formalwear,Aggro,27,11,0.4074074074074074
Season-5,19018f23-b63b-45af-8419-8959f41472d4,Pre-War Formalwear,Control,18,11,0.6111111111111112
Season-5,19018f23-b63b-45af-8419-8959f41472d4,Pre-War Formalwear,Control-Aggro (Midrange),9,4,0.4444444444444444
Season-5,19477aca-b8db-4061-9a78-ebb189a9df22,Breeding Pool,Aggro-Control (Tempo),10,6,0.6
Season-5,19477aca-b8db-4061-9a78-ebb189a9df22,Breeding Pool,Control,11,4,0.3636363636363636
Season-5,19477aca-b8db-4061-9a78-ebb189a9df22,Breeding Pool,Control-Aggro (Midrange),29,10,0.3448275862068966
Season-5,19557351-b65f-4b04-b971-66abdc07000a,Stoneforge Mystic,Aggro,46,24,0.5217391304347826
Season-5,19adde22-e5eb-4815-beb6-c520b3274cc9,Lotus Cobra,Aggro,32,20,0.625
Season-5,19adde22-e5eb-4815-beb6-c520b3274cc9,Lotus Cobra,Aggro-Combo,26,13,0.5
Season-5,19adde22-e5eb-4815-beb6-c520b3274cc9,Lotus Cobra,Control,19,8,0.4210526315789473
Season-5,19adde22-e5eb-4815-beb6-c520b3274cc9,Lotus Cobra,Control-Aggro (Midrange),28,14,0.5
Season-5,19d6834d-afa3-4747-a62d-0654f4d9729f,"Malcolm, Alluring Scoundrel",Aggro-Control (Tempo),18,10,0.5555555555555556
Season-5,19d6834d-afa3-4747-a62d-0654f4d9729f,"Malcolm, Alluring Scoundrel",Combo,35,14,0.4
Season-5,19d6834d-afa3-4747-a62d-0654f4d9729f,"Malcolm, Alluring Scoundrel",Control,26,15,0.5769230769230769
Season-5,19d6834d-afa3-4747-a62d-0654f4d9729f,"Malcolm, Alluring Scoundrel",Control-Aggro (Midrange),10,4,0.4
Season-5,1a55c370-d396-4c73-8ee2-83dc4c124005,The Goose Mother,Control-Aggro (Midrange),34,14,0.4117647058823529
Season-5,1a6f256b-943e-4cfb-9fc9-d1ded68b5f97,Chart a Course,Aggro-Control (Tempo),10,6,0.6
Season-5,1a6f256b-943e-4cfb-9fc9-d1ded68b5f97,Chart a Course,Combo,28,11,0.3928571428571428
Season-5,1a6f256b-943e-4cfb-9fc9-d1ded68b5f97,Chart a Course,Control,18,9,0.5
Season-5,1ac01fff-4de6-4783-9489-4127e25bc641,Prismatic Vista,Aggro,21,12,0.5714285714285714
Season-5,1ac01fff-4de6-4783-9489-4127e25bc641,Prismatic Vista,Combo,31,16,0.5161290322580645
Season-5,1ac01fff-4de6-4783-9489-4127e25bc641,Prismatic Vista,Combo-Control,9,7,0.7777777777777778
Season-5,1ac01fff-4de6-4783-9489-4127e25bc641,Prismatic Vista,Control,28,15,0.5357142857142857
Season-5,1ac01fff-4de6-4783-9489-4127e25bc641,Prismatic Vista,Control-Aggro (Midrange),20,9,0.45
Season-5,1ac0e78b-0fdd-44f9-8b7b-c4f28a32782e,Amped Raptor,Aggro,48,30,0.625
Season-5,1ac0e78b-0fdd-44f9-8b7b-c4f28a32782e,Amped Raptor,Aggro-Combo,7,3,0.4285714285714285
Season-5,1ac0e78b-0fdd-44f9-8b7b-c4f28a32782e,Amped Raptor,Control,9,5,0.5555555555555556
Season-5,1af92296-455a-425e-9397-a96d09937767,Incinerate,Aggro,59,32,0.5423728813559322
Season-5,1af92296-455a-425e-9397-a96d09937767,Incinerate,Aggro-Control (Tempo),12,7,0.5833333333333334
Season-5,1bd3fa8a-6c50-4f7f-9ae3-0810eec5e3db,Reprieve,Aggro,41,21,0.5121951219512195
Season-5,1bd3fa8a-6c50-4f7f-9ae3-0810eec5e3db,Reprieve,Control,58,25,0.4310344827586206
Season-5,1be9d9a4-d7ee-4854-abc2-85cabf993ec9,Archon of Cruelty,Combo,75,34,0.4533333333333333
Season-5,1be9d9a4-d7ee-4854-abc2-85cabf993ec9,Archon of Cruelty,Control,9,7,0.7777777777777778
Season-5,1c0f2873-5849-4cab-855a-2fbbc41dbb6c,Chaos Defiler,Aggro,37,18,0.4864864864864865
Season-5,1c0f2873-5849-4cab-855a-2fbbc41dbb6c,Chaos Defiler,Combo,10,5,0.5
Season-5,1c0f2873-5849-4cab-855a-2fbbc41dbb6c,Chaos Defiler,Combo-Control,9,2,0.2222222222222222
Season-5,1c0f2873-5849-4cab-855a-2fbbc41dbb6c,Chaos Defiler,Control,21,10,0.4761904761904761
Season-5,1c0f2873-5849-4cab-855a-2fbbc41dbb6c,Chaos Defiler,Control-Aggro (Midrange),20,11,0.55
Season-5,1c603751-1e2b-4c8e-a8d2-5c0876e7254f,Darkstar Augur,Aggro,22,9,0.4090909090909091
Season-5,1c603751-1e2b-4c8e-a8d2-5c0876e7254f,Darkstar Augur,Combo-Control,9,7,0.7777777777777778
Season-5,1c603751-1e2b-4c8e-a8d2-5c0876e7254f,Darkstar Augur,Control,25,15,0.6
Season-5,1c7d50d6-b63a-4d8c-88fa-1d78ae693a45,Overgrown Tomb,Aggro,9,6,0.6666666666666666
Season-5,1c7d50d6-b63a-4d8c-88fa-1d78ae693a45,Overgrown Tomb,Control,38,20,0.5263157894736842
Season-5,1daf4348-05c5-4c55-bcf2-c7bec7988bfc,Plateau,Aggro,69,40,0.5797101449275363
Season-5,1daf4348-05c5-4c55-bcf2-c7bec7988bfc,Plateau,Aggro-Combo,8,3,0.375
Season-5,1daf4348-05c5-4c55-bcf2-c7bec7988bfc,Plateau,Combo,7,7,1.0
Season-5,1dd64b1d-bcef-476c-bf0b-3ac7df7cbed3,"Nissa, Ascended Animist",Aggro,17,10,0.5882352941176471
Season-5,1dd64b1d-bcef-476c-bf0b-3ac7df7cbed3,"Nissa, Ascended Animist",Aggro-Combo,8,4,0.5
Season-5,1dd64b1d-bcef-476c-bf0b-3ac7df7cbed3,"Nissa, Ascended Animist",Control-Aggro (Midrange),18,10,0.5555555555555556
Season-5,1e2fee55-227b-4373-a3f7-b463f220033f,Tinker,Combo,46,15,0.3260869565217391
Season-5,1e2fee55-227b-4373-a3f7-b463f220033f,Tinker,Combo-Control,10,5,0.5
Season-5,1e2fee55-227b-4373-a3f7-b463f220033f,Tinker,Control,10,7,0.7
Season-5,1e2fee55-227b-4373-a3f7-b463f220033f,Tinker,Control-Aggro (Midrange),10,7,0.7
Season-5,1e3e8085-cfcd-4e88-b441-4d1f8ac63904,Forth Eorlingas!,Aggro,68,33,0.4852941176470588
Season-5,1e3e8085-cfcd-4e88-b441-4d1f8ac63904,Forth Eorlingas!,Combo-Control,9,6,0.6666666666666666
Season-5,1e3e8085-cfcd-4e88-b441-4d1f8ac63904,Forth Eorlingas!,Control,38,22,0.5789473684210527
Season-5,1ee98955-4c47-4d45-9377-608dfa755337,Bone Shards,Aggro,19,11,0.5789473684210527
Season-5,1ee98955-4c47-4d45-9377-608dfa755337,Bone Shards,Aggro-Combo,8,3,0.375
Season-5,1ee98955-4c47-4d45-9377-608dfa755337,Bone Shards,Combo,45,25,0.5555555555555556
Season-5,1ee98955-4c47-4d45-9377-608dfa755337,Bone Shards,Control,17,4,0.2352941176470588
Season-5,1f2f7d4b-aa65-42ed-a441-8e35be96743c,Orcish Lumberjack,Aggro,58,30,0.5172413793103449
Season-5,1f9fb33a-3b39-4aff-93b8-aedafe0ea694,Fanatic of Rhonas,Aggro,8,4,0.5
Season-5,1f9fb33a-3b39-4aff-93b8-aedafe0ea694,Fanatic of Rhonas,Aggro-Combo,18,10,0.5555555555555556
Season-5,1f9fb33a-3b39-4aff-93b8-aedafe0ea694,Fanatic of Rhonas,Control-Aggro (Midrange),47,21,0.4468085106382978
Season-5,1fc6d14a-1328-4032-ad9e-cd85cd365bd3,Endurance,Aggro-Combo,10,7,0.7
Season-5,1fc6d14a-1328-4032-ad9e-cd85cd365bd3,Endurance,Combo,10,7,0.7
Season-5,1fc6d14a-1328-4032-ad9e-cd85cd365bd3,Endurance,Control-Aggro (Midrange),59,27,0.4576271186440678
Season-5,1fdcc0c3-4029-4fc3-a486-5d7f45c910bd,Everflowing Chalice,Combo,16,2,0.125
Season-5,1fdcc0c3-4029-4fc3-a486-5d7f45c910bd,Everflowing Chalice,Control,28,19,0.6785714285714286
Season-5,205df311-a72d-40f1-b2ea-9b30274bc9bd,Knight of the Reliquary,Combo,9,1,0.1111111111111111
Season-5,205df311-a72d-40f1-b2ea-9b30274bc9bd,Knight of the Reliquary,Control-Aggro (Midrange),11,3,0.2727272727272727
Season-5,207d5f12-fbc6-4c75-9d84-fd2f0023fbd0,Sneak Attack,Aggro,11,4,0.3636363636363636
Season-5,207d5f12-fbc6-4c75-9d84-fd2f0023fbd0,Sneak Attack,Aggro-Combo,9,5,0.5555555555555556
Season-5,207d5f12-fbc6-4c75-9d84-fd2f0023fbd0,Sneak Attack,Combo,26,17,0.6538461538461539
Season-5,207d5f12-fbc6-4c75-9d84-fd2f0023fbd0,Sneak Attack,Combo-Control,18,11,0.6111111111111112
Season-5,209c591a-4ab2-4e89-9523-a7b766cf4e51,Ouroboroid,Aggro-Combo,10,7,0.7
Season-5,209c591a-4ab2-4e89-9523-a7b766cf4e51,Ouroboroid,Control-Aggro (Midrange),27,16,0.5925925925925926
Season-5,20c4aae1-7665-4df7-bd51-a1d95bf8a17d,Murktide Regent,Aggro-Control (Tempo),8,2,0.25
Season-5,20c4aae1-7665-4df7-bd51-a1d95bf8a17d,Murktide Regent,Combo,9,3,0.3333333333333333
Season-5,20c4aae1-7665-4df7-bd51-a1d95bf8a17d,Murktide Regent,Combo-Control,18,8,0.4444444444444444
Season-5,20c4aae1-7665-4df7-bd51-a1d95bf8a17d,Murktide Regent,Control,10,4,0.4
Season-5,20c4aae1-7665-4df7-bd51-a1d95bf8a17d,Murktide Regent,Control-Aggro (Midrange),9,4,0.4444444444444444
Season-5,21c950d7-b4f6-4902-8c9a-98f2933f9fa5,Adanto Vanguard,Aggro,66,31,0.4696969696969697
Season-5,21c950d7-b4f6-4902-8c9a-98f2933f9fa5,Adanto Vanguard,Control,8,2,0.25
Season-5,224d904a-5972-4152-878a-9a922e7a55b6,"Titania, Protector of Argoth",Aggro,29,15,0.5172413793103449
Season-5,224d904a-5972-4152-878a-9a922e7a55b6,"Titania, Protector of Argoth",Aggro-Combo,18,10,0.5555555555555556
Season-5,224d904a-5972-4152-878a-9a922e7a55b6,"Titania, Protector of Argoth",Control-Aggro (Midrange),19,10,0.5263157894736842
Season-5,229a0d4a-3777-451d-a2fb-f1a2fdf8019f,Spara's Headquarters,Aggro-Combo,16,7,0.4375
Season-5,229a0d4a-3777-451d-a2fb-f1a2fdf8019f,Spara's Headquarters,Aggro-Control (Tempo),9,5,0.5555555555555556
Season-5,229a0d4a-3777-451d-a2fb-f1a2fdf8019f,Spara's Headquarters,Control,19,13,0.6842105263157895
Season-5,229a0d4a-3777-451d-a2fb-f1a2fdf8019f,Spara's Headquarters,Control-Aggro (Midrange),31,16,0.5161290322580645
Season-5,22c26e44-e129-4c4d-b552-3cc8774ce1a4,Mox Poison,Aggro,18,10,0.5555555555555556
Season-5,22c26e44-e129-4c4d-b552-3cc8774ce1a4,Mox Poison,Combo,29,14,0.4827586206896552
Season-5,22c26e44-e129-4c4d-b552-3cc8774ce1a4,Mox Poison,Control,48,26,0.5416666666666666
Season-5,22c26e44-e129-4c4d-b552-3cc8774ce1a4,Mox Poison,Control-Aggro (Midrange),9,2,0.2222222222222222
Season-5,2398892d-28e9-4009-81ec-0d544af79d2b,Ancestral Recall,Aggro-Combo,8,0,0.0
Season-5,2398892d-28e9-4009-81ec-0d544af79d2b,Ancestral Recall,Aggro-Control (Tempo),28,15,0.5357142857142857
Season-5,2398892d-28e9-4009-81ec-0d544af79d2b,Ancestral Recall,Combo,19,9,0.4736842105263157
Season-5,2398892d-28e9-4009-81ec-0d544af79d2b,Ancestral Recall,Control,38,18,0.4736842105263157
Season-5,2398892d-28e9-4009-81ec-0d544af79d2b,Ancestral Recall,Control-Aggro (Midrange),9,4,0.4444444444444444
Season-5,2424f2c4-366b-42cf-bf4b-a8a5bfdd2c4b,Life // Death,Aggro,11,6,0.5454545454545454
Season-5,2424f2c4-366b-42cf-bf4b-a8a5bfdd2c4b,Life // Death,Combo,19,10,0.5263157894736842
Season-5,2424f2c4-366b-42cf-bf4b-a8a5bfdd2c4b,Life // Death,Control,9,4,0.4444444444444444
Season-5,2424f2c4-366b-42cf-bf4b-a8a5bfdd2c4b,Life // Death,Control-Aggro (Midrange),9,4,0.4444444444444444
Season-5,245cdc59-d560-4c10-b721-f51cc312e370,Mishra's Factory,Aggro,11,5,0.4545454545454545
Season-5,245cdc59-d560-4c10-b721-f51cc312e370,Mishra's Factory,Aggro-Combo,9,5,0.5555555555555556
Season-5,245cdc59-d560-4c10-b721-f51cc312e370,Mishra's Factory,Aggro-Control (Tempo),8,2,0.25
Season-5,245cdc59-d560-4c10-b721-f51cc312e370,Mishra's Factory,Combo,17,5,0.2941176470588235
Season-5,245cdc59-d560-4c10-b721-f51cc312e370,Mishra's Factory,Control,27,14,0.5185185185185185
Season-5,2462df62-fc35-47ed-9571-40452074dc6d,Traveling Chocobo,Aggro-Combo,7,3,0.4285714285714285
Season-5,2462df62-fc35-47ed-9571-40452074dc6d,Traveling Chocobo,Combo,10,7,0.7
Season-5,2462df62-fc35-47ed-9571-40452074dc6d,Traveling Chocobo,Control-Aggro (Midrange),33,16,0.4848484848484848
Season-5,247939d9-87e9-4f01-b223-fb4cfa7dbbe1,Mana Leak,Aggro-Control (Tempo),8,2,0.25
Season-5,247939d9-87e9-4f01-b223-fb4cfa7dbbe1,Mana Leak,Combo,27,10,0.3703703703703703
Season-5,247939d9-87e9-4f01-b223-fb4cfa7dbbe1,Mana Leak,Combo-Control,9,2,0.2222222222222222
Season-5,247939d9-87e9-4f01-b223-fb4cfa7dbbe1,Mana Leak,Control,37,14,0.3783783783783784
Season-5,247939d9-87e9-4f01-b223-fb4cfa7dbbe1,Mana Leak,Control-Aggro (Midrange),9,5,0.5555555555555556
Season-5,2487d124-210b-4808-888c-cd0a78aebd90,Molten Collapse,Aggro,18,8,0.4444444444444444
Season-5,2487d124-210b-4808-888c-cd0a78aebd90,Molten Collapse,Combo,19,11,0.5789473684210527
Season-5,2487d124-210b-4808-888c-cd0a78aebd90,Molten Collapse,Control,10,7,0.7
Season-5,24a5cc2c-0fbf-4a5f-b175-6e0ffd0d0787,Misty Rainforest,Aggro-Combo,29,16,0.5517241379310345
Season-5,24a5cc2c-0fbf-4a5f-b175-6e0ffd0d0787,Misty Rainforest,Combo,18,12,0.6666666666666666
Season-5,24a5cc2c-0fbf-4a5f-b175-6e0ffd0d0787,Misty Rainforest,Control-Aggro (Midrange),57,23,0.4035087719298245
Season-5,24c0d87b-0049-4beb-b9cb-6f813b7aa7dc,Fable of the Mirror-Breaker // Reflection of Kiki-Jiki,Aggro,53,35,0.660377358490566
Season-5,24c0d87b-0049-4beb-b9cb-6f813b7aa7dc,Fable of the Mirror-Breaker // Reflection of Kiki-Jiki,Aggro-Control (Tempo),9,5,0.5555555555555556
Season-5,24c0d87b-0049-4beb-b9cb-6f813b7aa7dc,Fable of the Mirror-Breaker // Reflection of Kiki-Jiki,Combo,9,3,0.3333333333333333
Season-5,24c0d87b-0049-4beb-b9cb-6f813b7aa7dc,Fable of the Mirror-Breaker // Reflection of Kiki-Jiki,Control,30,13,0.4333333333333333
Season-5,24c0d87b-0049-4beb-b9cb-6f813b7aa7dc,Fable of the Mirror-Breaker // Reflection of Kiki-Jiki,Control-Aggro (Midrange),10,2,0.2
Season-5,24da9431-7e52-44f5-bc18-2f2d8a4ca81e,Abrade,Aggro,30,14,0.4666666666666667
Season-5,24da9431-7e52-44f5-bc18-2f2d8a4ca81e,Abrade,Aggro-Combo,8,0,0.0
Season-5,24da9431-7e52-44f5-bc18-2f2d8a4ca81e,Abrade,Aggro-Control (Tempo),9,5,0.5555555555555556
Season-5,24da9431-7e52-44f5-bc18-2f2d8a4ca81e,Abrade,Combo-Control,9,7,0.7777777777777778
Season-5,24da9431-7e52-44f5-bc18-2f2d8a4ca81e,Abrade,Control-Aggro (Midrange),19,13,0.6842105263157895
Season-5,24e58478-c6a8-4f86-854a-a489c99bd777,Usher of the Fallen,Aggro,10,5,0.5
Season-5,25b0b816-0583-44aa-9dc5-f3ff48993a51,Gaea's Cradle,Aggro,11,5,0.4545454545454545
Season-5,25b0b816-0583-44aa-9dc5-f3ff48993a51,Gaea's Cradle,Aggro-Combo,16,4,0.25
Season-5,25b0b816-0583-44aa-9dc5-f3ff48993a51,Gaea's Cradle,Control,18,5,0.2777777777777778
Season-5,25b0b816-0583-44aa-9dc5-f3ff48993a51,Gaea's Cradle,Control-Aggro (Midrange),36,15,0.4166666666666667
Season-5,2616aa0e-8413-4e63-877c-bffd5263f552,Porcelain Legionnaire,Aggro,27,10,0.3703703703703703
Season-5,2616aa0e-8413-4e63-877c-bffd5263f552,Porcelain Legionnaire,Control,19,10,0.5263157894736842
Season-5,261ac92e-c61a-4c11-aa6a-9ae1cb703e5c,Dreams of Steel and Oil,Aggro,8,6,0.75
Season-5,261ac92e-c61a-4c11-aa6a-9ae1cb703e5c,Dreams of Steel and Oil,Aggro-Control (Tempo),9,4,0.4444444444444444
Season-5,261ac92e-c61a-4c11-aa6a-9ae1cb703e5c,Dreams of Steel and Oil,Combo,27,12,0.4444444444444444
Season-5,261ac92e-c61a-4c11-aa6a-9ae1cb703e5c,Dreams of Steel and Oil,Control,41,25,0.6097560975609756
Season-5,265522eb-4f6a-40e7-b374-3833fa63c80b,Formidable Speaker,Aggro,21,9,0.4285714285714285
Season-5,265522eb-4f6a-40e7-b374-3833fa63c80b,Formidable Speaker,Aggro-Combo,15,6,0.4
Season-5,265522eb-4f6a-40e7-b374-3833fa63c80b,Formidable Speaker,Control,11,7,0.6363636363636364
Season-5,26c68473-70ca-40ba-b5c6-71ec30f88a2c,Damnation,Combo,9,3,0.3333333333333333
Season-5,26c68473-70ca-40ba-b5c6-71ec30f88a2c,Damnation,Control,11,4,0.3636363636363636
Season-5,26d40e03-6de4-4373-9fbf-04c1dd79e995,Jetmir's Garden,Aggro,19,10,0.5263157894736842
Season-5,26d40e03-6de4-4373-9fbf-04c1dd79e995,Jetmir's Garden,Aggro-Combo,8,0,0.0
Season-5,26d40e03-6de4-4373-9fbf-04c1dd79e995,Jetmir's Garden,Combo,9,1,0.1111111111111111
Season-5,26d40e03-6de4-4373-9fbf-04c1dd79e995,Jetmir's Garden,Control,9,4,0.4444444444444444
Season-5,26d40e03-6de4-4373-9fbf-04c1dd79e995,Jetmir's Garden,Control-Aggro (Midrange),10,2,0.2
Season-5,28667c8b-d02c-4e57-a050-1549207b65d1,Thragtusk,Control-Aggro (Midrange),20,15,0.75
Season-5,29148d7e-b398-4e19-a29e-d9a660ad5016,Mirage Mirror,Combo,8,2,0.25
Season-5,29632951-3c3d-478c-8c5a-9a34f30a5c28,Dauthi Voidwalker,Aggro,20,8,0.4
Season-5,29632951-3c3d-478c-8c5a-9a34f30a5c28,Dauthi Voidwalker,Aggro-Control (Tempo),9,4,0.4444444444444444
Season-5,29632951-3c3d-478c-8c5a-9a34f30a5c28,Dauthi Voidwalker,Combo,10,6,0.6
Season-5,29632951-3c3d-478c-8c5a-9a34f30a5c28,Dauthi Voidwalker,Control,25,15,0.6
Season-5,2a717b98-cdac-416d-bf6c-f6b6638e65d1,"Tamiyo, Inquisitive Student // Tamiyo, Seasoned Scholar",Combo,47,24,0.5106382978723404
Season-5,2a717b98-cdac-416d-bf6c-f6b6638e65d1,"Tamiyo, Inquisitive Student // Tamiyo, Seasoned Scholar",Control,55,27,0.4909090909090909
Season-5,2ae6828e-ff19-45db-8b59-61616353491f,Deceptive Landscape,Control,48,26,0.5416666666666666
Season-5,2ae6828e-ff19-45db-8b59-61616353491f,Deceptive Landscape,Control-Aggro (Midrange),11,3,0.2727272727272727
Season-5,2aef4608-5ba8-4636-b5e7-cac57c5c0608,Windfall,Combo,40,22,0.55
Season-5,2aef4608-5ba8-4636-b5e7-cac57c5c0608,Windfall,Combo-Control,30,14,0.4666666666666667
Season-5,2aef4608-5ba8-4636-b5e7-cac57c5c0608,Windfall,Control,9,4,0.4444444444444444
Season-5,2aef4608-5ba8-4636-b5e7-cac57c5c0608,Windfall,Control-Aggro (Midrange),9,5,0.5555555555555556
Season-5,2b20d3e1-62ef-44db-8109-a33d4fa3e7f1,Exploration,Aggro-Combo,15,3,0.2
Season-5,2b20d3e1-62ef-44db-8109-a33d4fa3e7f1,Exploration,Combo,10,7,0.7
Season-5,2b5315a4-6a78-456f-8d5a-fea9d62f3f0e,Strip Mine,Aggro,51,27,0.5294117647058824
Season-5,2b5315a4-6a78-456f-8d5a-fea9d62f3f0e,Strip Mine,Aggro-Combo,8,3,0.375
Season-5,2b5315a4-6a78-456f-8d5a-fea9d62f3f0e,Strip Mine,Combo,19,8,0.4210526315789473
Season-5,2b5315a4-6a78-456f-8d5a-fea9d62f3f0e,Strip Mine,Control-Aggro (Midrange),20,9,0.45
Season-5,2b5801fb-2026-4f25-98bc-ebb2f99684b9,Undercity Sewers,Combo,28,19,0.6785714285714286
Season-5,2b5801fb-2026-4f25-98bc-ebb2f99684b9,Undercity Sewers,Control,38,21,0.5526315789473685
Season-5,2b5801fb-2026-4f25-98bc-ebb2f99684b9,Undercity Sewers,Control-Aggro (Midrange),9,5,0.5555555555555556
Season-5,2b73d294-6ab1-4051-9b0f-d8e335d37674,Unholy Heat,Aggro,38,23,0.6052631578947368
Season-5,2b73d294-6ab1-4051-9b0f-d8e335d37674,Unholy Heat,Aggro-Control (Tempo),21,12,0.5714285714285714
Season-5,2b73d294-6ab1-4051-9b0f-d8e335d37674,Unholy Heat,Combo,9,5,0.5555555555555556
Season-5,2b73d294-6ab1-4051-9b0f-d8e335d37674,Unholy Heat,Control,18,10,0.5555555555555556
Season-5,2b73d294-6ab1-4051-9b0f-d8e335d37674,Unholy Heat,Control-Aggro (Midrange),10,7,0.7
Season-5,2b74bb81-fb9a-40e5-a941-e517430b52f5,Indatha Triome,Aggro,17,6,0.3529411764705882
Season-5,2b74bb81-fb9a-40e5-a941-e517430b52f5,Indatha Triome,Combo,10,7,0.7
Season-5,2b74bb81-fb9a-40e5-a941-e517430b52f5,Indatha Triome,Control,20,13,0.65
Season-5,2b74bb81-fb9a-40e5-a941-e517430b52f5,Indatha Triome,Control-Aggro (Midrange),9,4,0.4444444444444444
Season-5,2b9b0195-beda-403e-bc27-7ae3be9f318c,Temple Garden,Aggro,11,6,0.5454545454545454
Season-5,2b9b0195-beda-403e-bc27-7ae3be9f318c,Temple Garden,Aggro-Combo,18,10,0.5555555555555556
Season-5,2b9b0195-beda-403e-bc27-7ae3be9f318c,Temple Garden,Control-Aggro (Midrange),28,12,0.4285714285714285
Season-5,2ba70366-b6ae-423a-a8d8-29d2b8afd939,"Ivora, Insatiable Heir",Aggro,11,5,0.4545454545454545
Season-5,2ba70366-b6ae-423a-a8d8-29d2b8afd939,"Ivora, Insatiable Heir",Aggro-Control (Tempo),12,7,0.5833333333333334
Season-5,2ba70366-b6ae-423a-a8d8-29d2b8afd939,"Ivora, Insatiable Heir",Combo,37,19,0.5135135135135135
Season-5,2ba70366-b6ae-423a-a8d8-29d2b8afd939,"Ivora, Insatiable Heir",Control,9,7,0.7777777777777778
Season-5,2ba70366-b6ae-423a-a8d8-29d2b8afd939,"Ivora, Insatiable Heir",Control-Aggro (Midrange),9,6,0.6666666666666666
Season-5,2be39749-ad6f-4160-99eb-c677eee7f1b2,Thraben Inspector,Aggro,41,20,0.4878048780487805
Season-5,2be39749-ad6f-4160-99eb-c677eee7f1b2,Thraben Inspector,Control,48,28,0.5833333333333334
Season-5,2bf2da97-3331-4614-b4ff-f03d061500a7,Fire Covenant,Aggro,27,14,0.5185185185185185
Season-5,2bf2da97-3331-4614-b4ff-f03d061500a7,Fire Covenant,Combo,20,13,0.65
Season-5,2bf2da97-3331-4614-b4ff-f03d061500a7,Fire Covenant,Combo-Control,9,7,0.7777777777777778
Season-5,2bf2da97-3331-4614-b4ff-f03d061500a7,Fire Covenant,Control,30,16,0.5333333333333333
Season-5,2c695df6-6bf2-4e6b-8500-e3116137ca27,Jacked Rabbit,Aggro,47,24,0.5106382978723404
Season-5,2c695df6-6bf2-4e6b-8500-e3116137ca27,Jacked Rabbit,Control,26,13,0.5
Season-5,2c695df6-6bf2-4e6b-8500-e3116137ca27,Jacked Rabbit,Control-Aggro (Midrange),10,4,0.4
Season-5,2c723fc9-d5c9-4126-a9a6-f80c247a4b6b,Baloth Prime,Aggro,10,5,0.5
Season-5,2c723fc9-d5c9-4126-a9a6-f80c247a4b6b,Baloth Prime,Aggro-Combo,25,13,0.52
Season-5,2c723fc9-d5c9-4126-a9a6-f80c247a4b6b,Baloth Prime,Combo,10,7,0.7
Season-5,2c723fc9-d5c9-4126-a9a6-f80c247a4b6b,Baloth Prime,Control-Aggro (Midrange),18,5,0.2777777777777778
Season-5,2d9b12cc-f616-4b52-91eb-a430e70f9251,Wrath of God,Aggro,9,4,0.4444444444444444
Season-5,2d9b12cc-f616-4b52-91eb-a430e70f9251,Wrath of God,Combo-Control,12,5,0.4166666666666667
Season-5,2d9b12cc-f616-4b52-91eb-a430e70f9251,Wrath of God,Control,18,8,0.4444444444444444
Season-5,2da5f3f8-5eef-498f-ba2c-2f3fbc3745aa,Ephemerate,Aggro,8,4,0.5
Season-5,2da5f3f8-5eef-498f-ba2c-2f3fbc3745aa,Ephemerate,Combo,9,1,0.1111111111111111
Season-5,2da5f3f8-5eef-498f-ba2c-2f3fbc3745aa,Ephemerate,Control,28,10,0.3571428571428571
Season-5,2dc16614-5cf8-444d-a5ae-cac25018af68,Burst Lightning,Aggro,31,15,0.4838709677419355
Season-5,2dc16614-5cf8-444d-a5ae-cac25018af68,Burst Lightning,Aggro-Control (Tempo),12,7,0.5833333333333334
Season-5,2dc16614-5cf8-444d-a5ae-cac25018af68,Burst Lightning,Combo,20,8,0.4
Season-5,2dc16614-5cf8-444d-a5ae-cac25018af68,Burst Lightning,Combo-Control,10,5,0.5
Season-5,2dc16614-5cf8-444d-a5ae-cac25018af68,Burst Lightning,Control,20,13,0.65
Season-5,2dc16614-5cf8-444d-a5ae-cac25018af68,Burst Lightning,Control-Aggro (Midrange),9,4,0.4444444444444444
Season-5,2e139ad1-1079-49e9-babd-6399c44ad333,Seasoned Pyromancer,Aggro,35,19,0.5428571428571428
Season-5,2e139ad1-1079-49e9-babd-6399c44ad333,Seasoned Pyromancer,Aggro-Control (Tempo),12,7,0.5833333333333334
Season-5,2e139ad1-1079-49e9-babd-6399c44ad333,Seasoned Pyromancer,Combo,27,13,0.4814814814814814
Season-5,2ef878cb-27b6-47d8-ad11-bd20529b0e7e,Cast into the Fire,Aggro,22,12,0.5454545454545454
Season-5,2ef878cb-27b6-47d8-ad11-bd20529b0e7e,Cast into the Fire,Combo,9,5,0.5555555555555556
Season-5,3003d481-1b52-4aa9-bbdc-e948fbc8d49d,Sylvan Library,Aggro-Combo,8,4,0.5
Season-5,3003d481-1b52-4aa9-bbdc-e948fbc8d49d,Sylvan Library,Control-Aggro (Midrange),36,16,0.4444444444444444
Season-5,3028075c-5fc5-4942-a984-1ffcf7a8933d,Knight of Autumn,Aggro,9,4,0.4444444444444444
Season-5,3028075c-5fc5-4942-a984-1ffcf7a8933d,Knight of Autumn,Aggro-Combo,8,3,0.375
Season-5,3028075c-5fc5-4942-a984-1ffcf7a8933d,Knight of Autumn,Control,18,9,0.5
Season-5,30377bf0-d9b1-4c14-8dde-f74b1e02d604,Gilded Goose,Aggro,20,12,0.6
Season-5,30377bf0-d9b1-4c14-8dde-f74b1e02d604,Gilded Goose,Aggro-Combo,8,4,0.5
Season-5,30377bf0-d9b1-4c14-8dde-f74b1e02d604,Gilded Goose,Combo,10,7,0.7
Season-5,30377bf0-d9b1-4c14-8dde-f74b1e02d604,Gilded Goose,Control,11,5,0.4545454545454545
Season-5,30377bf0-d9b1-4c14-8dde-f74b1e02d604,Gilded Goose,Control-Aggro (Midrange),38,16,0.4210526315789473
Season-5,310a1c46-8331-4a09-9fcb-d942f8102364,Thoughtseize,Aggro,26,14,0.5384615384615384
Season-5,310a1c46-8331-4a09-9fcb-d942f8102364,Thoughtseize,Combo,28,15,0.5357142857142857
Season-5,310a1c46-8331-4a09-9fcb-d942f8102364,Thoughtseize,Combo-Control,10,8,0.8
Season-5,310a1c46-8331-4a09-9fcb-d942f8102364,Thoughtseize,Control,42,20,0.4761904761904761
Season-5,311a6257-dd77-4bb6-81cb-c8e7862350f3,Necromancy,Combo,84,39,0.4642857142857143
Season-5,311a6257-dd77-4bb6-81cb-c8e7862350f3,Necromancy,Control,9,5,0.5555555555555556
Season-5,31276460-fa9d-47da-85c5-c4baa8074d0d,Rot-Curse Rakshasa,Aggro,30,14,0.4666666666666667
Season-5,31276460-fa9d-47da-85c5-c4baa8074d0d,Rot-Curse Rakshasa,Control,18,10,0.5555555555555556
Season-5,31b770cc-09e7-4c0b-b2a4-462ab4f7200d,Expressive Iteration,Aggro-Combo,11,5,0.4545454545454545
Season-5,31b770cc-09e7-4c0b-b2a4-462ab4f7200d,Expressive Iteration,Aggro-Control (Tempo),17,7,0.4117647058823529
Season-5,31b770cc-09e7-4c0b-b2a4-462ab4f7200d,Expressive Iteration,Combo,9,3,0.3333333333333333
Season-5,31b770cc-09e7-4c0b-b2a4-462ab4f7200d,Expressive Iteration,Combo-Control,18,9,0.5
Season-5,31b770cc-09e7-4c0b-b2a4-462ab4f7200d,Expressive Iteration,Control,8,2,0.25
Season-5,3277ad99-5682-4baa-b106-de15721876a6,Glorybringer,Aggro,38,16,0.4210526315789473
Season-5,3277ad99-5682-4baa-b106-de15721876a6,Glorybringer,Aggro-Combo,20,10,0.5
Season-5,327cf118-cc92-4073-85d0-94d2a0a6989a,Scalding Tarn,Aggro,11,5,0.4545454545454545
Season-5,327cf118-cc92-4073-85d0-94d2a0a6989a,Scalding Tarn,Aggro-Combo,8,0,0.0
Season-5,327cf118-cc92-4073-85d0-94d2a0a6989a,Scalding Tarn,Aggro-Control (Tempo),12,7,0.5833333333333334
Season-5,327cf118-cc92-4073-85d0-94d2a0a6989a,Scalding Tarn,Combo,35,20,0.5714285714285714
Season-5,327cf118-cc92-4073-85d0-94d2a0a6989a,Scalding Tarn,Control,27,18,0.6666666666666666
Season-5,327cf118-cc92-4073-85d0-94d2a0a6989a,Scalding Tarn,Control-Aggro (Midrange),10,4,0.4
Season-5,329a8738-3e17-403a-857a-0ba529ce8cd1,Walking Ballista,Aggro,8,4,0.5
Season-5,329a8738-3e17-403a-857a-0ba529ce8cd1,Walking Ballista,Combo,17,3,0.1764705882352941
Season-5,329a8738-3e17-403a-857a-0ba529ce8cd1,Walking Ballista,Control,18,13,0.7222222222222222
Season-5,32a180dd-9641-4546-8940-9b21084f0c71,Lightning Bolt,Aggro,18,13,0.7222222222222222
Season-5,32a180dd-9641-4546-8940-9b21084f0c71,Lightning Bolt,Aggro-Control (Tempo),26,12,0.4615384615384615
Season-5,32a180dd-9641-4546-8940-9b21084f0c71,Lightning Bolt,Combo,9,5,0.5555555555555556
Season-5,32a180dd-9641-4546-8940-9b21084f0c71,Lightning Bolt,Combo-Control,10,5,0.5
Season-5,32a180dd-9641-4546-8940-9b21084f0c71,Lightning Bolt,Control,18,12,0.6666666666666666
Season-5,32a180dd-9641-4546-8940-9b21084f0c71,Lightning Bolt,Control-Aggro (Midrange),9,5,0.5555555555555556
Season-5,32aa6e33-221f-414c-9b51-850d97a7e051,Galvanic Discharge,Aggro,19,10,0.5263157894736842
Season-5,32aa6e33-221f-414c-9b51-850d97a7e051,Galvanic Discharge,Aggro-Combo,11,5,0.4545454545454545
Season-5,32aa6e33-221f-414c-9b51-850d97a7e051,Galvanic Discharge,Aggro-Control (Tempo),17,7,0.4117647058823529
Season-5,32aa6e33-221f-414c-9b51-850d97a7e051,Galvanic Discharge,Combo,9,5,0.5555555555555556
Season-5,32aa6e33-221f-414c-9b51-850d97a7e051,Galvanic Discharge,Combo-Control,9,7,0.7777777777777778
Season-5,32aa6e33-221f-414c-9b51-850d97a7e051,Galvanic Discharge,Control,18,7,0.3888888888888889
Season-5,33672990-4860-4aa6-ac1b-f9da66f5da59,Wurmcoil Engine,Combo,35,16,0.4571428571428571
Season-5,33672990-4860-4aa6-ac1b-f9da66f5da59,Wurmcoil Engine,Control,10,7,0.7
Season-5,33672990-4860-4aa6-ac1b-f9da66f5da59,Wurmcoil Engine,Control-Aggro (Midrange),10,7,0.7
Season-5,33ab05b5-d6f5-439c-9aed-1a58ceb282ad,Flametongue Yearling,Aggro,38,15,0.3947368421052631
Season-5,33ca68a6-474e-4d86-bffa-ee4bddb4a3cf,Fellwar Stone,Control,10,6,0.6
Season-5,340c5799-4964-44dd-8c48-8f3f3aba5211,Badgermole Cub,Aggro,37,17,0.4594594594594595
Season-5,340c5799-4964-44dd-8c48-8f3f3aba5211,Badgermole Cub,Aggro-Combo,17,10,0.5882352941176471
Season-5,345a1c80-41d6-43b1-83ab-1aa56dd06b1b,Bitter Reunion,Aggro,9,3,0.3333333333333333
Season-5,345a1c80-41d6-43b1-83ab-1aa56dd06b1b,Bitter Reunion,Aggro-Combo,9,5,0.5555555555555556
Season-5,345a1c80-41d6-43b1-83ab-1aa56dd06b1b,Bitter Reunion,Combo,10,6,0.6
Season-5,345a4aee-5846-4ae9-9af1-4c8fe8d692ec,Winds of Abandon,Aggro,27,16,0.5925925925925926
Season-5,345a4aee-5846-4ae9-9af1-4c8fe8d692ec,Winds of Abandon,Control,29,10,0.3448275862068966
Season-5,3462a3d0-5552-49fa-9eb7-100960c55891,"Oko, Thief of Crowns",Aggro-Combo,8,4,0.5
Season-5,3462a3d0-5552-49fa-9eb7-100960c55891,"Oko, Thief of Crowns",Combo,10,7,0.7
Season-5,3462a3d0-5552-49fa-9eb7-100960c55891,"Oko, Thief of Crowns",Control,31,15,0.4838709677419355
Season-5,3462a3d0-5552-49fa-9eb7-100960c55891,"Oko, Thief of Crowns",Control-Aggro (Midrange),36,15,0.4166666666666667
Season-5,35f1a6ba-e46f-44fb-93f4-fb883d677b36,Baleful Mastery,Aggro,29,15,0.5172413793103449
Season-5,35f1a6ba-e46f-44fb-93f4-fb883d677b36,Baleful Mastery,Aggro-Control (Tempo),9,5,0.5555555555555556
Season-5,35f1a6ba-e46f-44fb-93f4-fb883d677b36,Baleful Mastery,Combo,9,3,0.3333333333333333
Season-5,35f1a6ba-e46f-44fb-93f4-fb883d677b36,Baleful Mastery,Control,25,9,0.36
Season-5,35f1a6ba-e46f-44fb-93f4-fb883d677b36,Baleful Mastery,Control-Aggro (Midrange),9,5,0.5555555555555556
Season-5,377cee38-e769-47b0-abd5-0f528600f36a,Badlands,Aggro,49,29,0.5918367346938775
Season-5,377cee38-e769-47b0-abd5-0f528600f36a,Badlands,Combo,18,8,0.4444444444444444
Season-5,377cee38-e769-47b0-abd5-0f528600f36a,Badlands,Control,30,12,0.4
Season-5,377cee38-e769-47b0-abd5-0f528600f36a,Badlands,Control-Aggro (Midrange),29,16,0.5517241379310345
Season-5,37dbe1a3-3c44-452b-9fb9-37f5d793d0b5,Memory Jar,Combo,8,2,0.25
Season-5,37dbe1a3-3c44-452b-9fb9-37f5d793d0b5,Memory Jar,Combo-Control,12,5,0.4166666666666667
Season-5,37dbe1a3-3c44-452b-9fb9-37f5d793d0b5,Memory Jar,Control-Aggro (Midrange),9,5,0.5555555555555556
Season-5,396bca07-82ba-49b7-b79e-7784b3a06d48,Sunset Saboteur,Aggro,27,14,0.5185185185185185
Season-5,396bca07-82ba-49b7-b79e-7784b3a06d48,Sunset Saboteur,Control,43,24,0.5581395348837209
Season-5,39c431d7-d94b-46c4-bb89-f3db56214ab4,Elvish Reclaimer,Combo,19,8,0.4210526315789473
Season-5,39c431d7-d94b-46c4-bb89-f3db56214ab4,Elvish Reclaimer,Control-Aggro (Midrange),11,3,0.2727272727272727
Season-5,3a2d7cf9-dddb-4de3-b4f2-c52e3ec8fb4b,Brain Freeze,Aggro-Combo,11,5,0.4545454545454545
Season-5,3a2d7cf9-dddb-4de3-b4f2-c52e3ec8fb4b,Brain Freeze,Combo,38,17,0.4473684210526316
Season-5,3a2d7cf9-dddb-4de3-b4f2-c52e3ec8fb4b,Brain Freeze,Combo-Control,9,7,0.7777777777777778
Season-5,3a9d1082-a862-45d4-9e5e-392e879fead6,Zuran Orb,Aggro,10,5,0.5
Season-5,3a9d1082-a862-45d4-9e5e-392e879fead6,Zuran Orb,Aggro-Combo,23,9,0.391304347826087
Season-5,3a9d1082-a862-45d4-9e5e-392e879fead6,Zuran Orb,Combo,9,1,0.1111111111111111
Season-5,3a9d1082-a862-45d4-9e5e-392e879fead6,Zuran Orb,Control-Aggro (Midrange),9,4,0.4444444444444444
Season-5,3b1e92b4-6e53-4dba-a572-c67e01965ac5,Abrupt Decay,Aggro,19,12,0.631578947368421
Season-5,3b1e92b4-6e53-4dba-a572-c67e01965ac5,Abrupt Decay,Control,9,6,0.6666666666666666
Season-5,3b1e92b4-6e53-4dba-a572-c67e01965ac5,Abrupt Decay,Control-Aggro (Midrange),9,2,0.2222222222222222
Season-5,3b5233ff-03bc-4053-9b49-c4185c2de38d,Restoration Angel,Control,66,30,0.4545454545454545
Season-5,3b6e5956-f795-451b-bb24-56462d1ced27,Umezawa's Jitte,Aggro,75,37,0.4933333333333333
Season-5,3b6e5956-f795-451b-bb24-56462d1ced27,Umezawa's Jitte,Aggro-Control (Tempo),9,4,0.4444444444444444
Season-5,3b6e5956-f795-451b-bb24-56462d1ced27,Umezawa's Jitte,Control,17,6,0.3529411764705882
Season-5,3bd1ec98-8188-4649-899e-b0972509fc7e,Firebolt,Aggro,38,24,0.631578947368421
Season-5,3bd1ec98-8188-4649-899e-b0972509fc7e,Firebolt,Aggro-Combo,9,5,0.5555555555555556
Season-5,3bd1ec98-8188-4649-899e-b0972509fc7e,Firebolt,Aggro-Control (Tempo),9,5,0.5555555555555556
Season-5,3bd1ec98-8188-4649-899e-b0972509fc7e,Firebolt,Control,10,7,0.7
Season-5,3c02b8ee-84cb-44cb-ba14-9e725a9d03ee,Ponder,Aggro-Control (Tempo),9,5,0.5555555555555556
Season-5,3c02b8ee-84cb-44cb-ba14-9e725a9d03ee,Ponder,Combo,37,20,0.5405405405405406
Season-5,3c02b8ee-84cb-44cb-ba14-9e725a9d03ee,Ponder,Control,54,29,0.5370370370370371
Season-5,3c3ac3dd-35db-447f-8674-37b4680a1ef7,Leyline Binding,Control,27,13,0.4814814814814814
Season-5,3c3ac3dd-35db-447f-8674-37b4680a1ef7,Leyline Binding,Control-Aggro (Midrange),29,10,0.3448275862068966
Season-5,3ca1e1de-b916-445f-b3b2-0f4d0cc7ceeb,Stern Scolding,Aggro-Control (Tempo),18,8,0.4444444444444444
Season-5,3ca1e1de-b916-445f-b3b2-0f4d0cc7ceeb,Stern Scolding,Combo,18,9,0.5
Season-5,3ca1e1de-b916-445f-b3b2-0f4d0cc7ceeb,Stern Scolding,Combo-Control,8,3,0.375
Season-5,3ca1e1de-b916-445f-b3b2-0f4d0cc7ceeb,Stern Scolding,Control,9,5,0.5555555555555556
Season-5,3d8ca18d-9099-4f1e-95c1-f04da58a26bd,"Gut, True Soul Zealot",Aggro,63,38,0.6031746031746031
Season-5,3d8ca18d-9099-4f1e-95c1-f04da58a26bd,"Gut, True Soul Zealot",Aggro-Control (Tempo),9,5,0.5555555555555556
Season-5,3d8ca18d-9099-4f1e-95c1-f04da58a26bd,"Gut, True Soul Zealot",Combo,11,7,0.6363636363636364
Season-5,3d8ca18d-9099-4f1e-95c1-f04da58a26bd,"Gut, True Soul Zealot",Combo-Control,10,8,0.8
Season-5,3d8ca18d-9099-4f1e-95c1-f04da58a26bd,"Gut, True Soul Zealot",Control-Aggro (Midrange),11,5,0.4545454545454545
Season-5,3ee3945e-5089-4751-b7b3-5961c39d2a33,Nethergoyf,Aggro,8,6,0.75
Season-5,3ee3945e-5089-4751-b7b3-5961c39d2a33,Nethergoyf,Aggro-Control (Tempo),9,4,0.4444444444444444
Season-5,3ee3945e-5089-4751-b7b3-5961c39d2a33,Nethergoyf,Combo,18,12,0.6666666666666666
Season-5,3ee3945e-5089-4751-b7b3-5961c39d2a33,Nethergoyf,Control,38,14,0.3684210526315789
Season-5,3ee3945e-5089-4751-b7b3-5961c39d2a33,Nethergoyf,Control-Aggro (Midrange),18,6,0.3333333333333333
Season-5,3f3c77ad-fce8-4506-90e1-7ef71552a71c,Wheel of Fortune,Aggro,12,6,0.5
Season-5,3f3c77ad-fce8-4506-90e1-7ef71552a71c,Wheel of Fortune,Combo,29,15,0.5172413793103449
Season-5,3f3c77ad-fce8-4506-90e1-7ef71552a71c,Wheel of Fortune,Combo-Control,9,6,0.6666666666666666
Season-5,3f3c77ad-fce8-4506-90e1-7ef71552a71c,Wheel of Fortune,Control,20,5,0.25
Season-5,3faa8c5e-9e1b-4cee-b322-a033bf33dcbc,Hymn to Tourach,Aggro,8,6,0.75
Season-5,3faa8c5e-9e1b-4cee-b322-a033bf33dcbc,Hymn to Tourach,Combo,27,12,0.4444444444444444
Season-5,3faa8c5e-9e1b-4cee-b322-a033bf33dcbc,Hymn to Tourach,Control,20,10,0.5
Season-5,400382a4-aea2-4827-b06a-1b0b3745908b,Noble Hierarch,Aggro,17,8,0.4705882352941176
Season-5,400382a4-aea2-4827-b06a-1b0b3745908b,Noble Hierarch,Aggro-Combo,8,4,0.5
Season-5,400382a4-aea2-4827-b06a-1b0b3745908b,Noble Hierarch,Control,31,16,0.5161290322580645
Season-5,400382a4-aea2-4827-b06a-1b0b3745908b,Noble Hierarch,Control-Aggro (Midrange),45,20,0.4444444444444444
Season-5,416d2d51-8f29-4e95-b037-e8c32b081e6c,Mana Drain,Aggro-Control (Tempo),9,5,0.5555555555555556
Season-5,416d2d51-8f29-4e95-b037-e8c32b081e6c,Mana Drain,Combo,20,12,0.6
Season-5,416d2d51-8f29-4e95-b037-e8c32b081e6c,Mana Drain,Combo-Control,8,3,0.375
Season-5,416d2d51-8f29-4e95-b037-e8c32b081e6c,Mana Drain,Control,55,37,0.6727272727272727
Season-5,416d2d51-8f29-4e95-b037-e8c32b081e6c,Mana Drain,Control-Aggro (Midrange),6,1,0.1666666666666666
Season-5,41e108a5-4e2f-42cf-9ea1-87bf3c0a2b7f,"Nissa, Who Shakes the World",Aggro,8,2,0.25
Season-5,41e108a5-4e2f-42cf-9ea1-87bf3c0a2b7f,"Nissa, Who Shakes the World",Aggro-Combo,18,11,0.6111111111111112
Season-5,41e108a5-4e2f-42cf-9ea1-87bf3c0a2b7f,"Nissa, Who Shakes the World",Control-Aggro (Midrange),46,20,0.4347826086956521
Season-5,41ff849e-2439-4690-8aa4-769039b6da4c,Talisman of Progress,Combo,27,8,0.2962962962962963
Season-5,41ff849e-2439-4690-8aa4-769039b6da4c,Talisman of Progress,Combo-Control,10,5,0.5
Season-5,41ff849e-2439-4690-8aa4-769039b6da4c,Talisman of Progress,Control,8,2,0.25
Season-5,4216656e-90e8-45fc-a0f6-0d0d79d0a021,Shelldock Isle,Aggro-Combo,8,4,0.5
Season-5,4216656e-90e8-45fc-a0f6-0d0d79d0a021,Shelldock Isle,Combo,45,24,0.5333333333333333
Season-5,4216656e-90e8-45fc-a0f6-0d0d79d0a021,Shelldock Isle,Control,18,7,0.3888888888888889
Season-5,4216656e-90e8-45fc-a0f6-0d0d79d0a021,Shelldock Isle,Control-Aggro (Midrange),9,5,0.5555555555555556
Season-5,43aa7e35-55ee-4e02-a8aa-ea2b267055d1,Woodfall Primus,Aggro-Combo,8,4,0.5
Season-5,43aa7e35-55ee-4e02-a8aa-ea2b267055d1,Woodfall Primus,Combo,19,10,0.5263157894736842
Season-5,43aa7e35-55ee-4e02-a8aa-ea2b267055d1,Woodfall Primus,Combo-Control,10,8,0.8
Season-5,43aa7e35-55ee-4e02-a8aa-ea2b267055d1,Woodfall Primus,Control-Aggro (Midrange),18,6,0.3333333333333333
Season-5,441f8b2f-c8cb-4340-a92f-116c2276e906,Frantic Search,Combo,59,25,0.423728813559322
Season-5,441f8b2f-c8cb-4340-a92f-116c2276e906,Frantic Search,Combo-Control,9,2,0.2222222222222222
Season-5,441f8b2f-c8cb-4340-a92f-116c2276e906,Frantic Search,Control,9,4,0.4444444444444444
Season-5,441f8b2f-c8cb-4340-a92f-116c2276e906,Frantic Search,Control-Aggro (Midrange),9,5,0.5555555555555556
Season-5,44afd414-cc69-4888-ba12-7ea87e60b1f7,Craterhoof Behemoth,Aggro,8,6,0.75
Season-5,44afd414-cc69-4888-ba12-7ea87e60b1f7,Craterhoof Behemoth,Aggro-Combo,41,17,0.4146341463414634
Season-5,44afd414-cc69-4888-ba12-7ea87e60b1f7,Craterhoof Behemoth,Control-Aggro (Midrange),10,8,0.8
Season-5,45026d57-0324-4312-8b86-2e7d4f581ee9,Marsh Flats,Aggro,29,13,0.4482758620689655
Season-5,45026d57-0324-4312-8b86-2e7d4f581ee9,Marsh Flats,Combo,8,3,0.375
Season-5,45026d57-0324-4312-8b86-2e7d4f581ee9,Marsh Flats,Combo-Control,9,7,0.7777777777777778
Season-5,45026d57-0324-4312-8b86-2e7d4f581ee9,Marsh Flats,Control,35,14,0.4
Season-5,45fd6e91-df76-497f-b642-33dc3d5f6a5a,Mox Ruby,Aggro,42,23,0.5476190476190477
Season-5,45fd6e91-df76-497f-b642-33dc3d5f6a5a,Mox Ruby,Aggro-Combo,8,4,0.5
Season-5,45fd6e91-df76-497f-b642-33dc3d5f6a5a,Mox Ruby,Combo,8,3,0.375
Season-5,45fd6e91-df76-497f-b642-33dc3d5f6a5a,Mox Ruby,Combo-Control,9,7,0.7777777777777778
Season-5,45fd6e91-df76-497f-b642-33dc3d5f6a5a,Mox Ruby,Control,29,16,0.5517241379310345
Season-5,45fd6e91-df76-497f-b642-33dc3d5f6a5a,Mox Ruby,Control-Aggro (Midrange),10,2,0.2
Season-5,4720b4f2-e6af-4223-9250-a0ed21ed5693,Pest Infestation,Aggro,16,8,0.5
Season-5,4720b4f2-e6af-4223-9250-a0ed21ed5693,Pest Infestation,Aggro-Combo,8,3,0.375
Season-5,4720b4f2-e6af-4223-9250-a0ed21ed5693,Pest Infestation,Combo,10,7,0.7
Season-5,4720b4f2-e6af-4223-9250-a0ed21ed5693,Pest Infestation,Control,17,6,0.3529411764705882
Season-5,4720b4f2-e6af-4223-9250-a0ed21ed5693,Pest Infestation,Control-Aggro (Midrange),27,10,0.3703703703703703
Season-5,47a6234f-309f-4e03-9263-66da48b57153,Solitude,Aggro,19,9,0.4736842105263157
Season-5,47a6234f-309f-4e03-9263-66da48b57153,Solitude,Control,56,30,0.5357142857142857
Season-5,47a6234f-309f-4e03-9263-66da48b57153,Solitude,Control-Aggro (Midrange),8,6,0.75
Season-5,4820d223-4ea1-4850-931c-3d2ab5eb003b,Birthing Ritual,Control,39,17,0.4358974358974359
Season-5,4820d223-4ea1-4850-931c-3d2ab5eb003b,Birthing Ritual,Control-Aggro (Midrange),9,2,0.2222222222222222
Season-5,486d7edc-d983-41f0-8b78-c99aecd72996,"Otawara, Soaring City",Aggro-Control (Tempo),18,9,0.5
Season-5,486d7edc-d983-41f0-8b78-c99aecd72996,"Otawara, Soaring City",Combo,16,10,0.625
Season-5,486d7edc-d983-41f0-8b78-c99aecd72996,"Otawara, Soaring City",Control,43,24,0.5581395348837209
Season-5,487116ab-b885-406b-aa54-56cb67eb3ca5,Scavenging Ooze,Aggro,21,12,0.5714285714285714
Season-5,487116ab-b885-406b-aa54-56cb67eb3ca5,Scavenging Ooze,Aggro-Combo,17,10,0.5882352941176471
Season-5,487116ab-b885-406b-aa54-56cb67eb3ca5,Scavenging Ooze,Control-Aggro (Midrange),9,1,0.1111111111111111
Season-5,490eb213-9ae2-4b45-abec-6f1dfc83792a,Cori-Steel Cutter,Aggro,20,13,0.65
Season-5,490eb213-9ae2-4b45-abec-6f1dfc83792a,Cori-Steel Cutter,Aggro-Combo,11,5,0.4545454545454545
Season-5,490eb213-9ae2-4b45-abec-6f1dfc83792a,Cori-Steel Cutter,Aggro-Control (Tempo),9,5,0.5555555555555556
Season-5,490eb213-9ae2-4b45-abec-6f1dfc83792a,Cori-Steel Cutter,Combo,17,14,0.8235294117647058
Season-5,490eb213-9ae2-4b45-abec-6f1dfc83792a,Cori-Steel Cutter,Control,26,14,0.5384615384615384
Season-5,493a5ca7-5f90-4af4-b6db-43ae09a2f2c9,Dark Ritual,Aggro,8,6,0.75
Season-5,493a5ca7-5f90-4af4-b6db-43ae09a2f2c9,Dark Ritual,Combo,40,16,0.4
Season-5,493a5ca7-5f90-4af4-b6db-43ae09a2f2c9,Dark Ritual,Control,38,20,0.5263157894736842
Season-5,493a5ca7-5f90-4af4-b6db-43ae09a2f2c9,Dark Ritual,Control-Aggro (Midrange),9,2,0.2222222222222222
Season-5,49bb0ad3-1082-41f1-82a4-52a4006cc9b6,"Leovold, Emissary of Trest",Combo,10,7,0.7
Season-5,49bb0ad3-1082-41f1-82a4-52a4006cc9b6,"Leovold, Emissary of Trest",Control,21,8,0.3809523809523809
Season-5,49bb0ad3-1082-41f1-82a4-52a4006cc9b6,"Leovold, Emissary of Trest",Control-Aggro (Midrange),29,15,0.5172413793103449
Season-5,4a08ca06-58db-4ce6-b490-be4bea8956a1,Sensei's Divining Top,Aggro-Combo,11,5,0.4545454545454545
Season-5,4a08ca06-58db-4ce6-b490-be4bea8956a1,Sensei's Divining Top,Combo-Control,9,2,0.2222222222222222
Season-5,4a08ca06-58db-4ce6-b490-be4bea8956a1,Sensei's Divining Top,Control,37,13,0.3513513513513513
Season-5,4a0bb5dc-75a6-4bd6-81f8-611197fb0fba,Nettlecyst,Combo,10,3,0.3
Season-5,4a0bb5dc-75a6-4bd6-81f8-611197fb0fba,Nettlecyst,Control,18,7,0.3888888888888889
Season-5,4a1f905f-1d55-4d02-9d24-e58070793d3f,"Atraxa, Grand Unifier",Aggro-Combo,10,7,0.7
Season-5,4a1f905f-1d55-4d02-9d24-e58070793d3f,"Atraxa, Grand Unifier",Combo,53,31,0.5849056603773585
Season-5,4a1f905f-1d55-4d02-9d24-e58070793d3f,"Atraxa, Grand Unifier",Combo-Control,10,8,0.8
Season-5,4a1f905f-1d55-4d02-9d24-e58070793d3f,"Atraxa, Grand Unifier",Control-Aggro (Midrange),9,4,0.4444444444444444
Season-5,4a706ecf-3277-40e3-871c-4ba4ead16e20,Wrenn and Six,Aggro,19,11,0.5789473684210527
Season-5,4a706ecf-3277-40e3-871c-4ba4ead16e20,Wrenn and Six,Aggro-Combo,15,6,0.4
Season-5,4a706ecf-3277-40e3-871c-4ba4ead16e20,Wrenn and Six,Control-Aggro (Midrange),9,6,0.6666666666666666
Season-5,4acaef84-55d1-43dc-b10a-696182e6709b,Repeal,Aggro,10,6,0.6
Season-5,4acaef84-55d1-43dc-b10a-696182e6709b,Repeal,Aggro-Control (Tempo),12,7,0.5833333333333334
Season-5,4acaef84-55d1-43dc-b10a-696182e6709b,Repeal,Combo,28,11,0.3928571428571428
Season-5,4acaef84-55d1-43dc-b10a-696182e6709b,Repeal,Combo-Control,18,11,0.6111111111111112
Season-5,4acaef84-55d1-43dc-b10a-696182e6709b,Repeal,Control,19,10,0.5263157894736842
Season-5,4acaef84-55d1-43dc-b10a-696182e6709b,Repeal,Control-Aggro (Midrange),9,5,0.5555555555555556
Season-5,4acf970d-d2d7-413d-aba7-587ee53d8d5c,Stomping Ground,Aggro,52,29,0.5576923076923077
Season-5,4acf970d-d2d7-413d-aba7-587ee53d8d5c,Stomping Ground,Aggro-Combo,7,3,0.4285714285714285
Season-5,4acf970d-d2d7-413d-aba7-587ee53d8d5c,Stomping Ground,Control-Aggro (Midrange),9,4,0.4444444444444444
Season-5,4b0bd07e-cf80-4d64-af29-f4cec6632b3e,Perilous Landscape,Aggro,20,11,0.55
Season-5,4b0bd07e-cf80-4d64-af29-f4cec6632b3e,Perilous Landscape,Combo-Control,12,5,0.4166666666666667
Season-5,4b0bd07e-cf80-4d64-af29-f4cec6632b3e,Perilous Landscape,Control,26,14,0.5384615384615384
Season-5,4b4956a2-9a39-4152-9c98-70e4b2acfa26,Miscalculation,Combo,35,19,0.5428571428571428
Season-5,4b4956a2-9a39-4152-9c98-70e4b2acfa26,Miscalculation,Combo-Control,8,3,0.375
Season-5,4b4956a2-9a39-4152-9c98-70e4b2acfa26,Miscalculation,Control,37,20,0.5405405405405406
Season-5,4b4956a2-9a39-4152-9c98-70e4b2acfa26,Miscalculation,Control-Aggro (Midrange),9,4,0.4444444444444444
Season-5,4c6cf93a-d073-48ac-88db-c46bf3e10beb,Generous Plunderer,Aggro,15,10,0.6666666666666666
Season-5,4c6cf93a-d073-48ac-88db-c46bf3e10beb,Generous Plunderer,Aggro-Control (Tempo),9,5,0.5555555555555556
Season-5,4c6cf93a-d073-48ac-88db-c46bf3e10beb,Generous Plunderer,Control-Aggro (Midrange),9,4,0.4444444444444444
Season-5,4c732dc7-dd6b-4cc1-bbe0-ff3b1d2c7419,Animate Dead,Combo,112,55,0.4910714285714285
Season-5,4cbdacc1-7a1b-4633-85f5-eb50c2bf406d,Snapcaster Mage,Aggro-Control (Tempo),17,7,0.4117647058823529
Season-5,4cbdacc1-7a1b-4633-85f5-eb50c2bf406d,Snapcaster Mage,Combo,26,18,0.6923076923076923
Season-5,4cbdacc1-7a1b-4633-85f5-eb50c2bf406d,Snapcaster Mage,Control,27,15,0.5555555555555556
Season-5,4cbdacc1-7a1b-4633-85f5-eb50c2bf406d,Snapcaster Mage,Control-Aggro (Midrange),15,6,0.4
Season-5,4ced112a-e775-4f97-97b3-74877e9dce12,Dragon's Rage Channeler,Aggro,29,14,0.4827586206896552
Season-5,4ced112a-e775-4f97-97b3-74877e9dce12,Dragon's Rage Channeler,Aggro-Combo,11,5,0.4545454545454545
Season-5,4ced112a-e775-4f97-97b3-74877e9dce12,Dragon's Rage Channeler,Aggro-Control (Tempo),30,15,0.5
Season-5,4ced112a-e775-4f97-97b3-74877e9dce12,Dragon's Rage Channeler,Combo,9,3,0.3333333333333333
Season-5,4ced112a-e775-4f97-97b3-74877e9dce12,Dragon's Rage Channeler,Combo-Control,19,15,0.7894736842105263
Season-5,4d9dbadd-c1b6-44fe-92ac-6f69d7178342,Talisman of Creativity,Combo,26,8,0.3076923076923077
Season-5,4d9dbadd-c1b6-44fe-92ac-6f69d7178342,Talisman of Creativity,Combo-Control,9,2,0.2222222222222222
Season-5,4d9dbadd-c1b6-44fe-92ac-6f69d7178342,Talisman of Creativity,Control,20,13,0.65
Season-5,4d9dbadd-c1b6-44fe-92ac-6f69d7178342,Talisman of Creativity,Control-Aggro (Midrange),20,15,0.75
Season-5,4dea7bcc-3ff8-40b0-8264-0cd678d6ff31,Scourge of the Skyclaves,Aggro,10,3,0.3
Season-5,4dea7bcc-3ff8-40b0-8264-0cd678d6ff31,Scourge of the Skyclaves,Control,28,12,0.4285714285714285
Season-5,4df8aabc-7fcb-4b7b-980b-18f499e6c170,Hullbreacher,Combo,56,27,0.4821428571428571
Season-5,4df8aabc-7fcb-4b7b-980b-18f499e6c170,Hullbreacher,Combo-Control,10,5,0.5
Season-5,4e117771-5a8b-4812-b487-32ba34b7f724,Giver of Runes,Aggro,59,32,0.5423728813559322
Season-5,4e117771-5a8b-4812-b487-32ba34b7f724,Giver of Runes,Combo,19,6,0.3157894736842105
Season-5,4e117771-5a8b-4812-b487-32ba34b7f724,Giver of Runes,Control,9,5,0.5555555555555556
Season-5,4e117771-5a8b-4812-b487-32ba34b7f724,Giver of Runes,Control-Aggro (Midrange),8,6,0.75
Season-5,4e4b6e22-93b2-4896-bba5-0ceaa5d8ea3c,"Yavimaya, Cradle of Growth",Aggro,31,19,0.6129032258064516
Season-5,4e4b6e22-93b2-4896-bba5-0ceaa5d8ea3c,"Yavimaya, Cradle of Growth",Combo,10,7,0.7
Season-5,4e4b6e22-93b2-4896-bba5-0ceaa5d8ea3c,"Yavimaya, Cradle of Growth",Control,9,4,0.4444444444444444
Season-5,4e4b6e22-93b2-4896-bba5-0ceaa5d8ea3c,"Yavimaya, Cradle of Growth",Control-Aggro (Midrange),37,17,0.4594594594594595
Season-5,4e4fb50c-a81f-44d3-93c5-fa9a0b37f617,"Omnath, Locus of Creation",Control,20,10,0.5
Season-5,4e4fb50c-a81f-44d3-93c5-fa9a0b37f617,"Omnath, Locus of Creation",Control-Aggro (Midrange),19,7,0.3684210526315789
Season-5,504a69eb-3c2d-4bb1-b117-252b15acf0c2,Mana Confluence,Aggro-Control (Tempo),12,7,0.5833333333333334
Season-5,504a69eb-3c2d-4bb1-b117-252b15acf0c2,Mana Confluence,Combo,10,6,0.6
Season-5,504a69eb-3c2d-4bb1-b117-252b15acf0c2,Mana Confluence,Combo-Control,9,2,0.2222222222222222
Season-5,504a69eb-3c2d-4bb1-b117-252b15acf0c2,Mana Confluence,Control,65,31,0.4769230769230769
Season-5,504a69eb-3c2d-4bb1-b117-252b15acf0c2,Mana Confluence,Control-Aggro (Midrange),9,5,0.5555555555555556
Season-5,50bc0f5b-7421-45b9-af85-86dd9821b7d8,Soulherder,Control,35,13,0.3714285714285714
Season-5,522aa72b-2b8c-484c-872b-f082101cee35,Get Lost,Aggro,21,10,0.4761904761904761
Season-5,522aa72b-2b8c-484c-872b-f082101cee35,Get Lost,Combo,17,6,0.3529411764705882
Season-5,522aa72b-2b8c-484c-872b-f082101cee35,Get Lost,Control,44,20,0.4545454545454545
Season-5,522aa72b-2b8c-484c-872b-f082101cee35,Get Lost,Control-Aggro (Midrange),8,6,0.75
Season-5,5260f8ae-805b-4eae-badf-62de0f768867,Hedge Maze,Control-Aggro (Midrange),46,19,0.4130434782608695
Season-5,52d3005f-a1c7-4ef5-911f-ccc0752f4181,Faerie Mastermind,Aggro-Control (Tempo),9,4,0.4444444444444444
Season-5,52d3005f-a1c7-4ef5-911f-ccc0752f4181,Faerie Mastermind,Combo,10,6,0.6
Season-5,52d3005f-a1c7-4ef5-911f-ccc0752f4181,Faerie Mastermind,Combo-Control,22,10,0.4545454545454545
Season-5,52d3005f-a1c7-4ef5-911f-ccc0752f4181,Faerie Mastermind,Control,34,16,0.4705882352941176
Season-5,52d3005f-a1c7-4ef5-911f-ccc0752f4181,Faerie Mastermind,Control-Aggro (Midrange),6,1,0.1666666666666666
Season-5,52eef0d6-24b7-40b7-8403-e8e863d0cd55,"Bristly Bill, Spine Sower",Aggro,29,18,0.6206896551724138
Season-5,52eef0d6-24b7-40b7-8403-e8e863d0cd55,"Bristly Bill, Spine Sower",Aggro-Combo,15,6,0.4
Season-5,52eef0d6-24b7-40b7-8403-e8e863d0cd55,"Bristly Bill, Spine Sower",Control-Aggro (Midrange),38,18,0.4736842105263157
Season-5,53d4fd57-74b6-42c7-88b1-110e5a8dfc3c,Spell Pierce,Aggro-Control (Tempo),18,9,0.5
Season-5,53d4fd57-74b6-42c7-88b1-110e5a8dfc3c,Spell Pierce,Combo,31,18,0.5806451612903226
Season-5,53d4fd57-74b6-42c7-88b1-110e5a8dfc3c,Spell Pierce,Combo-Control,19,10,0.5263157894736842
Season-5,53d4fd57-74b6-42c7-88b1-110e5a8dfc3c,Spell Pierce,Control,20,8,0.4
Season-5,53d4fd57-74b6-42c7-88b1-110e5a8dfc3c,Spell Pierce,Control-Aggro (Midrange),16,5,0.3125
Season-5,5427d8a6-ac9e-4e50-bd39-81713b2ade25,Fatal Push,Aggro,21,9,0.4285714285714285
Season-5,5427d8a6-ac9e-4e50-bd39-81713b2ade25,Fatal Push,Aggro-Control (Tempo),9,4,0.4444444444444444
Season-5,5427d8a6-ac9e-4e50-bd39-81713b2ade25,Fatal Push,Combo,21,12,0.5714285714285714
Season-5,5427d8a6-ac9e-4e50-bd39-81713b2ade25,Fatal Push,Combo-Control,10,8,0.8
Season-5,5427d8a6-ac9e-4e50-bd39-81713b2ade25,Fatal Push,Control,61,40,0.6557377049180327
Season-5,543d55cb-3a6b-4620-af25-10ae74ed32c4,Worldspine Wurm,Combo-Control,10,8,0.8
Season-5,54a3ea87-005e-4985-b2a5-21711d0b71c0,Springheart Nantuko,Aggro,29,17,0.5862068965517241
Season-5,54a3ea87-005e-4985-b2a5-21711d0b71c0,Springheart Nantuko,Aggro-Combo,8,3,0.375
Season-5,54a3ea87-005e-4985-b2a5-21711d0b71c0,Springheart Nantuko,Combo,10,7,0.7
Season-5,54a3ea87-005e-4985-b2a5-21711d0b71c0,Springheart Nantuko,Control,20,9,0.45
Season-5,54a3ea87-005e-4985-b2a5-21711d0b71c0,Springheart Nantuko,Control-Aggro (Midrange),17,11,0.6470588235294118
Season-5,54e0c2cd-fa5f-427d-8e15-6066f002a8e3,Chainsaw,Aggro,51,21,0.4117647058823529
Season-5,54e0c2cd-fa5f-427d-8e15-6066f002a8e3,Chainsaw,Aggro-Combo,11,5,0.4545454545454545
Season-5,54e0c2cd-fa5f-427d-8e15-6066f002a8e3,Chainsaw,Aggro-Control (Tempo),12,7,0.5833333333333334
Season-5,54e0c2cd-fa5f-427d-8e15-6066f002a8e3,Chainsaw,Combo-Control,10,5,0.5
Season-5,54f449ff-4025-465e-9ec5-a5cf42c4c9d3,Xander's Lounge,Combo,48,26,0.5416666666666666
Season-5,54f449ff-4025-465e-9ec5-a5cf42c4c9d3,Xander's Lounge,Combo-Control,27,15,0.5555555555555556
Season-5,54f449ff-4025-465e-9ec5-a5cf42c4c9d3,Xander's Lounge,Control,29,18,0.6206896551724138
Season-5,551c0a45-9515-4e51-84e5-79703832a661,Expedition Map,Aggro,11,8,0.7272727272727273
Season-5,551c0a45-9515-4e51-84e5-79703832a661,Expedition Map,Combo,27,10,0.3703703703703703
Season-5,551c0a45-9515-4e51-84e5-79703832a661,Expedition Map,Control,28,19,0.6785714285714286
Season-5,55707746-da6e-46e5-a5ca-7ac843fdc38e,"Phelia, Exuberant Shepherd",Aggro,42,21,0.5
Season-5,55707746-da6e-46e5-a5ca-7ac843fdc38e,"Phelia, Exuberant Shepherd",Control,54,24,0.4444444444444444
Season-5,55a14f30-4ff9-4472-90a6-c3139f1c18e5,"Kaito, Bane of Nightmares",Aggro-Control (Tempo),18,9,0.5
Season-5,55a14f30-4ff9-4472-90a6-c3139f1c18e5,"Kaito, Bane of Nightmares",Combo-Control,10,8,0.8
Season-5,55a14f30-4ff9-4472-90a6-c3139f1c18e5,"Kaito, Bane of Nightmares",Control,20,12,0.6
Season-5,55d35442-5ca0-4fd7-8ff1-b7347b3e6690,Piggy Bank,Aggro,9,3,0.3333333333333333
Season-5,55d35442-5ca0-4fd7-8ff1-b7347b3e6690,Piggy Bank,Combo,10,6,0.6
Season-5,55d35442-5ca0-4fd7-8ff1-b7347b3e6690,Piggy Bank,Control-Aggro (Midrange),19,6,0.3157894736842105
Season-5,564caf57-4ba5-4993-a35e-945699c94eb7,Toxic Deluge,Aggro-Control (Tempo),9,4,0.4444444444444444
Season-5,564caf57-4ba5-4993-a35e-945699c94eb7,Toxic Deluge,Combo,30,14,0.4666666666666667
Season-5,564caf57-4ba5-4993-a35e-945699c94eb7,Toxic Deluge,Combo-Control,9,6,0.6666666666666666
Season-5,564caf57-4ba5-4993-a35e-945699c94eb7,Toxic Deluge,Control,25,14,0.56
Season-5,564caf57-4ba5-4993-a35e-945699c94eb7,Toxic Deluge,Control-Aggro (Midrange),9,5,0.5555555555555556
Season-5,568dd5a6-86f4-4039-87d7-812120c8ab94,Triplicate Titan,Aggro-Combo,9,5,0.5555555555555556
Season-5,568dd5a6-86f4-4039-87d7-812120c8ab94,Triplicate Titan,Combo,45,18,0.4
Season-5,568dd5a6-86f4-4039-87d7-812120c8ab94,Triplicate Titan,Combo-Control,8,3,0.375
Season-5,56995b84-2307-4955-9c7c-dc4f04acdc07,Inquisition of Kozilek,Aggro,21,11,0.5238095238095238
Season-5,56995b84-2307-4955-9c7c-dc4f04acdc07,Inquisition of Kozilek,Aggro-Control (Tempo),9,4,0.4444444444444444
Season-5,56995b84-2307-4955-9c7c-dc4f04acdc07,Inquisition of Kozilek,Combo,29,15,0.5172413793103449
Season-5,56995b84-2307-4955-9c7c-dc4f04acdc07,Inquisition of Kozilek,Control,19,9,0.4736842105263157
Season-5,56995b84-2307-4955-9c7c-dc4f04acdc07,Inquisition of Kozilek,Control-Aggro (Midrange),9,1,0.1111111111111111
Season-5,57fb0fa7-0c5c-4a75-9461-c51403c30282,Foreboding Landscape,Combo,10,5,0.5
Season-5,57fb0fa7-0c5c-4a75-9461-c51403c30282,Foreboding Landscape,Control,19,14,0.7368421052631579
Season-5,57fb0fa7-0c5c-4a75-9461-c51403c30282,Foreboding Landscape,Control-Aggro (Midrange),29,10,0.3448275862068966
Season-5,59faa45d-868b-4bc7-934c-0e077642e129,Loran of the Third Path,Aggro,10,6,0.6
Season-5,59faa45d-868b-4bc7-934c-0e077642e129,Loran of the Third Path,Control,49,23,0.4693877551020408
Season-5,59faa45d-868b-4bc7-934c-0e077642e129,Loran of the Third Path,Control-Aggro (Midrange),10,2,0.2
Season-5,5a077de0-1893-40d0-a499-ee2e6e2258f1,Legion Extruder,Aggro-Combo,8,3,0.375
Season-5,5a077de0-1893-40d0-a499-ee2e6e2258f1,Legion Extruder,Aggro-Control (Tempo),9,5,0.5555555555555556
Season-5,5a077de0-1893-40d0-a499-ee2e6e2258f1,Legion Extruder,Combo,8,2,0.25
Season-5,5a077de0-1893-40d0-a499-ee2e6e2258f1,Legion Extruder,Control,18,8,0.4444444444444444
Season-5,5a10b543-d5d4-42a8-9ee8-dada59a2ad7e,"Saheeli, Sublime Artificer",Aggro-Control (Tempo),10,6,0.6
Season-5,5a10b543-d5d4-42a8-9ee8-dada59a2ad7e,"Saheeli, Sublime Artificer",Combo,27,8,0.2962962962962963
Season-5,5a10b543-d5d4-42a8-9ee8-dada59a2ad7e,"Saheeli, Sublime Artificer",Combo-Control,20,8,0.4
Season-5,5a10b543-d5d4-42a8-9ee8-dada59a2ad7e,"Saheeli, Sublime Artificer",Control,26,10,0.3846153846153846
Season-5,5ab21006-7f61-49e0-8b6a-0397c5d4c3bd,Imperial Seal,Aggro-Combo,8,3,0.375
Season-5,5ab21006-7f61-49e0-8b6a-0397c5d4c3bd,Imperial Seal,Combo,38,22,0.5789473684210527
Season-5,5ab21006-7f61-49e0-8b6a-0397c5d4c3bd,Imperial Seal,Combo-Control,9,7,0.7777777777777778
Season-5,5ad36fb2-c44e-4085-ba0d-54277841ad3a,Lurrus of the Dream-Den,Aggro,8,4,0.5
Season-5,5ad36fb2-c44e-4085-ba0d-54277841ad3a,Lurrus of the Dream-Den,Aggro-Combo,8,0,0.0
Season-5,5ad36fb2-c44e-4085-ba0d-54277841ad3a,Lurrus of the Dream-Den,Control,20,12,0.6
Season-5,5ad67b3c-cd5a-497b-8639-9b844e8d517a,Mind Twist,Combo,20,10,0.5
Season-5,5ad67b3c-cd5a-497b-8639-9b844e8d517a,Mind Twist,Control,31,14,0.4516129032258064
Season-5,5ad67b3c-cd5a-497b-8639-9b844e8d517a,Mind Twist,Control-Aggro (Midrange),18,6,0.3333333333333333
Season-5,5b8ba842-c662-4686-bca3-93ddb7fa11a6,Mother of Runes,Aggro,57,39,0.6842105263157895
Season-5,5b8ba842-c662-4686-bca3-93ddb7fa11a6,Mother of Runes,Combo,10,3,0.3
Season-5,5b8ba842-c662-4686-bca3-93ddb7fa11a6,Mother of Runes,Control,33,19,0.5757575757575758
Season-5,5b8ba842-c662-4686-bca3-93ddb7fa11a6,Mother of Runes,Control-Aggro (Midrange),11,5,0.4545454545454545
Season-5,5bb3cb5c-8d66-4f5e-a9a9-917e6045f024,Flickerwisp,Aggro,21,10,0.4761904761904761
Season-5,5bb3cb5c-8d66-4f5e-a9a9-917e6045f024,Flickerwisp,Control,52,22,0.4230769230769231
Season-5,5cb76266-ae50-4bbc-8f96-d98f309b02d3,"Teferi, Time Raveler",Combo,8,3,0.375
Season-5,5cb76266-ae50-4bbc-8f96-d98f309b02d3,"Teferi, Time Raveler",Combo-Control,9,7,0.7777777777777778
Season-5,5cb76266-ae50-4bbc-8f96-d98f309b02d3,"Teferi, Time Raveler",Control,53,24,0.4528301886792453
Season-5,5d10b752-d9cb-419d-a5c4-d4ee1acb655e,"Teferi, Hero of Dominaria",Combo,8,3,0.375
Season-5,5d10b752-d9cb-419d-a5c4-d4ee1acb655e,"Teferi, Hero of Dominaria",Combo-Control,10,5,0.5
Season-5,5d10b752-d9cb-419d-a5c4-d4ee1acb655e,"Teferi, Hero of Dominaria",Control,52,25,0.4807692307692308
Season-5,5da578b8-19e6-4068-9336-e7cd33c585f1,Retrofitter Foundry,Combo,56,21,0.375
Season-5,5da578b8-19e6-4068-9336-e7cd33c585f1,Retrofitter Foundry,Control,18,7,0.3888888888888889
Season-5,5de097e5-e960-4404-a370-defe93ce892f,Oracle of Mul Daya,Aggro,11,8,0.7272727272727273
Season-5,5de097e5-e960-4404-a370-defe93ce892f,Oracle of Mul Daya,Aggro-Combo,8,0,0.0
Season-5,5de097e5-e960-4404-a370-defe93ce892f,Oracle of Mul Daya,Combo,9,1,0.1111111111111111
Season-5,5de097e5-e960-4404-a370-defe93ce892f,Oracle of Mul Daya,Control-Aggro (Midrange),9,2,0.2222222222222222
Season-5,5eccf31d-869d-4003-a92b-71b4f4b479ee,Strix Serenade,Aggro-Control (Tempo),9,5,0.5555555555555556
Season-5,5eccf31d-869d-4003-a92b-71b4f4b479ee,Strix Serenade,Combo,21,11,0.5238095238095238
Season-5,5eccf31d-869d-4003-a92b-71b4f4b479ee,Strix Serenade,Control,26,13,0.5
Season-5,5eccf31d-869d-4003-a92b-71b4f4b479ee,Strix Serenade,Control-Aggro (Midrange),16,5,0.3125
Season-5,5f1cdcba-a04a-4a2f-8bc1-0dd7fa03754d,Exhume,Combo,47,21,0.4468085106382978
Season-5,5f608efc-0dbc-4cc3-aadd-ed473bfc29ab,Portal to Phyrexia,Combo,30,13,0.4333333333333333
Season-5,5f608efc-0dbc-4cc3-aadd-ed473bfc29ab,Portal to Phyrexia,Combo-Control,10,5,0.5
Season-5,5f608efc-0dbc-4cc3-aadd-ed473bfc29ab,Portal to Phyrexia,Control-Aggro (Midrange),10,7,0.7
Season-5,5f6927e1-c580-483a-8e2a-6e2deb74800e,Mox Jet,Aggro-Control (Tempo),10,6,0.6
Season-5,5f6927e1-c580-483a-8e2a-6e2deb74800e,Mox Jet,Combo,9,6,0.6666666666666666
Season-5,5f6927e1-c580-483a-8e2a-6e2deb74800e,Mox Jet,Combo-Control,19,14,0.7368421052631579
Season-5,5f6927e1-c580-483a-8e2a-6e2deb74800e,Mox Jet,Control,44,20,0.4545454545454545
Season-5,5f6927e1-c580-483a-8e2a-6e2deb74800e,Mox Jet,Control-Aggro (Midrange),18,6,0.3333333333333333
Season-5,605c2218-9d12-4ac3-a721-fca590b89847,Karakas,Aggro,10,6,0.6
Season-5,605c2218-9d12-4ac3-a721-fca590b89847,Karakas,Combo,18,6,0.3333333333333333
Season-5,605c2218-9d12-4ac3-a721-fca590b89847,Karakas,Combo-Control,19,10,0.5263157894736842
Season-5,605c2218-9d12-4ac3-a721-fca590b89847,Karakas,Control,28,18,0.6428571428571429
Season-5,605c2218-9d12-4ac3-a721-fca590b89847,Karakas,Control-Aggro (Midrange),8,6,0.75
Season-5,60d0e6a6-629a-45a7-bfcb-25ba7156788b,Elvish Mystic,Aggro,22,10,0.4545454545454545
Season-5,60d0e6a6-629a-45a7-bfcb-25ba7156788b,Elvish Mystic,Aggro-Combo,18,10,0.5555555555555556
Season-5,60d0e6a6-629a-45a7-bfcb-25ba7156788b,Elvish Mystic,Control-Aggro (Midrange),39,15,0.3846153846153846
Season-5,612b2e6e-fe8d-49ad-b845-6fa7fa59ffd1,Concealing Curtains // Revealing Eye,Aggro,12,6,0.5
Season-5,612b2e6e-fe8d-49ad-b845-6fa7fa59ffd1,Concealing Curtains // Revealing Eye,Combo,39,20,0.5128205128205128
Season-5,612b2e6e-fe8d-49ad-b845-6fa7fa59ffd1,Concealing Curtains // Revealing Eye,Combo-Control,9,6,0.6666666666666666
Season-5,612b2e6e-fe8d-49ad-b845-6fa7fa59ffd1,Concealing Curtains // Revealing Eye,Control,37,22,0.5945945945945946
Season-5,6151b583-3aa7-4be8-9d05-d5e53f19c6c9,Fastbond,Aggro,8,6,0.75
Season-5,6151b583-3aa7-4be8-9d05-d5e53f19c6c9,Fastbond,Aggro-Combo,15,7,0.4666666666666667
Season-5,6151b583-3aa7-4be8-9d05-d5e53f19c6c9,Fastbond,Combo,19,8,0.4210526315789473
Season-5,6151b583-3aa7-4be8-9d05-d5e53f19c6c9,Fastbond,Control-Aggro (Midrange),38,13,0.3421052631578947
Season-5,61a28870-cf78-4323-9d82-cee764067764,Lightning Greaves,Control-Aggro (Midrange),18,6,0.3333333333333333
Season-5,62b3f560-262b-4bc3-9aef-535fd7082c28,Vaultborn Tyrant,Aggro,8,6,0.75
Season-5,62b3f560-262b-4bc3-9aef-535fd7082c28,Vaultborn Tyrant,Combo,27,18,0.6666666666666666
Season-5,62b3f560-262b-4bc3-9aef-535fd7082c28,Vaultborn Tyrant,Combo-Control,10,8,0.8
Season-5,62b3f560-262b-4bc3-9aef-535fd7082c28,Vaultborn Tyrant,Control-Aggro (Midrange),30,13,0.4333333333333333
Season-5,635245e9-c27f-4a51-a6f1-bae62e696542,Lightstall Inquisitor,Aggro,37,16,0.4324324324324324
Season-5,63af3c26-5b1f-46f6-9aa2-036c615bf5ea,Flash,Combo,52,30,0.5769230769230769
Season-5,63af3c26-5b1f-46f6-9aa2-036c615bf5ea,Flash,Combo-Control,18,11,0.6111111111111112
Season-5,63af3c26-5b1f-46f6-9aa2-036c615bf5ea,Flash,Control,8,5,0.625
Season-5,63c59228-c742-4abd-b4d7-9f7880190e95,Windswept Heath,Aggro,39,16,0.4102564102564102
Season-5,63c59228-c742-4abd-b4d7-9f7880190e95,Windswept Heath,Aggro-Combo,16,7,0.4375
Season-5,63c59228-c742-4abd-b4d7-9f7880190e95,Windswept Heath,Combo,9,1,0.1111111111111111
Season-5,63c59228-c742-4abd-b4d7-9f7880190e95,Windswept Heath,Control,9,6,0.6666666666666666
Season-5,63c59228-c742-4abd-b4d7-9f7880190e95,Windswept Heath,Control-Aggro (Midrange),39,25,0.6410256410256411
Season-5,641b21e1-9188-4bc3-96e8-cda2acbc5ed5,Time Spiral,Aggro-Combo,8,4,0.5
Season-5,641b21e1-9188-4bc3-96e8-cda2acbc5ed5,Time Spiral,Combo,18,9,0.5
Season-5,641b21e1-9188-4bc3-96e8-cda2acbc5ed5,Time Spiral,Control,9,6,0.6666666666666666
Season-5,641b21e1-9188-4bc3-96e8-cda2acbc5ed5,Time Spiral,Control-Aggro (Midrange),10,4,0.4
Season-5,64a5d494-efa1-446b-bebe-2ad36e154376,"Ugin, Eye of the Storms",Aggro,8,6,0.75
Season-5,64a5d494-efa1-446b-bebe-2ad36e154376,"Ugin, Eye of the Storms",Combo,30,15,0.5
Season-5,64a5d494-efa1-446b-bebe-2ad36e154376,"Ugin, Eye of the Storms",Combo-Control,21,7,0.3333333333333333
Season-5,64a5d494-efa1-446b-bebe-2ad36e154376,"Ugin, Eye of the Storms",Control,19,13,0.6842105263157895
Season-5,64a5d494-efa1-446b-bebe-2ad36e154376,"Ugin, Eye of the Storms",Control-Aggro (Midrange),9,5,0.5555555555555556
Season-5,64bc9b1d-5818-4d9e-b771-e49af4ff9a5c,The Tabernacle at Pendrell Vale,Combo,17,3,0.1764705882352941
Season-5,64bc9b1d-5818-4d9e-b771-e49af4ff9a5c,The Tabernacle at Pendrell Vale,Combo-Control,12,5,0.4166666666666667
Season-5,64bc9b1d-5818-4d9e-b771-e49af4ff9a5c,The Tabernacle at Pendrell Vale,Control,10,6,0.6
Season-5,652236c2-84ef-45e4-b5fc-ed6170bc3d6c,Meticulous Archive,Aggro,10,6,0.6
Season-5,652236c2-84ef-45e4-b5fc-ed6170bc3d6c,Meticulous Archive,Aggro-Combo,11,5,0.4545454545454545
Season-5,652236c2-84ef-45e4-b5fc-ed6170bc3d6c,Meticulous Archive,Combo,9,5,0.5555555555555556
Season-5,652236c2-84ef-45e4-b5fc-ed6170bc3d6c,Meticulous Archive,Combo-Control,10,5,0.5
Season-5,652236c2-84ef-45e4-b5fc-ed6170bc3d6c,Meticulous Archive,Control,26,14,0.5384615384615384
Season-5,652236c2-84ef-45e4-b5fc-ed6170bc3d6c,Meticulous Archive,Control-Aggro (Midrange),11,5,0.4545454545454545
Season-5,661fc907-7003-45c6-820c-9616e9a71c30,Seething Landscape,Combo,39,21,0.5384615384615384
Season-5,661fc907-7003-45c6-820c-9616e9a71c30,Seething Landscape,Combo-Control,18,13,0.7222222222222222
Season-5,661fc907-7003-45c6-820c-9616e9a71c30,Seething Landscape,Control,10,6,0.6
Season-5,671c008a-8ff8-42d7-9e03-6d8a9ddace67,Faithless Looting,Aggro-Combo,17,5,0.2941176470588235
Season-5,671c008a-8ff8-42d7-9e03-6d8a9ddace67,Faithless Looting,Aggro-Control (Tempo),8,2,0.25
Season-5,671c008a-8ff8-42d7-9e03-6d8a9ddace67,Faithless Looting,Combo,18,8,0.4444444444444444
Season-5,671c008a-8ff8-42d7-9e03-6d8a9ddace67,Faithless Looting,Control-Aggro (Midrange),9,6,0.6666666666666666
Season-5,672b9b16-daef-44e6-9a3a-cfd9f3c78bc7,Pentad Prism,Combo,19,10,0.5263157894736842
Season-5,672b9b16-daef-44e6-9a3a-cfd9f3c78bc7,Pentad Prism,Control,31,18,0.5806451612903226
Season-5,672b9b16-daef-44e6-9a3a-cfd9f3c78bc7,Pentad Prism,Control-Aggro (Midrange),9,4,0.4444444444444444
Season-5,68841ca8-a043-4f30-9a17-e983ed960bc2,Demonic Tutor,Combo,38,19,0.5
Season-5,68841ca8-a043-4f30-9a17-e983ed960bc2,Demonic Tutor,Combo-Control,9,6,0.6666666666666666
Season-5,68841ca8-a043-4f30-9a17-e983ed960bc2,Demonic Tutor,Control,47,29,0.6170212765957447
Season-5,68924203-c3d9-41ce-8ca8-c6dd491eb3ca,Psychic Frog,Combo,48,26,0.5416666666666666
Season-5,68924203-c3d9-41ce-8ca8-c6dd491eb3ca,Psychic Frog,Control,38,20,0.5263157894736842
Season-5,68c72226-6f52-4322-8b14-18737293dfa0,Bloodstained Mire,Aggro,21,12,0.5714285714285714
Season-5,68c72226-6f52-4322-8b14-18737293dfa0,Bloodstained Mire,Aggro-Combo,11,5,0.4545454545454545
Season-5,68c72226-6f52-4322-8b14-18737293dfa0,Bloodstained Mire,Combo,17,5,0.2941176470588235
Season-5,68c72226-6f52-4322-8b14-18737293dfa0,Bloodstained Mire,Combo-Control,9,2,0.2222222222222222
Season-5,68c72226-6f52-4322-8b14-18737293dfa0,Bloodstained Mire,Control,39,24,0.6153846153846154
Season-5,68c72226-6f52-4322-8b14-18737293dfa0,Bloodstained Mire,Control-Aggro (Midrange),9,5,0.5555555555555556
Season-5,6920c895-bc98-4871-a53f-219fa27a74e5,Occult Epiphany,Combo,49,23,0.4693877551020408
Season-5,6920c895-bc98-4871-a53f-219fa27a74e5,Occult Epiphany,Control,9,4,0.4444444444444444
Season-5,6920c895-bc98-4871-a53f-219fa27a74e5,Occult Epiphany,Control-Aggro (Midrange),10,4,0.4
Season-5,69490262-afc2-4692-8fac-b771a972c8f8,Volcanic Spite,Aggro,50,28,0.56
Season-5,69490262-afc2-4692-8fac-b771a972c8f8,Volcanic Spite,Aggro-Combo,9,5,0.5555555555555556
Season-5,69490262-afc2-4692-8fac-b771a972c8f8,Volcanic Spite,Combo-Control,8,3,0.375
Season-5,69490262-afc2-4692-8fac-b771a972c8f8,Volcanic Spite,Control,9,5,0.5555555555555556
Season-5,6982a82c-dd32-40d2-8dd2-ec92d0fc6c2d,Phyrexian Revoker,Aggro,18,7,0.3888888888888889
Season-5,6982a82c-dd32-40d2-8dd2-ec92d0fc6c2d,Phyrexian Revoker,Control,17,7,0.4117647058823529
Season-5,6989018c-37b1-4282-a4af-9cc97f160b4d,Oliphaunt,Aggro,29,17,0.5862068965517241
Season-5,6989018c-37b1-4282-a4af-9cc97f160b4d,Oliphaunt,Aggro-Combo,8,3,0.375
Season-5,6989018c-37b1-4282-a4af-9cc97f160b4d,Oliphaunt,Aggro-Control (Tempo),18,10,0.5555555555555556
Season-5,6989018c-37b1-4282-a4af-9cc97f160b4d,Oliphaunt,Combo,16,10,0.625
Season-5,6989018c-37b1-4282-a4af-9cc97f160b4d,Oliphaunt,Control,9,7,0.7777777777777778
Season-5,69af2825-18c2-4463-b6ba-42eaa070ccc1,"Grist, the Hunger Tide",Aggro,11,6,0.5454545454545454
Season-5,69af2825-18c2-4463-b6ba-42eaa070ccc1,"Grist, the Hunger Tide",Aggro-Combo,8,3,0.375
Season-5,69af2825-18c2-4463-b6ba-42eaa070ccc1,"Grist, the Hunger Tide",Control,20,11,0.55
Season-5,69af2825-18c2-4463-b6ba-42eaa070ccc1,"Grist, the Hunger Tide",Control-Aggro (Midrange),29,9,0.3103448275862069
Season-5,69c1b656-1d67-499c-bf0f-417682a86c7d,Shadowy Backstreet,Combo,27,9,0.3333333333333333
Season-5,69c1b656-1d67-499c-bf0f-417682a86c7d,Shadowy Backstreet,Control,7,4,0.5714285714285714
Season-5,69c68c95-b788-43b1-9f22-1b22c5a00b25,Deep-Cavern Bat,Aggro,22,11,0.5
Season-5,69c68c95-b788-43b1-9f22-1b22c5a00b25,Deep-Cavern Bat,Combo,10,6,0.6
Season-5,69c68c95-b788-43b1-9f22-1b22c5a00b25,Deep-Cavern Bat,Combo-Control,18,13,0.7222222222222222
Season-5,69c68c95-b788-43b1-9f22-1b22c5a00b25,Deep-Cavern Bat,Control,45,23,0.5111111111111111
Season-5,69c68c95-b788-43b1-9f22-1b22c5a00b25,Deep-Cavern Bat,Control-Aggro (Midrange),9,5,0.5555555555555556
Season-5,6a058e68-70af-4a64-859c-c881e5578368,Chrome Mox,Aggro,36,19,0.5277777777777778
Season-5,6a058e68-70af-4a64-859c-c881e5578368,Chrome Mox,Aggro-Control (Tempo),9,5,0.5555555555555556
Season-5,6a058e68-70af-4a64-859c-c881e5578368,Chrome Mox,Combo,31,17,0.5483870967741935
Season-5,6a058e68-70af-4a64-859c-c881e5578368,Chrome Mox,Control,18,11,0.6111111111111112
Season-5,6a058e68-70af-4a64-859c-c881e5578368,Chrome Mox,Control-Aggro (Midrange),9,1,0.1111111111111111
Season-5,6aa5cc65-f8f1-4f6f-8b4e-2fedccbda684,"Rofellos, Llanowar Emissary",Aggro-Combo,24,7,0.2916666666666667
Season-5,6aa5cc65-f8f1-4f6f-8b4e-2fedccbda684,"Rofellos, Llanowar Emissary",Control-Aggro (Midrange),25,13,0.52
Season-5,6ade6918-6d1d-448d-ab56-93996051e9a9,Sage of the Skies,Aggro-Combo,8,3,0.375
Season-5,6ade6918-6d1d-448d-ab56-93996051e9a9,Sage of the Skies,Control,26,12,0.4615384615384615
Season-5,6ade6918-6d1d-448d-ab56-93996051e9a9,Sage of the Skies,Control-Aggro (Midrange),8,6,0.75
Season-5,6cc73d16-5ed7-4104-91f6-0997a2080e2e,Embereth Shieldbreaker // Battle Display,Aggro,26,8,0.3076923076923077
Season-5,6cc73d16-5ed7-4104-91f6-0997a2080e2e,Embereth Shieldbreaker // Battle Display,Aggro-Combo,11,5,0.4545454545454545
Season-5,6cc73d16-5ed7-4104-91f6-0997a2080e2e,Embereth Shieldbreaker // Battle Display,Aggro-Control (Tempo),10,6,0.6
Season-5,6da09e6a-2965-4855-bd41-41b41ba188fb,Through the Breach,Aggro-Combo,9,5,0.5555555555555556
Season-5,6da09e6a-2965-4855-bd41-41b41ba188fb,Through the Breach,Combo,16,12,0.75
Season-5,6efb6a69-562c-4d95-858d-b067444cfd7e,Palantír of Orthanc,Aggro-Combo,8,0,0.0
Season-5,6efb6a69-562c-4d95-858d-b067444cfd7e,Palantír of Orthanc,Combo,25,15,0.6
Season-5,6efb6a69-562c-4d95-858d-b067444cfd7e,Palantír of Orthanc,Control,18,8,0.4444444444444444
Season-5,6efb6a69-562c-4d95-858d-b067444cfd7e,Palantír of Orthanc,Control-Aggro (Midrange),10,8,0.8
Season-5,6f26faca-f338-4ce5-a218-6a61d40fc50a,Tendrils of Agony,Combo,11,5,0.4545454545454545
Season-5,6f2cec5d-50ea-4d0f-8925-eba06222d015,"Shelinda, Yevon Acolyte",Aggro,11,7,0.6363636363636364
Season-5,6f2cec5d-50ea-4d0f-8925-eba06222d015,"Shelinda, Yevon Acolyte",Control-Aggro (Midrange),19,11,0.5789473684210527
Season-5,6fd672bb-18cf-44e3-8dda-5310b1e0fffe,Godless Shrine,Aggro,21,9,0.4285714285714285
Season-5,6fd672bb-18cf-44e3-8dda-5310b1e0fffe,Godless Shrine,Combo-Control,9,7,0.7777777777777778
Season-5,6fd672bb-18cf-44e3-8dda-5310b1e0fffe,Godless Shrine,Control,26,9,0.3461538461538461
Season-5,70496f16-c4c0-4c03-beef-454eb4824cd1,Deathrite Shaman,Combo,11,7,0.6363636363636364
Season-5,70496f16-c4c0-4c03-beef-454eb4824cd1,Deathrite Shaman,Control,38,19,0.5
Season-5,70496f16-c4c0-4c03-beef-454eb4824cd1,Deathrite Shaman,Control-Aggro (Midrange),17,6,0.3529411764705882
Season-5,7054012b-4f9d-44a0-aaf9-7fd3bddc7b2d,Slickshot Show-Off,Aggro,40,14,0.35
Season-5,7054012b-4f9d-44a0-aaf9-7fd3bddc7b2d,Slickshot Show-Off,Aggro-Control (Tempo),18,8,0.4444444444444444
Season-5,7054012b-4f9d-44a0-aaf9-7fd3bddc7b2d,Slickshot Show-Off,Control,8,2,0.25
Season-5,70e33f45-7d47-423b-a123-8541f1d1afb4,Lingering Souls,Aggro,18,10,0.5555555555555556
Season-5,70e33f45-7d47-423b-a123-8541f1d1afb4,Lingering Souls,Combo-Control,9,7,0.7777777777777778
Season-5,70e33f45-7d47-423b-a123-8541f1d1afb4,Lingering Souls,Control,35,15,0.4285714285714285
Season-5,71384418-173a-4f77-adab-56e52fa23692,Delighted Halfling,Aggro,8,6,0.75
Season-5,71384418-173a-4f77-adab-56e52fa23692,Delighted Halfling,Aggro-Combo,26,14,0.5384615384615384
Season-5,71384418-173a-4f77-adab-56e52fa23692,Delighted Halfling,Control-Aggro (Midrange),69,33,0.4782608695652174
Season-5,729daf0e-b822-41bd-a908-ca8ec34032f0,Tropical Island,Combo,10,7,0.7
Season-5,729daf0e-b822-41bd-a908-ca8ec34032f0,Tropical Island,Control,18,8,0.4444444444444444
Season-5,729daf0e-b822-41bd-a908-ca8ec34032f0,Tropical Island,Control-Aggro (Midrange),27,14,0.5185185185185185
Season-5,72c6d541-e2cb-4d6e-acac-90a8f53b7006,Elegant Parlor,Aggro,22,12,0.5454545454545454
Season-5,72c6d541-e2cb-4d6e-acac-90a8f53b7006,Elegant Parlor,Combo,27,12,0.4444444444444444
Season-5,72c6d541-e2cb-4d6e-acac-90a8f53b7006,Elegant Parlor,Control,10,7,0.7
Season-5,73a065e3-b530-4e62-ab3c-4f6f908184ec,"Elspeth, Storm Slayer",Aggro,35,20,0.5714285714285714
Season-5,73a065e3-b530-4e62-ab3c-4f6f908184ec,"Elspeth, Storm Slayer",Control,17,8,0.4705882352941176
Season-5,73a065e3-b530-4e62-ab3c-4f6f908184ec,"Elspeth, Storm Slayer",Control-Aggro (Midrange),9,4,0.4444444444444444
Season-5,73cc6df4-3564-4ace-bf8a-eac3e62d725a,Ursine Monstrosity,Aggro,76,41,0.5394736842105263
Season-5,73cc6df4-3564-4ace-bf8a-eac3e62d725a,Ursine Monstrosity,Control-Aggro (Midrange),31,14,0.4516129032258064
Season-5,748e6a61-9c1f-4225-9f04-e54002f63ac3,Savai Triome,Aggro,9,3,0.3333333333333333
Season-5,748e6a61-9c1f-4225-9f04-e54002f63ac3,Savai Triome,Combo-Control,19,11,0.5789473684210527
Season-5,748e6a61-9c1f-4225-9f04-e54002f63ac3,Savai Triome,Control,27,13,0.4814814814814814
Season-5,74d29b3d-f588-431d-bf4e-f7215683ab39,Tangle Wire,Aggro,11,7,0.6363636363636364
Season-5,74d29b3d-f588-431d-bf4e-f7215683ab39,Tangle Wire,Aggro-Combo,25,11,0.44
Season-5,74d29b3d-f588-431d-bf4e-f7215683ab39,Tangle Wire,Combo-Control,20,8,0.4
Season-5,758f95f8-bcb0-43ae-b474-56ebd855951e,Lion's Eye Diamond,Aggro-Combo,11,5,0.4545454545454545
Season-5,758f95f8-bcb0-43ae-b474-56ebd855951e,Lion's Eye Diamond,Combo,19,8,0.4210526315789473
Season-5,758f95f8-bcb0-43ae-b474-56ebd855951e,Lion's Eye Diamond,Combo-Control,9,7,0.7777777777777778
Season-5,75fdce80-e338-4a50-bdc6-786511feaeef,Ziatora's Proving Ground,Aggro,28,17,0.6071428571428571
Season-5,75fdce80-e338-4a50-bdc6-786511feaeef,Ziatora's Proving Ground,Control,19,10,0.5263157894736842
Season-5,76c3cad2-1e25-4abe-878d-9194de6fcc27,Guide of Souls,Aggro,75,42,0.56
Season-5,76c3cad2-1e25-4abe-878d-9194de6fcc27,Guide of Souls,Control,11,7,0.6363636363636364
Season-5,76c3cad2-1e25-4abe-878d-9194de6fcc27,Guide of Souls,Control-Aggro (Midrange),8,6,0.75
Season-5,773199f9-c83b-4a77-8342-9f1552ecf595,Intrepid Adversary,Aggro,38,23,0.6052631578947368
Season-5,773199f9-c83b-4a77-8342-9f1552ecf595,Intrepid Adversary,Control,35,18,0.5142857142857142
Season-5,7740ff55-67bb-409e-90f7-2c2c8b8c770a,"Valgavoth, Terror Eater",Combo,65,24,0.3692307692307692
Season-5,777fcc21-2856-4181-8ecd-c272f9769e36,"Wan Shi Tong, All-Knowing",Aggro-Control (Tempo),9,5,0.5555555555555556
Season-5,777fcc21-2856-4181-8ecd-c272f9769e36,"Wan Shi Tong, All-Knowing",Combo,9,6,0.6666666666666666
Season-5,777fcc21-2856-4181-8ecd-c272f9769e36,"Wan Shi Tong, All-Knowing",Control,19,13,0.6842105263157895
Season-5,7832abb5-5107-4603-904e-491b221bd3e3,Smuggler's Copter,Aggro,45,24,0.5333333333333333
Season-5,7832abb5-5107-4603-904e-491b221bd3e3,Smuggler's Copter,Aggro-Combo,11,5,0.4545454545454545
Season-5,7832abb5-5107-4603-904e-491b221bd3e3,Smuggler's Copter,Aggro-Control (Tempo),21,12,0.5714285714285714
Season-5,7832abb5-5107-4603-904e-491b221bd3e3,Smuggler's Copter,Combo,19,11,0.5789473684210527
Season-5,7832abb5-5107-4603-904e-491b221bd3e3,Smuggler's Copter,Control,8,2,0.25
Season-5,784287c2-43c5-4210-93ae-cdd33b9acb1b,Commune with Beavers,Aggro,17,8,0.4705882352941176
Season-5,784287c2-43c5-4210-93ae-cdd33b9acb1b,Commune with Beavers,Control-Aggro (Midrange),38,18,0.4736842105263157
Season-5,78cef262-c753-4658-b3ec-fec8db47f944,Palace Jailer,Aggro,29,12,0.4137931034482758
Season-5,78cef262-c753-4658-b3ec-fec8db47f944,Palace Jailer,Combo,9,1,0.1111111111111111
Season-5,78cef262-c753-4658-b3ec-fec8db47f944,Palace Jailer,Control,44,18,0.4090909090909091
Season-5,78cef262-c753-4658-b3ec-fec8db47f944,Palace Jailer,Control-Aggro (Midrange),19,6,0.3157894736842105
Season-5,7b54447f-1daf-4352-b5c3-3c0ec8b8f4d0,Unwanted Remake,Aggro,19,7,0.3684210526315789
Season-5,7b54447f-1daf-4352-b5c3-3c0ec8b8f4d0,Unwanted Remake,Aggro-Combo,8,3,0.375
Season-5,7b54447f-1daf-4352-b5c3-3c0ec8b8f4d0,Unwanted Remake,Control,25,13,0.52
Season-5,7c024bae-5631-4e20-ac69-df392ac9e109,Orcish Bowmasters,Aggro,12,6,0.5
Season-5,7c024bae-5631-4e20-ac69-df392ac9e109,Orcish Bowmasters,Combo,39,22,0.5641025641025641
Season-5,7c024bae-5631-4e20-ac69-df392ac9e109,Orcish Bowmasters,Combo-Control,9,7,0.7777777777777778
Season-5,7c024bae-5631-4e20-ac69-df392ac9e109,Orcish Bowmasters,Control,27,13,0.4814814814814814
Season-5,7c024bae-5631-4e20-ac69-df392ac9e109,Orcish Bowmasters,Control-Aggro (Midrange),9,5,0.5555555555555556
Season-5,7c353e83-4b63-4bc6-b029-273d2eca1f75,Upheaval,Aggro-Combo,8,4,0.5
Season-5,7c353e83-4b63-4bc6-b029-273d2eca1f75,Upheaval,Combo-Control,12,5,0.4166666666666667
Season-5,7c353e83-4b63-4bc6-b029-273d2eca1f75,Upheaval,Control,19,14,0.7368421052631579
Season-5,7c353e83-4b63-4bc6-b029-273d2eca1f75,Upheaval,Control-Aggro (Midrange),9,5,0.5555555555555556
Season-5,7c884e1e-fecb-4330-b3de-5fc2a60f7173,Kolaghan's Command,Aggro,29,17,0.5862068965517241
Season-5,7c884e1e-fecb-4330-b3de-5fc2a60f7173,Kolaghan's Command,Combo,20,10,0.5
Season-5,7c884e1e-fecb-4330-b3de-5fc2a60f7173,Kolaghan's Command,Control,39,23,0.5897435897435898
Season-5,7d48d622-f397-4f31-b1a5-0c23f60aa71c,Mana Tithe,Aggro,50,28,0.56
Season-5,7d48d622-f397-4f31-b1a5-0c23f60aa71c,Mana Tithe,Combo,10,6,0.6
Season-5,7d48d622-f397-4f31-b1a5-0c23f60aa71c,Mana Tithe,Control,16,9,0.5625
Season-5,7d48d622-f397-4f31-b1a5-0c23f60aa71c,Mana Tithe,Control-Aggro (Midrange),8,6,0.75
Season-5,7ea4b5bc-18a4-45db-a56a-ab3f8bd2fb0d,Ledger Shredder,Aggro-Control (Tempo),10,6,0.6
Season-5,7ea4b5bc-18a4-45db-a56a-ab3f8bd2fb0d,Ledger Shredder,Combo,28,10,0.3571428571428571
Season-5,7ea4b5bc-18a4-45db-a56a-ab3f8bd2fb0d,Ledger Shredder,Control,10,6,0.6
Season-5,7ea4b5bc-18a4-45db-a56a-ab3f8bd2fb0d,Ledger Shredder,Control-Aggro (Midrange),9,5,0.5555555555555556
Season-5,7eb39e97-53c2-4df0-9fb3-a3d6a24ec41f,Avacyn's Pilgrim,Aggro,18,11,0.6111111111111112
Season-5,7eb39e97-53c2-4df0-9fb3-a3d6a24ec41f,Avacyn's Pilgrim,Aggro-Combo,24,10,0.4166666666666667
Season-5,7eb39e97-53c2-4df0-9fb3-a3d6a24ec41f,Avacyn's Pilgrim,Control,9,4,0.4444444444444444
Season-5,7eb39e97-53c2-4df0-9fb3-a3d6a24ec41f,Avacyn's Pilgrim,Control-Aggro (Midrange),37,10,0.2702702702702703
Season-5,7f7e780e-fbc5-4dc0-b5c7-efcb8645c7c6,Ertai Resurrected,Combo,9,4,0.4444444444444444
Season-5,7f7e780e-fbc5-4dc0-b5c7-efcb8645c7c6,Ertai Resurrected,Control,28,12,0.4285714285714285
Season-5,7f7e780e-fbc5-4dc0-b5c7-efcb8645c7c6,Ertai Resurrected,Control-Aggro (Midrange),9,5,0.5555555555555556
Season-5,80c72839-0fa6-4b5f-83b7-6553ebf09bef,"Otharri, Suns' Glory",Aggro,42,24,0.5714285714285714
Season-5,80c72839-0fa6-4b5f-83b7-6553ebf09bef,"Otharri, Suns' Glory",Combo-Control,9,2,0.2222222222222222
Season-5,80c72839-0fa6-4b5f-83b7-6553ebf09bef,"Otharri, Suns' Glory",Control,11,7,0.6363636363636364
Season-5,819a513c-3be6-4bdc-8ba6-1f7326a8f3ea,Fiery Confluence,Aggro,39,22,0.5641025641025641
Season-5,819a513c-3be6-4bdc-8ba6-1f7326a8f3ea,Fiery Confluence,Aggro-Combo,8,3,0.375
Season-5,819a513c-3be6-4bdc-8ba6-1f7326a8f3ea,Fiery Confluence,Aggro-Control (Tempo),22,13,0.5909090909090909
Season-5,819a513c-3be6-4bdc-8ba6-1f7326a8f3ea,Fiery Confluence,Combo,19,10,0.5263157894736842
Season-5,819a513c-3be6-4bdc-8ba6-1f7326a8f3ea,Fiery Confluence,Control,19,12,0.631578947368421
Season-5,819a513c-3be6-4bdc-8ba6-1f7326a8f3ea,Fiery Confluence,Control-Aggro (Midrange),9,5,0.5555555555555556
Season-5,825969b9-3c70-4fca-8cab-696e9ca7cdb2,Prismatic Ending,Aggro,27,15,0.5555555555555556
Season-5,825969b9-3c70-4fca-8cab-696e9ca7cdb2,Prismatic Ending,Control,27,14,0.5185185185185185
Season-5,825969b9-3c70-4fca-8cab-696e9ca7cdb2,Prismatic Ending,Control-Aggro (Midrange),11,5,0.4545454545454545
Season-5,85a89077-b384-4fca-9d26-7297962c1541,Kappa Cannoneer,Combo,27,8,0.2962962962962963
Season-5,85a89077-b384-4fca-9d26-7297962c1541,Kappa Cannoneer,Combo-Control,12,5,0.4166666666666667
Season-5,85a89077-b384-4fca-9d26-7297962c1541,Kappa Cannoneer,Control,18,7,0.3888888888888889
Season-5,866b7fd4-86e3-4b42-b1ea-33bad0db1f9f,Prismari Command,Aggro-Control (Tempo),12,7,0.5833333333333334
Season-5,866b7fd4-86e3-4b42-b1ea-33bad0db1f9f,Prismari Command,Combo,37,21,0.5675675675675675
Season-5,866b7fd4-86e3-4b42-b1ea-33bad0db1f9f,Prismari Command,Combo-Control,27,17,0.6296296296296297
Season-5,866b7fd4-86e3-4b42-b1ea-33bad0db1f9f,Prismari Command,Control,28,15,0.5357142857142857
Season-5,8683a978-1bef-4b01-9361-56b1fc157d26,Courser of Kruphix,Aggro,8,6,0.75
Season-5,8683a978-1bef-4b01-9361-56b1fc157d26,Courser of Kruphix,Aggro-Combo,25,14,0.56
Season-5,8683a978-1bef-4b01-9361-56b1fc157d26,Courser of Kruphix,Control-Aggro (Midrange),19,11,0.5789473684210527
Season-5,87cc2855-6b14-44dd-a398-7dc2bbae081f,Kaldra Compleat,Aggro,27,11,0.4074074074074074
Season-5,8870ef0b-cb1f-463b-8509-fece4743d3d4,Ramunap Excavator,Aggro,22,12,0.5454545454545454
Season-5,8870ef0b-cb1f-463b-8509-fece4743d3d4,Ramunap Excavator,Aggro-Combo,23,6,0.2608695652173913
Season-5,8870ef0b-cb1f-463b-8509-fece4743d3d4,Ramunap Excavator,Combo,19,8,0.4210526315789473
Season-5,8870ef0b-cb1f-463b-8509-fece4743d3d4,Ramunap Excavator,Control-Aggro (Midrange),9,1,0.1111111111111111
Season-5,89175ce1-0746-4ba1-970e-617d134b0527,"Gau, Feral Youth",Aggro,39,16,0.4102564102564102
Season-5,89175ce1-0746-4ba1-970e-617d134b0527,"Gau, Feral Youth",Aggro-Combo,9,5,0.5555555555555556
Season-5,89175ce1-0746-4ba1-970e-617d134b0527,"Gau, Feral Youth",Aggro-Control (Tempo),17,7,0.4117647058823529
Season-5,89345f55-2b32-4356-945a-d56dded39909,Preacher of the Schism,Aggro-Control (Tempo),9,4,0.4444444444444444
Season-5,89345f55-2b32-4356-945a-d56dded39909,Preacher of the Schism,Combo,18,5,0.2777777777777778
Season-5,89345f55-2b32-4356-945a-d56dded39909,Preacher of the Schism,Combo-Control,9,6,0.6666666666666666
Season-5,89345f55-2b32-4356-945a-d56dded39909,Preacher of the Schism,Control,27,13,0.4814814814814814
Season-5,89af0f45-c11c-4f13-9950-b1489440ee5b,Chain Lightning,Aggro,48,19,0.3958333333333333
Season-5,89af0f45-c11c-4f13-9950-b1489440ee5b,Chain Lightning,Aggro-Combo,11,5,0.4545454545454545
Season-5,89af0f45-c11c-4f13-9950-b1489440ee5b,Chain Lightning,Combo,18,8,0.4444444444444444
Season-5,89af0f45-c11c-4f13-9950-b1489440ee5b,Chain Lightning,Control,29,20,0.6896551724137931
Season-5,89f5cc05-5d9d-4709-b3c5-a6249c294acc,Hexdrinker,Aggro,47,26,0.5531914893617021
Season-5,89f5cc05-5d9d-4709-b3c5-a6249c294acc,Hexdrinker,Combo,19,8,0.4210526315789473
Season-5,89f5cc05-5d9d-4709-b3c5-a6249c294acc,Hexdrinker,Control-Aggro (Midrange),49,23,0.4693877551020408
Season-5,8a720448-017f-4f4a-9501-678245eaed17,Mishra's Bauble,Aggro,10,5,0.5
Season-5,8a720448-017f-4f4a-9501-678245eaed17,Mishra's Bauble,Combo,42,20,0.4761904761904761
Season-5,8a720448-017f-4f4a-9501-678245eaed17,Mishra's Bauble,Control,37,23,0.6216216216216216
Season-5,8c2996d9-3287-4480-8c04-7a378e37e3cf,Flooded Strand,Aggro,9,3,0.3333333333333333
Season-5,8c2996d9-3287-4480-8c04-7a378e37e3cf,Flooded Strand,Combo,27,17,0.6296296296296297
Season-5,8c2996d9-3287-4480-8c04-7a378e37e3cf,Flooded Strand,Combo-Control,8,3,0.375
Season-5,8c2996d9-3287-4480-8c04-7a378e37e3cf,Flooded Strand,Control,55,34,0.6181818181818182
Season-5,8c2996d9-3287-4480-8c04-7a378e37e3cf,Flooded Strand,Control-Aggro (Midrange),8,6,0.75
Season-5,8c39f9b4-02b9-4d44-b8d6-4fd02ebbb0c5,"Narset, Parter of Veils",Aggro-Control (Tempo),8,2,0.25
Season-5,8c39f9b4-02b9-4d44-b8d6-4fd02ebbb0c5,"Narset, Parter of Veils",Combo,45,24,0.5333333333333333
Season-5,8c39f9b4-02b9-4d44-b8d6-4fd02ebbb0c5,"Narset, Parter of Veils",Combo-Control,30,13,0.4333333333333333
Season-5,8c39f9b4-02b9-4d44-b8d6-4fd02ebbb0c5,"Narset, Parter of Veils",Control,9,4,0.4444444444444444
Season-5,8ca3c48b-f104-4292-9a4e-2ce87a65893c,Mutavault,Aggro,47,27,0.574468085106383
Season-5,8ca3c48b-f104-4292-9a4e-2ce87a65893c,Mutavault,Aggro-Combo,8,3,0.375
Season-5,8ca3c48b-f104-4292-9a4e-2ce87a65893c,Mutavault,Combo,8,2,0.25
Season-5,8ca3c48b-f104-4292-9a4e-2ce87a65893c,Mutavault,Control,9,4,0.4444444444444444
Season-5,8db735ea-f9cf-4e3c-9200-4f180df55baa,Fractured Identity,Aggro,9,3,0.3333333333333333
Season-5,8db735ea-f9cf-4e3c-9200-4f180df55baa,Fractured Identity,Aggro-Control (Tempo),8,2,0.25
Season-5,8db735ea-f9cf-4e3c-9200-4f180df55baa,Fractured Identity,Combo,18,9,0.5
Season-5,8db735ea-f9cf-4e3c-9200-4f180df55baa,Fractured Identity,Control,26,11,0.4230769230769231
Season-5,8e42df9e-95f2-4c79-9274-2d16e3cd91f1,"Thalia, Guardian of Thraben",Aggro,35,13,0.3714285714285714
Season-5,8e42df9e-95f2-4c79-9274-2d16e3cd91f1,"Thalia, Guardian of Thraben",Control,11,5,0.4545454545454545
Season-5,8ff57c8b-173e-4a72-a0a0-1ad2d5cc6e5e,Spectacular Spider-Man,Aggro,27,15,0.5555555555555556
Season-5,8ff57c8b-173e-4a72-a0a0-1ad2d5cc6e5e,Spectacular Spider-Man,Combo,9,1,0.1111111111111111
Season-5,8ff57c8b-173e-4a72-a0a0-1ad2d5cc6e5e,Spectacular Spider-Man,Control,39,19,0.4871794871794871
Season-5,900c9dfd-ece1-4b09-a801-0fa05e1994b9,Fallen Shinobi,Aggro-Control (Tempo),9,5,0.5555555555555556
Season-5,900c9dfd-ece1-4b09-a801-0fa05e1994b9,Fallen Shinobi,Combo,8,2,0.25
Season-5,900c9dfd-ece1-4b09-a801-0fa05e1994b9,Fallen Shinobi,Combo-Control,10,8,0.8
Season-5,900c9dfd-ece1-4b09-a801-0fa05e1994b9,Fallen Shinobi,Control,8,7,0.875
Season-5,906b6e99-128f-4c11-8daf-16099d35b0d4,Assassin's Trophy,Aggro,8,6,0.75
Season-5,906b6e99-128f-4c11-8daf-16099d35b0d4,Assassin's Trophy,Control,19,9,0.4736842105263157
Season-5,906b6e99-128f-4c11-8daf-16099d35b0d4,Assassin's Trophy,Control-Aggro (Midrange),18,6,0.3333333333333333
Season-5,907b3d1d-8c85-4707-80b5-c4d832df9846,Tishana's Tidebinder,Aggro-Control (Tempo),8,2,0.25
Season-5,907b3d1d-8c85-4707-80b5-c4d832df9846,Tishana's Tidebinder,Combo,8,3,0.375
Season-5,907b3d1d-8c85-4707-80b5-c4d832df9846,Tishana's Tidebinder,Control,8,2,0.25
Season-5,907b3d1d-8c85-4707-80b5-c4d832df9846,Tishana's Tidebinder,Control-Aggro (Midrange),6,1,0.1666666666666666
Season-5,928036c9-11b8-493e-b9f2-8fbd3487cd19,"Minsc & Boo, Timeless Heroes",Aggro,58,36,0.6206896551724138
Season-5,928036c9-11b8-493e-b9f2-8fbd3487cd19,"Minsc & Boo, Timeless Heroes",Aggro-Combo,15,6,0.4
Season-5,928036c9-11b8-493e-b9f2-8fbd3487cd19,"Minsc & Boo, Timeless Heroes",Control,9,4,0.4444444444444444
Season-5,939c6e19-4b27-4023-bb9c-ae440f91e21c,Shadowspear,Aggro,10,3,0.3
Season-5,939c6e19-4b27-4023-bb9c-ae440f91e21c,Shadowspear,Aggro-Combo,7,3,0.4285714285714285
Season-5,939c6e19-4b27-4023-bb9c-ae440f91e21c,Shadowspear,Combo,10,3,0.3
Season-5,939c6e19-4b27-4023-bb9c-ae440f91e21c,Shadowspear,Control,11,7,0.6363636363636364
Season-5,939c6e19-4b27-4023-bb9c-ae440f91e21c,Shadowspear,Control-Aggro (Midrange),6,1,0.1666666666666666
Season-5,93f99e67-901f-4c8d-8a09-e443b7eb928f,Archangel Elspeth,Aggro,46,26,0.5652173913043478
Season-5,93f99e67-901f-4c8d-8a09-e443b7eb928f,Archangel Elspeth,Control,29,17,0.5862068965517241
Season-5,9417f14c-a853-42c6-a992-29139484260a,Ignoble Hierarch,Aggro,37,23,0.6216216216216216
Season-5,9417f14c-a853-42c6-a992-29139484260a,Ignoble Hierarch,Combo,10,7,0.7
Season-5,9417f14c-a853-42c6-a992-29139484260a,Ignoble Hierarch,Control-Aggro (Midrange),40,14,0.35
Season-5,94b67489-5eb0-4406-9bf3-27e50dc632eb,"Nadu, Winged Wisdom",Combo,10,7,0.7
Season-5,94b67489-5eb0-4406-9bf3-27e50dc632eb,"Nadu, Winged Wisdom",Control-Aggro (Midrange),52,20,0.3846153846153846
Season-5,94c6fdd8-21e7-48ae-aa05-a3666b928c1a,Timetwister,Aggro-Control (Tempo),8,2,0.25
Season-5,94c6fdd8-21e7-48ae-aa05-a3666b928c1a,Timetwister,Combo,19,8,0.4210526315789473
Season-5,94c6fdd8-21e7-48ae-aa05-a3666b928c1a,Timetwister,Combo-Control,40,23,0.575
Season-5,94c6fdd8-21e7-48ae-aa05-a3666b928c1a,Timetwister,Control,28,14,0.5
Season-5,94c6fdd8-21e7-48ae-aa05-a3666b928c1a,Timetwister,Control-Aggro (Midrange),10,4,0.4
Season-5,952ba126-0915-47f0-9b6a-a0a6dcd22c6f,Moat,Control,18,9,0.5
Season-5,95be2701-af7c-483e-8165-e8bd4b2774ed,Opposition,Combo,9,3,0.3333333333333333
Season-5,95be2701-af7c-483e-8165-e8bd4b2774ed,Opposition,Control,9,4,0.4444444444444444
Season-5,95be2701-af7c-483e-8165-e8bd4b2774ed,Opposition,Control-Aggro (Midrange),27,10,0.3703703703703703
Season-5,95c14c4d-6c16-4826-8d93-d89ad04aee09,"Etali, Primal Conqueror // Etali, Primal Sickness",Aggro-Combo,9,5,0.5555555555555556
Season-5,95c14c4d-6c16-4826-8d93-d89ad04aee09,"Etali, Primal Conqueror // Etali, Primal Sickness",Combo,56,29,0.5178571428571429
Season-5,95c14c4d-6c16-4826-8d93-d89ad04aee09,"Etali, Primal Conqueror // Etali, Primal Sickness",Combo-Control,8,3,0.375
Season-5,96c5607b-55fe-43c2-93fe-0084d84499d9,Deep Forest Hermit,Aggro-Combo,8,4,0.5
Season-5,96c5607b-55fe-43c2-93fe-0084d84499d9,Deep Forest Hermit,Control,9,4,0.4444444444444444
Season-5,96c5607b-55fe-43c2-93fe-0084d84499d9,Deep Forest Hermit,Control-Aggro (Midrange),19,6,0.3157894736842105
Season-5,9721f8da-39ed-4ada-a571-61e08a86032b,Broadside Bombardiers,Aggro,57,33,0.5789473684210527
Season-5,9721f8da-39ed-4ada-a571-61e08a86032b,Broadside Bombardiers,Aggro-Combo,9,5,0.5555555555555556
Season-5,9721f8da-39ed-4ada-a571-61e08a86032b,Broadside Bombardiers,Control,30,15,0.5
Season-5,9721f8da-39ed-4ada-a571-61e08a86032b,Broadside Bombardiers,Control-Aggro (Midrange),9,5,0.5555555555555556
Season-5,972f3582-ad7c-4fe9-af29-90fa695a623f,Depthshaker Titan,Combo,9,3,0.3333333333333333
Season-5,97b9bab9-12ee-4da5-9d53-d0b82d9279cd,Pyrite Spellbomb,Aggro,9,5,0.5555555555555556
Season-5,97b9bab9-12ee-4da5-9d53-d0b82d9279cd,Pyrite Spellbomb,Aggro-Combo,11,5,0.4545454545454545
Season-5,97b9bab9-12ee-4da5-9d53-d0b82d9279cd,Pyrite Spellbomb,Combo-Control,10,5,0.5
Season-5,97b9bab9-12ee-4da5-9d53-d0b82d9279cd,Pyrite Spellbomb,Control,37,15,0.4054054054054054
Season-5,97d08a15-e61c-4421-a541-c68a4f87cb74,Forensic Gadgeteer,Combo,17,5,0.2941176470588235
Season-5,97d08a15-e61c-4421-a541-c68a4f87cb74,Forensic Gadgeteer,Combo-Control,9,2,0.2222222222222222
Season-5,97d08a15-e61c-4421-a541-c68a4f87cb74,Forensic Gadgeteer,Control,19,7,0.3684210526315789
Season-5,9814d8e8-c462-41ca-9909-1c659f488543,Lotus Petal,Aggro,19,12,0.631578947368421
Season-5,9814d8e8-c462-41ca-9909-1c659f488543,Lotus Petal,Aggro-Combo,17,8,0.4705882352941176
Season-5,9814d8e8-c462-41ca-9909-1c659f488543,Lotus Petal,Combo,26,9,0.3461538461538461
Season-5,9814d8e8-c462-41ca-9909-1c659f488543,Lotus Petal,Control,10,7,0.7
Season-5,985453e7-997e-4d77-a338-cc0290791ebe,Finale of Devastation,Aggro-Combo,7,3,0.4285714285714285
Season-5,985453e7-997e-4d77-a338-cc0290791ebe,Finale of Devastation,Control-Aggro (Midrange),10,4,0.4
Season-5,985bdb0c-ce6c-4506-8163-76f3b2fdf5fb,Lose Focus,Aggro-Control (Tempo),12,7,0.5833333333333334
Season-5,985bdb0c-ce6c-4506-8163-76f3b2fdf5fb,Lose Focus,Combo,9,3,0.3333333333333333
Season-5,985bdb0c-ce6c-4506-8163-76f3b2fdf5fb,Lose Focus,Combo-Control,8,3,0.375
Season-5,985bdb0c-ce6c-4506-8163-76f3b2fdf5fb,Lose Focus,Control,54,27,0.5
Season-5,985bdb0c-ce6c-4506-8163-76f3b2fdf5fb,Lose Focus,Control-Aggro (Midrange),19,12,0.631578947368421
Season-5,98e7bf8f-dba7-4005-8cee-634c9153931d,Phantasmal Image,Aggro,10,6,0.6
Season-5,98e7bf8f-dba7-4005-8cee-634c9153931d,Phantasmal Image,Aggro-Control (Tempo),10,6,0.6
Season-5,98e7bf8f-dba7-4005-8cee-634c9153931d,Phantasmal Image,Combo,10,6,0.6
Season-5,98e7bf8f-dba7-4005-8cee-634c9153931d,Phantasmal Image,Combo-Control,12,5,0.4166666666666667
Season-5,98e7bf8f-dba7-4005-8cee-634c9153931d,Phantasmal Image,Control,19,11,0.5789473684210527
Season-5,98e7bf8f-dba7-4005-8cee-634c9153931d,Phantasmal Image,Control-Aggro (Midrange),10,4,0.4
Season-5,991037a2-fea2-49f5-8ace-ebbf9f678cff,Talisman of Dominance,Combo,19,9,0.4736842105263157
Season-5,991037a2-fea2-49f5-8ace-ebbf9f678cff,Talisman of Dominance,Combo-Control,9,2,0.2222222222222222
Season-5,991037a2-fea2-49f5-8ace-ebbf9f678cff,Talisman of Dominance,Control,18,14,0.7777777777777778
Season-5,995486ce-58bb-4753-a812-0ca73ef1a235,Gitaxian Probe,Aggro,9,7,0.7777777777777778
Season-5,995486ce-58bb-4753-a812-0ca73ef1a235,Gitaxian Probe,Combo,29,10,0.3448275862068966
Season-5,995486ce-58bb-4753-a812-0ca73ef1a235,Gitaxian Probe,Combo-Control,10,8,0.8
Season-5,995486ce-58bb-4753-a812-0ca73ef1a235,Gitaxian Probe,Control,37,21,0.5675675675675675
Season-5,995486ce-58bb-4753-a812-0ca73ef1a235,Gitaxian Probe,Control-Aggro (Midrange),10,4,0.4
Season-5,99ff731b-8399-40c8-b539-ba6ba5783771,Wasteland,Aggro,19,12,0.631578947368421
Season-5,99ff731b-8399-40c8-b539-ba6ba5783771,Wasteland,Aggro-Combo,19,5,0.2631578947368421
Season-5,99ff731b-8399-40c8-b539-ba6ba5783771,Wasteland,Combo,9,1,0.1111111111111111
Season-5,99ff731b-8399-40c8-b539-ba6ba5783771,Wasteland,Control,17,7,0.4117647058823529
Season-5,9a71531f-d4b6-4cc7-8193-b2f5bce33b21,Night Scythe,Control,10,6,0.6
Season-5,9b32531e-c759-4603-abd0-1724e8df70db,Tribal Flames,Aggro,9,5,0.5555555555555556
Season-5,9b32531e-c759-4603-abd0-1724e8df70db,Tribal Flames,Control-Aggro (Midrange),9,5,0.5555555555555556
Season-5,9b76bcd4-580a-4435-afe9-290940b1837f,Spell Queller,Control,28,12,0.4285714285714285
Season-5,9b911653-7b96-4cf3-a907-13c5c53a14f7,Overlord of the Balemurk,Aggro,8,6,0.75
Season-5,9b911653-7b96-4cf3-a907-13c5c53a14f7,Overlord of the Balemurk,Combo,9,7,0.7777777777777778
Season-5,9b911653-7b96-4cf3-a907-13c5c53a14f7,Overlord of the Balemurk,Control,31,21,0.6774193548387096
Season-5,9cbb7b4e-bd32-44a0-9396-16738c5e4381,The Last Ride,Aggro,10,3,0.3
Season-5,9cbb7b4e-bd32-44a0-9396-16738c5e4381,The Last Ride,Control,17,5,0.2941176470588235
Season-5,9d3a7998-ccac-45ad-a4e9-3a2cb057f63b,Elite Spellbinder,Aggro,38,26,0.6842105263157895
Season-5,9d3a7998-ccac-45ad-a4e9-3a2cb057f63b,Elite Spellbinder,Control,38,19,0.5
Season-5,9d3a7998-ccac-45ad-a4e9-3a2cb057f63b,Elite Spellbinder,Control-Aggro (Midrange),19,11,0.5789473684210527
Season-5,9d48aaff-46ab-411b-9456-171d4709f951,Fear of Missing Out,Aggro,57,30,0.5263157894736842
Season-5,9d48aaff-46ab-411b-9456-171d4709f951,Fear of Missing Out,Aggro-Control (Tempo),10,6,0.6
Season-5,9d48aaff-46ab-411b-9456-171d4709f951,Fear of Missing Out,Combo,9,5,0.5555555555555556
Season-5,9d48aaff-46ab-411b-9456-171d4709f951,Fear of Missing Out,Control-Aggro (Midrange),9,6,0.6666666666666666
Season-5,9e7fb3c0-5159-4d1f-8490-ce4c9a60f567,"Urza, Lord High Artificer",Combo,27,8,0.2962962962962963
Season-5,9e7fb3c0-5159-4d1f-8490-ce4c9a60f567,"Urza, Lord High Artificer",Combo-Control,20,8,0.4
Season-5,9e7fb3c0-5159-4d1f-8490-ce4c9a60f567,"Urza, Lord High Artificer",Control,37,21,0.5675675675675675
Season-5,9e7fb3c0-5159-4d1f-8490-ce4c9a60f567,"Urza, Lord High Artificer",Control-Aggro (Midrange),10,7,0.7
Season-5,9efbfd67-e0f5-43e0-9fff-1eb4a2bed0d8,Marauding Mako,Aggro,21,13,0.6190476190476191
Season-5,9efbfd67-e0f5-43e0-9fff-1eb4a2bed0d8,Marauding Mako,Aggro-Combo,9,5,0.5555555555555556
Season-5,9efbfd67-e0f5-43e0-9fff-1eb4a2bed0d8,Marauding Mako,Combo,18,8,0.4444444444444444
Season-5,9efbfd67-e0f5-43e0-9fff-1eb4a2bed0d8,Marauding Mako,Control-Aggro (Midrange),9,6,0.6666666666666666
Season-5,a0b6a71e-56cb-4d25-8f2b-7a4f1b60900d,"Uro, Titan of Nature's Wrath",Control-Aggro (Midrange),33,11,0.3333333333333333
Season-5,a1176dcf-40ee-4342-aa74-791b8352e99a,Scrawling Crawler,Aggro,32,17,0.53125
Season-5,a1176dcf-40ee-4342-aa74-791b8352e99a,Scrawling Crawler,Combo,35,12,0.3428571428571428
Season-5,a1176dcf-40ee-4342-aa74-791b8352e99a,Scrawling Crawler,Combo-Control,12,5,0.4166666666666667
Season-5,a1176dcf-40ee-4342-aa74-791b8352e99a,Scrawling Crawler,Control,9,4,0.4444444444444444
Season-5,a15570c0-4210-4959-8584-987ec85f8283,Wight of the Reliquary,Control-Aggro (Midrange),11,3,0.2727272727272727
Season-5,a178cfe8-f9fa-4255-88d0-54a0bed079f5,Malevolent Rumble,Aggro,36,20,0.5555555555555556
Season-5,a178cfe8-f9fa-4255-88d0-54a0bed079f5,Malevolent Rumble,Aggro-Combo,10,7,0.7
Season-5,a178cfe8-f9fa-4255-88d0-54a0bed079f5,Malevolent Rumble,Control,9,4,0.4444444444444444
Season-5,a178cfe8-f9fa-4255-88d0-54a0bed079f5,Malevolent Rumble,Control-Aggro (Midrange),31,12,0.3870967741935484
Season-5,a1febcf1-afa4-4406-9ac1-5bf98b2765d2,Time Walk,Aggro-Control (Tempo),21,12,0.5714285714285714
Season-5,a1febcf1-afa4-4406-9ac1-5bf98b2765d2,Time Walk,Combo,35,21,0.6
Season-5,a1febcf1-afa4-4406-9ac1-5bf98b2765d2,Time Walk,Combo-Control,9,6,0.6666666666666666
Season-5,a1febcf1-afa4-4406-9ac1-5bf98b2765d2,Time Walk,Control,28,17,0.6071428571428571
Season-5,a1febcf1-afa4-4406-9ac1-5bf98b2765d2,Time Walk,Control-Aggro (Midrange),9,5,0.5555555555555556
Season-5,a211d505-4d40-4914-a9da-220770d6ddbc,Consider,Combo,26,12,0.4615384615384615
Season-5,a211d505-4d40-4914-a9da-220770d6ddbc,Consider,Combo-Control,10,5,0.5
Season-5,a211d505-4d40-4914-a9da-220770d6ddbc,Consider,Control,18,13,0.7222222222222222
Season-5,a249b1f4-2b22-4b67-a207-e0c4ae95d2e1,Ketria Triome,Aggro,8,4,0.5
Season-5,a249b1f4-2b22-4b67-a207-e0c4ae95d2e1,Ketria Triome,Control,20,14,0.7
Season-5,a249b1f4-2b22-4b67-a207-e0c4ae95d2e1,Ketria Triome,Control-Aggro (Midrange),30,13,0.4333333333333333
Season-5,a24e8dba-5c86-4e32-8a52-61402f7fe9f0,Containment Priest,Aggro,10,3,0.3
Season-5,a24e8dba-5c86-4e32-8a52-61402f7fe9f0,Containment Priest,Aggro-Control (Tempo),9,5,0.5555555555555556
Season-5,a24e8dba-5c86-4e32-8a52-61402f7fe9f0,Containment Priest,Control,37,21,0.5675675675675675
Season-5,a2c56479-4bee-4edb-80d7-4af010b7c793,Raffine's Tower,Combo,8,3,0.375
Season-5,a2c56479-4bee-4edb-80d7-4af010b7c793,Raffine's Tower,Combo-Control,9,2,0.2222222222222222
Season-5,a2c56479-4bee-4edb-80d7-4af010b7c793,Raffine's Tower,Control,51,28,0.5490196078431373
Season-5,a3b1b58d-b7f1-404f-aec6-b19cef4bebbd,Unruly Krasis,Control,10,4,0.4
Season-5,a3b1b58d-b7f1-404f-aec6-b19cef4bebbd,Unruly Krasis,Control-Aggro (Midrange),24,7,0.2916666666666667
Season-5,a3bb2881-e8fb-4fba-a9f9-d93e6ca24378,"Laelia, the Blade Reforged",Aggro,48,29,0.6041666666666666
Season-5,a3bb2881-e8fb-4fba-a9f9-d93e6ca24378,"Laelia, the Blade Reforged",Aggro-Combo,20,10,0.5
Season-5,a3bb2881-e8fb-4fba-a9f9-d93e6ca24378,"Laelia, the Blade Reforged",Aggro-Control (Tempo),21,12,0.5714285714285714
Season-5,a3bb2881-e8fb-4fba-a9f9-d93e6ca24378,"Laelia, the Blade Reforged",Control,10,6,0.6
Season-5,a3bb2881-e8fb-4fba-a9f9-d93e6ca24378,"Laelia, the Blade Reforged",Control-Aggro (Midrange),18,10,0.5555555555555556
Season-5,a50d79fe-6d37-42f3-b7b0-0c3018282fa2,End-Raze Forerunners,Aggro,11,4,0.3636363636363636
Season-5,a50d79fe-6d37-42f3-b7b0-0c3018282fa2,End-Raze Forerunners,Aggro-Combo,18,7,0.3888888888888889
Season-5,a50d79fe-6d37-42f3-b7b0-0c3018282fa2,End-Raze Forerunners,Control-Aggro (Midrange),10,2,0.2
Season-5,a6539e26-b63b-4725-9407-caaf451de084,Troll of Khazad-dûm,Aggro,8,6,0.75
Season-5,a6539e26-b63b-4725-9407-caaf451de084,Troll of Khazad-dûm,Aggro-Control (Tempo),9,5,0.5555555555555556
Season-5,a6539e26-b63b-4725-9407-caaf451de084,Troll of Khazad-dûm,Combo,49,24,0.4897959183673469
Season-5,a6539e26-b63b-4725-9407-caaf451de084,Troll of Khazad-dûm,Combo-Control,19,15,0.7894736842105263
Season-5,a6539e26-b63b-4725-9407-caaf451de084,Troll of Khazad-dûm,Control,18,6,0.3333333333333333
Season-5,a6d9b8d6-1e97-4e9c-b0c4-3b71734134a4,"Scarlet Spider, Ben Reilly",Aggro,21,12,0.5714285714285714
Season-5,a6d9b8d6-1e97-4e9c-b0c4-3b71734134a4,"Scarlet Spider, Ben Reilly",Control-Aggro (Midrange),9,4,0.4444444444444444
Season-5,a76fa8d4-923d-4afc-ba47-ba10fc0fe46e,"Comet, Stellar Pup",Aggro,17,5,0.2941176470588235
Season-5,a76fa8d4-923d-4afc-ba47-ba10fc0fe46e,"Comet, Stellar Pup",Aggro-Control (Tempo),9,5,0.5555555555555556
Season-5,a76fa8d4-923d-4afc-ba47-ba10fc0fe46e,"Comet, Stellar Pup",Combo-Control,10,5,0.5
Season-5,a7a8b6b8-b95f-4014-b17a-a6d44d965995,City of Traitors,Aggro,10,5,0.5
Season-5,a7a8b6b8-b95f-4014-b17a-a6d44d965995,City of Traitors,Combo,9,2,0.2222222222222222
Season-5,a7a8b6b8-b95f-4014-b17a-a6d44d965995,City of Traitors,Control,17,7,0.4117647058823529
Season-5,a8069994-b103-40dc-9e14-062004914ec8,Cathar Commando,Aggro,55,31,0.5636363636363636
Season-5,a8069994-b103-40dc-9e14-062004914ec8,Cathar Commando,Control,33,18,0.5454545454545454
Season-5,a8069994-b103-40dc-9e14-062004914ec8,Cathar Commando,Control-Aggro (Midrange),11,5,0.4545454545454545
Season-5,a87606cc-fbf0-4e2c-9798-f1c935d0573d,Esika's Chariot,Aggro,17,9,0.5294117647058824
Season-5,a87606cc-fbf0-4e2c-9798-f1c935d0573d,Esika's Chariot,Control,11,4,0.3636363636363636
Season-5,a87606cc-fbf0-4e2c-9798-f1c935d0573d,Esika's Chariot,Control-Aggro (Midrange),20,12,0.6
Season-5,a9225cc3-90f0-448f-a8d9-7c6c2796d077,Sheoldred's Edict,Aggro,20,12,0.6
Season-5,a9225cc3-90f0-448f-a8d9-7c6c2796d077,Sheoldred's Edict,Aggro-Control (Tempo),9,4,0.4444444444444444
Season-5,a9225cc3-90f0-448f-a8d9-7c6c2796d077,Sheoldred's Edict,Combo,29,14,0.4827586206896552
Season-5,a9225cc3-90f0-448f-a8d9-7c6c2796d077,Sheoldred's Edict,Control,9,6,0.6666666666666666
Season-5,a9738cda-adb1-47fb-9f4c-ecd930228c4d,"Ragavan, Nimble Pilferer",Aggro,58,28,0.4827586206896552
Season-5,a9738cda-adb1-47fb-9f4c-ecd930228c4d,"Ragavan, Nimble Pilferer",Aggro-Control (Tempo),19,11,0.5789473684210527
Season-5,a9738cda-adb1-47fb-9f4c-ecd930228c4d,"Ragavan, Nimble Pilferer",Combo,9,3,0.3333333333333333
Season-5,a9738cda-adb1-47fb-9f4c-ecd930228c4d,"Ragavan, Nimble Pilferer",Control,9,7,0.7777777777777778
Season-5,a9738cda-adb1-47fb-9f4c-ecd930228c4d,"Ragavan, Nimble Pilferer",Control-Aggro (Midrange),10,2,0.2
Season-5,aaae15dd-11b6-4421-99e9-365c7fe4a5d6,Embercleave,Aggro,20,8,0.4
Season-5,aaae15dd-11b6-4421-99e9-365c7fe4a5d6,Embercleave,Aggro-Combo,11,5,0.4545454545454545
Season-5,aaae15dd-11b6-4421-99e9-365c7fe4a5d6,Embercleave,Aggro-Control (Tempo),8,2,0.25
Season-5,aac0c8df-f01d-4178-8d66-ee603f814d24,Mishra's Workshop,Combo,27,8,0.2962962962962963
Season-5,aac0c8df-f01d-4178-8d66-ee603f814d24,Mishra's Workshop,Control,28,19,0.6785714285714286
Season-5,ab1d1461-1625-4163-aacd-a939f4871fad,Staff of the Storyteller,Aggro,19,7,0.3684210526315789
Season-5,ab1d1461-1625-4163-aacd-a939f4871fad,Staff of the Storyteller,Control,37,16,0.4324324324324324
Season-5,ab1d1461-1625-4163-aacd-a939f4871fad,Staff of the Storyteller,Control-Aggro (Midrange),18,10,0.5555555555555556
Season-5,abcd0e32-2e6b-419b-9e8a-af38f2b48a66,Monastery Mentor,Combo,10,3,0.3
Season-5,abcd0e32-2e6b-419b-9e8a-af38f2b48a66,Monastery Mentor,Control,27,14,0.5185185185185185
Season-5,aced2c55-7543-4076-bcdd-36c4d649b8ae,Mox Emerald,Aggro,36,22,0.6111111111111112
Season-5,aced2c55-7543-4076-bcdd-36c4d649b8ae,Mox Emerald,Aggro-Control (Tempo),9,4,0.4444444444444444
Season-5,aced2c55-7543-4076-bcdd-36c4d649b8ae,Mox Emerald,Combo,10,6,0.6
Season-5,aced2c55-7543-4076-bcdd-36c4d649b8ae,Mox Emerald,Combo-Control,8,3,0.375
Season-5,aced2c55-7543-4076-bcdd-36c4d649b8ae,Mox Emerald,Control,27,8,0.2962962962962963
Season-5,aced2c55-7543-4076-bcdd-36c4d649b8ae,Mox Emerald,Control-Aggro (Midrange),18,11,0.6111111111111112
Season-5,af7091c9-5f98-4078-a42b-c9e057346d9b,Hallowed Fountain,Combo,28,12,0.4285714285714285
Season-5,af7091c9-5f98-4078-a42b-c9e057346d9b,Hallowed Fountain,Combo-Control,10,5,0.5
Season-5,af7091c9-5f98-4078-a42b-c9e057346d9b,Hallowed Fountain,Control,45,20,0.4444444444444444
Season-5,af7091c9-5f98-4078-a42b-c9e057346d9b,Hallowed Fountain,Control-Aggro (Midrange),10,4,0.4
Season-5,b045c28a-39f9-4cd9-8f3a-a626b697f409,Cathartic Pyre,Aggro,39,17,0.4358974358974359
Season-5,b045c28a-39f9-4cd9-8f3a-a626b697f409,Cathartic Pyre,Aggro-Combo,8,3,0.375
Season-5,b045c28a-39f9-4cd9-8f3a-a626b697f409,Cathartic Pyre,Combo,19,13,0.6842105263157895
Season-5,b045c28a-39f9-4cd9-8f3a-a626b697f409,Cathartic Pyre,Control,10,6,0.6
Season-5,b045c28a-39f9-4cd9-8f3a-a626b697f409,Cathartic Pyre,Control-Aggro (Midrange),20,11,0.55
Season-5,b0c5728e-43e7-417a-ba18-5038345cec67,Arcane Denial,Combo,27,20,0.7407407407407407
Season-5,b0c5728e-43e7-417a-ba18-5038345cec67,Arcane Denial,Control,38,21,0.5526315789473685
Season-5,b0c5728e-43e7-417a-ba18-5038345cec67,Arcane Denial,Control-Aggro (Midrange),18,10,0.5555555555555556
Season-5,b256ddc8-8b12-434c-a610-1a872e948f2f,White Plume Adventurer,Aggro,18,8,0.4444444444444444
Season-5,b256ddc8-8b12-434c-a610-1a872e948f2f,White Plume Adventurer,Aggro-Control (Tempo),9,5,0.5555555555555556
Season-5,b256ddc8-8b12-434c-a610-1a872e948f2f,White Plume Adventurer,Control,66,29,0.4393939393939394
Season-5,b277752b-430a-4f09-8a98-b72f813dd52e,Bountiful Landscape,Aggro,10,5,0.5
Season-5,b277752b-430a-4f09-8a98-b72f813dd52e,Bountiful Landscape,Aggro-Combo,15,3,0.2
Season-5,b277752b-430a-4f09-8a98-b72f813dd52e,Bountiful Landscape,Combo,29,15,0.5172413793103449
Season-5,b277752b-430a-4f09-8a98-b72f813dd52e,Bountiful Landscape,Control,11,4,0.3636363636363636
Season-5,b2996f07-9dbc-444f-aaae-710866da2b4b,Cosmic Spider-Man,Control,9,3,0.3333333333333333
Season-5,b2996f07-9dbc-444f-aaae-710866da2b4b,Cosmic Spider-Man,Control-Aggro (Midrange),9,5,0.5555555555555556
Season-5,b34bf7fd-9fe3-43e2-8cfe-7ce7cff08afe,Stonecoil Serpent,Aggro,19,9,0.4736842105263157
Season-5,b34bf7fd-9fe3-43e2-8cfe-7ce7cff08afe,Stonecoil Serpent,Combo,9,1,0.1111111111111111
Season-5,b34bf7fd-9fe3-43e2-8cfe-7ce7cff08afe,Stonecoil Serpent,Control,37,22,0.5945945945945946
Season-5,b3c1e5e3-4e6b-456a-958c-7a75c38f8183,Cosmogrand Zenith,Aggro,18,7,0.3888888888888889
Season-5,b3c1e5e3-4e6b-456a-958c-7a75c38f8183,Cosmogrand Zenith,Combo,10,3,0.3
Season-5,b3c1e5e3-4e6b-456a-958c-7a75c38f8183,Cosmogrand Zenith,Control,9,6,0.6666666666666666
Season-5,b3c1e5e3-4e6b-456a-958c-7a75c38f8183,Cosmogrand Zenith,Control-Aggro (Midrange),8,6,0.75
Season-5,b3da28c7-6e92-439d-a163-91682d4f11dc,Shattered Landscape,Aggro,25,12,0.48
Season-5,b3da28c7-6e92-439d-a163-91682d4f11dc,Shattered Landscape,Combo,10,3,0.3
Season-5,b3da28c7-6e92-439d-a163-91682d4f11dc,Shattered Landscape,Combo-Control,9,2,0.2222222222222222
Season-5,b3da28c7-6e92-439d-a163-91682d4f11dc,Shattered Landscape,Control,21,13,0.6190476190476191
Season-5,b3dd3c7d-4685-4579-b483-14ddaaaddf5b,Scythecat Cub,Aggro,44,24,0.5454545454545454
Season-5,b3dd3c7d-4685-4579-b483-14ddaaaddf5b,Scythecat Cub,Aggro-Combo,8,0,0.0
Season-5,b3dd3c7d-4685-4579-b483-14ddaaaddf5b,Scythecat Cub,Control-Aggro (Midrange),29,14,0.4827586206896552
Season-5,b50e1800-a45c-43bd-8886-8a06145d9346,Recurring Nightmare,Aggro,11,5,0.4545454545454545
Season-5,b50e1800-a45c-43bd-8886-8a06145d9346,Recurring Nightmare,Aggro-Combo,8,0,0.0
Season-5,b50e1800-a45c-43bd-8886-8a06145d9346,Recurring Nightmare,Combo,26,7,0.2692307692307692
Season-5,b51666ae-2aef-4cb1-9cd4-44aec81530f8,Griselbrand,Combo,64,29,0.453125
Season-5,b598c93e-dae1-4d71-a9e4-917abf76d2d0,Raucous Theater,Aggro,9,3,0.3333333333333333
Season-5,b598c93e-dae1-4d71-a9e4-917abf76d2d0,Raucous Theater,Combo,11,5,0.4545454545454545
Season-5,b598c93e-dae1-4d71-a9e4-917abf76d2d0,Raucous Theater,Control,29,15,0.5172413793103449
Season-5,b5aaaee0-9a61-45df-821e-cce516f8de6a,Old One Eye,Aggro-Combo,16,3,0.1875
Season-5,b5aaaee0-9a61-45df-821e-cce516f8de6a,Old One Eye,Combo,9,3,0.3333333333333333
Season-5,b5aaaee0-9a61-45df-821e-cce516f8de6a,Old One Eye,Control,11,7,0.6363636363636364
Season-5,b5aaaee0-9a61-45df-821e-cce516f8de6a,Old One Eye,Control-Aggro (Midrange),31,13,0.4193548387096774
Season-5,b6876d9e-0908-43ac-8542-09c7aa02b5ba,Tarmogoyf,Control,8,2,0.25
Season-5,b6876d9e-0908-43ac-8542-09c7aa02b5ba,Tarmogoyf,Control-Aggro (Midrange),9,6,0.6666666666666666
Season-5,b689a206-aec3-4a31-95cf-3d4b840db04c,Securitron Squadron,Aggro,17,7,0.4117647058823529
Season-5,b689a206-aec3-4a31-95cf-3d4b840db04c,Securitron Squadron,Control,8,2,0.25
Season-5,b689a206-aec3-4a31-95cf-3d4b840db04c,Securitron Squadron,Control-Aggro (Midrange),8,6,0.75
Season-5,b6cb2549-e485-44d6-9d65-7605c568909e,Unearth,Aggro,17,9,0.5294117647058824
Season-5,b6cb2549-e485-44d6-9d65-7605c568909e,Unearth,Aggro-Combo,8,0,0.0
Season-5,b6cb2549-e485-44d6-9d65-7605c568909e,Unearth,Combo,19,12,0.631578947368421
Season-5,b6cb2549-e485-44d6-9d65-7605c568909e,Unearth,Control,18,10,0.5555555555555556
Season-5,b768efa2-e56b-4a7e-ace8-d673f10e0714,Birthing Pod,Control,22,12,0.5454545454545454
Season-5,b768efa2-e56b-4a7e-ace8-d673f10e0714,Birthing Pod,Control-Aggro (Midrange),10,2,0.2
Season-5,b7f16fdf-a3f5-462d-a64a-789d893b6ef5,Batterskull,Aggro,19,13,0.6842105263157895
Season-5,b7f16fdf-a3f5-462d-a64a-789d893b6ef5,Batterskull,Control-Aggro (Midrange),10,4,0.4
Season-5,b83cfbaa-7890-4f6f-878b-4edb45677371,Skyclave Apparition,Aggro,50,27,0.54
Season-5,b83cfbaa-7890-4f6f-878b-4edb45677371,Skyclave Apparition,Control,43,17,0.3953488372093023
Season-5,b841bfa8-7c17-4df2-8466-780ab9a4a53a,Fabled Passage,Aggro,11,8,0.7272727272727273
Season-5,b841bfa8-7c17-4df2-8466-780ab9a4a53a,Fabled Passage,Aggro-Combo,16,4,0.25
Season-5,b841bfa8-7c17-4df2-8466-780ab9a4a53a,Fabled Passage,Combo,25,10,0.4
Season-5,b841bfa8-7c17-4df2-8466-780ab9a4a53a,Fabled Passage,Combo-Control,12,5,0.4166666666666667
Season-5,b841bfa8-7c17-4df2-8466-780ab9a4a53a,Fabled Passage,Control,20,9,0.45
Season-5,b841bfa8-7c17-4df2-8466-780ab9a4a53a,Fabled Passage,Control-Aggro (Midrange),19,13,0.6842105263157895
Season-5,b8aa7126-5df3-42dd-b4a3-0d0ea59eeebd,Helping Hand,Aggro,20,13,0.65
Season-5,b8aa7126-5df3-42dd-b4a3-0d0ea59eeebd,Helping Hand,Control,36,18,0.5
Season-5,b90331d4-74f0-43bf-8ed2-f8616d782859,Basalt Monolith,Combo,19,10,0.5263157894736842
Season-5,b90331d4-74f0-43bf-8ed2-f8616d782859,Basalt Monolith,Control,10,6,0.6
Season-5,bb41ff5c-9617-4033-a4fa-99323640b9c3,Duress,Aggro,8,6,0.75
Season-5,bb41ff5c-9617-4033-a4fa-99323640b9c3,Duress,Combo,45,21,0.4666666666666667
Season-5,bb41ff5c-9617-4033-a4fa-99323640b9c3,Duress,Control,50,32,0.64
Season-5,bb9ad57f-cca2-4717-a951-cbe3c7782efe,Recruiter of the Guard,Aggro,19,9,0.4736842105263157
Season-5,bb9ad57f-cca2-4717-a951-cbe3c7782efe,Recruiter of the Guard,Control,7,4,0.5714285714285714
Season-5,bbec97ff-bb84-4496-9e09-d4fc1570c516,Mawloc,Aggro,49,29,0.5918367346938775
Season-5,bbec97ff-bb84-4496-9e09-d4fc1570c516,Mawloc,Control-Aggro (Midrange),29,15,0.5172413793103449
Season-5,bd3d4b4b-cf31-4f89-8140-9650edb03c7b,Ancient Tomb,Aggro,18,10,0.5555555555555556
Season-5,bd3d4b4b-cf31-4f89-8140-9650edb03c7b,Ancient Tomb,Aggro-Control (Tempo),8,2,0.25
Season-5,bd3d4b4b-cf31-4f89-8140-9650edb03c7b,Ancient Tomb,Combo,27,15,0.5555555555555556
Season-5,bd3d4b4b-cf31-4f89-8140-9650edb03c7b,Ancient Tomb,Combo-Control,12,5,0.4166666666666667
Season-5,bd3d4b4b-cf31-4f89-8140-9650edb03c7b,Ancient Tomb,Control,9,6,0.6666666666666666
Season-5,bd8fa327-dd41-4737-8f19-2cf5eb1f7cdd,Black Lotus,Aggro,17,7,0.4117647058823529
Season-5,bd8fa327-dd41-4737-8f19-2cf5eb1f7cdd,Black Lotus,Aggro-Control (Tempo),12,7,0.5833333333333334
Season-5,bd8fa327-dd41-4737-8f19-2cf5eb1f7cdd,Black Lotus,Combo,27,13,0.4814814814814814
Season-5,bd8fa327-dd41-4737-8f19-2cf5eb1f7cdd,Black Lotus,Control,30,20,0.6666666666666666
Season-5,bd8fa327-dd41-4737-8f19-2cf5eb1f7cdd,Black Lotus,Control-Aggro (Midrange),28,18,0.6428571428571429
Season-5,be77b98a-dd79-477c-8ab2-7ebf5637a89e,Headliner Scarlett,Aggro,45,28,0.6222222222222222
Season-5,be77b98a-dd79-477c-8ab2-7ebf5637a89e,Headliner Scarlett,Aggro-Control (Tempo),9,5,0.5555555555555556
Season-5,be77b98a-dd79-477c-8ab2-7ebf5637a89e,Headliner Scarlett,Combo,19,11,0.5789473684210527
Season-5,be77b98a-dd79-477c-8ab2-7ebf5637a89e,Headliner Scarlett,Control,9,3,0.3333333333333333
Season-5,bf220c06-3cce-4bdd-aa58-83940c223e9c,Commercial District,Aggro,30,18,0.6
Season-5,bf220c06-3cce-4bdd-aa58-83940c223e9c,Commercial District,Aggro-Combo,8,0,0.0
Season-5,bf220c06-3cce-4bdd-aa58-83940c223e9c,Commercial District,Control-Aggro (Midrange),11,5,0.4545454545454545
Season-5,bfa4e927-1d6f-4a64-9801-7d168a5ef3f6,Astrologian's Planisphere,Aggro-Control (Tempo),9,5,0.5555555555555556
Season-5,bfa4e927-1d6f-4a64-9801-7d168a5ef3f6,Astrologian's Planisphere,Combo,9,3,0.3333333333333333
Season-5,bfa4e927-1d6f-4a64-9801-7d168a5ef3f6,Astrologian's Planisphere,Combo-Control,12,5,0.4166666666666667
Season-5,bfa4e927-1d6f-4a64-9801-7d168a5ef3f6,Astrologian's Planisphere,Control,35,16,0.4571428571428571
Season-5,c14098d6-28ae-492f-8ffc-7d115d83ce6a,Summon: Good King Mog XII,Aggro,8,2,0.25
Season-5,c14098d6-28ae-492f-8ffc-7d115d83ce6a,Summon: Good King Mog XII,Aggro-Control (Tempo),8,2,0.25
Season-5,c14098d6-28ae-492f-8ffc-7d115d83ce6a,Summon: Good King Mog XII,Control,9,3,0.3333333333333333
Season-5,c14098d6-28ae-492f-8ffc-7d115d83ce6a,Summon: Good King Mog XII,Control-Aggro (Midrange),11,5,0.4545454545454545
Season-5,c17816e8-28b1-4295-a637-efb0e5c18873,Lush Portico,Aggro,20,11,0.55
Season-5,c17816e8-28b1-4295-a637-efb0e5c18873,Lush Portico,Aggro-Combo,8,3,0.375
Season-5,c17816e8-28b1-4295-a637-efb0e5c18873,Lush Portico,Combo,9,1,0.1111111111111111
Season-5,c17816e8-28b1-4295-a637-efb0e5c18873,Lush Portico,Control,8,2,0.25
Season-5,c17816e8-28b1-4295-a637-efb0e5c18873,Lush Portico,Control-Aggro (Midrange),21,10,0.4761904761904761
Season-5,c1e0f201-42cb-46a1-901a-65bb4fc18f6c,Urza's Saga,Combo,10,6,0.6
Season-5,c1e0f201-42cb-46a1-901a-65bb4fc18f6c,Urza's Saga,Combo-Control,9,7,0.7777777777777778
Season-5,c1e0f201-42cb-46a1-901a-65bb4fc18f6c,Urza's Saga,Control,46,25,0.5434782608695652
Season-5,c1e0f201-42cb-46a1-901a-65bb4fc18f6c,Urza's Saga,Control-Aggro (Midrange),9,5,0.5555555555555556
Season-5,c2089ec9-0665-448f-bfe9-d181de127814,Brazen Borrower // Petty Theft,Aggro-Control (Tempo),21,11,0.5238095238095238
Season-5,c2089ec9-0665-448f-bfe9-d181de127814,Brazen Borrower // Petty Theft,Combo,17,13,0.7647058823529411
Season-5,c2089ec9-0665-448f-bfe9-d181de127814,Brazen Borrower // Petty Theft,Combo-Control,8,3,0.375
Season-5,c2089ec9-0665-448f-bfe9-d181de127814,Brazen Borrower // Petty Theft,Control,34,22,0.6470588235294118
Season-5,c2089ec9-0665-448f-bfe9-d181de127814,Brazen Borrower // Petty Theft,Control-Aggro (Midrange),10,4,0.4
Season-5,c3896705-bbd2-4ffb-a590-ee78e0eabdc5,Long Goodbye,Combo,27,8,0.2962962962962963
Season-5,c3896705-bbd2-4ffb-a590-ee78e0eabdc5,Long Goodbye,Combo-Control,18,8,0.4444444444444444
Season-5,c3896705-bbd2-4ffb-a590-ee78e0eabdc5,Long Goodbye,Control,7,4,0.5714285714285714
Season-5,c3896705-bbd2-4ffb-a590-ee78e0eabdc5,Long Goodbye,Control-Aggro (Midrange),9,5,0.5555555555555556
Season-5,c565f8fe-acf7-40dd-8100-8f692d1e232c,Talon Gates of Madara,Aggro,8,4,0.5
Season-5,c565f8fe-acf7-40dd-8100-8f692d1e232c,Talon Gates of Madara,Control,9,4,0.4444444444444444
Season-5,c565f8fe-acf7-40dd-8100-8f692d1e232c,Talon Gates of Madara,Control-Aggro (Midrange),9,4,0.4444444444444444
Season-5,c78da035-6b5b-4136-9ab6-f622b64fdc54,Unstoppable Slasher,Aggro,20,10,0.5
Season-5,c78da035-6b5b-4136-9ab6-f622b64fdc54,Unstoppable Slasher,Combo,39,20,0.5128205128205128
Season-5,c78da035-6b5b-4136-9ab6-f622b64fdc54,Unstoppable Slasher,Control,38,21,0.5526315789473685
Season-5,c78da035-6b5b-4136-9ab6-f622b64fdc54,Unstoppable Slasher,Control-Aggro (Midrange),9,2,0.2222222222222222
Season-5,c7bbb911-9de2-455d-9677-e1004db65dbd,"Chandra, Torch of Defiance",Aggro,58,31,0.5344827586206896
Season-5,c7bbb911-9de2-455d-9677-e1004db65dbd,"Chandra, Torch of Defiance",Aggro-Combo,9,5,0.5555555555555556
Season-5,c7bbb911-9de2-455d-9677-e1004db65dbd,"Chandra, Torch of Defiance",Aggro-Control (Tempo),21,12,0.5714285714285714
Season-5,c8090bcf-e17a-4110-a518-77ccd045b18f,Charming Scoundrel,Aggro,20,12,0.6
Season-5,c8090bcf-e17a-4110-a518-77ccd045b18f,Charming Scoundrel,Combo,36,18,0.5
Season-5,c8090bcf-e17a-4110-a518-77ccd045b18f,Charming Scoundrel,Control,9,1,0.1111111111111111
Season-5,c8090bcf-e17a-4110-a518-77ccd045b18f,Charming Scoundrel,Control-Aggro (Midrange),9,5,0.5555555555555556
Season-5,c86b8a75-9e31-4a44-95b8-c83b9a49646f,Ocelot Pride,Aggro,68,37,0.5441176470588235
Season-5,c86b8a75-9e31-4a44-95b8-c83b9a49646f,Ocelot Pride,Combo,10,3,0.3
Season-5,c86b8a75-9e31-4a44-95b8-c83b9a49646f,Ocelot Pride,Control,11,7,0.6363636363636364
Season-5,c86b8a75-9e31-4a44-95b8-c83b9a49646f,Ocelot Pride,Control-Aggro (Midrange),9,4,0.4444444444444444
Season-5,c8f0b123-fdb0-4f3e-ba78-fa155c227e20,Greasewrench Goblin,Aggro,18,12,0.6666666666666666
Season-5,c8f0b123-fdb0-4f3e-ba78-fa155c227e20,Greasewrench Goblin,Aggro-Combo,18,8,0.4444444444444444
Season-5,c8f0b123-fdb0-4f3e-ba78-fa155c227e20,Greasewrench Goblin,Aggro-Control (Tempo),22,13,0.5909090909090909
Season-5,c8f0b123-fdb0-4f3e-ba78-fa155c227e20,Greasewrench Goblin,Combo,19,11,0.5789473684210527
Season-5,ca4c8b04-66af-4cb3-8003-9088d8344b20,Alpha Deathclaw,Combo,9,5,0.5555555555555556
Season-5,ca4c8b04-66af-4cb3-8003-9088d8344b20,Alpha Deathclaw,Control,27,13,0.4814814814814814
Season-5,ca4c8b04-66af-4cb3-8003-9088d8344b20,Alpha Deathclaw,Control-Aggro (Midrange),9,2,0.2222222222222222
Season-5,cb94a02f-4660-45b6-8a39-941b710cf8f3,Collective Brutality,Aggro,28,17,0.6071428571428571
Season-5,cb94a02f-4660-45b6-8a39-941b710cf8f3,Collective Brutality,Combo,47,21,0.4468085106382978
Season-5,cb94a02f-4660-45b6-8a39-941b710cf8f3,Collective Brutality,Control,27,13,0.4814814814814814
Season-5,cc520518-2063-4b57-a0d4-10cf62a7175e,Zagoth Triome,Aggro-Combo,8,0,0.0
Season-5,cc520518-2063-4b57-a0d4-10cf62a7175e,Zagoth Triome,Combo,8,0,0.0
Season-5,cc520518-2063-4b57-a0d4-10cf62a7175e,Zagoth Triome,Control,37,15,0.4054054054054054
Season-5,cc520518-2063-4b57-a0d4-10cf62a7175e,Zagoth Triome,Control-Aggro (Midrange),19,12,0.631578947368421
Season-5,cdfadb17-76ad-4d4d-9fa7-33c4b88b4c0a,Sowing Mycospawn,Aggro,35,20,0.5714285714285714
Season-5,cdfadb17-76ad-4d4d-9fa7-33c4b88b4c0a,Sowing Mycospawn,Control-Aggro (Midrange),9,2,0.2222222222222222
Season-5,ce35e6fb-ff54-44c4-a216-7ddd37f46882,Screaming Nemesis,Aggro,55,30,0.5454545454545454
Season-5,ce35e6fb-ff54-44c4-a216-7ddd37f46882,Screaming Nemesis,Aggro-Combo,20,10,0.5
Season-5,ce35e6fb-ff54-44c4-a216-7ddd37f46882,Screaming Nemesis,Aggro-Control (Tempo),21,12,0.5714285714285714
Season-5,ce648aa3-098b-4af0-a433-fd290bc85904,Balance,Aggro,9,6,0.6666666666666666
Season-5,ce648aa3-098b-4af0-a433-fd290bc85904,Balance,Combo,18,9,0.5
Season-5,ce648aa3-098b-4af0-a433-fd290bc85904,Balance,Combo-Control,9,2,0.2222222222222222
Season-5,ce648aa3-098b-4af0-a433-fd290bc85904,Balance,Control,38,24,0.631578947368421
Season-5,cea3b218-0e6e-443a-84f7-380f1021e8e1,Barrowgoyf,Aggro,9,3,0.3333333333333333
Season-5,cea3b218-0e6e-443a-84f7-380f1021e8e1,Barrowgoyf,Combo,37,14,0.3783783783783784
Season-5,cea3b218-0e6e-443a-84f7-380f1021e8e1,Barrowgoyf,Control,58,34,0.5862068965517241
Season-5,cea3b218-0e6e-443a-84f7-380f1021e8e1,Barrowgoyf,Control-Aggro (Midrange),9,5,0.5555555555555556
Season-5,cf3eb762-6c3f-4b11-a4f9-968f79370217,Mystic Confluence,Aggro-Control (Tempo),9,4,0.4444444444444444
Season-5,cf3eb762-6c3f-4b11-a4f9-968f79370217,Mystic Confluence,Combo,37,21,0.5675675675675675
Season-5,cf3eb762-6c3f-4b11-a4f9-968f79370217,Mystic Confluence,Combo-Control,9,6,0.6666666666666666
Season-5,cf3eb762-6c3f-4b11-a4f9-968f79370217,Mystic Confluence,Control,35,22,0.6285714285714286
Season-5,d0e3e7b3-7ba9-47a2-b46c-a40bffb445e2,Twisted Landscape,Aggro,26,17,0.6538461538461539
Season-5,d0e3e7b3-7ba9-47a2-b46c-a40bffb445e2,Twisted Landscape,Aggro-Combo,18,7,0.3888888888888889
Season-5,d0e3e7b3-7ba9-47a2-b46c-a40bffb445e2,Twisted Landscape,Combo,20,13,0.65
Season-5,d0e3e7b3-7ba9-47a2-b46c-a40bffb445e2,Twisted Landscape,Combo-Control,10,8,0.8
Season-5,d0e3e7b3-7ba9-47a2-b46c-a40bffb445e2,Twisted Landscape,Control,10,5,0.5
Season-5,d13a898e-6a97-4fd9-980e-3bfd8d755386,Tarfire,Aggro,49,20,0.4081632653061224
Season-5,d13a898e-6a97-4fd9-980e-3bfd8d755386,Tarfire,Aggro-Combo,9,5,0.5555555555555556
Season-5,d13a898e-6a97-4fd9-980e-3bfd8d755386,Tarfire,Aggro-Control (Tempo),10,6,0.6
Season-5,d13a898e-6a97-4fd9-980e-3bfd8d755386,Tarfire,Control,20,9,0.45
Season-5,d2124603-d20e-40eb-97f0-a66323397ac2,Bolas's Citadel,Combo,10,3,0.3
Season-5,d2507bc2-da17-4e46-b4c5-ba0080ce2c6f,Rishadan Port,Aggro,20,12,0.6
Season-5,d2507bc2-da17-4e46-b4c5-ba0080ce2c6f,Rishadan Port,Aggro-Combo,8,4,0.5
Season-5,d2507bc2-da17-4e46-b4c5-ba0080ce2c6f,Rishadan Port,Control,19,12,0.631578947368421
Season-5,d2507bc2-da17-4e46-b4c5-ba0080ce2c6f,Rishadan Port,Control-Aggro (Midrange),9,4,0.4444444444444444
Season-5,d2e27911-87cb-49a0-a34f-6afe4bddd592,Phyrexian Metamorph,Aggro,18,11,0.6111111111111112
Season-5,d2e27911-87cb-49a0-a34f-6afe4bddd592,Phyrexian Metamorph,Aggro-Control (Tempo),9,4,0.4444444444444444
Season-5,d2e27911-87cb-49a0-a34f-6afe4bddd592,Phyrexian Metamorph,Combo,35,11,0.3142857142857143
Season-5,d2e27911-87cb-49a0-a34f-6afe4bddd592,Phyrexian Metamorph,Control,36,16,0.4444444444444444
Season-5,d2e27911-87cb-49a0-a34f-6afe4bddd592,Phyrexian Metamorph,Control-Aggro (Midrange),8,6,0.75
Season-5,d40b65c1-b24d-492d-81b9-d8474ebdc08c,Sylvan Caryatid,Aggro,22,14,0.6363636363636364
Season-5,d40b65c1-b24d-492d-81b9-d8474ebdc08c,Sylvan Caryatid,Combo,9,1,0.1111111111111111
Season-5,d40b65c1-b24d-492d-81b9-d8474ebdc08c,Sylvan Caryatid,Control,17,6,0.3529411764705882
Season-5,d40b65c1-b24d-492d-81b9-d8474ebdc08c,Sylvan Caryatid,Control-Aggro (Midrange),46,19,0.4130434782608695
Season-5,d51269cf-a333-4a64-94cd-245798d840d2,Elder Gargaroth,Aggro,19,14,0.7368421052631579
Season-5,d51269cf-a333-4a64-94cd-245798d840d2,Elder Gargaroth,Aggro-Combo,16,6,0.375
Season-5,d51269cf-a333-4a64-94cd-245798d840d2,Elder Gargaroth,Control,11,5,0.4545454545454545
Season-5,d51269cf-a333-4a64-94cd-245798d840d2,Elder Gargaroth,Control-Aggro (Midrange),20,6,0.3
Season-5,d5806e68-1054-458e-866d-1f2470f682b2,The One Ring,Aggro,19,13,0.6842105263157895
Season-5,d5806e68-1054-458e-866d-1f2470f682b2,The One Ring,Combo,10,7,0.7
Season-5,d5806e68-1054-458e-866d-1f2470f682b2,The One Ring,Control,57,26,0.4561403508771929
Season-5,d5806e68-1054-458e-866d-1f2470f682b2,The One Ring,Control-Aggro (Midrange),11,3,0.2727272727272727
Season-5,d67be074-cdd4-41d9-ac89-0a0456c4e4b2,"Sheoldred, the Apocalypse",Combo,45,21,0.4666666666666667
Season-5,d67be074-cdd4-41d9-ac89-0a0456c4e4b2,"Sheoldred, the Apocalypse",Combo-Control,18,8,0.4444444444444444
Season-5,d67be074-cdd4-41d9-ac89-0a0456c4e4b2,"Sheoldred, the Apocalypse",Control,38,20,0.5263157894736842
Season-5,d67be074-cdd4-41d9-ac89-0a0456c4e4b2,"Sheoldred, the Apocalypse",Control-Aggro (Midrange),9,5,0.5555555555555556
Season-5,d6ec3293-b09e-4931-ac4e-dc5eac0ca004,Mana Vault,Aggro,25,13,0.52
Season-5,d6ec3293-b09e-4931-ac4e-dc5eac0ca004,Mana Vault,Combo,46,19,0.4130434782608695
Season-5,d6ec3293-b09e-4931-ac4e-dc5eac0ca004,Mana Vault,Combo-Control,9,2,0.2222222222222222
Season-5,d6ec3293-b09e-4931-ac4e-dc5eac0ca004,Mana Vault,Control,18,6,0.3333333333333333
Season-5,d7a8cc1d-aabb-4eb6-b0f1-6c93ec246f61,Court of Garenbrig,Aggro-Combo,8,4,0.5
Season-5,d7a8cc1d-aabb-4eb6-b0f1-6c93ec246f61,Court of Garenbrig,Control-Aggro (Midrange),35,15,0.4285714285714285
Season-5,d9482aab-6ddf-48e1-84fa-b13d5ff81e69,Icetill Explorer,Aggro,18,9,0.5
Season-5,d9482aab-6ddf-48e1-84fa-b13d5ff81e69,Icetill Explorer,Aggro-Combo,18,7,0.3888888888888889
Season-5,d9482aab-6ddf-48e1-84fa-b13d5ff81e69,Icetill Explorer,Control-Aggro (Midrange),27,10,0.3703703703703703
Season-5,da13a060-36ee-41e9-bab1-af8ddcc893b8,Norman Osborn // Green Goblin,Aggro-Control (Tempo),17,7,0.4117647058823529
Season-5,da13a060-36ee-41e9-bab1-af8ddcc893b8,Norman Osborn // Green Goblin,Combo,8,2,0.25
Season-5,da13a060-36ee-41e9-bab1-af8ddcc893b8,Norman Osborn // Green Goblin,Combo-Control,9,6,0.6666666666666666
Season-5,da13a060-36ee-41e9-bab1-af8ddcc893b8,Norman Osborn // Green Goblin,Control,10,5,0.5
Season-5,da13a060-36ee-41e9-bab1-af8ddcc893b8,Norman Osborn // Green Goblin,Control-Aggro (Midrange),10,4,0.4
Season-5,db2a5e85-6cbc-43c1-9362-4056ad017ef0,Pyrokinesis,Aggro,11,5,0.4545454545454545
Season-5,db2a5e85-6cbc-43c1-9362-4056ad017ef0,Pyrokinesis,Aggro-Control (Tempo),17,7,0.4117647058823529
Season-5,db2a5e85-6cbc-43c1-9362-4056ad017ef0,Pyrokinesis,Combo,9,5,0.5555555555555556
Season-5,dcb94950-3f3e-4876-84f8-d5e4d9cfecee,Charming Prince,Aggro,28,10,0.3571428571428571
Season-5,dcb94950-3f3e-4876-84f8-d5e4d9cfecee,Charming Prince,Control,27,12,0.4444444444444444
Season-5,dcb94950-3f3e-4876-84f8-d5e4d9cfecee,Charming Prince,Control-Aggro (Midrange),10,2,0.2
Season-5,dd16222e-349c-4a2b-a7c8-8eb35a8ab332,Static Prison,Aggro,58,33,0.5689655172413793
Season-5,dd16222e-349c-4a2b-a7c8-8eb35a8ab332,Static Prison,Control,33,16,0.4848484848484848
Season-5,dd16222e-349c-4a2b-a7c8-8eb35a8ab332,Static Prison,Control-Aggro (Midrange),8,6,0.75
Season-5,de0e01e4-e143-47fd-8565-7b48219bb546,Goldvein Hydra,Aggro,19,13,0.6842105263157895
Season-5,de0e01e4-e143-47fd-8565-7b48219bb546,Goldvein Hydra,Aggro-Combo,23,9,0.391304347826087
Season-5,de0e01e4-e143-47fd-8565-7b48219bb546,Goldvein Hydra,Combo,9,1,0.1111111111111111
Season-5,de0e01e4-e143-47fd-8565-7b48219bb546,Goldvein Hydra,Control,9,4,0.4444444444444444
Season-5,de0e01e4-e143-47fd-8565-7b48219bb546,Goldvein Hydra,Control-Aggro (Midrange),31,9,0.2903225806451613
Season-5,df3784d4-80cd-4f78-afb3-d61f3bab5b2c,Zealous Conscripts,Aggro,36,15,0.4166666666666667
Season-5,df3784d4-80cd-4f78-afb3-d61f3bab5b2c,Zealous Conscripts,Aggro-Combo,20,10,0.5
Season-5,df3784d4-80cd-4f78-afb3-d61f3bab5b2c,Zealous Conscripts,Combo-Control,10,5,0.5
Season-5,df3784d4-80cd-4f78-afb3-d61f3bab5b2c,Zealous Conscripts,Control-Aggro (Midrange),10,2,0.2
Season-5,df9d9075-2d1e-4848-b661-816d539e05eb,Emperor of Bones,Aggro,11,6,0.5454545454545454
Season-5,df9d9075-2d1e-4848-b661-816d539e05eb,Emperor of Bones,Combo,28,12,0.4285714285714285
Season-5,df9d9075-2d1e-4848-b661-816d539e05eb,Emperor of Bones,Control,55,30,0.5454545454545454
Season-5,e16ab44e-4257-4c0c-b705-8ac1e9c1d835,Touch the Spirit Realm,Aggro,17,11,0.6470588235294118
Season-5,e16ab44e-4257-4c0c-b705-8ac1e9c1d835,Touch the Spirit Realm,Combo,9,3,0.3333333333333333
Season-5,e16ab44e-4257-4c0c-b705-8ac1e9c1d835,Touch the Spirit Realm,Control,8,2,0.25
Season-5,e20da6b5-1057-4a28-9e85-07de714e262f,"Wan Shi Tong, Librarian",Aggro-Control (Tempo),21,12,0.5714285714285714
Season-5,e20da6b5-1057-4a28-9e85-07de714e262f,"Wan Shi Tong, Librarian",Control,10,4,0.4
Season-5,e20da6b5-1057-4a28-9e85-07de714e262f,"Wan Shi Tong, Librarian",Control-Aggro (Midrange),6,1,0.1666666666666666
Season-5,e2312c49-1627-47ad-8113-78a999a97d8d,Contaminated Landscape,Combo,8,2,0.25
Season-5,e2312c49-1627-47ad-8113-78a999a97d8d,Contaminated Landscape,Control,29,10,0.3448275862068966
Season-5,e41cf82d-3213-47ce-a015-6e51a8b07e4f,Questing Beast,Aggro,44,23,0.5227272727272727
Season-5,e41cf82d-3213-47ce-a015-6e51a8b07e4f,Questing Beast,Aggro-Combo,24,10,0.4166666666666667
Season-5,e41cf82d-3213-47ce-a015-6e51a8b07e4f,Questing Beast,Control-Aggro (Midrange),28,12,0.4285714285714285
Season-5,e4775a26-0b66-40e9-8f64-41d9308ca032,"Surrak, Elusive Hunter",Aggro,56,29,0.5178571428571429
Season-5,e4775a26-0b66-40e9-8f64-41d9308ca032,"Surrak, Elusive Hunter",Aggro-Combo,16,7,0.4375
Season-5,e4775a26-0b66-40e9-8f64-41d9308ca032,"Surrak, Elusive Hunter",Control-Aggro (Midrange),18,8,0.4444444444444444
Season-5,e4e6794a-feeb-4fc8-a2ee-38c75c18aaae,Heartless Act,Aggro,37,20,0.5405405405405406
Season-5,e4e6794a-feeb-4fc8-a2ee-38c75c18aaae,Heartless Act,Combo,8,0,0.0
Season-5,e4e6794a-feeb-4fc8-a2ee-38c75c18aaae,Heartless Act,Control,47,25,0.5319148936170213
Season-5,e5145f31-a4ac-44ef-8f85-e4d95f2c9ff5,Library of Alexandria,Combo,10,6,0.6
Season-5,e5145f31-a4ac-44ef-8f85-e4d95f2c9ff5,Library of Alexandria,Combo-Control,20,13,0.65
Season-5,e5145f31-a4ac-44ef-8f85-e4d95f2c9ff5,Library of Alexandria,Control,28,18,0.6428571428571429
Season-5,e5145f31-a4ac-44ef-8f85-e4d95f2c9ff5,Library of Alexandria,Control-Aggro (Midrange),19,12,0.631578947368421
Season-5,e58e681e-a069-4414-aafe-634c7987fd0d,Swords to Plowshares,Aggro,44,27,0.6136363636363636
Season-5,e58e681e-a069-4414-aafe-634c7987fd0d,Swords to Plowshares,Aggro-Combo,8,3,0.375
Season-5,e58e681e-a069-4414-aafe-634c7987fd0d,Swords to Plowshares,Combo,19,6,0.3157894736842105
Season-5,e58e681e-a069-4414-aafe-634c7987fd0d,Swords to Plowshares,Control,19,12,0.631578947368421
Season-5,e58e681e-a069-4414-aafe-634c7987fd0d,Swords to Plowshares,Control-Aggro (Midrange),9,4,0.4444444444444444
Season-5,e6befbc4-1320-4f26-bd9f-b1814fedda10,Grief,Aggro,19,12,0.631578947368421
Season-5,e6befbc4-1320-4f26-bd9f-b1814fedda10,Grief,Combo,37,22,0.5945945945945946
Season-5,e6befbc4-1320-4f26-bd9f-b1814fedda10,Grief,Control,29,19,0.6551724137931034
Season-5,e6d7fba8-a157-4d81-9d6b-bd210a96b248,Gleemox,Aggro,18,7,0.3888888888888889
Season-5,e6d7fba8-a157-4d81-9d6b-bd210a96b248,Gleemox,Combo,29,16,0.5517241379310345
Season-5,e6d7fba8-a157-4d81-9d6b-bd210a96b248,Gleemox,Control,29,19,0.6551724137931034
Season-5,e6d7fba8-a157-4d81-9d6b-bd210a96b248,Gleemox,Control-Aggro (Midrange),30,13,0.4333333333333333
Season-5,e7b3ddca-69ef-4743-897b-57c58077db24,Time Warp,Aggro-Control (Tempo),10,6,0.6
Season-5,e7b3ddca-69ef-4743-897b-57c58077db24,Time Warp,Combo-Control,12,5,0.4166666666666667
Season-5,e7b3ddca-69ef-4743-897b-57c58077db24,Time Warp,Control,10,3,0.3
Season-5,e7b3ddca-69ef-4743-897b-57c58077db24,Time Warp,Control-Aggro (Midrange),9,4,0.4444444444444444
Season-5,e7c53ba4-9956-4cd6-85ca-2d6b61a5127c,Dance of the Dead,Combo,45,19,0.4222222222222222
Season-5,e7c53ba4-9956-4cd6-85ca-2d6b61a5127c,Dance of the Dead,Control,9,7,0.7777777777777778
Season-5,e9a268ba-c442-4fe4-90b4-2810c8474f4e,Caustic Bronco,Aggro,8,6,0.75
Season-5,e9a268ba-c442-4fe4-90b4-2810c8474f4e,Caustic Bronco,Combo,9,2,0.2222222222222222
Season-5,e9a268ba-c442-4fe4-90b4-2810c8474f4e,Caustic Bronco,Combo-Control,9,7,0.7777777777777778
Season-5,e9a268ba-c442-4fe4-90b4-2810c8474f4e,Caustic Bronco,Control,30,19,0.6333333333333333
Season-5,e9be371c-c688-44ad-ab71-bd4c9f242d58,Force of Negation,Combo,37,23,0.6216216216216216
Season-5,e9be371c-c688-44ad-ab71-bd4c9f242d58,Force of Negation,Control,30,13,0.4333333333333333
Season-5,e9be371c-c688-44ad-ab71-bd4c9f242d58,Force of Negation,Control-Aggro (Midrange),6,1,0.1666666666666666
Season-5,ea1feac0-d3a7-45eb-9719-1cdaf51ea0b6,Mox Sapphire,Aggro,19,12,0.631578947368421
Season-5,ea1feac0-d3a7-45eb-9719-1cdaf51ea0b6,Mox Sapphire,Aggro-Combo,15,6,0.4
Season-5,ea1feac0-d3a7-45eb-9719-1cdaf51ea0b6,Mox Sapphire,Combo,30,16,0.5333333333333333
Season-5,ea1feac0-d3a7-45eb-9719-1cdaf51ea0b6,Mox Sapphire,Control,20,10,0.5
Season-5,ea1feac0-d3a7-45eb-9719-1cdaf51ea0b6,Mox Sapphire,Control-Aggro (Midrange),18,10,0.5555555555555556
Season-5,ebc01ab4-d89a-4d25-bf54-6aed33772f4b,Force of Will,Combo,42,22,0.5238095238095238
Season-5,ebc01ab4-d89a-4d25-bf54-6aed33772f4b,Force of Will,Combo-Control,9,6,0.6666666666666666
Season-5,ebc01ab4-d89a-4d25-bf54-6aed33772f4b,Force of Will,Control,36,18,0.5
Season-5,ebeafbc2-0399-4335-8f63-76a3e085e8c6,Evolved Sleeper,Aggro,8,6,0.75
Season-5,ebeafbc2-0399-4335-8f63-76a3e085e8c6,Evolved Sleeper,Aggro-Control (Tempo),9,4,0.4444444444444444
Season-5,ebeafbc2-0399-4335-8f63-76a3e085e8c6,Evolved Sleeper,Combo,19,8,0.4210526315789473
Season-5,ebeafbc2-0399-4335-8f63-76a3e085e8c6,Evolved Sleeper,Control,27,10,0.3703703703703703
Season-5,ec3de5f4-bb55-4ab9-995f-f3e0dc22c1bb,Voice of Victory,Aggro,70,33,0.4714285714285714
Season-5,ec3de5f4-bb55-4ab9-995f-f3e0dc22c1bb,Voice of Victory,Control,27,17,0.6296296296296297
Season-5,ec3de5f4-bb55-4ab9-995f-f3e0dc22c1bb,Voice of Victory,Control-Aggro (Midrange),8,6,0.75
Season-5,eca8d6f8-c6f1-437c-99e2-4281eae14a6f,Fateful Absence,Aggro,28,18,0.6428571428571429
Season-5,eca8d6f8-c6f1-437c-99e2-4281eae14a6f,Fateful Absence,Aggro-Combo,8,3,0.375
Season-5,eca8d6f8-c6f1-437c-99e2-4281eae14a6f,Fateful Absence,Control,33,16,0.4848484848484848
Season-5,eca8d6f8-c6f1-437c-99e2-4281eae14a6f,Fateful Absence,Control-Aggro (Midrange),11,5,0.4545454545454545
Season-5,ed0216a0-c5c9-4a99-b869-53e4d0256326,Mox Pearl,Aggro,26,11,0.4230769230769231
Season-5,ed0216a0-c5c9-4a99-b869-53e4d0256326,Mox Pearl,Aggro-Combo,11,5,0.4545454545454545
Season-5,ed0216a0-c5c9-4a99-b869-53e4d0256326,Mox Pearl,Combo,9,3,0.3333333333333333
Season-5,ed0216a0-c5c9-4a99-b869-53e4d0256326,Mox Pearl,Combo-Control,12,5,0.4166666666666667
Season-5,ed0216a0-c5c9-4a99-b869-53e4d0256326,Mox Pearl,Control,34,15,0.4411764705882353
Season-5,ed0216a0-c5c9-4a99-b869-53e4d0256326,Mox Pearl,Control-Aggro (Midrange),9,4,0.4444444444444444
Season-5,ee8e9928-d9b2-4570-adb8-44b34115decd,Tireless Tracker,Aggro,39,20,0.5128205128205128
Season-5,ee8e9928-d9b2-4570-adb8-44b34115decd,Tireless Tracker,Aggro-Combo,26,11,0.4230769230769231
Season-5,ee8e9928-d9b2-4570-adb8-44b34115decd,Tireless Tracker,Combo,10,7,0.7
Season-5,ee8e9928-d9b2-4570-adb8-44b34115decd,Tireless Tracker,Control,9,4,0.4444444444444444
Season-5,ee8e9928-d9b2-4570-adb8-44b34115decd,Tireless Tracker,Control-Aggro (Midrange),10,4,0.4
Season-5,eeeffc0b-dc92-458e-ad58-86ff6077a508,Sentinel of the Nameless City,Aggro,47,25,0.5319148936170213
Season-5,eeeffc0b-dc92-458e-ad58-86ff6077a508,Sentinel of the Nameless City,Control,11,4,0.3636363636363636
Season-5,eeeffc0b-dc92-458e-ad58-86ff6077a508,Sentinel of the Nameless City,Control-Aggro (Midrange),39,17,0.4358974358974359
Season-5,efda91fa-03b2-4fb4-ae07-b45f6c6d3eab,Yawgmoth's Will,Combo,8,3,0.375
Season-5,efda91fa-03b2-4fb4-ae07-b45f6c6d3eab,Yawgmoth's Will,Control,11,7,0.6363636363636364
Season-5,f0192cf7-3391-4720-b9c8-72dec5dde01e,Bloodtithe Harvester,Aggro,29,14,0.4827586206896552
Season-5,f0192cf7-3391-4720-b9c8-72dec5dde01e,Bloodtithe Harvester,Combo,28,18,0.6428571428571429
Season-5,f0192cf7-3391-4720-b9c8-72dec5dde01e,Bloodtithe Harvester,Control,19,11,0.5789473684210527
Season-5,f0192cf7-3391-4720-b9c8-72dec5dde01e,Bloodtithe Harvester,Control-Aggro (Midrange),9,5,0.5555555555555556
Season-5,f05e9a3e-8a35-4687-85cb-e31b3927a5e2,Daze,Aggro-Control (Tempo),12,7,0.5833333333333334
Season-5,f05e9a3e-8a35-4687-85cb-e31b3927a5e2,Daze,Combo,31,17,0.5483870967741935
Season-5,f05e9a3e-8a35-4687-85cb-e31b3927a5e2,Daze,Combo-Control,9,7,0.7777777777777778
Season-5,f05e9a3e-8a35-4687-85cb-e31b3927a5e2,Daze,Control,55,31,0.5636363636363636
Season-5,f1a21287-e244-4960-84fb-c4f6e5c346d9,Third Path Iconoclast,Aggro-Control (Tempo),18,8,0.4444444444444444
Season-5,f1a21287-e244-4960-84fb-c4f6e5c346d9,Third Path Iconoclast,Combo,28,13,0.4642857142857143
Season-5,f1a21287-e244-4960-84fb-c4f6e5c346d9,Third Path Iconoclast,Combo-Control,17,9,0.5294117647058824
Season-5,f1a21287-e244-4960-84fb-c4f6e5c346d9,Third Path Iconoclast,Control,17,9,0.5294117647058824
Season-5,f1b8413f-c9fc-4cea-b416-a1fcf651b009,Sylvan Safekeeper,Aggro,10,5,0.5
Season-5,f1b8413f-c9fc-4cea-b416-a1fcf651b009,Sylvan Safekeeper,Aggro-Combo,18,7,0.3888888888888889
Season-5,f1b8413f-c9fc-4cea-b416-a1fcf651b009,Sylvan Safekeeper,Combo,10,7,0.7
Season-5,f1b8413f-c9fc-4cea-b416-a1fcf651b009,Sylvan Safekeeper,Control-Aggro (Midrange),18,6,0.3333333333333333
Season-5,f1e5cafb-b0e6-4ee5-8c58-6f8e5ef2b9da,Virtue of Persistence // Locthwain Scorn,Aggro,29,17,0.5862068965517241
Season-5,f1e5cafb-b0e6-4ee5-8c58-6f8e5ef2b9da,Virtue of Persistence // Locthwain Scorn,Combo,28,14,0.5
Season-5,f1e5cafb-b0e6-4ee5-8c58-6f8e5ef2b9da,Virtue of Persistence // Locthwain Scorn,Control,19,13,0.6842105263157895
Season-5,f231caf8-56c0-4719-a90d-5e5efbee3148,Den of the Bugbear,Aggro,58,34,0.5862068965517241
Season-5,f33d3948-fe7b-4c3b-ab67-1022623fbb2b,"Toby, Beastie Befriender",Aggro,27,11,0.4074074074074074
Season-5,f33d3948-fe7b-4c3b-ab67-1022623fbb2b,"Toby, Beastie Befriender",Control,25,12,0.48
Season-5,f33d3948-fe7b-4c3b-ab67-1022623fbb2b,"Toby, Beastie Befriender",Control-Aggro (Midrange),19,11,0.5789473684210527
Season-5,f3405184-dcda-4bb6-ade6-c2a87bc3296d,Sleight of Hand,Combo,10,3,0.3
Season-5,f3405184-dcda-4bb6-ade6-c2a87bc3296d,Sleight of Hand,Control,9,6,0.6666666666666666
Season-5,f3405184-dcda-4bb6-ade6-c2a87bc3296d,Sleight of Hand,Control-Aggro (Midrange),10,4,0.4
Season-5,f3537373-ef54-4578-9d05-6216420ee349,Esper Sentinel,Aggro,37,17,0.4594594594594595
Season-5,f3537373-ef54-4578-9d05-6216420ee349,Esper Sentinel,Combo,9,1,0.1111111111111111
Season-5,f3537373-ef54-4578-9d05-6216420ee349,Esper Sentinel,Control,20,13,0.65
Season-5,f3537373-ef54-4578-9d05-6216420ee349,Esper Sentinel,Control-Aggro (Midrange),18,10,0.5555555555555556
Season-5,f46a9329-7b91-441d-8653-50c1152c9120,"Kellan, Planar Trailblazer",Aggro,50,26,0.52
Season-5,f46a9329-7b91-441d-8653-50c1152c9120,"Kellan, Planar Trailblazer",Aggro-Combo,7,3,0.4285714285714285
Season-5,f46a9329-7b91-441d-8653-50c1152c9120,"Kellan, Planar Trailblazer",Aggro-Control (Tempo),12,7,0.5833333333333334
Season-5,f46a9329-7b91-441d-8653-50c1152c9120,"Kellan, Planar Trailblazer",Control,9,1,0.1111111111111111
Season-5,f5fb426a-5618-4dd4-9c51-0cc847be8c1d,Multiversal Passage,Aggro,7,4,0.5714285714285714
Season-5,f5fb426a-5618-4dd4-9c51-0cc847be8c1d,Multiversal Passage,Aggro-Control (Tempo),17,7,0.4117647058823529
Season-5,f5fb426a-5618-4dd4-9c51-0cc847be8c1d,Multiversal Passage,Combo-Control,9,7,0.7777777777777778
Season-5,f5fb426a-5618-4dd4-9c51-0cc847be8c1d,Multiversal Passage,Control,29,13,0.4482758620689655
Season-5,f5fb426a-5618-4dd4-9c51-0cc847be8c1d,Multiversal Passage,Control-Aggro (Midrange),9,4,0.4444444444444444
Season-5,f61693a2-7042-44e0-85ba-9bf12ab94e7e,Suplex,Aggro,47,25,0.5319148936170213
Season-5,f61693a2-7042-44e0-85ba-9bf12ab94e7e,Suplex,Aggro-Combo,17,5,0.2941176470588235
Season-5,f61693a2-7042-44e0-85ba-9bf12ab94e7e,Suplex,Aggro-Control (Tempo),9,5,0.5555555555555556
Season-5,f61693a2-7042-44e0-85ba-9bf12ab94e7e,Suplex,Combo,8,2,0.25
Season-5,f61693a2-7042-44e0-85ba-9bf12ab94e7e,Suplex,Control,20,11,0.55
Season-5,f62fd592-4910-417d-a500-e7029f3d119f,Kitesail Freebooter,Combo,27,15,0.5555555555555556
Season-5,f62fd592-4910-417d-a500-e7029f3d119f,Kitesail Freebooter,Combo-Control,9,6,0.6666666666666666
Season-5,f62fd592-4910-417d-a500-e7029f3d119f,Kitesail Freebooter,Control,45,19,0.4222222222222222
Season-5,f62fd592-4910-417d-a500-e7029f3d119f,Kitesail Freebooter,Control-Aggro (Midrange),18,10,0.5555555555555556
Season-5,f632be90-9e7f-41f8-a52e-a2952354d730,Descendant of Storms,Aggro,76,36,0.4736842105263157
Season-5,f6ca59cd-8779-4a84-a54b-e863b79c61f0,Underground Mortuary,Aggro,11,5,0.4545454545454545
Season-5,f6ca59cd-8779-4a84-a54b-e863b79c61f0,Underground Mortuary,Combo,9,2,0.2222222222222222
Season-5,f6ca59cd-8779-4a84-a54b-e863b79c61f0,Underground Mortuary,Control,8,2,0.25
Season-5,f6ca59cd-8779-4a84-a54b-e863b79c61f0,Underground Mortuary,Control-Aggro (Midrange),27,8,0.2962962962962963
Season-5,f83ed433-fae3-4fa5-acad-bb8a5b535ce3,Coveted Jewel,Combo,10,5,0.5
Season-5,f83ed433-fae3-4fa5-acad-bb8a5b535ce3,Coveted Jewel,Control,10,6,0.6
Season-5,f88d81d9-8ded-4c20-8237-2218046595fb,"Shadow, Mysterious Assassin",Aggro,20,11,0.55
Season-5,f88d81d9-8ded-4c20-8237-2218046595fb,"Shadow, Mysterious Assassin",Combo,18,8,0.4444444444444444
Season-5,f88d81d9-8ded-4c20-8237-2218046595fb,"Shadow, Mysterious Assassin",Control,9,3,0.3333333333333333
Season-5,f9246b68-580f-4f53-883d-7900880e4b0d,Six,Aggro,41,22,0.5365853658536586
Season-5,f9246b68-580f-4f53-883d-7900880e4b0d,Six,Aggro-Combo,23,6,0.2608695652173913
Season-5,f9246b68-580f-4f53-883d-7900880e4b0d,Six,Control-Aggro (Midrange),9,6,0.6666666666666666
Season-5,fa7a55aa-ae61-4933-b7a4-dcc55dac6fcd,"Inti, Seneschal of the Sun",Aggro,51,31,0.6078431372549019
Season-5,fa7a55aa-ae61-4933-b7a4-dcc55dac6fcd,"Inti, Seneschal of the Sun",Aggro-Combo,11,5,0.4545454545454545
Season-5,fa7a55aa-ae61-4933-b7a4-dcc55dac6fcd,"Inti, Seneschal of the Sun",Aggro-Control (Tempo),21,12,0.5714285714285714
Season-5,fa7a55aa-ae61-4933-b7a4-dcc55dac6fcd,"Inti, Seneschal of the Sun",Combo,9,3,0.3333333333333333
Season-5,fa7a55aa-ae61-4933-b7a4-dcc55dac6fcd,"Inti, Seneschal of the Sun",Control,10,6,0.6
Season-5,fa7a55aa-ae61-4933-b7a4-dcc55dac6fcd,"Inti, Seneschal of the Sun",Control-Aggro (Midrange),9,5,0.5555555555555556
Season-5,fa7b7897-36e0-415a-8bb7-602886164852,Show and Tell,Combo,53,26,0.490566037735849
Season-5,fa87bf1e-2062-4983-b1c4-98bffea69a4c,Pyrogoyf,Aggro,54,37,0.6851851851851852
Season-5,fa87bf1e-2062-4983-b1c4-98bffea69a4c,Pyrogoyf,Aggro-Combo,11,5,0.4545454545454545
Season-5,fa87bf1e-2062-4983-b1c4-98bffea69a4c,Pyrogoyf,Combo,10,6,0.6
Season-5,fa87bf1e-2062-4983-b1c4-98bffea69a4c,Pyrogoyf,Control,20,11,0.55
Season-5,fadb218d-29e2-42d1-a7a1-1066741d63ad,Mox Diamond,Aggro,49,19,0.3877551020408163
Season-5,fadb218d-29e2-42d1-a7a1-1066741d63ad,Mox Diamond,Aggro-Combo,10,7,0.7
Season-5,fadb218d-29e2-42d1-a7a1-1066741d63ad,Mox Diamond,Aggro-Control (Tempo),9,5,0.5555555555555556
Season-5,fadb218d-29e2-42d1-a7a1-1066741d63ad,Mox Diamond,Combo,11,7,0.6363636363636364
Season-5,fadb218d-29e2-42d1-a7a1-1066741d63ad,Mox Diamond,Combo-Control,9,7,0.7777777777777778
Season-5,fadb218d-29e2-42d1-a7a1-1066741d63ad,Mox Diamond,Control,20,13,0.65
Season-5,fc310a26-b6a0-4e42-98ab-bdfd7b06cb63,"Beza, the Bounding Spring",Aggro,8,4,0.5
Season-5,fc310a26-b6a0-4e42-98ab-bdfd7b06cb63,"Beza, the Bounding Spring",Combo,8,3,0.375
Season-5,fc310a26-b6a0-4e42-98ab-bdfd7b06cb63,"Beza, the Bounding Spring",Control,44,23,0.5227272727272727
Season-5,fc310a26-b6a0-4e42-98ab-bdfd7b06cb63,"Beza, the Bounding Spring",Control-Aggro (Midrange),8,6,0.75
Season-5,fc7d1912-7e27-49ef-bd98-375d975a42b0,Starting Town,Aggro,23,16,0.6956521739130435
Season-5,fc7d1912-7e27-49ef-bd98-375d975a42b0,Starting Town,Aggro-Control (Tempo),17,7,0.4117647058823529
Season-5,fc7d1912-7e27-49ef-bd98-375d975a42b0,Starting Town,Combo,27,8,0.2962962962962963
Season-5,fc7d1912-7e27-49ef-bd98-375d975a42b0,Starting Town,Combo-Control,9,6,0.6666666666666666
Season-5,fc7d1912-7e27-49ef-bd98-375d975a42b0,Starting Town,Control,20,10,0.5
Season-5,fd52688a-39fd-430f-b950-cb56e0004396,Talisman of Curiosity,Control,29,17,0.5862068965517241
Season-5,fd52688a-39fd-430f-b950-cb56e0004396,Talisman of Curiosity,Control-Aggro (Midrange),19,8,0.4210526315789473
Season-5,fd97b3cf-924e-4f77-bb82-0bf19592389f,Dreadhorde Arcanist,Aggro,10,3,0.3
Season-5,fd97b3cf-924e-4f77-bb82-0bf19592389f,Dreadhorde Arcanist,Aggro-Control (Tempo),19,11,0.5789473684210527
Season-5,fd97b3cf-924e-4f77-bb82-0bf19592389f,Dreadhorde Arcanist,Control,10,6,0.6
Season-5,fd99bce1-ce39-464b-8e61-2631eb3ed6f6,Tolarian Academy,Combo,37,13,0.3513513513513513
Season-5,fd99bce1-ce39-464b-8e61-2631eb3ed6f6,Tolarian Academy,Control,28,19,0.6785714285714286
Season-5,fe30c0ff-f74b-456a-a61e-3720d84d713f,Parallax Wave,Aggro,39,24,0.6153846153846154
Season-5,fe30c0ff-f74b-456a-a61e-3720d84d713f,Parallax Wave,Combo,10,3,0.3
Season-5,fe30c0ff-f74b-456a-a61e-3720d84d713f,Parallax Wave,Combo-Control,12,5,0.4166666666666667
Season-5,fe30c0ff-f74b-456a-a61e-3720d84d713f,Parallax Wave,Control,53,27,0.5094339622641509
Season-5,fe964e7e-e2c5-4263-889d-0a531eb51442,Luminarch Aspirant,Aggro,68,38,0.5588235294117647
Season-5,fe964e7e-e2c5-4263-889d-0a531eb51442,Luminarch Aspirant,Aggro-Combo,8,3,0.375
Season-5,fe964e7e-e2c5-4263-889d-0a531eb51442,Luminarch Aspirant,Control,17,7,0.4117647058823529
Season-5,ff590af2-2d6c-4f16-a9b8-1a6dab6e9ad5,Echo of Eons,Combo,19,12,0.631578947368421
Season-5,ff590af2-2d6c-4f16-a9b8-1a6dab6e9ad5,Echo of Eons,Combo-Control,17,5,0.2941176470588235
Season-5,ff84ea71-e477-44f7-a3f8-77fef708efeb,Thieving Skydiver,Aggro-Control (Tempo),21,11,0.5238095238095238
Season-5,ff84ea71-e477-44f7-a3f8-77fef708efeb,Thieving Skydiver,Combo,11,7,0.6363636363636364
Season-5,ff84ea71-e477-44f7-a3f8-77fef708efeb,Thieving Skydiver,Combo-Control,10,5,0.5
Season-5,ff84ea71-e477-44f7-a3f8-77fef708efeb,Thieving Skydiver,Control,18,9,0.5
Season-5,ff84ea71-e477-44f7-a3f8-77fef708efeb,Thieving Skydiver,Control-Aggro (Midrange),9,5,0.5555555555555556
Season-6,0027e5ca-8046-40a0-bd73-79be55f28bff,Remand,Aggro,10,6,0.6
Season-6,0027e5ca-8046-40a0-bd73-79be55f28bff,Remand,Combo,10,5,0.5
Season-6,0055ea30-20fb-4324-a632-8fed87628f05,"Boseiju, Who Endures",Aggro-Combo,10,7,0.7
Season-6,005dae9a-dddc-4a11-95bb-cce319edcce4,Skullclamp,Control-Aggro (Midrange),11,5,0.4545454545454545
Season-6,006d2bf1-20f7-4b09-8d98-8233d91682bd,Flame Slash,Aggro-Combo,10,7,0.7
Season-6,006d2bf1-20f7-4b09-8d98-8233d91682bd,Flame Slash,Control,10,3,0.3
Season-6,01006833-6007-4c16-9ebb-20d31c60a57a,Taiga,Aggro,10,6,0.6
Season-6,01006833-6007-4c16-9ebb-20d31c60a57a,Taiga,Aggro-Combo,10,7,0.7
Season-6,01794178-cf41-454c-ac37-1d8b18e42db2,Green Sun's Zenith,Aggro-Combo,10,5,0.5
Season-6,019b51b0-e5c6-4208-922b-7736686dddcd,Agatha's Soul Cauldron,Control-Aggro (Midrange),11,3,0.2727272727272727
Season-6,01c6f877-6b00-4d57-8a88-36cd3b16edbc,Llanowar Elves,Aggro,10,6,0.6
Season-6,01c6f877-6b00-4d57-8a88-36cd3b16edbc,Llanowar Elves,Aggro-Combo,10,5,0.5
Season-6,01e7b0bc-1c6c-48f4-8b72-1a809f536c6c,Birds of Paradise,Aggro,20,12,0.6
Season-6,02138fbb-3962-4348-8d31-faaefba0b8b2,Raugrin Triome,Aggro,10,6,0.6
Season-6,02c532e8-21f1-4d6f-a931-1ea48a6aeea2,Coalition Relic,Control,10,3,0.3
Season-6,02d6d693-f1f3-4317-bcc0-c21fa8490d38,"Jace, Vryn's Prodigy // Jace, Telepath Unbound",Combo-Control,11,6,0.5454545454545454
Season-6,02e8e540-8aa3-4e6a-9a11-c3949cab5f0f,"Tezzeret, Cruel Captain",Combo,10,2,0.2
Season-6,0324641d-af55-4c53-b4dc-c8262e967da5,Volcanic Island,Aggro,10,6,0.6
Season-6,0324641d-af55-4c53-b4dc-c8262e967da5,Volcanic Island,Combo,10,2,0.2
Season-6,0359f212-9564-41a9-870b-d2c57455a695,Brainstorm,Combo,10,2,0.2
Season-6,045ce37b-86d2-4e56-84af-b6625b53d13c,Path to Exile,Aggro,10,8,0.8
Season-6,04fc99dc-bfbe-4567-b791-6b1db96471ec,Reanimate,Combo,10,5,0.5
Season-6,04fc99dc-bfbe-4567-b791-6b1db96471ec,Reanimate,Control,8,3,0.375
Season-6,054f2276-2dd5-43da-bb26-c57c560861fe,Steam Vents,Combo,8,2,0.25
Season-6,054f2276-2dd5-43da-bb26-c57c560861fe,Steam Vents,Control,10,3,0.3
Season-6,05690d52-06c4-40b1-8360-380418a83250,The Aetherspark,Control,10,3,0.3
Season-6,05bdd22c-3e11-4c29-bdfa-d3dfc0e90a9f,Bitter Triumph,Combo,10,5,0.5
Season-6,05bdd22c-3e11-4c29-bdfa-d3dfc0e90a9f,Bitter Triumph,Control,10,3,0.3
Season-6,05cf51d8-9f91-42ff-99e9-4397f2251c20,Dark Confidant,Combo-Control,9,4,0.4444444444444444
Season-6,0645f487-efe5-4764-b361-85e07bb5ccca,"Ulamog, the Infinite Gyre",Combo,8,2,0.25
Season-6,064dfdeb-485f-473e-9fa0-8fdb7638cdc6,Dismember,Control-Aggro (Midrange),11,3,0.2727272727272727
Season-6,068bb15a-fc2d-42a2-859b-837b946d23c0,Underground Sea,Control,19,7,0.3684210526315789
Season-6,06c0c35d-a26e-473a-9206-8fbda7191700,Entomb,Aggro-Combo,10,7,0.7
Season-6,06c0c35d-a26e-473a-9206-8fbda7191700,Entomb,Control-Aggro (Midrange),11,3,0.2727272727272727
Season-6,06cb1bd6-73e0-4104-b344-4bc52d7dcedf,Baleful Strix,Combo-Control,9,4,0.4444444444444444
Season-6,071daca8-ccc6-4707-843e-adac40dd1588,Fury,Combo-Control,8,8,1.0
Season-6,07313dd3-d0dc-40ca-98a3-fa4d39e5bcae,Oust,Aggro,20,14,0.7
Season-6,07313dd3-d0dc-40ca-98a3-fa4d39e5bcae,Oust,Control-Aggro (Midrange),11,5,0.4545454545454545
Season-6,073bfdca-d7b8-4f4b-93f3-6e7c44bc0b0a,Sol Ring,Aggro-Combo,10,5,0.5
Season-6,0783b426-a527-42c1-9271-be28b229e1c6,"Torsten, Founder of Benalia",Combo-Control,8,8,1.0
Season-6,07a3d9e8-8597-498b-869c-cff79e0df516,"Karn, Scion of Urza",Combo,10,2,0.2
Season-6,07a3d9e8-8597-498b-869c-cff79e0df516,"Karn, Scion of Urza",Control,8,3,0.375
Season-6,07c17b01-ee5d-491a-8403-b3f819b778c4,Wishclaw Talisman,Combo-Control,8,8,1.0
Season-6,07d8ae46-14ec-4878-ba8a-a47d4508c6d7,Zealous Persecution,Control,9,4,0.4444444444444444
Season-6,0845f0b0-9413-4ddd-861d-9607636bebc6,Natural Order,Aggro,10,6,0.6
Season-6,08f79439-b8f8-418f-9772-26d81844749e,Enduring Innocence,Aggro,10,8,0.8
Season-6,09fd2d9c-1793-4beb-a3fb-7a869f660cd4,Bonecrusher Giant // Stomp,Aggro,10,6,0.6
Season-6,09fd2d9c-1793-4beb-a3fb-7a869f660cd4,Bonecrusher Giant // Stomp,Aggro-Combo,10,7,0.7
Season-6,0a26d900-c652-4f9c-8681-a35c5f8b1937,Sacred Foundry,Control-Aggro (Midrange),11,5,0.4545454545454545
Season-6,0a786855-6eb4-42c0-a528-4842db46809d,Stock Up,Combo,8,2,0.25
Season-6,0ad38866-fc5f-4f62-89c1-afc0f50765aa,Novice Inspector,Aggro,10,6,0.6
Season-6,0ad38866-fc5f-4f62-89c1-afc0f50765aa,Novice Inspector,Combo-Control,9,4,0.4444444444444444
Season-6,0c9a7cb0-5bff-48ff-b620-2838816ac9b5,Counterspell,Combo-Control,11,6,0.5454545454545454
Season-6,0ce44270-a684-4489-9077-521456e6dfaa,Lórien Revealed,Combo-Control,20,10,0.5
Season-6,0d08f5e4-d2d3-4659-86d4-a983d80e3b2c,Tundra,Combo-Control,11,6,0.5454545454545454
Season-6,0d08f5e4-d2d3-4659-86d4-a983d80e3b2c,Tundra,Control,9,4,0.4444444444444444
Season-6,0d16e8e0-31b2-4389-afd6-783c501f6fa0,"Ajani, Nacatl Pariah // Ajani, Nacatl Avenger",Aggro,10,6,0.6
Season-6,0e0d989d-7186-40dc-bdfe-cfbb77656bc8,"Emrakul, the Aeons Torn",Combo,8,2,0.25
Season-6,0e51d796-7279-4c06-87f0-37adbdaa41df,Underworld Breach,Combo,10,2,0.2
Season-6,0f7585c8-9e21-4eef-afc1-2852de23db2f,Polluted Delta,Control-Aggro (Midrange),11,5,0.4545454545454545
Season-6,0fe070f4-8877-4280-b8fd-869f3ac34ab6,Sheltering Landscape,Combo-Control,8,8,1.0
Season-6,10158a5e-5a03-41ab-85d2-0907ccf32c9b,Dack Fayden,Aggro,10,6,0.6
Season-6,1066a94a-8e4f-4d77-820b-7a77a18116f0,Wooded Foothills,Control-Aggro (Midrange),11,5,0.4545454545454545
Season-6,106f9629-b3aa-4703-82fb-c1e771bbce72,The Wandering Emperor,Combo-Control,11,6,0.5454545454545454
Season-6,1103da9c-300c-406b-997d-9e5bb7cd02d6,"Lightning, Army of One",Aggro,20,14,0.7
Season-6,120be808-ff3b-4fca-96a1-4db6b9825856,Quantum Riddler,Combo,8,2,0.25
Season-6,120be808-ff3b-4fca-96a1-4db6b9825856,Quantum Riddler,Control-Aggro (Midrange),11,5,0.4545454545454545
Season-6,13c5a1ce-932a-4b3d-8b86-ed920e646afc,Satyr Wayfinder,Aggro,10,6,0.6
Season-6,13f5bcdc-70bb-4d67-99e1-282f166ee4bf,Increasing Confusion,Combo,10,2,0.2
Season-6,1571b584-9007-45ee-a3c3-6c72f227fee2,Mystical Tutor,Combo,8,2,0.25
Season-6,16448d95-ee21-4def-b880-26f6f159c213,Metamorphosis Fanatic,Combo-Control,8,8,1.0
Season-6,16c8d2fa-54a7-46e8-980c-905258497c90,Arid Mesa,Combo-Control,11,6,0.5454545454545454
Season-6,1716b4dd-9045-462b-b053-72de450a8cde,Blood Crypt,Aggro-Combo,10,7,0.7
Season-6,1716b4dd-9045-462b-b053-72de450a8cde,Blood Crypt,Control,10,3,0.3
Season-6,175b3d28-5c74-4972-9b5c-5e39762c78f4,Relic of Sauron,Combo,10,2,0.2
Season-6,175b3d28-5c74-4972-9b5c-5e39762c78f4,Relic of Sauron,Control,10,3,0.3
Season-6,17824929-f131-4b8d-addb-66c25323155e,Infernal Grasp,Combo-Control,9,4,0.4444444444444444
Season-6,17824929-f131-4b8d-addb-66c25323155e,Infernal Grasp,Control,10,3,0.3
Season-6,17db2b6a-eaa8-4a08-9e86-370bbd058574,Bayou,Combo-Control,8,8,1.0
Season-6,18092f68-b96e-4084-9eba-b240d2195d81,"Adeline, Resplendent Cathar",Control-Aggro (Midrange),11,5,0.4545454545454545
Season-6,1834ac92-8b4e-4442-a834-acd580e1ef99,Jack-in-the-Mox,Aggro-Combo,10,5,0.5
Season-6,1834ac92-8b4e-4442-a834-acd580e1ef99,Jack-in-the-Mox,Combo-Control,9,4,0.4444444444444444
Season-6,187b6719-e5ed-4615-a00b-3313ceca055b,Currency Converter,Aggro-Combo,10,7,0.7
Season-6,18a3cca1-e50e-49b6-9e1a-f86640e3b177,Snuff Out,Combo,11,5,0.4545454545454545
Season-6,18bd50f2-c3ba-4217-a2d5-bb771e199706,Vampiric Tutor,Combo,10,5,0.5
Season-6,18bd50f2-c3ba-4217-a2d5-bb771e199706,Vampiric Tutor,Control,8,3,0.375
Season-6,18ee486e-dc25-4de7-a71f-f11fdf100176,"Okoye, Mighty and Adored",Aggro,10,6,0.6
Season-6,18f23daa-bc59-456a-8a28-3823e51bc74b,Night's Whisper,Control,17,7,0.4117647058823529
Season-6,19477aca-b8db-4061-9a78-ebb189a9df22,Breeding Pool,Aggro,10,6,0.6
Season-6,19557351-b65f-4b04-b971-66abdc07000a,Stoneforge Mystic,Control-Aggro (Midrange),11,5,0.4545454545454545
Season-6,19d6834d-afa3-4747-a62d-0654f4d9729f,"Malcolm, Alluring Scoundrel",Control,17,7,0.4117647058823529
Season-6,1ac01fff-4de6-4783-9489-4127e25bc641,Prismatic Vista,Aggro,10,6,0.6
Season-6,1ac01fff-4de6-4783-9489-4127e25bc641,Prismatic Vista,Aggro-Combo,10,7,0.7
Season-6,1b0fe46d-08d6-48c3-be0d-650d8d3d66af,Ideas Unbound,Combo,8,2,0.25
Season-6,1b406cc5-75c9-430a-83a2-de0f2a8aeae6,"Mole Man, Moloid Master",Control-Aggro (Midrange),11,3,0.2727272727272727
Season-6,1be9d9a4-d7ee-4854-abc2-85cabf993ec9,Archon of Cruelty,Combo,11,5,0.4545454545454545
Season-6,1c0f2873-5849-4cab-855a-2fbbc41dbb6c,Chaos Defiler,Combo-Control,8,8,1.0
Season-6,1c7d50d6-b63a-4d8c-88fa-1d78ae693a45,Overgrown Tomb,Aggro-Combo,10,7,0.7
Season-6,1c7d50d6-b63a-4d8c-88fa-1d78ae693a45,Overgrown Tomb,Control-Aggro (Midrange),11,3,0.2727272727272727
Season-6,1d7a1357-debd-49b0-9fd5-560d5b3f589e,Chromatic Star,Control,9,4,0.4444444444444444
Season-6,1daf4348-05c5-4c55-bcf2-c7bec7988bfc,Plateau,Aggro,20,14,0.7
Season-6,1dd64b1d-bcef-476c-bf0b-3ac7df7cbed3,"Nissa, Ascended Animist",Aggro-Combo,10,5,0.5
Season-6,1e14e677-9bfa-4bcc-9772-8e7758d7538a,Sea Gate Stormcaller,Combo,8,2,0.25
Season-6,1e14e677-9bfa-4bcc-9772-8e7758d7538a,Sea Gate Stormcaller,Control,10,3,0.3
Season-6,1e3e8085-cfcd-4e88-b441-4d1f8ac63904,Forth Eorlingas!,Aggro,10,6,0.6
Season-6,1ee98955-4c47-4d45-9377-608dfa755337,Bone Shards,Combo,11,5,0.4545454545454545
Season-6,1ee98955-4c47-4d45-9377-608dfa755337,Bone Shards,Control,9,4,0.4444444444444444
Season-6,1f2f7d4b-aa65-42ed-a441-8e35be96743c,Orcish Lumberjack,Aggro,10,6,0.6
Season-6,1fc6d14a-1328-4032-ad9e-cd85cd365bd3,Endurance,Aggro-Combo,10,5,0.5
Season-6,207d5f12-fbc6-4c75-9d84-fd2f0023fbd0,Sneak Attack,Aggro-Combo,10,7,0.7
Season-6,207d5f12-fbc6-4c75-9d84-fd2f0023fbd0,Sneak Attack,Combo-Control,8,8,1.0
Season-6,209c591a-4ab2-4e89-9523-a7b766cf4e51,Ouroboroid,Aggro,10,6,0.6
Season-6,21c950d7-b4f6-4902-8c9a-98f2933f9fa5,Adanto Vanguard,Aggro,10,8,0.8
Season-6,224d904a-5972-4152-878a-9a922e7a55b6,"Titania, Protector of Argoth",Aggro-Combo,10,5,0.5
Season-6,229a0d4a-3777-451d-a2fb-f1a2fdf8019f,Spara's Headquarters,Control-Aggro (Midrange),11,5,0.4545454545454545
Season-6,22c26e44-e129-4c4d-b552-3cc8774ce1a4,Mox Poison,Control,9,4,0.4444444444444444
Season-6,2398892d-28e9-4009-81ec-0d544af79d2b,Ancestral Recall,Control,8,3,0.375
Season-6,2424f2c4-366b-42cf-bf4b-a8a5bfdd2c4b,Life // Death,Combo,11,5,0.4545454545454545
Season-6,245cdc59-d560-4c10-b721-f51cc312e370,Mishra's Factory,Combo-Control,9,4,0.4444444444444444
Season-6,245cdc59-d560-4c10-b721-f51cc312e370,Mishra's Factory,Control-Aggro (Midrange),11,3,0.2727272727272727
Season-6,247939d9-87e9-4f01-b223-fb4cfa7dbbe1,Mana Leak,Combo,10,2,0.2
Season-6,247939d9-87e9-4f01-b223-fb4cfa7dbbe1,Mana Leak,Combo-Control,11,6,0.5454545454545454
Season-6,24c0d87b-0049-4beb-b9cb-6f813b7aa7dc,Fable of the Mirror-Breaker // Reflection of Kiki-Jiki,Aggro,10,8,0.8
Season-6,24da9431-7e52-44f5-bc18-2f2d8a4ca81e,Abrade,Aggro-Combo,10,7,0.7
Season-6,2573e694-eaa0-42ca-b470-2ab507cbcec1,Moonshadow,Control,9,4,0.4444444444444444
Season-6,2573e694-eaa0-42ca-b470-2ab507cbcec1,Moonshadow,Control-Aggro (Midrange),11,3,0.2727272727272727
Season-6,25b0b816-0583-44aa-9dc5-f3ff48993a51,Gaea's Cradle,Aggro-Combo,10,5,0.5
Season-6,265522eb-4f6a-40e7-b374-3833fa63c80b,Formidable Speaker,Aggro-Combo,10,7,0.7
Season-6,269ddd84-fdc4-4c94-b183-32ecec56967c,Sanguine Evangelist,Combo-Control,9,4,0.4444444444444444
Season-6,269ddd84-fdc4-4c94-b183-32ecec56967c,Sanguine Evangelist,Control-Aggro (Midrange),11,5,0.4545454545454545
Season-6,26c68473-70ca-40ba-b5c6-71ec30f88a2c,Damnation,Control-Aggro (Midrange),11,3,0.2727272727272727
Season-6,26d40e03-6de4-4373-9fbf-04c1dd79e995,Jetmir's Garden,Aggro,10,6,0.6
Season-6,29632951-3c3d-478c-8c5a-9a34f30a5c28,Dauthi Voidwalker,Combo-Control,9,4,0.4444444444444444
Season-6,2970683e-e69c-42cb-a067-34abd56fb42b,Elite Interceptor // Rejoinder,Aggro,10,6,0.6
Season-6,2970683e-e69c-42cb-a067-34abd56fb42b,Elite Interceptor // Rejoinder,Control,9,4,0.4444444444444444
Season-6,2ae6828e-ff19-45db-8b59-61616353491f,Deceptive Landscape,Control,9,4,0.4444444444444444
Season-6,2b5315a4-6a78-456f-8d5a-fea9d62f3f0e,Strip Mine,Aggro,10,8,0.8
Season-6,2b5315a4-6a78-456f-8d5a-fea9d62f3f0e,Strip Mine,Combo-Control,8,8,1.0
Season-6,2b5801fb-2026-4f25-98bc-ebb2f99684b9,Undercity Sewers,Combo,11,5,0.4545454545454545
Season-6,2b5801fb-2026-4f25-98bc-ebb2f99684b9,Undercity Sewers,Combo-Control,9,4,0.4444444444444444
Season-6,2b9b0195-beda-403e-bc27-7ae3be9f318c,Temple Garden,Aggro,10,6,0.6
Season-6,2be39749-ad6f-4160-99eb-c677eee7f1b2,Thraben Inspector,Aggro,10,6,0.6
Season-6,2bf2da97-3331-4614-b4ff-f03d061500a7,Fire Covenant,Combo-Control,8,8,1.0
Season-6,2c695df6-6bf2-4e6b-8500-e3116137ca27,Jacked Rabbit,Control-Aggro (Midrange),11,5,0.4545454545454545
Season-6,2c723fc9-d5c9-4126-a9a6-f80c247a4b6b,Baloth Prime,Aggro-Combo,10,5,0.5
Season-6,2e139ad1-1079-49e9-babd-6399c44ad333,Seasoned Pyromancer,Aggro-Combo,10,7,0.7
Season-6,2ef878cb-27b6-47d8-ad11-bd20529b0e7e,Cast into the Fire,Aggro,10,6,0.6
Season-6,2f8f22fb-7291-4517-9b15-e98501f2856b,Splinter Twin,Aggro-Combo,10,7,0.7
Season-6,30377bf0-d9b1-4c14-8dde-f74b1e02d604,Gilded Goose,Aggro-Combo,10,5,0.5
Season-6,310a1c46-8331-4a09-9fcb-d942f8102364,Thoughtseize,Combo-Control,8,8,1.0
Season-6,311a6257-dd77-4bb6-81cb-c8e7862350f3,Necromancy,Control-Aggro (Midrange),11,3,0.2727272727272727
Season-6,3199907b-9f24-4554-942a-8ab5a7701717,"Night Nurse, Healer of Heroes",Combo-Control,8,8,1.0
Season-6,327cf118-cc92-4073-85d0-94d2a0a6989a,Scalding Tarn,Aggro,10,6,0.6
Season-6,329a8738-3e17-403a-857a-0ba529ce8cd1,Walking Ballista,Control,19,7,0.3684210526315789
Season-6,32a180dd-9641-4546-8940-9b21084f0c71,Lightning Bolt,Aggro-Combo,10,7,0.7
Season-6,32aa6e33-221f-414c-9b51-850d97a7e051,Galvanic Discharge,Aggro,10,6,0.6
Season-6,32e670da-7563-4f6a-a7db-4c126a440eb8,Erode,Aggro,10,6,0.6
Season-6,333bf101-14e8-4753-99bc-9174f42c4122,Kinscaer Sentry,Aggro,20,14,0.7
Season-6,33672990-4860-4aa6-ac1b-f9da66f5da59,Wurmcoil Engine,Combo,8,2,0.25
Season-6,33672990-4860-4aa6-ac1b-f9da66f5da59,Wurmcoil Engine,Combo-Control,8,8,1.0
Season-6,340c5799-4964-44dd-8c48-8f3f3aba5211,Badgermole Cub,Aggro,10,6,0.6
Season-6,340c5799-4964-44dd-8c48-8f3f3aba5211,Badgermole Cub,Aggro-Combo,10,5,0.5
Season-6,345a4aee-5846-4ae9-9af1-4c8fe8d692ec,Winds of Abandon,Combo-Control,8,8,1.0
Season-6,3462a3d0-5552-49fa-9eb7-100960c55891,"Oko, Thief of Crowns",Control-Aggro (Midrange),11,5,0.4545454545454545
Season-6,35f1a6ba-e46f-44fb-93f4-fb883d677b36,Baleful Mastery,Combo,10,5,0.5
Season-6,35f1a6ba-e46f-44fb-93f4-fb883d677b36,Baleful Mastery,Control-Aggro (Midrange),11,3,0.2727272727272727
Season-6,361c2f3b-f04e-446b-a683-9195e238daf0,Iron Man Armor,Control,10,3,0.3
Season-6,377cee38-e769-47b0-abd5-0f528600f36a,Badlands,Control,10,3,0.3
Season-6,37cb5599-7d2c-48e9-978b-902a01a74bde,Sinkhole Surveyor,Control,9,4,0.4444444444444444
Season-6,37dbe1a3-3c44-452b-9fb9-37f5d793d0b5,Memory Jar,Combo,8,2,0.25
Season-6,3a9d1082-a862-45d4-9e5e-392e879fead6,Zuran Orb,Aggro-Combo,10,5,0.5
Season-6,3a9df9dd-a480-406c-ba28-94895fbfb574,"Galactus, Devourer of Worlds",Control-Aggro (Midrange),11,3,0.2727272727272727
Season-6,3b5233ff-03bc-4053-9b49-c4185c2de38d,Restoration Angel,Combo-Control,8,8,1.0
Season-6,3bd1ec98-8188-4649-899e-b0972509fc7e,Firebolt,Combo,10,2,0.2
Season-6,3c02b8ee-84cb-44cb-ba14-9e725a9d03ee,Ponder,Control,9,4,0.4444444444444444
Season-6,3c02b8ee-84cb-44cb-ba14-9e725a9d03ee,Ponder,Control-Aggro (Midrange),11,5,0.4545454545454545
Season-6,3c3ac3dd-35db-447f-8674-37b4680a1ef7,Leyline Binding,Control-Aggro (Midrange),11,5,0.4545454545454545
Season-6,3c7474e1-cfae-4867-a11a-d5cf9ff7ea5f,Mind's Desire,Combo,8,2,0.25
Season-6,3d8ca18d-9099-4f1e-95c1-f04da58a26bd,"Gut, True Soul Zealot",Aggro,20,14,0.7
Season-6,3e1766e9-2fa7-4446-a255-7beea1467ece,Lion Sash,Aggro,10,8,0.8
Season-6,400382a4-aea2-4827-b06a-1b0b3745908b,Noble Hierarch,Aggro-Combo,10,5,0.5
Season-6,40f0ecf7-f49e-46ff-aa5b-9ff5361b72c5,Genemorph Imago,Control-Aggro (Midrange),11,5,0.4545454545454545
Season-6,415ff6a5-61ef-4b37-ae08-e44476300d4a,Fire Magic,Combo-Control,8,8,1.0
Season-6,416d2d51-8f29-4e95-b037-e8c32b081e6c,Mana Drain,Combo,21,7,0.3333333333333333
Season-6,41e108a5-4e2f-42cf-9ea1-87bf3c0a2b7f,"Nissa, Who Shakes the World",Aggro-Combo,10,5,0.5
Season-6,43aa7e35-55ee-4e02-a8aa-ea2b267055d1,Woodfall Primus,Combo,10,5,0.5
Season-6,441f8b2f-c8cb-4340-a92f-116c2276e906,Frantic Search,Combo,19,7,0.3684210526315789
Season-6,44afd414-cc69-4888-ba12-7ea87e60b1f7,Craterhoof Behemoth,Aggro,10,6,0.6
Season-6,44afd414-cc69-4888-ba12-7ea87e60b1f7,Craterhoof Behemoth,Control-Aggro (Midrange),11,3,0.2727272727272727
Season-6,45026d57-0324-4312-8b86-2e7d4f581ee9,Marsh Flats,Combo,10,5,0.5
Season-6,45026d57-0324-4312-8b86-2e7d4f581ee9,Marsh Flats,Control,10,3,0.3
Season-6,45fd6e91-df76-497f-b642-33dc3d5f6a5a,Mox Ruby,Combo,8,2,0.25
Season-6,4686bbb9-517f-4cce-aa7a-5db41e22c02b,High Tide,Combo,8,2,0.25
Season-6,47a6234f-309f-4e03-9263-66da48b57153,Solitude,Aggro,20,14,0.7
Season-6,47d6093b-b1b6-4956-8bfd-02cce899f832,Flow State,Combo,10,2,0.2
Season-6,490eb213-9ae2-4b45-abec-6f1dfc83792a,Cori-Steel Cutter,Control,10,3,0.3
Season-6,492b368b-de32-45c1-8459-238aae54f9fc,Unmarked Grave,Combo,11,5,0.4545454545454545
Season-6,4a1f905f-1d55-4d02-9d24-e58070793d3f,"Atraxa, Grand Unifier",Aggro-Combo,10,7,0.7
Season-6,4acf970d-d2d7-413d-aba7-587ee53d8d5c,Stomping Ground,Aggro-Combo,10,5,0.5
Season-6,4b0bd07e-cf80-4d64-af29-f4cec6632b3e,Perilous Landscape,Control-Aggro (Midrange),11,5,0.4545454545454545
Season-6,4b4956a2-9a39-4152-9c98-70e4b2acfa26,Miscalculation,Control,9,4,0.4444444444444444
Season-6,4b4956a2-9a39-4152-9c98-70e4b2acfa26,Miscalculation,Control-Aggro (Midrange),11,5,0.4545454545454545
Season-6,4cbdacc1-7a1b-4633-85f5-eb50c2bf406d,Snapcaster Mage,Combo,8,2,0.25
Season-6,4cbdacc1-7a1b-4633-85f5-eb50c2bf406d,Snapcaster Mage,Combo-Control,11,6,0.5454545454545454
Season-6,4ced112a-e775-4f97-97b3-74877e9dce12,Dragon's Rage Channeler,Combo,10,2,0.2
Season-6,4d9dbadd-c1b6-44fe-92ac-6f69d7178342,Talisman of Creativity,Control,10,3,0.3
Season-6,4df8aabc-7fcb-4b7b-980b-18f499e6c170,Hullbreacher,Combo-Control,20,10,0.5
Season-6,4e117771-5a8b-4812-b487-32ba34b7f724,Giver of Runes,Aggro,20,14,0.7
Season-6,4e4fb50c-a81f-44d3-93c5-fa9a0b37f617,"Omnath, Locus of Creation",Control-Aggro (Midrange),11,5,0.4545454545454545
Season-6,4e76d04a-0038-4b5b-a026-3056ee940da9,Cloud of Faeries,Combo,8,2,0.25
Season-6,4ecbca71-9a1d-44c5-b709-d6f565941d5e,Skycoach Conductor // All Aboard,Control-Aggro (Midrange),11,5,0.4545454545454545
Season-6,504a69eb-3c2d-4bb1-b117-252b15acf0c2,Mana Confluence,Control,8,3,0.375
Season-6,51eb9f05-9d5a-4196-9329-626ce4793c42,Vengevine,Control-Aggro (Midrange),11,3,0.2727272727272727
Season-6,5260f8ae-805b-4eae-badf-62de0f768867,Hedge Maze,Control-Aggro (Midrange),11,5,0.4545454545454545
Season-6,52eef0d6-24b7-40b7-8403-e8e863d0cd55,"Bristly Bill, Spine Sower",Aggro,10,6,0.6
Season-6,53d4fd57-74b6-42c7-88b1-110e5a8dfc3c,Spell Pierce,Control,10,3,0.3
Season-6,5427d8a6-ac9e-4e50-bd39-81713b2ade25,Fatal Push,Combo,21,10,0.4761904761904761
Season-6,543d55cb-3a6b-4620-af25-10ae74ed32c4,Worldspine Wurm,Control-Aggro (Midrange),11,3,0.2727272727272727
Season-6,54a3ea87-005e-4985-b2a5-21711d0b71c0,Springheart Nantuko,Aggro-Combo,10,5,0.5
Season-6,54f449ff-4025-465e-9ec5-a5cf42c4c9d3,Xander's Lounge,Combo,8,2,0.25
Season-6,54f449ff-4025-465e-9ec5-a5cf42c4c9d3,Xander's Lounge,Control,8,3,0.375
Season-6,55707746-da6e-46e5-a5ca-7ac843fdc38e,"Phelia, Exuberant Shepherd",Aggro,10,8,0.8
Season-6,55a14f30-4ff9-4472-90a6-c3139f1c18e5,"Kaito, Bane of Nightmares",Combo-Control,9,4,0.4444444444444444
Season-6,564caf57-4ba5-4993-a35e-945699c94eb7,Toxic Deluge,Combo-Control,8,8,1.0
Season-6,568dd5a6-86f4-4039-87d7-812120c8ab94,Triplicate Titan,Combo,21,10,0.4761904761904761
Season-6,56995b84-2307-4955-9c7c-dc4f04acdc07,Inquisition of Kozilek,Combo-Control,8,8,1.0
Season-6,58c9e9a7-e170-4361-b7d5-22fc0771c489,Urza's Bauble,Combo,10,2,0.2
Season-6,5a077de0-1893-40d0-a499-ee2e6e2258f1,Legion Extruder,Combo,10,2,0.2
Season-6,5ab21006-7f61-49e0-8b6a-0397c5d4c3bd,Imperial Seal,Combo,10,5,0.5
Season-6,5ad36fb2-c44e-4085-ba0d-54277841ad3a,Lurrus of the Dream-Den,Control,17,7,0.4117647058823529
Season-6,5b8ba842-c662-4686-bca3-93ddb7fa11a6,Mother of Runes,Aggro,10,6,0.6
Season-6,5cb76266-ae50-4bbc-8f96-d98f309b02d3,"Teferi, Time Raveler",Combo-Control,11,6,0.5454545454545454
Season-6,5f1cdcba-a04a-4a2f-8bc1-0dd7fa03754d,Exhume,Combo,21,10,0.4761904761904761
Season-6,5f608efc-0dbc-4cc3-aadd-ed473bfc29ab,Portal to Phyrexia,Combo,8,2,0.25
Season-6,5f6927e1-c580-483a-8e2a-6e2deb74800e,Mox Jet,Aggro,10,8,0.8
Season-6,5f6927e1-c580-483a-8e2a-6e2deb74800e,Mox Jet,Aggro-Combo,10,5,0.5
Season-6,60aed76e-2265-471d-8e41-1d8605603b78,Hildibrand Manderville // Gentleman's Rise,Control,17,7,0.4117647058823529
Season-6,60d0e6a6-629a-45a7-bfcb-25ba7156788b,Elvish Mystic,Aggro,10,6,0.6
Season-6,61237530-ad49-469c-a952-67c92315708e,Jennifer Walters // The Sensational She-Hulk,Control-Aggro (Midrange),11,5,0.4545454545454545
Season-6,61a28870-cf78-4323-9d82-cee764067764,Lightning Greaves,Control-Aggro (Midrange),11,5,0.4545454545454545
Season-6,62b3f560-262b-4bc3-9aef-535fd7082c28,Vaultborn Tyrant,Combo,10,5,0.5
Season-6,62b3f560-262b-4bc3-9aef-535fd7082c28,Vaultborn Tyrant,Control-Aggro (Midrange),11,3,0.2727272727272727
Season-6,63af3c26-5b1f-46f6-9aa2-036c615bf5ea,Flash,Combo,21,10,0.4761904761904761
Season-6,63c59228-c742-4abd-b4d7-9f7880190e95,Windswept Heath,Aggro,10,6,0.6
Season-6,63c59228-c742-4abd-b4d7-9f7880190e95,Windswept Heath,Control,8,3,0.375
Season-6,63ce0909-7d7d-410d-ab6c-c87fa3e23877,"Black Widow, Super Spy",Control,8,3,0.375
Season-6,641b21e1-9188-4bc3-96e8-cda2acbc5ed5,Time Spiral,Combo-Control,11,6,0.5454545454545454
Season-6,64a5d494-efa1-446b-bebe-2ad36e154376,"Ugin, Eye of the Storms",Combo,8,2,0.25
Season-6,64a5d494-efa1-446b-bebe-2ad36e154376,"Ugin, Eye of the Storms",Control,10,3,0.3
Season-6,652236c2-84ef-45e4-b5fc-ed6170bc3d6c,Meticulous Archive,Control,17,7,0.4117647058823529
Season-6,661fc907-7003-45c6-820c-9616e9a71c30,Seething Landscape,Control,17,7,0.4117647058823529
Season-6,66d80dd1-b944-4cb2-8578-b4dbcabbbc1e,Ophiomancer,Combo,11,5,0.4545454545454545
Season-6,66d80dd1-b944-4cb2-8578-b4dbcabbbc1e,Ophiomancer,Combo-Control,9,4,0.4444444444444444
Season-6,672b9b16-daef-44e6-9a3a-cfd9f3c78bc7,Pentad Prism,Combo-Control,8,8,1.0
Season-6,68841ca8-a043-4f30-9a17-e983ed960bc2,Demonic Tutor,Aggro-Combo,10,7,0.7
Season-6,68841ca8-a043-4f30-9a17-e983ed960bc2,Demonic Tutor,Control,10,3,0.3
Season-6,68924203-c3d9-41ce-8ca8-c6dd491eb3ca,Psychic Frog,Combo,10,5,0.5
Season-6,68924203-c3d9-41ce-8ca8-c6dd491eb3ca,Psychic Frog,Control,8,3,0.375
Season-6,68c72226-6f52-4322-8b14-18737293dfa0,Bloodstained Mire,Aggro-Combo,10,7,0.7
Season-6,68c72226-6f52-4322-8b14-18737293dfa0,Bloodstained Mire,Combo-Control,8,8,1.0
Season-6,6920c895-bc98-4871-a53f-219fa27a74e5,Occult Epiphany,Combo,11,5,0.4545454545454545
Season-6,6989018c-37b1-4282-a4af-9cc97f160b4d,Oliphaunt,Combo-Control,8,8,1.0
Season-6,69af2825-18c2-4463-b6ba-42eaa070ccc1,"Grist, the Hunger Tide",Control-Aggro (Midrange),11,3,0.2727272727272727
Season-6,69c1b656-1d67-499c-bf0f-417682a86c7d,Shadowy Backstreet,Control,8,3,0.375
Season-6,6a058e68-70af-4a64-859c-c881e5578368,Chrome Mox,Aggro,10,6,0.6
Season-6,6f2cec5d-50ea-4d0f-8925-eba06222d015,"Shelinda, Yevon Acolyte",Aggro,10,6,0.6
Season-6,6fd672bb-18cf-44e3-8dda-5310b1e0fffe,Godless Shrine,Combo-Control,9,4,0.4444444444444444
Season-6,70e33f45-7d47-423b-a123-8541f1d1afb4,Lingering Souls,Combo-Control,9,4,0.4444444444444444
Season-6,70e64028-ae96-4950-aa6c-9d347409fad3,Force Spike,Control,17,7,0.4117647058823529
Season-6,7127164d-f2a3-4d79-b6db-93507ff5ab47,Bitterbloom Bearer,Control,9,4,0.4444444444444444
Season-6,71384418-173a-4f77-adab-56e52fa23692,Delighted Halfling,Aggro,20,12,0.6
Season-6,729daf0e-b822-41bd-a908-ca8ec34032f0,Tropical Island,Control-Aggro (Midrange),11,5,0.4545454545454545
Season-6,73a065e3-b530-4e62-ab3c-4f6f908184ec,"Elspeth, Storm Slayer",Aggro,20,14,0.7
Season-6,73cc6df4-3564-4ace-bf8a-eac3e62d725a,Ursine Monstrosity,Aggro-Combo,10,5,0.5
Season-6,748e6a61-9c1f-4225-9f04-e54002f63ac3,Savai Triome,Aggro,10,6,0.6
Season-6,748e6a61-9c1f-4225-9f04-e54002f63ac3,Savai Triome,Aggro-Combo,10,7,0.7
Season-6,74d29b3d-f588-431d-bf4e-f7215683ab39,Tangle Wire,Aggro-Combo,10,5,0.5
Season-6,758f95f8-bcb0-43ae-b474-56ebd855951e,Lion's Eye Diamond,Combo,10,2,0.2
Season-6,76c3cad2-1e25-4abe-878d-9194de6fcc27,Guide of Souls,Aggro,10,8,0.8
Season-6,773199f9-c83b-4a77-8342-9f1552ecf595,Intrepid Adversary,Aggro,10,8,0.8
Season-6,777fcc21-2856-4181-8ecd-c272f9769e36,"Wan Shi Tong, All-Knowing",Combo,10,5,0.5
Season-6,7832abb5-5107-4603-904e-491b221bd3e3,Smuggler's Copter,Control,10,3,0.3
Season-6,784287c2-43c5-4210-93ae-cdd33b9acb1b,Commune with Beavers,Aggro,10,6,0.6
Season-6,784287c2-43c5-4210-93ae-cdd33b9acb1b,Commune with Beavers,Aggro-Combo,10,5,0.5
Season-6,78cef262-c753-4658-b3ec-fec8db47f944,Palace Jailer,Aggro,10,8,0.8
Season-6,78cef262-c753-4658-b3ec-fec8db47f944,Palace Jailer,Control,8,3,0.375
Season-6,7c024bae-5631-4e20-ac69-df392ac9e109,Orcish Bowmasters,Combo-Control,9,4,0.4444444444444444
Season-6,7c884e1e-fecb-4330-b3de-5fc2a60f7173,Kolaghan's Command,Combo-Control,8,8,1.0
Season-6,7d48d622-f397-4f31-b1a5-0c23f60aa71c,Mana Tithe,Aggro,10,6,0.6
Season-6,80fca8c0-ae3e-439e-b202-228b9f360e9a,Portable Hole,Aggro,10,6,0.6
Season-6,80fca8c0-ae3e-439e-b202-228b9f360e9a,Portable Hole,Combo-Control,9,4,0.4444444444444444
Season-6,819a513c-3be6-4bdc-8ba6-1f7326a8f3ea,Fiery Confluence,Aggro,10,6,0.6
Season-6,819a513c-3be6-4bdc-8ba6-1f7326a8f3ea,Fiery Confluence,Combo,10,2,0.2
Season-6,825969b9-3c70-4fca-8cab-696e9ca7cdb2,Prismatic Ending,Combo-Control,11,6,0.5454545454545454
Season-6,85a89077-b384-4fca-9d26-7297962c1541,Kappa Cannoneer,Control,10,3,0.3
Season-6,85d22d5d-3875-42ff-b51e-c6e21db201f5,Generous Ent,Control,10,3,0.3
Season-6,866b7fd4-86e3-4b42-b1ea-33bad0db1f9f,Prismari Command,Aggro,10,6,0.6
Season-6,866b7fd4-86e3-4b42-b1ea-33bad0db1f9f,Prismari Command,Combo,8,2,0.25
Season-6,87cc2855-6b14-44dd-a398-7dc2bbae081f,Kaldra Compleat,Control-Aggro (Midrange),11,5,0.4545454545454545
Season-6,89af0f45-c11c-4f13-9950-b1489440ee5b,Chain Lightning,Combo,10,2,0.2
Season-6,89f5cc05-5d9d-4709-b3c5-a6249c294acc,Hexdrinker,Aggro,10,6,0.6
Season-6,8a720448-017f-4f4a-9501-678245eaed17,Mishra's Bauble,Combo,8,2,0.25
Season-6,8a720448-017f-4f4a-9501-678245eaed17,Mishra's Bauble,Control,8,3,0.375
Season-6,8b1e10e8-ea14-4761-910b-4072e2a18456,Grave Researcher // Reanimate,Aggro-Combo,10,7,0.7
Season-6,8b1e10e8-ea14-4761-910b-4072e2a18456,Grave Researcher // Reanimate,Control-Aggro (Midrange),11,3,0.2727272727272727
Season-6,8c2996d9-3287-4480-8c04-7a378e37e3cf,Flooded Strand,Combo,11,5,0.4545454545454545
Season-6,8c39f9b4-02b9-4d44-b8d6-4fd02ebbb0c5,"Narset, Parter of Veils",Combo-Control,11,6,0.5454545454545454
Season-6,8ca3c48b-f104-4292-9a4e-2ce87a65893c,Mutavault,Aggro,10,6,0.6
Season-6,8db735ea-f9cf-4e3c-9200-4f180df55baa,Fractured Identity,Combo-Control,11,6,0.5454545454545454
Season-6,8ff57c8b-173e-4a72-a0a0-1ad2d5cc6e5e,Spectacular Spider-Man,Aggro,10,6,0.6
Season-6,8ff57c8b-173e-4a72-a0a0-1ad2d5cc6e5e,Spectacular Spider-Man,Combo-Control,9,4,0.4444444444444444
Season-6,928036c9-11b8-493e-b9f2-8fbd3487cd19,"Minsc & Boo, Timeless Heroes",Aggro,10,6,0.6
Season-6,93f99e67-901f-4c8d-8a09-e443b7eb928f,Archangel Elspeth,Aggro,10,6,0.6
Season-6,9417f14c-a853-42c6-a992-29139484260a,Ignoble Hierarch,Aggro-Combo,10,5,0.5
Season-6,94b67489-5eb0-4406-9bf3-27e50dc632eb,"Nadu, Winged Wisdom",Control-Aggro (Midrange),11,5,0.4545454545454545
Season-6,94c6fdd8-21e7-48ae-aa05-a3666b928c1a,Timetwister,Combo-Control,20,10,0.5
Season-6,95c14c4d-6c16-4826-8d93-d89ad04aee09,"Etali, Primal Conqueror // Etali, Primal Sickness",Combo,10,5,0.5
Season-6,95c14c4d-6c16-4826-8d93-d89ad04aee09,"Etali, Primal Conqueror // Etali, Primal Sickness",Combo-Control,8,8,1.0
Season-6,96b6b2e1-c3e6-464c-8a13-b15deb34e862,Aetherflux Reservoir,Combo,10,2,0.2
Season-6,96b6b2e1-c3e6-464c-8a13-b15deb34e862,Aetherflux Reservoir,Control-Aggro (Midrange),11,3,0.2727272727272727
Season-6,96c5607b-55fe-43c2-93fe-0084d84499d9,Deep Forest Hermit,Control-Aggro (Midrange),11,5,0.4545454545454545
Season-6,9721f8da-39ed-4ada-a571-61e08a86032b,Broadside Bombardiers,Aggro-Combo,10,5,0.5
Season-6,9721f8da-39ed-4ada-a571-61e08a86032b,Broadside Bombardiers,Combo,8,2,0.25
Season-6,9814d8e8-c462-41ca-9909-1c659f488543,Lotus Petal,Combo,10,2,0.2
Season-6,9814d8e8-c462-41ca-9909-1c659f488543,Lotus Petal,Control,10,3,0.3
Season-6,985453e7-997e-4d77-a338-cc0290791ebe,Finale of Devastation,Control-Aggro (Midrange),11,5,0.4545454545454545
Season-6,995486ce-58bb-4753-a812-0ca73ef1a235,Gitaxian Probe,Combo,8,2,0.25
Season-6,995486ce-58bb-4753-a812-0ca73ef1a235,Gitaxian Probe,Combo-Control,11,6,0.5454545454545454
Season-6,99e96b34-b1c4-4647-a38e-2cf1aedaaace,Tersa Lightshatter,Aggro,10,6,0.6
Season-6,99e96b34-b1c4-4647-a38e-2cf1aedaaace,Tersa Lightshatter,Aggro-Combo,10,7,0.7
Season-6,99fd1cd5-4740-4a0f-b773-3d3b66861d77,The Warring Triad,Control,10,3,0.3
Season-6,99ff731b-8399-40c8-b539-ba6ba5783771,Wasteland,Aggro-Combo,10,5,0.5
Season-6,9b911653-7b96-4cf3-a907-13c5c53a14f7,Overlord of the Balemurk,Aggro-Combo,10,7,0.7
Season-6,9b911653-7b96-4cf3-a907-13c5c53a14f7,Overlord of the Balemurk,Control,8,3,0.375
Season-6,9c0433f9-8f1e-4a19-a83f-a41925f1b1a9,Abandoned Air Temple,Combo-Control,11,6,0.5454545454545454
Season-6,9c769202-178c-442a-a9e2-aa08b5ae5c9a,"Agent Bishop, Man in Black",Aggro,10,6,0.6
Season-6,9d3a7998-ccac-45ad-a4e9-3a2cb057f63b,Elite Spellbinder,Aggro,10,6,0.6
Season-6,9d48aaff-46ab-411b-9456-171d4709f951,Fear of Missing Out,Aggro,10,6,0.6
Season-6,9d48aaff-46ab-411b-9456-171d4709f951,Fear of Missing Out,Aggro-Combo,10,7,0.7
Season-6,9e7fb3c0-5159-4d1f-8490-ce4c9a60f567,"Urza, Lord High Artificer",Combo,10,2,0.2
Season-6,9e7fb3c0-5159-4d1f-8490-ce4c9a60f567,"Urza, Lord High Artificer",Control,10,3,0.3
Season-6,a16a6555-2e3a-4587-aacd-0307d696b26c,Consult the Star Charts,Combo,10,5,0.5
Season-6,a178cfe8-f9fa-4255-88d0-54a0bed079f5,Malevolent Rumble,Aggro-Combo,10,7,0.7
Season-6,a1febcf1-afa4-4406-9ac1-5bf98b2765d2,Time Walk,Combo-Control,11,6,0.5454545454545454
Season-6,a1febcf1-afa4-4406-9ac1-5bf98b2765d2,Time Walk,Control,9,4,0.4444444444444444
Season-6,a249b1f4-2b22-4b67-a207-e0c4ae95d2e1,Ketria Triome,Control-Aggro (Midrange),11,5,0.4545454545454545
Season-6,a24e8dba-5c86-4e32-8a52-61402f7fe9f0,Containment Priest,Aggro,10,8,0.8
Season-6,a24e8dba-5c86-4e32-8a52-61402f7fe9f0,Containment Priest,Combo-Control,11,6,0.5454545454545454
Season-6,a3bb2881-e8fb-4fba-a9f9-d93e6ca24378,"Laelia, the Blade Reforged",Aggro,20,14,0.7
Season-6,a50d79fe-6d37-42f3-b7b0-0c3018282fa2,End-Raze Forerunners,Aggro,10,6,0.6
Season-6,a6539e26-b63b-4725-9407-caaf451de084,Troll of Khazad-dûm,Combo,11,5,0.4545454545454545
Season-6,a7072412-4aa2-40ef-a267-bd717551a42b,"Rhys, the Evermore",Combo-Control,8,8,1.0
Season-6,a7072412-4aa2-40ef-a267-bd717551a42b,"Rhys, the Evermore",Control,9,4,0.4444444444444444
Season-6,a8069994-b103-40dc-9e14-062004914ec8,Cathar Commando,Aggro,10,6,0.6
Season-6,a8069994-b103-40dc-9e14-062004914ec8,Cathar Commando,Combo-Control,9,4,0.4444444444444444
Season-6,a87606cc-fbf0-4e2c-9798-f1c935d0573d,Esika's Chariot,Aggro,10,6,0.6
Season-6,a9225cc3-90f0-448f-a8d9-7c6c2796d077,Sheoldred's Edict,Control,8,3,0.375
Season-6,a9738cda-adb1-47fb-9f4c-ecd930228c4d,"Ragavan, Nimble Pilferer",Aggro,20,14,0.7
Season-6,aac0c8df-f01d-4178-8d66-ee603f814d24,Mishra's Workshop,Control,10,3,0.3
Season-6,ac095763-6f4e-4d4e-9c99-414646368f8d,Emeritus of Abundance // Regrowth,Control-Aggro (Midrange),11,3,0.2727272727272727
Season-6,aced2c55-7543-4076-bcdd-36c4d649b8ae,Mox Emerald,Aggro,10,6,0.6
Season-6,aced2c55-7543-4076-bcdd-36c4d649b8ae,Mox Emerald,Control,10,3,0.3
Season-6,ade32396-8841-4ba4-8852-d11146607f21,Mockingbird,Aggro,10,6,0.6
Season-6,ade32396-8841-4ba4-8852-d11146607f21,Mockingbird,Combo-Control,9,4,0.4444444444444444
Season-6,aeb4612c-758b-4492-ba03-eb6741b4176e,Sear,Aggro-Combo,10,5,0.5
Season-6,aeb4612c-758b-4492-ba03-eb6741b4176e,Sear,Combo,11,5,0.4545454545454545
Season-6,af7091c9-5f98-4078-a42b-c9e057346d9b,Hallowed Fountain,Combo-Control,11,6,0.5454545454545454
Season-6,b0c5728e-43e7-417a-ba18-5038345cec67,Arcane Denial,Combo,10,5,0.5
Season-6,b256ddc8-8b12-434c-a610-1a872e948f2f,White Plume Adventurer,Aggro,10,6,0.6
Season-6,b277752b-430a-4f09-8a98-b72f813dd52e,Bountiful Landscape,Aggro,10,6,0.6
Season-6,b3dd3c7d-4685-4579-b483-14ddaaaddf5b,Scythecat Cub,Aggro-Combo,10,5,0.5
Season-6,b51666ae-2aef-4cb1-9cd4-44aec81530f8,Griselbrand,Combo,21,10,0.4761904761904761
Season-6,b598c93e-dae1-4d71-a9e4-917abf76d2d0,Raucous Theater,Combo-Control,8,8,1.0
Season-6,b6cb2549-e485-44d6-9d65-7605c568909e,Unearth,Aggro-Combo,10,7,0.7
Season-6,b6cb2549-e485-44d6-9d65-7605c568909e,Unearth,Control,8,3,0.375
Season-6,b768efa2-e56b-4a7e-ace8-d673f10e0714,Birthing Pod,Control-Aggro (Midrange),11,5,0.4545454545454545
Season-6,b83cfbaa-7890-4f6f-878b-4edb45677371,Skyclave Apparition,Control-Aggro (Midrange),11,5,0.4545454545454545
Season-6,b8aa7126-5df3-42dd-b4a3-0d0ea59eeebd,Helping Hand,Control,9,4,0.4444444444444444
Season-6,ba934866-efd0-4126-b1ff-9c7e82b73bd6,Summon: Kujata,Aggro-Combo,10,7,0.7
Season-6,bb9ad57f-cca2-4717-a951-cbe3c7782efe,Recruiter of the Guard,Combo-Control,9,4,0.4444444444444444
Season-6,bbec97ff-bb84-4496-9e09-d4fc1570c516,Mawloc,Aggro,10,6,0.6
Season-6,bd3d4b4b-cf31-4f89-8140-9650edb03c7b,Ancient Tomb,Combo-Control,9,4,0.4444444444444444
Season-6,bd8fa327-dd41-4737-8f19-2cf5eb1f7cdd,Black Lotus,Aggro-Combo,10,7,0.7
Season-6,bd8fa327-dd41-4737-8f19-2cf5eb1f7cdd,Black Lotus,Combo-Control,8,8,1.0
Season-6,be77b98a-dd79-477c-8ab2-7ebf5637a89e,Headliner Scarlett,Aggro,10,6,0.6
Season-6,c060c178-3c0e-493f-b6f0-ead5b1d6f191,Survival of the Fittest,Control-Aggro (Midrange),11,3,0.2727272727272727
Season-6,c17816e8-28b1-4295-a637-efb0e5c18873,Lush Portico,Aggro,10,6,0.6
Season-6,c1bd3bc0-77bd-40fe-b4f1-835a04cb6e41,Eagles of the North,Aggro,10,6,0.6
Season-6,c1bd3bc0-77bd-40fe-b4f1-835a04cb6e41,Eagles of the North,Combo-Control,9,4,0.4444444444444444
Season-6,c1c7aa22-51b0-45ee-9a8e-5493a1820d8c,"Wolverine, Fierce Fighter",Aggro,10,6,0.6
Season-6,c1e0f201-42cb-46a1-901a-65bb4fc18f6c,Urza's Saga,Combo-Control,8,8,1.0
Season-6,c2089ec9-0665-448f-bfe9-d181de127814,Brazen Borrower // Petty Theft,Combo,21,10,0.4761904761904761
Season-6,c375a022-5b57-496d-a802-e4ea8376e9e4,"Eiganjo, Seat of the Empire",Aggro,10,6,0.6
Season-6,c3896705-bbd2-4ffb-a590-ee78e0eabdc5,Long Goodbye,Control,8,3,0.375
Season-6,c78da035-6b5b-4136-9ab6-f622b64fdc54,Unstoppable Slasher,Combo-Control,9,4,0.4444444444444444
Season-6,c78da035-6b5b-4136-9ab6-f622b64fdc54,Unstoppable Slasher,Control-Aggro (Midrange),11,3,0.2727272727272727
Season-6,c7bbb911-9de2-455d-9677-e1004db65dbd,"Chandra, Torch of Defiance",Aggro,10,6,0.6
Season-6,c86b8a75-9e31-4a44-95b8-c83b9a49646f,Ocelot Pride,Aggro,10,8,0.8
Season-6,ca4c8b04-66af-4cb3-8003-9088d8344b20,Alpha Deathclaw,Aggro-Combo,10,7,0.7
Season-6,cb94a02f-4660-45b6-8a39-941b710cf8f3,Collective Brutality,Combo,11,5,0.4545454545454545
Season-6,cc3063ec-5ea6-46c1-8331-c740cbaf6c76,Great Divide Guide,Control-Aggro (Midrange),11,3,0.2727272727272727
Season-6,cc520518-2063-4b57-a0d4-10cf62a7175e,Zagoth Triome,Combo,10,5,0.5
Season-6,cdfadb17-76ad-4d4d-9fa7-33c4b88b4c0a,Sowing Mycospawn,Aggro-Combo,10,5,0.5
Season-6,ce35e6fb-ff54-44c4-a216-7ddd37f46882,Screaming Nemesis,Aggro,10,6,0.6
Season-6,ce5dd2c1-b6e0-4914-b5c9-7dd451c29e22,Chthonian Nightmare,Control,9,4,0.4444444444444444
Season-6,ce648aa3-098b-4af0-a433-fd290bc85904,Balance,Control,8,3,0.375
Season-6,cea3b218-0e6e-443a-84f7-380f1021e8e1,Barrowgoyf,Combo-Control,9,4,0.4444444444444444
Season-6,cea3b218-0e6e-443a-84f7-380f1021e8e1,Barrowgoyf,Control,8,3,0.375
Season-6,d0e3e7b3-7ba9-47a2-b46c-a40bffb445e2,Twisted Landscape,Aggro-Combo,10,5,0.5
Season-6,d2119f3f-27d2-4d43-a5ef-35c1b73d182a,"The Reaper, King No More",Control-Aggro (Midrange),11,3,0.2727272727272727
Season-6,d21433ba-0a14-42bc-ad0b-a4ef823a3295,Monument to Endurance,Combo,10,2,0.2
Season-6,d2507bc2-da17-4e46-b4c5-ba0080ce2c6f,Rishadan Port,Aggro,10,6,0.6
Season-6,d2705b43-a94a-44c0-8740-82e0b296820c,Abhorrent Oculus,Control,8,3,0.375
Season-6,d67be074-cdd4-41d9-ac89-0a0456c4e4b2,"Sheoldred, the Apocalypse",Combo-Control,9,4,0.4444444444444444
Season-6,d67be074-cdd4-41d9-ac89-0a0456c4e4b2,"Sheoldred, the Apocalypse",Control-Aggro (Midrange),11,3,0.2727272727272727
Season-6,d6ec3293-b09e-4931-ac4e-dc5eac0ca004,Mana Vault,Aggro,10,8,0.8
Season-6,d9482aab-6ddf-48e1-84fa-b13d5ff81e69,Icetill Explorer,Aggro,10,6,0.6
Season-6,d9482aab-6ddf-48e1-84fa-b13d5ff81e69,Icetill Explorer,Aggro-Combo,10,5,0.5
Season-6,da13a060-36ee-41e9-bab1-af8ddcc893b8,Norman Osborn // Green Goblin,Combo,11,5,0.4545454545454545
Season-6,da13a060-36ee-41e9-bab1-af8ddcc893b8,Norman Osborn // Green Goblin,Combo-Control,9,4,0.4444444444444444
Season-6,dd16222e-349c-4a2b-a7c8-8eb35a8ab332,Static Prison,Combo-Control,11,6,0.5454545454545454
Season-6,de0e01e4-e143-47fd-8565-7b48219bb546,Goldvein Hydra,Aggro,10,6,0.6
Season-6,dea15b53-2940-40e7-8d48-8ec11341da83,Careful Study,Combo,19,7,0.3684210526315789
Season-6,df3784d4-80cd-4f78-afb3-d61f3bab5b2c,Zealous Conscripts,Aggro,10,6,0.6
Season-6,df9d9075-2d1e-4848-b661-816d539e05eb,Emperor of Bones,Aggro-Combo,10,7,0.7
Season-6,df9d9075-2d1e-4848-b661-816d539e05eb,Emperor of Bones,Combo,11,5,0.4545454545454545
Season-6,e0ef33dd-5f6d-48fa-8ef6-a8092868d50f,Figure of Fable,Aggro-Combo,10,5,0.5
Season-6,e0ef33dd-5f6d-48fa-8ef6-a8092868d50f,Figure of Fable,Control,9,4,0.4444444444444444
Season-6,e20da6b5-1057-4a28-9e85-07de714e262f,"Wan Shi Tong, Librarian",Combo,10,5,0.5
Season-6,e20da6b5-1057-4a28-9e85-07de714e262f,"Wan Shi Tong, Librarian",Combo-Control,11,6,0.5454545454545454
Season-6,e2312c49-1627-47ad-8113-78a999a97d8d,Contaminated Landscape,Combo,11,5,0.4545454545454545
Season-6,e2312c49-1627-47ad-8113-78a999a97d8d,Contaminated Landscape,Combo-Control,9,4,0.4444444444444444
Season-6,e41cf82d-3213-47ce-a015-6e51a8b07e4f,Questing Beast,Aggro,10,6,0.6
Season-6,e4e6794a-feeb-4fc8-a2ee-38c75c18aaae,Heartless Act,Combo,10,5,0.5
Season-6,e5145f31-a4ac-44ef-8f85-e4d95f2c9ff5,Library of Alexandria,Combo-Control,8,8,1.0
Season-6,e58e681e-a069-4414-aafe-634c7987fd0d,Swords to Plowshares,Combo-Control,11,6,0.5454545454545454
Season-6,e6befbc4-1320-4f26-bd9f-b1814fedda10,Grief,Combo,10,5,0.5
Season-6,e6d7fba8-a157-4d81-9d6b-bd210a96b248,Gleemox,Combo,10,2,0.2
Season-6,e6d7fba8-a157-4d81-9d6b-bd210a96b248,Gleemox,Combo-Control,8,8,1.0
Season-6,e7b3ddca-69ef-4743-897b-57c58077db24,Time Warp,Combo-Control,11,6,0.5454545454545454
Season-6,e7c53ba4-9956-4cd6-85ca-2d6b61a5127c,Dance of the Dead,Aggro-Combo,10,7,0.7
Season-6,e7c53ba4-9956-4cd6-85ca-2d6b61a5127c,Dance of the Dead,Combo,11,5,0.4545454545454545
Season-6,e9a268ba-c442-4fe4-90b4-2810c8474f4e,Caustic Bronco,Control,9,4,0.4444444444444444
Season-6,e9a268ba-c442-4fe4-90b4-2810c8474f4e,Caustic Bronco,Control-Aggro (Midrange),11,3,0.2727272727272727
Season-6,e9be371c-c688-44ad-ab71-bd4c9f242d58,Force of Negation,Combo,10,2,0.2
Season-6,e9be371c-c688-44ad-ab71-bd4c9f242d58,Force of Negation,Combo-Control,11,6,0.5454545454545454
Season-6,ea1feac0-d3a7-45eb-9719-1cdaf51ea0b6,Mox Sapphire,Control,8,3,0.375
Season-6,ebc01ab4-d89a-4d25-bf54-6aed33772f4b,Force of Will,Combo,10,5,0.5
Season-6,ebc01ab4-d89a-4d25-bf54-6aed33772f4b,Force of Will,Combo-Control,11,6,0.5454545454545454
Season-6,ec3de5f4-bb55-4ab9-995f-f3e0dc22c1bb,Voice of Victory,Aggro,10,6,0.6
Season-6,ecc1027a-8c07-44a0-bdde-fa2844cff694,Vivi Ornitier,Combo,10,2,0.2
Season-6,ecc1027a-8c07-44a0-bdde-fa2844cff694,Vivi Ornitier,Control,10,3,0.3
Season-6,ed0216a0-c5c9-4a99-b869-53e4d0256326,Mox Pearl,Aggro,10,6,0.6
Season-6,ed0216a0-c5c9-4a99-b869-53e4d0256326,Mox Pearl,Control-Aggro (Midrange),11,5,0.4545454545454545
Season-6,ed0beb69-8441-4104-9990-81bd82f81f9a,The Fantasticar,Control,10,3,0.3
Season-6,ee8e9928-d9b2-4570-adb8-44b34115decd,Tireless Tracker,Aggro,10,6,0.6
Season-6,eeeffc0b-dc92-458e-ad58-86ff6077a508,Sentinel of the Nameless City,Aggro,10,6,0.6
Season-6,eeeffc0b-dc92-458e-ad58-86ff6077a508,Sentinel of the Nameless City,Aggro-Combo,10,5,0.5
Season-6,f05e9a3e-8a35-4687-85cb-e31b3927a5e2,Daze,Combo,11,5,0.4545454545454545
Season-6,f05e9a3e-8a35-4687-85cb-e31b3927a5e2,Daze,Control,9,4,0.4444444444444444
Season-6,f1a21287-e244-4960-84fb-c4f6e5c346d9,Third Path Iconoclast,Control,10,3,0.3
Season-6,f1b8413f-c9fc-4cea-b416-a1fcf651b009,Sylvan Safekeeper,Control-Aggro (Midrange),11,3,0.2727272727272727
Season-6,f1e5cafb-b0e6-4ee5-8c58-6f8e5ef2b9da,Virtue of Persistence // Locthwain Scorn,Combo-Control,17,12,0.7058823529411765
Season-6,f1eb50a6-07e2-41de-b948-8075bba197ee,Game Over,Control-Aggro (Midrange),11,3,0.2727272727272727
Season-6,f3405184-dcda-4bb6-ade6-c2a87bc3296d,Sleight of Hand,Combo,8,2,0.25
Season-6,f3405184-dcda-4bb6-ade6-c2a87bc3296d,Sleight of Hand,Control,8,3,0.375
Season-6,f3537373-ef54-4578-9d05-6216420ee349,Esper Sentinel,Combo-Control,20,10,0.5
Season-6,f486df00-7c4a-4ff0-bb0b-c8b5432ac742,Sylvan Library,Aggro,10,6,0.6
Season-6,f486df00-7c4a-4ff0-bb0b-c8b5432ac742,Sylvan Library,Control-Aggro (Midrange),11,3,0.2727272727272727
Season-6,f5fb426a-5618-4dd4-9c51-0cc847be8c1d,Multiversal Passage,Combo-Control,8,8,1.0
Season-6,f61693a2-7042-44e0-85ba-9bf12ab94e7e,Suplex,Aggro,20,12,0.6
Season-6,f62fd592-4910-417d-a500-e7029f3d119f,Kitesail Freebooter,Combo,11,5,0.4545454545454545
Season-6,f62fd592-4910-417d-a500-e7029f3d119f,Kitesail Freebooter,Control,9,4,0.4444444444444444
Season-6,f7e0549e-2d23-4ea8-b8d1-ae21af2c9091,Snap,Combo,8,2,0.25
Season-6,fa7a55aa-ae61-4933-b7a4-dcc55dac6fcd,"Inti, Seneschal of the Sun",Aggro,20,14,0.7
Season-6,fa7b7897-36e0-415a-8bb7-602886164852,Show and Tell,Combo,19,7,0.3684210526315789
Season-6,fa87bf1e-2062-4983-b1c4-98bffea69a4c,Pyrogoyf,Combo-Control,8,8,1.0
Season-6,fadb218d-29e2-42d1-a7a1-1066741d63ad,Mox Diamond,Combo,10,2,0.2
Season-6,fadb218d-29e2-42d1-a7a1-1066741d63ad,Mox Diamond,Control,8,3,0.375
Season-6,fc310a26-b6a0-4e42-98ab-bdfd7b06cb63,"Beza, the Bounding Spring",Control-Aggro (Midrange),11,5,0.4545454545454545
Season-6,fc7d1912-7e27-49ef-bd98-375d975a42b0,Starting Town,Aggro,10,6,0.6
Season-6,fc7d1912-7e27-49ef-bd98-375d975a42b0,Starting Town,Combo-Control,9,4,0.4444444444444444
Season-6,fd99bce1-ce39-464b-8e61-2631eb3ed6f6,Tolarian Academy,Combo,10,2,0.2
Season-6,fd99bce1-ce39-464b-8e61-2631eb3ed6f6,Tolarian Academy,Control,10,3,0.3
Season-6,fe30c0ff-f74b-456a-a61e-3720d84d713f,Parallax Wave,Aggro,10,8,0.8
Season-6,fe964e7e-e2c5-4263-889d-0a531eb51442,Luminarch Aspirant,Aggro,10,8,0.8
Season-6,ff37b863-f8c4-4584-8cc2-ac0e096e583f,Bazaar of Baghdad,Combo,10,2,0.2
Season-6,ff84ea71-e477-44f7-a3f8-77fef708efeb,Thieving Skydiver,Combo-Control,11,6,0.5454545454545454
Season-All,0020c31b-002a-4121-bc61-2c2c16e9afc8,Ornery Tumblewagg,Aggro,8,5,0.625
Season-All,0020c31b-002a-4121-bc61-2c2c16e9afc8,Ornery Tumblewagg,Aggro-Combo,20,12,0.6
Season-All,0020c31b-002a-4121-bc61-2c2c16e9afc8,Ornery Tumblewagg,Control-Aggro (Midrange),9,2,0.2222222222222222
Season-All,0027e5ca-8046-40a0-bd73-79be55f28bff,Remand,Aggro,10,6,0.6
Season-All,0027e5ca-8046-40a0-bd73-79be55f28bff,Remand,Aggro-Combo,9,6,0.6666666666666666
Season-All,0027e5ca-8046-40a0-bd73-79be55f28bff,Remand,Aggro-Control (Tempo),20,12,0.6
Season-All,0027e5ca-8046-40a0-bd73-79be55f28bff,Remand,Combo,95,49,0.5157894736842106
Season-All,0027e5ca-8046-40a0-bd73-79be55f28bff,Remand,Combo-Control,48,25,0.5208333333333334
Season-All,0027e5ca-8046-40a0-bd73-79be55f28bff,Remand,Control,36,8,0.2222222222222222
Season-All,0055ea30-20fb-4324-a632-8fed87628f05,"Boseiju, Who Endures",Aggro,42,25,0.5952380952380952
Season-All,0055ea30-20fb-4324-a632-8fed87628f05,"Boseiju, Who Endures",Aggro-Combo,45,25,0.5555555555555556
Season-All,0055ea30-20fb-4324-a632-8fed87628f05,"Boseiju, Who Endures",Combo,10,7,0.7
Season-All,0055ea30-20fb-4324-a632-8fed87628f05,"Boseiju, Who Endures",Combo-Control,9,3,0.3333333333333333
Season-All,0055ea30-20fb-4324-a632-8fed87628f05,"Boseiju, Who Endures",Control,20,12,0.6
Season-All,0055ea30-20fb-4324-a632-8fed87628f05,"Boseiju, Who Endures",Control-Aggro (Midrange),48,17,0.3541666666666667
Season-All,005dae9a-dddc-4a11-95bb-cce319edcce4,Skullclamp,Aggro,54,28,0.5185185185185185
Season-All,005dae9a-dddc-4a11-95bb-cce319edcce4,Skullclamp,Aggro-Combo,17,10,0.5882352941176471
Season-All,005dae9a-dddc-4a11-95bb-cce319edcce4,Skullclamp,Aggro-Control (Tempo),9,5,0.5555555555555556
Season-All,005dae9a-dddc-4a11-95bb-cce319edcce4,Skullclamp,Combo,9,3,0.3333333333333333
Season-All,005dae9a-dddc-4a11-95bb-cce319edcce4,Skullclamp,Combo-Control,28,17,0.6071428571428571
Season-All,005dae9a-dddc-4a11-95bb-cce319edcce4,Skullclamp,Control,27,10,0.3703703703703703
Season-All,005dae9a-dddc-4a11-95bb-cce319edcce4,Skullclamp,Control-Aggro (Midrange),40,21,0.525
Season-All,006d2bf1-20f7-4b09-8d98-8233d91682bd,Flame Slash,Aggro,98,52,0.5306122448979592
Season-All,006d2bf1-20f7-4b09-8d98-8233d91682bd,Flame Slash,Aggro-Combo,19,12,0.631578947368421
Season-All,006d2bf1-20f7-4b09-8d98-8233d91682bd,Flame Slash,Aggro-Control (Tempo),19,11,0.5789473684210527
Season-All,006d2bf1-20f7-4b09-8d98-8233d91682bd,Flame Slash,Combo,9,3,0.3333333333333333
Season-All,006d2bf1-20f7-4b09-8d98-8233d91682bd,Flame Slash,Control,61,34,0.5573770491803278
Season-All,00cb17a0-5a13-4d02-b7fb-f99531bc8ca5,Dark Depths,Combo,60,28,0.4666666666666667
Season-All,00cb17a0-5a13-4d02-b7fb-f99531bc8ca5,Dark Depths,Combo-Control,29,14,0.4827586206896552
Season-All,00f9955f-a522-47bf-b064-92dd21a76b18,Solemn Simulacrum,Combo,10,6,0.6
Season-All,00f9955f-a522-47bf-b064-92dd21a76b18,Solemn Simulacrum,Control,21,8,0.3809523809523809
Season-All,00f9955f-a522-47bf-b064-92dd21a76b18,Solemn Simulacrum,Control-Aggro (Midrange),8,1,0.125
Season-All,01006833-6007-4c16-9ebb-20d31c60a57a,Taiga,Aggro,56,32,0.5714285714285714
Season-All,01006833-6007-4c16-9ebb-20d31c60a57a,Taiga,Aggro-Combo,33,13,0.3939393939393939
Season-All,01006833-6007-4c16-9ebb-20d31c60a57a,Taiga,Combo,31,11,0.3548387096774194
Season-All,01006833-6007-4c16-9ebb-20d31c60a57a,Taiga,Combo-Control,9,6,0.6666666666666666
Season-All,01006833-6007-4c16-9ebb-20d31c60a57a,Taiga,Control,11,8,0.7272727272727273
Season-All,01006833-6007-4c16-9ebb-20d31c60a57a,Taiga,Control-Aggro (Midrange),48,26,0.5416666666666666
Season-All,01794178-cf41-454c-ac37-1d8b18e42db2,Green Sun's Zenith,Aggro,31,16,0.5161290322580645
Season-All,01794178-cf41-454c-ac37-1d8b18e42db2,Green Sun's Zenith,Aggro-Combo,50,26,0.52
Season-All,01794178-cf41-454c-ac37-1d8b18e42db2,Green Sun's Zenith,Combo,11,4,0.3636363636363636
Season-All,01794178-cf41-454c-ac37-1d8b18e42db2,Green Sun's Zenith,Combo-Control,32,13,0.40625
Season-All,01794178-cf41-454c-ac37-1d8b18e42db2,Green Sun's Zenith,Control,9,4,0.4444444444444444
Season-All,01794178-cf41-454c-ac37-1d8b18e42db2,Green Sun's Zenith,Control-Aggro (Midrange),65,29,0.4461538461538462
Season-All,01978fe5-00a9-4add-ae2a-b4c2572ffb9a,Vendilion Clique,Aggro-Control (Tempo),9,5,0.5555555555555556
Season-All,01978fe5-00a9-4add-ae2a-b4c2572ffb9a,Vendilion Clique,Combo,36,13,0.3611111111111111
Season-All,01978fe5-00a9-4add-ae2a-b4c2572ffb9a,Vendilion Clique,Combo-Control,10,5,0.5
Season-All,01978fe5-00a9-4add-ae2a-b4c2572ffb9a,Vendilion Clique,Control,18,9,0.5
Season-All,01978fe5-00a9-4add-ae2a-b4c2572ffb9a,Vendilion Clique,Control-Aggro (Midrange),6,1,0.1666666666666666
Season-All,019b51b0-e5c6-4208-922b-7736686dddcd,Agatha's Soul Cauldron,Control-Aggro (Midrange),11,3,0.2727272727272727
Season-All,01c6f877-6b00-4d57-8a88-36cd3b16edbc,Llanowar Elves,Aggro,47,23,0.4893617021276595
Season-All,01c6f877-6b00-4d57-8a88-36cd3b16edbc,Llanowar Elves,Aggro-Combo,63,33,0.5238095238095238
Season-All,01c6f877-6b00-4d57-8a88-36cd3b16edbc,Llanowar Elves,Combo,10,5,0.5
Season-All,01c6f877-6b00-4d57-8a88-36cd3b16edbc,Llanowar Elves,Control-Aggro (Midrange),78,32,0.4102564102564102
Season-All,01d1e394-1b0c-4b40-ba85-f55973703d41,Smirking Spelljacker,Aggro-Control (Tempo),10,8,0.8
Season-All,01d1e394-1b0c-4b40-ba85-f55973703d41,Smirking Spelljacker,Combo,31,15,0.4838709677419355
Season-All,01d1e394-1b0c-4b40-ba85-f55973703d41,Smirking Spelljacker,Control,64,23,0.359375
Season-All,01d1e394-1b0c-4b40-ba85-f55973703d41,Smirking Spelljacker,Control-Aggro (Midrange),9,5,0.5555555555555556
Season-All,01e7b0bc-1c6c-48f4-8b72-1a809f536c6c,Birds of Paradise,Aggro,70,40,0.5714285714285714
Season-All,01e7b0bc-1c6c-48f4-8b72-1a809f536c6c,Birds of Paradise,Aggro-Combo,45,26,0.5777777777777777
Season-All,01e7b0bc-1c6c-48f4-8b72-1a809f536c6c,Birds of Paradise,Combo,11,4,0.3636363636363636
Season-All,01e7b0bc-1c6c-48f4-8b72-1a809f536c6c,Birds of Paradise,Combo-Control,9,3,0.3333333333333333
Season-All,01e7b0bc-1c6c-48f4-8b72-1a809f536c6c,Birds of Paradise,Control,49,28,0.5714285714285714
Season-All,01e7b0bc-1c6c-48f4-8b72-1a809f536c6c,Birds of Paradise,Control-Aggro (Midrange),56,29,0.5178571428571429
Season-All,02138fbb-3962-4348-8d31-faaefba0b8b2,Raugrin Triome,Aggro,10,6,0.6
Season-All,02138fbb-3962-4348-8d31-faaefba0b8b2,Raugrin Triome,Aggro-Control (Tempo),18,10,0.5555555555555556
Season-All,02138fbb-3962-4348-8d31-faaefba0b8b2,Raugrin Triome,Combo-Control,20,10,0.5
Season-All,02138fbb-3962-4348-8d31-faaefba0b8b2,Raugrin Triome,Control,79,33,0.4177215189873418
Season-All,02551196-ecea-472f-9547-3c9658d0489e,Ravenous Chupacabra,Aggro,8,1,0.125
Season-All,02551196-ecea-472f-9547-3c9658d0489e,Ravenous Chupacabra,Combo,10,5,0.5
Season-All,02551196-ecea-472f-9547-3c9658d0489e,Ravenous Chupacabra,Control-Aggro (Midrange),11,7,0.6363636363636364
Season-All,026e7167-d665-43d0-a51e-8df2d68cdb5e,"Cecil, Dark Knight // Cecil, Redeemed Paladin",Aggro,18,9,0.5
Season-All,026e7167-d665-43d0-a51e-8df2d68cdb5e,"Cecil, Dark Knight // Cecil, Redeemed Paladin",Combo,10,6,0.6
Season-All,026e7167-d665-43d0-a51e-8df2d68cdb5e,"Cecil, Dark Knight // Cecil, Redeemed Paladin",Control,29,14,0.4827586206896552
Season-All,02902fcc-eefc-4e81-aafd-59fa203a71d7,Eternal Witness,Combo-Control,21,8,0.3809523809523809
Season-All,02c532e8-21f1-4d6f-a931-1ea48a6aeea2,Coalition Relic,Combo,40,20,0.5
Season-All,02c532e8-21f1-4d6f-a931-1ea48a6aeea2,Coalition Relic,Combo-Control,20,8,0.4
Season-All,02c532e8-21f1-4d6f-a931-1ea48a6aeea2,Coalition Relic,Control,54,26,0.4814814814814814
Season-All,02c532e8-21f1-4d6f-a931-1ea48a6aeea2,Coalition Relic,Control-Aggro (Midrange),10,4,0.4
Season-All,02d6d693-f1f3-4317-bcc0-c21fa8490d38,"Jace, Vryn's Prodigy // Jace, Telepath Unbound",Aggro,10,6,0.6
Season-All,02d6d693-f1f3-4317-bcc0-c21fa8490d38,"Jace, Vryn's Prodigy // Jace, Telepath Unbound",Combo,121,68,0.5619834710743802
Season-All,02d6d693-f1f3-4317-bcc0-c21fa8490d38,"Jace, Vryn's Prodigy // Jace, Telepath Unbound",Combo-Control,60,35,0.5833333333333334
Season-All,02d6d693-f1f3-4317-bcc0-c21fa8490d38,"Jace, Vryn's Prodigy // Jace, Telepath Unbound",Control,19,5,0.2631578947368421
Season-All,02d6d693-f1f3-4317-bcc0-c21fa8490d38,"Jace, Vryn's Prodigy // Jace, Telepath Unbound",Control-Aggro (Midrange),6,1,0.1666666666666666
Season-All,02e8e540-8aa3-4e6a-9a11-c3949cab5f0f,"Tezzeret, Cruel Captain",Combo,30,12,0.4
Season-All,02e8e540-8aa3-4e6a-9a11-c3949cab5f0f,"Tezzeret, Cruel Captain",Control,19,13,0.6842105263157895
Season-All,0324641d-af55-4c53-b4dc-c8262e967da5,Volcanic Island,Aggro,19,12,0.631578947368421
Season-All,0324641d-af55-4c53-b4dc-c8262e967da5,Volcanic Island,Aggro-Control (Tempo),49,26,0.5306122448979592
Season-All,0324641d-af55-4c53-b4dc-c8262e967da5,Volcanic Island,Combo,57,26,0.4561403508771929
Season-All,0324641d-af55-4c53-b4dc-c8262e967da5,Volcanic Island,Combo-Control,20,14,0.7
Season-All,0324641d-af55-4c53-b4dc-c8262e967da5,Volcanic Island,Control,34,14,0.4117647058823529
Season-All,0359f212-9564-41a9-870b-d2c57455a695,Brainstorm,Combo,61,33,0.5409836065573771
Season-All,0359f212-9564-41a9-870b-d2c57455a695,Brainstorm,Combo-Control,9,6,0.6666666666666666
Season-All,0359f212-9564-41a9-870b-d2c57455a695,Brainstorm,Control,43,22,0.5116279069767442
Season-All,0359f212-9564-41a9-870b-d2c57455a695,Brainstorm,Control-Aggro (Midrange),8,2,0.25
Season-All,045ce37b-86d2-4e56-84af-b6625b53d13c,Path to Exile,Aggro,89,46,0.5168539325842697
Season-All,045ce37b-86d2-4e56-84af-b6625b53d13c,Path to Exile,Combo,19,4,0.2105263157894736
Season-All,045ce37b-86d2-4e56-84af-b6625b53d13c,Path to Exile,Combo-Control,43,21,0.4883720930232558
Season-All,045ce37b-86d2-4e56-84af-b6625b53d13c,Path to Exile,Control,71,33,0.4647887323943662
Season-All,0463e989-ba32-4a46-a82f-e0d6daf3cd51,Sulfuric Vortex,Aggro,29,11,0.3793103448275862
Season-All,04fc99dc-bfbe-4567-b791-6b1db96471ec,Reanimate,Aggro,8,6,0.75
Season-All,04fc99dc-bfbe-4567-b791-6b1db96471ec,Reanimate,Aggro-Control (Tempo),9,5,0.5555555555555556
Season-All,04fc99dc-bfbe-4567-b791-6b1db96471ec,Reanimate,Combo,122,64,0.5245901639344263
Season-All,04fc99dc-bfbe-4567-b791-6b1db96471ec,Reanimate,Control,54,25,0.4629629629629629
Season-All,04fc99dc-bfbe-4567-b791-6b1db96471ec,Reanimate,Control-Aggro (Midrange),19,9,0.4736842105263157
Season-All,054f2276-2dd5-43da-bb26-c57c560861fe,Steam Vents,Aggro-Control (Tempo),12,7,0.5833333333333334
Season-All,054f2276-2dd5-43da-bb26-c57c560861fe,Steam Vents,Combo,93,43,0.4623655913978494
Season-All,054f2276-2dd5-43da-bb26-c57c560861fe,Steam Vents,Combo-Control,40,23,0.575
Season-All,054f2276-2dd5-43da-bb26-c57c560861fe,Steam Vents,Control,45,12,0.2666666666666666
Season-All,054f2276-2dd5-43da-bb26-c57c560861fe,Steam Vents,Control-Aggro (Midrange),9,5,0.5555555555555556
Season-All,05690d52-06c4-40b1-8360-380418a83250,The Aetherspark,Aggro,9,7,0.7777777777777778
Season-All,05690d52-06c4-40b1-8360-380418a83250,The Aetherspark,Combo,9,3,0.3333333333333333
Season-All,05690d52-06c4-40b1-8360-380418a83250,The Aetherspark,Control,29,15,0.5172413793103449
Season-All,05690d52-06c4-40b1-8360-380418a83250,The Aetherspark,Control-Aggro (Midrange),10,4,0.4
Season-All,059164e1-894d-4586-9800-e60d6fbd6eb6,Shifting Woodland,Aggro-Combo,19,10,0.5263157894736842
Season-All,059164e1-894d-4586-9800-e60d6fbd6eb6,Shifting Woodland,Combo-Control,20,8,0.4
Season-All,0596155d-8f83-40ca-be31-9a0df1ced65e,Wall of Omens,Aggro,10,2,0.2
Season-All,0596155d-8f83-40ca-be31-9a0df1ced65e,Wall of Omens,Control,27,9,0.3333333333333333
Season-All,059e8447-6b1c-4651-a734-a8fea2cbf7b2,Bloodchief's Thirst,Aggro-Control (Tempo),9,4,0.4444444444444444
Season-All,059e8447-6b1c-4651-a734-a8fea2cbf7b2,Bloodchief's Thirst,Control,18,7,0.3888888888888889
Season-All,05bd329b-5707-42fc-af1c-084cc604e805,Imperial Recruiter,Aggro,28,12,0.4285714285714285
Season-All,05bd329b-5707-42fc-af1c-084cc604e805,Imperial Recruiter,Aggro-Combo,8,0,0.0
Season-All,05bd329b-5707-42fc-af1c-084cc604e805,Imperial Recruiter,Combo-Control,9,6,0.6666666666666666
Season-All,05bd329b-5707-42fc-af1c-084cc604e805,Imperial Recruiter,Control,10,6,0.6
Season-All,05bd329b-5707-42fc-af1c-084cc604e805,Imperial Recruiter,Control-Aggro (Midrange),10,5,0.5
Season-All,05bdd22c-3e11-4c29-bdfa-d3dfc0e90a9f,Bitter Triumph,Aggro,19,6,0.3157894736842105
Season-All,05bdd22c-3e11-4c29-bdfa-d3dfc0e90a9f,Bitter Triumph,Combo,104,51,0.4903846153846153
Season-All,05bdd22c-3e11-4c29-bdfa-d3dfc0e90a9f,Bitter Triumph,Combo-Control,9,6,0.6666666666666666
Season-All,05bdd22c-3e11-4c29-bdfa-d3dfc0e90a9f,Bitter Triumph,Control,48,25,0.5208333333333334
Season-All,05bdd22c-3e11-4c29-bdfa-d3dfc0e90a9f,Bitter Triumph,Control-Aggro (Midrange),29,15,0.5172413793103449
Season-All,05cf51d8-9f91-42ff-99e9-4397f2251c20,Dark Confidant,Aggro,26,16,0.6153846153846154
Season-All,05cf51d8-9f91-42ff-99e9-4397f2251c20,Dark Confidant,Combo-Control,29,18,0.6206896551724138
Season-All,05cf51d8-9f91-42ff-99e9-4397f2251c20,Dark Confidant,Control,101,50,0.495049504950495
Season-All,05e8a4ea-8c0d-4284-ac23-80e19fdde11d,Myr Battlesphere,Combo,64,20,0.3125
Season-All,05e8a4ea-8c0d-4284-ac23-80e19fdde11d,Myr Battlesphere,Combo-Control,9,6,0.6666666666666666
Season-All,05e8a4ea-8c0d-4284-ac23-80e19fdde11d,Myr Battlesphere,Control,18,8,0.4444444444444444
Season-All,05e8a4ea-8c0d-4284-ac23-80e19fdde11d,Myr Battlesphere,Control-Aggro (Midrange),21,12,0.5714285714285714
Season-All,0645f487-efe5-4764-b361-85e07bb5ccca,"Ulamog, the Infinite Gyre",Aggro-Combo,9,5,0.5555555555555556
Season-All,0645f487-efe5-4764-b361-85e07bb5ccca,"Ulamog, the Infinite Gyre",Combo,37,16,0.4324324324324324
Season-All,064dfdeb-485f-473e-9fa0-8fdb7638cdc6,Dismember,Aggro,49,28,0.5714285714285714
Season-All,064dfdeb-485f-473e-9fa0-8fdb7638cdc6,Dismember,Combo,55,24,0.4363636363636363
Season-All,064dfdeb-485f-473e-9fa0-8fdb7638cdc6,Dismember,Combo-Control,10,8,0.8
Season-All,064dfdeb-485f-473e-9fa0-8fdb7638cdc6,Dismember,Control,74,43,0.581081081081081
Season-All,064dfdeb-485f-473e-9fa0-8fdb7638cdc6,Dismember,Control-Aggro (Midrange),21,11,0.5238095238095238
Season-All,068bb15a-fc2d-42a2-859b-837b946d23c0,Underground Sea,Aggro-Control (Tempo),9,5,0.5555555555555556
Season-All,068bb15a-fc2d-42a2-859b-837b946d23c0,Underground Sea,Combo,54,26,0.4814814814814814
Season-All,068bb15a-fc2d-42a2-859b-837b946d23c0,Underground Sea,Combo-Control,9,7,0.7777777777777778
Season-All,068bb15a-fc2d-42a2-859b-837b946d23c0,Underground Sea,Control,92,47,0.5108695652173914
Season-All,06c0c35d-a26e-473a-9206-8fbda7191700,Entomb,Aggro-Combo,10,7,0.7
Season-All,06c0c35d-a26e-473a-9206-8fbda7191700,Entomb,Combo,139,67,0.4820143884892086
Season-All,06c0c35d-a26e-473a-9206-8fbda7191700,Entomb,Combo-Control,20,14,0.7
Season-All,06c0c35d-a26e-473a-9206-8fbda7191700,Entomb,Control-Aggro (Midrange),11,3,0.2727272727272727
Season-All,06cb1bd6-73e0-4104-b344-4bc52d7dcedf,Baleful Strix,Aggro-Control (Tempo),9,4,0.4444444444444444
Season-All,06cb1bd6-73e0-4104-b344-4bc52d7dcedf,Baleful Strix,Combo,60,35,0.5833333333333334
Season-All,06cb1bd6-73e0-4104-b344-4bc52d7dcedf,Baleful Strix,Combo-Control,19,12,0.631578947368421
Season-All,06cb1bd6-73e0-4104-b344-4bc52d7dcedf,Baleful Strix,Control,83,52,0.6265060240963856
Season-All,071daca8-ccc6-4707-843e-adac40dd1588,Fury,Aggro,101,57,0.5643564356435643
Season-All,071daca8-ccc6-4707-843e-adac40dd1588,Fury,Combo,10,6,0.6
Season-All,071daca8-ccc6-4707-843e-adac40dd1588,Fury,Combo-Control,26,18,0.6923076923076923
Season-All,071daca8-ccc6-4707-843e-adac40dd1588,Fury,Control,20,13,0.65
Season-All,071daca8-ccc6-4707-843e-adac40dd1588,Fury,Control-Aggro (Midrange),19,11,0.5789473684210527
Season-All,07246783-d475-4f61-99ac-e2b574072349,Voice of Resurgence,Aggro,30,15,0.5
Season-All,07246783-d475-4f61-99ac-e2b574072349,Voice of Resurgence,Combo-Control,11,5,0.4545454545454545
Season-All,07246783-d475-4f61-99ac-e2b574072349,Voice of Resurgence,Control-Aggro (Midrange),28,6,0.2142857142857142
Season-All,07313dd3-d0dc-40ca-98a3-fa4d39e5bcae,Oust,Aggro,93,55,0.5913978494623656
Season-All,07313dd3-d0dc-40ca-98a3-fa4d39e5bcae,Oust,Aggro-Control (Tempo),9,5,0.5555555555555556
Season-All,07313dd3-d0dc-40ca-98a3-fa4d39e5bcae,Oust,Combo,9,1,0.1111111111111111
Season-All,07313dd3-d0dc-40ca-98a3-fa4d39e5bcae,Oust,Combo-Control,32,16,0.5
Season-All,07313dd3-d0dc-40ca-98a3-fa4d39e5bcae,Oust,Control,46,20,0.4347826086956521
Season-All,07313dd3-d0dc-40ca-98a3-fa4d39e5bcae,Oust,Control-Aggro (Midrange),30,11,0.3666666666666666
Season-All,073bfdca-d7b8-4f4b-93f3-6e7c44bc0b0a,Sol Ring,Aggro,54,37,0.6851851851851852
Season-All,073bfdca-d7b8-4f4b-93f3-6e7c44bc0b0a,Sol Ring,Aggro-Combo,10,5,0.5
Season-All,073bfdca-d7b8-4f4b-93f3-6e7c44bc0b0a,Sol Ring,Combo,68,36,0.5294117647058824
Season-All,073bfdca-d7b8-4f4b-93f3-6e7c44bc0b0a,Sol Ring,Combo-Control,18,9,0.5
Season-All,073bfdca-d7b8-4f4b-93f3-6e7c44bc0b0a,Sol Ring,Control,48,23,0.4791666666666667
Season-All,0783b426-a527-42c1-9271-be28b229e1c6,"Torsten, Founder of Benalia",Combo,29,11,0.3793103448275862
Season-All,0783b426-a527-42c1-9271-be28b229e1c6,"Torsten, Founder of Benalia",Combo-Control,26,19,0.7307692307692307
Season-All,079e6263-e54c-4899-a336-5315909b9322,"Magda, Brazen Outlaw",Aggro,93,50,0.5376344086021505
Season-All,079e6263-e54c-4899-a336-5315909b9322,"Magda, Brazen Outlaw",Aggro-Combo,9,5,0.5555555555555556
Season-All,079e6263-e54c-4899-a336-5315909b9322,"Magda, Brazen Outlaw",Aggro-Control (Tempo),11,7,0.6363636363636364
Season-All,079e6263-e54c-4899-a336-5315909b9322,"Magda, Brazen Outlaw",Combo,11,5,0.4545454545454545
Season-All,079e6263-e54c-4899-a336-5315909b9322,"Magda, Brazen Outlaw",Combo-Control,28,20,0.7142857142857143
Season-All,079e6263-e54c-4899-a336-5315909b9322,"Magda, Brazen Outlaw",Control,22,15,0.6818181818181818
Season-All,079e6263-e54c-4899-a336-5315909b9322,"Magda, Brazen Outlaw",Control-Aggro (Midrange),11,5,0.4545454545454545
Season-All,07a3d9e8-8597-498b-869c-cff79e0df516,"Karn, Scion of Urza",Combo,55,20,0.3636363636363636
Season-All,07a3d9e8-8597-498b-869c-cff79e0df516,"Karn, Scion of Urza",Combo-Control,18,8,0.4444444444444444
Season-All,07a3d9e8-8597-498b-869c-cff79e0df516,"Karn, Scion of Urza",Control,55,23,0.4181818181818181
Season-All,07c17b01-ee5d-491a-8403-b3f819b778c4,Wishclaw Talisman,Combo,49,27,0.5510204081632653
Season-All,07c17b01-ee5d-491a-8403-b3f819b778c4,Wishclaw Talisman,Combo-Control,37,21,0.5675675675675675
Season-All,07d8ae46-14ec-4878-ba8a-a47d4508c6d7,Zealous Persecution,Control,35,17,0.4857142857142857
Season-All,0845f0b0-9413-4ddd-861d-9607636bebc6,Natural Order,Aggro,28,15,0.5357142857142857
Season-All,0845f0b0-9413-4ddd-861d-9607636bebc6,Natural Order,Aggro-Combo,76,42,0.5526315789473685
Season-All,0845f0b0-9413-4ddd-861d-9607636bebc6,Natural Order,Combo-Control,18,9,0.5
Season-All,0845f0b0-9413-4ddd-861d-9607636bebc6,Natural Order,Control-Aggro (Midrange),49,19,0.3877551020408163
Season-All,08f79439-b8f8-418f-9772-26d81844749e,Enduring Innocence,Aggro,30,21,0.7
Season-All,08f79439-b8f8-418f-9772-26d81844749e,Enduring Innocence,Control,18,11,0.6111111111111112
Season-All,08f79439-b8f8-418f-9772-26d81844749e,Enduring Innocence,Control-Aggro (Midrange),8,6,0.75
Season-All,09521f23-52d6-482d-9f3b-c4d12fcc08cc,Tidehollow Sculler,Combo,10,3,0.3
Season-All,09521f23-52d6-482d-9f3b-c4d12fcc08cc,Tidehollow Sculler,Combo-Control,20,14,0.7
Season-All,09521f23-52d6-482d-9f3b-c4d12fcc08cc,Tidehollow Sculler,Control,85,46,0.5411764705882353
Season-All,09521f23-52d6-482d-9f3b-c4d12fcc08cc,Tidehollow Sculler,Control-Aggro (Midrange),10,6,0.6
Season-All,09fd2d9c-1793-4beb-a3fb-7a869f660cd4,Bonecrusher Giant // Stomp,Aggro,135,70,0.5185185185185185
Season-All,09fd2d9c-1793-4beb-a3fb-7a869f660cd4,Bonecrusher Giant // Stomp,Aggro-Combo,30,17,0.5666666666666667
Season-All,09fd2d9c-1793-4beb-a3fb-7a869f660cd4,Bonecrusher Giant // Stomp,Aggro-Control (Tempo),12,7,0.5833333333333334
Season-All,09fd2d9c-1793-4beb-a3fb-7a869f660cd4,Bonecrusher Giant // Stomp,Combo,18,12,0.6666666666666666
Season-All,09fd2d9c-1793-4beb-a3fb-7a869f660cd4,Bonecrusher Giant // Stomp,Combo-Control,19,11,0.5789473684210527
Season-All,0a26d900-c652-4f9c-8681-a35c5f8b1937,Sacred Foundry,Aggro,71,41,0.5774647887323944
Season-All,0a26d900-c652-4f9c-8681-a35c5f8b1937,Sacred Foundry,Aggro-Combo,11,5,0.4545454545454545
Season-All,0a26d900-c652-4f9c-8681-a35c5f8b1937,Sacred Foundry,Aggro-Control (Tempo),9,5,0.5555555555555556
Season-All,0a26d900-c652-4f9c-8681-a35c5f8b1937,Sacred Foundry,Combo,9,3,0.3333333333333333
Season-All,0a26d900-c652-4f9c-8681-a35c5f8b1937,Sacred Foundry,Combo-Control,11,7,0.6363636363636364
Season-All,0a26d900-c652-4f9c-8681-a35c5f8b1937,Sacred Foundry,Control,38,19,0.5
Season-All,0a26d900-c652-4f9c-8681-a35c5f8b1937,Sacred Foundry,Control-Aggro (Midrange),21,11,0.5238095238095238
Season-All,0a786855-6eb4-42c0-a528-4842db46809d,Stock Up,Combo,45,22,0.4888888888888889
Season-All,0a786855-6eb4-42c0-a528-4842db46809d,Stock Up,Combo-Control,9,7,0.7777777777777778
Season-All,0a786855-6eb4-42c0-a528-4842db46809d,Stock Up,Control,28,14,0.5
Season-All,0a786855-6eb4-42c0-a528-4842db46809d,Stock Up,Control-Aggro (Midrange),19,12,0.631578947368421
Season-All,0aa3a844-97e6-4f5d-a36f-56fea4e06932,Manglehorn,Aggro,8,5,0.625
Season-All,0aa3a844-97e6-4f5d-a36f-56fea4e06932,Manglehorn,Control-Aggro (Midrange),8,1,0.125
Season-All,0ad38866-fc5f-4f62-89c1-afc0f50765aa,Novice Inspector,Aggro,74,44,0.5945945945945946
Season-All,0ad38866-fc5f-4f62-89c1-afc0f50765aa,Novice Inspector,Aggro-Control (Tempo),9,5,0.5555555555555556
Season-All,0ad38866-fc5f-4f62-89c1-afc0f50765aa,Novice Inspector,Combo,19,9,0.4736842105263157
Season-All,0ad38866-fc5f-4f62-89c1-afc0f50765aa,Novice Inspector,Combo-Control,19,9,0.4736842105263157
Season-All,0ad38866-fc5f-4f62-89c1-afc0f50765aa,Novice Inspector,Control,54,28,0.5185185185185185
Season-All,0adcd4e5-d542-4293-8774-ace2305ef820,Walk-In Closet // Forgotten Cellar,Aggro,11,8,0.7272727272727273
Season-All,0adcd4e5-d542-4293-8774-ace2305ef820,Walk-In Closet // Forgotten Cellar,Aggro-Combo,12,6,0.5
Season-All,0adcd4e5-d542-4293-8774-ace2305ef820,Walk-In Closet // Forgotten Cellar,Combo,41,23,0.5609756097560976
Season-All,0adcd4e5-d542-4293-8774-ace2305ef820,Walk-In Closet // Forgotten Cellar,Combo-Control,21,11,0.5238095238095238
Season-All,0adcd4e5-d542-4293-8774-ace2305ef820,Walk-In Closet // Forgotten Cellar,Control-Aggro (Midrange),30,14,0.4666666666666667
Season-All,0c0e7131-db26-448d-afda-f48337a026f0,Pyroclasm,Combo,9,4,0.4444444444444444
Season-All,0c0e7131-db26-448d-afda-f48337a026f0,Pyroclasm,Control,11,8,0.7272727272727273
Season-All,0c3bc412-689f-4385-807b-ed60d6276d76,Grim Monolith,Aggro,9,6,0.6666666666666666
Season-All,0c3bc412-689f-4385-807b-ed60d6276d76,Grim Monolith,Combo,38,16,0.4210526315789473
Season-All,0c3bc412-689f-4385-807b-ed60d6276d76,Grim Monolith,Combo-Control,12,5,0.4166666666666667
Season-All,0c3bc412-689f-4385-807b-ed60d6276d76,Grim Monolith,Control,61,24,0.3934426229508196
Season-All,0c3d7e2c-a104-4757-9984-fb31088f92c4,Cryptic Coat,Aggro-Control (Tempo),20,11,0.55
Season-All,0c3d7e2c-a104-4757-9984-fb31088f92c4,Cryptic Coat,Combo,31,14,0.4516129032258064
Season-All,0c3d7e2c-a104-4757-9984-fb31088f92c4,Cryptic Coat,Control,46,20,0.4347826086956521
Season-All,0c9a7cb0-5bff-48ff-b620-2838816ac9b5,Counterspell,Aggro-Control (Tempo),55,31,0.5636363636363636
Season-All,0c9a7cb0-5bff-48ff-b620-2838816ac9b5,Counterspell,Combo,28,11,0.3928571428571428
Season-All,0c9a7cb0-5bff-48ff-b620-2838816ac9b5,Counterspell,Combo-Control,11,6,0.5454545454545454
Season-All,0c9a7cb0-5bff-48ff-b620-2838816ac9b5,Counterspell,Control,81,48,0.5925925925925926
Season-All,0c9a7cb0-5bff-48ff-b620-2838816ac9b5,Counterspell,Control-Aggro (Midrange),8,2,0.25
Season-All,0cb33b46-4d1b-4f97-bfdc-d815aee111da,Mana Crypt,Aggro,79,50,0.6329113924050633
Season-All,0cb33b46-4d1b-4f97-bfdc-d815aee111da,Mana Crypt,Aggro-Combo,8,3,0.375
Season-All,0cb33b46-4d1b-4f97-bfdc-d815aee111da,Mana Crypt,Aggro-Control (Tempo),19,13,0.6842105263157895
Season-All,0cb33b46-4d1b-4f97-bfdc-d815aee111da,Mana Crypt,Combo,49,20,0.4081632653061224
Season-All,0cb33b46-4d1b-4f97-bfdc-d815aee111da,Mana Crypt,Control,45,24,0.5333333333333333
Season-All,0cb33b46-4d1b-4f97-bfdc-d815aee111da,Mana Crypt,Control-Aggro (Midrange),10,4,0.4
Season-All,0ce44270-a684-4489-9077-521456e6dfaa,Lórien Revealed,Aggro-Combo,8,4,0.5
Season-All,0ce44270-a684-4489-9077-521456e6dfaa,Lórien Revealed,Aggro-Control (Tempo),38,21,0.5526315789473685
Season-All,0ce44270-a684-4489-9077-521456e6dfaa,Lórien Revealed,Combo,72,35,0.4861111111111111
Season-All,0ce44270-a684-4489-9077-521456e6dfaa,Lórien Revealed,Combo-Control,38,23,0.6052631578947368
Season-All,0ce44270-a684-4489-9077-521456e6dfaa,Lórien Revealed,Control,55,29,0.5272727272727272
Season-All,0d08f5e4-d2d3-4659-86d4-a983d80e3b2c,Tundra,Aggro,9,3,0.3333333333333333
Season-All,0d08f5e4-d2d3-4659-86d4-a983d80e3b2c,Tundra,Aggro-Control (Tempo),9,5,0.5555555555555556
Season-All,0d08f5e4-d2d3-4659-86d4-a983d80e3b2c,Tundra,Combo,18,4,0.2222222222222222
Season-All,0d08f5e4-d2d3-4659-86d4-a983d80e3b2c,Tundra,Combo-Control,32,19,0.59375
Season-All,0d08f5e4-d2d3-4659-86d4-a983d80e3b2c,Tundra,Control,80,38,0.475
Season-All,0d16e8e0-31b2-4389-afd6-783c501f6fa0,"Ajani, Nacatl Pariah // Ajani, Nacatl Avenger",Aggro,127,75,0.5905511811023622
Season-All,0d16e8e0-31b2-4389-afd6-783c501f6fa0,"Ajani, Nacatl Pariah // Ajani, Nacatl Avenger",Combo,10,6,0.6
Season-All,0d16e8e0-31b2-4389-afd6-783c501f6fa0,"Ajani, Nacatl Pariah // Ajani, Nacatl Avenger",Combo-Control,11,8,0.7272727272727273
Season-All,0d16e8e0-31b2-4389-afd6-783c501f6fa0,"Ajani, Nacatl Pariah // Ajani, Nacatl Avenger",Control,50,27,0.54
Season-All,0d16e8e0-31b2-4389-afd6-783c501f6fa0,"Ajani, Nacatl Pariah // Ajani, Nacatl Avenger",Control-Aggro (Midrange),20,6,0.3
Season-All,0d60eabe-b281-4eba-9c26-287364ed2067,Earthshaker Khenra,Aggro,82,48,0.5853658536585366
Season-All,0d60eabe-b281-4eba-9c26-287364ed2067,Earthshaker Khenra,Aggro-Combo,11,5,0.4545454545454545
Season-All,0d60eabe-b281-4eba-9c26-287364ed2067,Earthshaker Khenra,Control,19,8,0.4210526315789473
Season-All,0d60eabe-b281-4eba-9c26-287364ed2067,Earthshaker Khenra,Control-Aggro (Midrange),10,5,0.5
Season-All,0da69523-cece-425a-b08a-fb27fac29374,Figure of Destiny,Aggro,119,60,0.5042016806722689
Season-All,0da69523-cece-425a-b08a-fb27fac29374,Figure of Destiny,Control,9,5,0.5555555555555556
Season-All,0da69523-cece-425a-b08a-fb27fac29374,Figure of Destiny,Control-Aggro (Midrange),10,5,0.5
Season-All,0e0d989d-7186-40dc-bdfe-cfbb77656bc8,"Emrakul, the Aeons Torn",Aggro-Combo,10,6,0.6
Season-All,0e0d989d-7186-40dc-bdfe-cfbb77656bc8,"Emrakul, the Aeons Torn",Combo,61,31,0.5081967213114754
Season-All,0e51d796-7279-4c06-87f0-37adbdaa41df,Underworld Breach,Aggro,10,6,0.6
Season-All,0e51d796-7279-4c06-87f0-37adbdaa41df,Underworld Breach,Aggro-Combo,11,5,0.4545454545454545
Season-All,0e51d796-7279-4c06-87f0-37adbdaa41df,Underworld Breach,Aggro-Control (Tempo),8,2,0.25
Season-All,0e51d796-7279-4c06-87f0-37adbdaa41df,Underworld Breach,Combo,98,43,0.4387755102040816
Season-All,0e51d796-7279-4c06-87f0-37adbdaa41df,Underworld Breach,Combo-Control,20,15,0.75
Season-All,0e606072-a3aa-4300-ba90-ec92a721fa76,"Jace, the Mind Sculptor",Aggro-Control (Tempo),36,19,0.5277777777777778
Season-All,0e606072-a3aa-4300-ba90-ec92a721fa76,"Jace, the Mind Sculptor",Combo,25,17,0.68
Season-All,0e606072-a3aa-4300-ba90-ec92a721fa76,"Jace, the Mind Sculptor",Control,62,26,0.4193548387096774
Season-All,0e606072-a3aa-4300-ba90-ec92a721fa76,"Jace, the Mind Sculptor",Control-Aggro (Midrange),10,8,0.8
Season-All,0e9aeaa8-9a75-4719-992f-cbb316f72175,Savannah,Aggro,27,17,0.6296296296296297
Season-All,0e9aeaa8-9a75-4719-992f-cbb316f72175,Savannah,Aggro-Combo,19,13,0.6842105263157895
Season-All,0e9aeaa8-9a75-4719-992f-cbb316f72175,Savannah,Combo,9,3,0.3333333333333333
Season-All,0e9aeaa8-9a75-4719-992f-cbb316f72175,Savannah,Control,20,11,0.55
Season-All,0e9aeaa8-9a75-4719-992f-cbb316f72175,Savannah,Control-Aggro (Midrange),48,24,0.5
Season-All,0ecbe097-ba51-42e5-957c-382eb66c08f0,Robber of the Rich,Aggro,83,49,0.5903614457831325
Season-All,0ecbe097-ba51-42e5-957c-382eb66c08f0,Robber of the Rich,Control,19,7,0.3684210526315789
Season-All,0eee981e-5d26-4810-90e1-432f3c3107f2,Reclamation Sage,Aggro,9,4,0.4444444444444444
Season-All,0eee981e-5d26-4810-90e1-432f3c3107f2,Reclamation Sage,Aggro-Combo,30,16,0.5333333333333333
Season-All,0eee981e-5d26-4810-90e1-432f3c3107f2,Reclamation Sage,Combo-Control,21,11,0.5238095238095238
Season-All,0eee981e-5d26-4810-90e1-432f3c3107f2,Reclamation Sage,Control-Aggro (Midrange),31,13,0.4193548387096774
Season-All,0f3c8470-1cc8-4383-8782-c022867d46e8,"Tezzeret, Agent of Bolas",Combo,9,3,0.3333333333333333
Season-All,0f7585c8-9e21-4eef-afc1-2852de23db2f,Polluted Delta,Aggro,36,20,0.5555555555555556
Season-All,0f7585c8-9e21-4eef-afc1-2852de23db2f,Polluted Delta,Aggro-Control (Tempo),9,5,0.5555555555555556
Season-All,0f7585c8-9e21-4eef-afc1-2852de23db2f,Polluted Delta,Combo,41,23,0.5609756097560976
Season-All,0f7585c8-9e21-4eef-afc1-2852de23db2f,Polluted Delta,Combo-Control,27,16,0.5925925925925926
Season-All,0f7585c8-9e21-4eef-afc1-2852de23db2f,Polluted Delta,Control,51,16,0.3137254901960784
Season-All,0f7585c8-9e21-4eef-afc1-2852de23db2f,Polluted Delta,Control-Aggro (Midrange),42,17,0.4047619047619047
Season-All,0fb4c734-c698-46f2-bc78-5f036f472e5b,Unholy Annex // Ritual Chamber,Aggro,18,8,0.4444444444444444
Season-All,0fb4c734-c698-46f2-bc78-5f036f472e5b,Unholy Annex // Ritual Chamber,Combo,10,2,0.2
Season-All,0fe070f4-8877-4280-b8fd-869f3ac34ab6,Sheltering Landscape,Aggro,36,21,0.5833333333333334
Season-All,0fe070f4-8877-4280-b8fd-869f3ac34ab6,Sheltering Landscape,Aggro-Combo,11,5,0.4545454545454545
Season-All,0fe070f4-8877-4280-b8fd-869f3ac34ab6,Sheltering Landscape,Combo-Control,8,8,1.0
Season-All,0fe070f4-8877-4280-b8fd-869f3ac34ab6,Sheltering Landscape,Control,17,5,0.2941176470588235
Season-All,0fe070f4-8877-4280-b8fd-869f3ac34ab6,Sheltering Landscape,Control-Aggro (Midrange),8,6,0.75
Season-All,10158a5e-5a03-41ab-85d2-0907ccf32c9b,Dack Fayden,Aggro,20,12,0.6
Season-All,10158a5e-5a03-41ab-85d2-0907ccf32c9b,Dack Fayden,Combo,44,24,0.5454545454545454
Season-All,10158a5e-5a03-41ab-85d2-0907ccf32c9b,Dack Fayden,Combo-Control,46,26,0.5652173913043478
Season-All,10158a5e-5a03-41ab-85d2-0907ccf32c9b,Dack Fayden,Control,36,16,0.4444444444444444
Season-All,1066a94a-8e4f-4d77-820b-7a77a18116f0,Wooded Foothills,Aggro,66,38,0.5757575757575758
Season-All,1066a94a-8e4f-4d77-820b-7a77a18116f0,Wooded Foothills,Aggro-Control (Tempo),10,6,0.6
Season-All,1066a94a-8e4f-4d77-820b-7a77a18116f0,Wooded Foothills,Combo,18,13,0.7222222222222222
Season-All,1066a94a-8e4f-4d77-820b-7a77a18116f0,Wooded Foothills,Combo-Control,18,9,0.5
Season-All,1066a94a-8e4f-4d77-820b-7a77a18116f0,Wooded Foothills,Control,37,18,0.4864864864864865
Season-All,1066a94a-8e4f-4d77-820b-7a77a18116f0,Wooded Foothills,Control-Aggro (Midrange),39,24,0.6153846153846154
Season-All,106f9629-b3aa-4703-82fb-c1e771bbce72,The Wandering Emperor,Aggro,37,18,0.4864864864864865
Season-All,106f9629-b3aa-4703-82fb-c1e771bbce72,The Wandering Emperor,Combo-Control,21,11,0.5238095238095238
Season-All,106f9629-b3aa-4703-82fb-c1e771bbce72,The Wandering Emperor,Control,73,37,0.5068493150684932
Season-All,106f9629-b3aa-4703-82fb-c1e771bbce72,The Wandering Emperor,Control-Aggro (Midrange),9,2,0.2222222222222222
Season-All,107492bd-b32f-4692-917c-7771986b5bf7,Thespian's Stage,Combo,60,28,0.4666666666666667
Season-All,107492bd-b32f-4692-917c-7771986b5bf7,Thespian's Stage,Combo-Control,20,11,0.55
Season-All,107492bd-b32f-4692-917c-7771986b5bf7,Thespian's Stage,Control-Aggro (Midrange),10,5,0.5
Season-All,1103da9c-300c-406b-997d-9e5bb7cd02d6,"Lightning, Army of One",Aggro,71,45,0.6338028169014085
Season-All,1103da9c-300c-406b-997d-9e5bb7cd02d6,"Lightning, Army of One",Control,10,6,0.6
Season-All,1132218d-56cd-441e-9006-df3c50344491,Joraga Treespeaker,Aggro-Combo,21,10,0.4761904761904761
Season-All,1132218d-56cd-441e-9006-df3c50344491,Joraga Treespeaker,Aggro-Control (Tempo),17,7,0.4117647058823529
Season-All,1132218d-56cd-441e-9006-df3c50344491,Joraga Treespeaker,Combo,11,4,0.3636363636363636
Season-All,1132218d-56cd-441e-9006-df3c50344491,Joraga Treespeaker,Combo-Control,11,5,0.4545454545454545
Season-All,1132218d-56cd-441e-9006-df3c50344491,Joraga Treespeaker,Control,8,1,0.125
Season-All,1132218d-56cd-441e-9006-df3c50344491,Joraga Treespeaker,Control-Aggro (Midrange),28,11,0.3928571428571428
Season-All,113f48b9-a972-4e2c-af95-05ab078e01f2,Tranquil Landscape,Combo,38,17,0.4473684210526316
Season-All,113f48b9-a972-4e2c-af95-05ab078e01f2,Tranquil Landscape,Combo-Control,9,2,0.2222222222222222
Season-All,113f48b9-a972-4e2c-af95-05ab078e01f2,Tranquil Landscape,Control,9,4,0.4444444444444444
Season-All,113f48b9-a972-4e2c-af95-05ab078e01f2,Tranquil Landscape,Control-Aggro (Midrange),18,10,0.5555555555555556
Season-All,1163fe84-c5d5-42c8-b7cd-d206a9b0bd3f,Tireless Provisioner,Aggro,17,10,0.5882352941176471
Season-All,1163fe84-c5d5-42c8-b7cd-d206a9b0bd3f,Tireless Provisioner,Combo,10,7,0.7
Season-All,1163fe84-c5d5-42c8-b7cd-d206a9b0bd3f,Tireless Provisioner,Combo-Control,22,10,0.4545454545454545
Season-All,1163fe84-c5d5-42c8-b7cd-d206a9b0bd3f,Tireless Provisioner,Control,9,6,0.6666666666666666
Season-All,1163fe84-c5d5-42c8-b7cd-d206a9b0bd3f,Tireless Provisioner,Control-Aggro (Midrange),8,1,0.125
Season-All,117bb5db-4a1c-4704-b0b5-c67b45ac2f52,"Yuffie, Materia Hunter",Aggro,50,23,0.46
Season-All,120be808-ff3b-4fca-96a1-4db6b9825856,Quantum Riddler,Aggro,9,6,0.6666666666666666
Season-All,120be808-ff3b-4fca-96a1-4db6b9825856,Quantum Riddler,Aggro-Control (Tempo),9,4,0.4444444444444444
Season-All,120be808-ff3b-4fca-96a1-4db6b9825856,Quantum Riddler,Combo,8,2,0.25
Season-All,120be808-ff3b-4fca-96a1-4db6b9825856,Quantum Riddler,Control,29,17,0.5862068965517241
Season-All,120be808-ff3b-4fca-96a1-4db6b9825856,Quantum Riddler,Control-Aggro (Midrange),21,13,0.6190476190476191
Season-All,139b90cd-8272-457a-be32-1298145345be,Watery Grave,Aggro,9,6,0.6666666666666666
Season-All,139b90cd-8272-457a-be32-1298145345be,Watery Grave,Aggro-Control (Tempo),9,5,0.5555555555555556
Season-All,139b90cd-8272-457a-be32-1298145345be,Watery Grave,Combo,65,36,0.5538461538461539
Season-All,139b90cd-8272-457a-be32-1298145345be,Watery Grave,Combo-Control,19,14,0.7368421052631579
Season-All,139b90cd-8272-457a-be32-1298145345be,Watery Grave,Control,79,43,0.5443037974683544
Season-All,13c5a1ce-932a-4b3d-8b86-ed920e646afc,Satyr Wayfinder,Aggro,10,6,0.6
Season-All,13f5bcdc-70bb-4d67-99e1-282f166ee4bf,Increasing Confusion,Combo,10,2,0.2
Season-All,14065271-d942-42a8-aa38-d8a622c0375d,Scrubland,Aggro,40,23,0.575
Season-All,14065271-d942-42a8-aa38-d8a622c0375d,Scrubland,Aggro-Control (Tempo),18,10,0.5555555555555556
Season-All,14065271-d942-42a8-aa38-d8a622c0375d,Scrubland,Combo,19,6,0.3157894736842105
Season-All,14065271-d942-42a8-aa38-d8a622c0375d,Scrubland,Combo-Control,18,12,0.6666666666666666
Season-All,14065271-d942-42a8-aa38-d8a622c0375d,Scrubland,Control,44,20,0.4545454545454545
Season-All,14065271-d942-42a8-aa38-d8a622c0375d,Scrubland,Control-Aggro (Midrange),10,4,0.4
Season-All,1453f92e-df2d-4789-aa1b-a5b5c51567d4,Preordain,Aggro-Control (Tempo),19,9,0.4736842105263157
Season-All,1453f92e-df2d-4789-aa1b-a5b5c51567d4,Preordain,Combo,121,62,0.512396694214876
Season-All,1453f92e-df2d-4789-aa1b-a5b5c51567d4,Preordain,Combo-Control,11,5,0.4545454545454545
Season-All,1453f92e-df2d-4789-aa1b-a5b5c51567d4,Preordain,Control,40,20,0.5
Season-All,1453f92e-df2d-4789-aa1b-a5b5c51567d4,Preordain,Control-Aggro (Midrange),8,2,0.25
Season-All,1571b584-9007-45ee-a3c3-6c72f227fee2,Mystical Tutor,Aggro-Control (Tempo),9,5,0.5555555555555556
Season-All,1571b584-9007-45ee-a3c3-6c72f227fee2,Mystical Tutor,Combo,110,48,0.4363636363636363
Season-All,1571b584-9007-45ee-a3c3-6c72f227fee2,Mystical Tutor,Combo-Control,21,7,0.3333333333333333
Season-All,1571b584-9007-45ee-a3c3-6c72f227fee2,Mystical Tutor,Control,26,11,0.4230769230769231
Season-All,1571b584-9007-45ee-a3c3-6c72f227fee2,Mystical Tutor,Control-Aggro (Midrange),8,2,0.25
Season-All,15c34f32-49d9-4a0d-83b2-28172f54fdd1,Crop Rotation,Aggro-Combo,18,5,0.2777777777777778
Season-All,15c34f32-49d9-4a0d-83b2-28172f54fdd1,Crop Rotation,Combo,39,19,0.4871794871794871
Season-All,15c34f32-49d9-4a0d-83b2-28172f54fdd1,Crop Rotation,Combo-Control,20,8,0.4
Season-All,15c34f32-49d9-4a0d-83b2-28172f54fdd1,Crop Rotation,Control-Aggro (Midrange),17,7,0.4117647058823529
Season-All,15db4353-9c46-4fe4-b22e-0cf024aa9dfc,Grim Lavamancer,Aggro,29,14,0.4827586206896552
Season-All,15db4353-9c46-4fe4-b22e-0cf024aa9dfc,Grim Lavamancer,Combo-Control,9,3,0.3333333333333333
Season-All,15db4353-9c46-4fe4-b22e-0cf024aa9dfc,Grim Lavamancer,Control,9,8,0.8888888888888888
Season-All,15faa763-b897-4e86-b094-73f3236291a9,Verdant Catacombs,Aggro,21,10,0.4761904761904761
Season-All,15faa763-b897-4e86-b094-73f3236291a9,Verdant Catacombs,Aggro-Combo,8,3,0.375
Season-All,15faa763-b897-4e86-b094-73f3236291a9,Verdant Catacombs,Aggro-Control (Tempo),9,4,0.4444444444444444
Season-All,15faa763-b897-4e86-b094-73f3236291a9,Verdant Catacombs,Combo,50,29,0.58
Season-All,15faa763-b897-4e86-b094-73f3236291a9,Verdant Catacombs,Combo-Control,20,11,0.55
Season-All,15faa763-b897-4e86-b094-73f3236291a9,Verdant Catacombs,Control,64,32,0.5
Season-All,15faa763-b897-4e86-b094-73f3236291a9,Verdant Catacombs,Control-Aggro (Midrange),38,13,0.3421052631578947
Season-All,162018eb-5483-4fa2-9c5a-abb639eecf91,"Kiki-Jiki, Mirror Breaker",Aggro,16,7,0.4375
Season-All,162018eb-5483-4fa2-9c5a-abb639eecf91,"Kiki-Jiki, Mirror Breaker",Combo-Control,31,18,0.5806451612903226
Season-All,162e81d3-6cd4-4cb8-8ed8-cfbd8d34ca71,Mind Stone,Combo,39,16,0.4102564102564102
Season-All,162e81d3-6cd4-4cb8-8ed8-cfbd8d34ca71,Mind Stone,Control,69,32,0.463768115942029
Season-All,16448d95-ee21-4def-b880-26f6f159c213,Metamorphosis Fanatic,Aggro-Combo,8,0,0.0
Season-All,16448d95-ee21-4def-b880-26f6f159c213,Metamorphosis Fanatic,Combo,64,29,0.453125
Season-All,16448d95-ee21-4def-b880-26f6f159c213,Metamorphosis Fanatic,Combo-Control,8,8,1.0
Season-All,16448d95-ee21-4def-b880-26f6f159c213,Metamorphosis Fanatic,Control,18,12,0.6666666666666666
Season-All,1658f12b-8ac5-4d29-86d5-f20c4d5f7e48,Vindicate,Combo,8,0,0.0
Season-All,1658f12b-8ac5-4d29-86d5-f20c4d5f7e48,Vindicate,Control,11,6,0.5454545454545454
Season-All,16c8d2fa-54a7-46e8-980c-905258497c90,Arid Mesa,Aggro,56,33,0.5892857142857143
Season-All,16c8d2fa-54a7-46e8-980c-905258497c90,Arid Mesa,Aggro-Combo,19,12,0.631578947368421
Season-All,16c8d2fa-54a7-46e8-980c-905258497c90,Arid Mesa,Aggro-Control (Tempo),8,2,0.25
Season-All,16c8d2fa-54a7-46e8-980c-905258497c90,Arid Mesa,Combo,31,15,0.4838709677419355
Season-All,16c8d2fa-54a7-46e8-980c-905258497c90,Arid Mesa,Combo-Control,42,19,0.4523809523809524
Season-All,16c8d2fa-54a7-46e8-980c-905258497c90,Arid Mesa,Control,67,36,0.5373134328358209
Season-All,16e040c3-bf42-4a5b-aeb3-5dc9921151e5,Death's Shadow,Control,28,12,0.4285714285714285
Season-All,1716b4dd-9045-462b-b053-72de450a8cde,Blood Crypt,Aggro,70,32,0.4571428571428571
Season-All,1716b4dd-9045-462b-b053-72de450a8cde,Blood Crypt,Aggro-Combo,10,7,0.7
Season-All,1716b4dd-9045-462b-b053-72de450a8cde,Blood Crypt,Combo,68,36,0.5294117647058824
Season-All,1716b4dd-9045-462b-b053-72de450a8cde,Blood Crypt,Combo-Control,11,8,0.7272727272727273
Season-All,1716b4dd-9045-462b-b053-72de450a8cde,Blood Crypt,Control,28,11,0.3928571428571428
Season-All,1716b4dd-9045-462b-b053-72de450a8cde,Blood Crypt,Control-Aggro (Midrange),10,6,0.6
Season-All,17260fff-b239-4af4-9306-3236ae3fa5a5,Thundering Falls,Aggro-Combo,11,5,0.4545454545454545
Season-All,17260fff-b239-4af4-9306-3236ae3fa5a5,Thundering Falls,Aggro-Control (Tempo),18,8,0.4444444444444444
Season-All,17260fff-b239-4af4-9306-3236ae3fa5a5,Thundering Falls,Combo,30,17,0.5666666666666667
Season-All,17260fff-b239-4af4-9306-3236ae3fa5a5,Thundering Falls,Combo-Control,38,17,0.4473684210526316
Season-All,17260fff-b239-4af4-9306-3236ae3fa5a5,Thundering Falls,Control,45,23,0.5111111111111111
Season-All,175b3d28-5c74-4972-9b5c-5e39762c78f4,Relic of Sauron,Aggro,9,6,0.6666666666666666
Season-All,175b3d28-5c74-4972-9b5c-5e39762c78f4,Relic of Sauron,Combo,85,32,0.3764705882352941
Season-All,175b3d28-5c74-4972-9b5c-5e39762c78f4,Relic of Sauron,Combo-Control,21,7,0.3333333333333333
Season-All,175b3d28-5c74-4972-9b5c-5e39762c78f4,Relic of Sauron,Control,56,27,0.4821428571428571
Season-All,17824929-f131-4b8d-addb-66c25323155e,Infernal Grasp,Combo,9,7,0.7777777777777778
Season-All,17824929-f131-4b8d-addb-66c25323155e,Infernal Grasp,Combo-Control,9,4,0.4444444444444444
Season-All,17824929-f131-4b8d-addb-66c25323155e,Infernal Grasp,Control,20,7,0.35
Season-All,17824929-f131-4b8d-addb-66c25323155e,Infernal Grasp,Control-Aggro (Midrange),9,5,0.5555555555555556
Season-All,1785cb18-c291-4fd5-b8c7-ace893c32e49,Mesmeric Fiend,Aggro,19,6,0.3157894736842105
Season-All,1785cb18-c291-4fd5-b8c7-ace893c32e49,Mesmeric Fiend,Aggro-Control (Tempo),9,4,0.4444444444444444
Season-All,1785cb18-c291-4fd5-b8c7-ace893c32e49,Mesmeric Fiend,Combo,64,22,0.34375
Season-All,1785cb18-c291-4fd5-b8c7-ace893c32e49,Mesmeric Fiend,Combo-Control,40,25,0.625
Season-All,1785cb18-c291-4fd5-b8c7-ace893c32e49,Mesmeric Fiend,Control,33,16,0.4848484848484848
Season-All,17db2b6a-eaa8-4a08-9e86-370bbd058574,Bayou,Aggro-Combo,8,3,0.375
Season-All,17db2b6a-eaa8-4a08-9e86-370bbd058574,Bayou,Combo,33,15,0.4545454545454545
Season-All,17db2b6a-eaa8-4a08-9e86-370bbd058574,Bayou,Combo-Control,8,8,1.0
Season-All,17db2b6a-eaa8-4a08-9e86-370bbd058574,Bayou,Control,51,33,0.6470588235294118
Season-All,17db2b6a-eaa8-4a08-9e86-370bbd058574,Bayou,Control-Aggro (Midrange),70,33,0.4714285714285714
Season-All,17f28b16-da65-41a8-ba4f-f1c5e104aad6,Council's Judgment,Aggro,75,46,0.6133333333333333
Season-All,17f28b16-da65-41a8-ba4f-f1c5e104aad6,Council's Judgment,Control,72,32,0.4444444444444444
Season-All,17f28b16-da65-41a8-ba4f-f1c5e104aad6,Council's Judgment,Control-Aggro (Midrange),10,6,0.6
Season-All,18092f68-b96e-4084-9eba-b240d2195d81,"Adeline, Resplendent Cathar",Aggro,86,43,0.5
Season-All,18092f68-b96e-4084-9eba-b240d2195d81,"Adeline, Resplendent Cathar",Combo-Control,9,3,0.3333333333333333
Season-All,18092f68-b96e-4084-9eba-b240d2195d81,"Adeline, Resplendent Cathar",Control,26,17,0.6538461538461539
Season-All,18092f68-b96e-4084-9eba-b240d2195d81,"Adeline, Resplendent Cathar",Control-Aggro (Midrange),20,7,0.35
Season-All,1834ac92-8b4e-4442-a834-acd580e1ef99,Jack-in-the-Mox,Aggro,37,23,0.6216216216216216
Season-All,1834ac92-8b4e-4442-a834-acd580e1ef99,Jack-in-the-Mox,Aggro-Combo,10,5,0.5
Season-All,1834ac92-8b4e-4442-a834-acd580e1ef99,Jack-in-the-Mox,Aggro-Control (Tempo),17,6,0.3529411764705882
Season-All,1834ac92-8b4e-4442-a834-acd580e1ef99,Jack-in-the-Mox,Combo,11,7,0.6363636363636364
Season-All,1834ac92-8b4e-4442-a834-acd580e1ef99,Jack-in-the-Mox,Combo-Control,9,4,0.4444444444444444
Season-All,1834ac92-8b4e-4442-a834-acd580e1ef99,Jack-in-the-Mox,Control,21,11,0.5238095238095238
Season-All,1834ac92-8b4e-4442-a834-acd580e1ef99,Jack-in-the-Mox,Control-Aggro (Midrange),29,12,0.4137931034482758
Season-All,187b6719-e5ed-4615-a00b-3313ceca055b,Currency Converter,Aggro-Combo,10,7,0.7
Season-All,187b6719-e5ed-4615-a00b-3313ceca055b,Currency Converter,Combo,80,32,0.4
Season-All,187b6719-e5ed-4615-a00b-3313ceca055b,Currency Converter,Combo-Control,26,11,0.4230769230769231
Season-All,187b6719-e5ed-4615-a00b-3313ceca055b,Currency Converter,Control,27,12,0.4444444444444444
Season-All,187e887c-c39d-4d25-a506-cdc95fc70316,"Gideon, Ally of Zendikar",Aggro,63,30,0.4761904761904761
Season-All,187e887c-c39d-4d25-a506-cdc95fc70316,"Gideon, Ally of Zendikar",Aggro-Control (Tempo),8,2,0.25
Season-All,187e887c-c39d-4d25-a506-cdc95fc70316,"Gideon, Ally of Zendikar",Control,28,18,0.6428571428571429
Season-All,187e887c-c39d-4d25-a506-cdc95fc70316,"Gideon, Ally of Zendikar",Control-Aggro (Midrange),17,8,0.4705882352941176
Season-All,18a3cca1-e50e-49b6-9e1a-f86640e3b177,Snuff Out,Aggro,29,16,0.5517241379310345
Season-All,18a3cca1-e50e-49b6-9e1a-f86640e3b177,Snuff Out,Aggro-Control (Tempo),10,8,0.8
Season-All,18a3cca1-e50e-49b6-9e1a-f86640e3b177,Snuff Out,Combo,79,41,0.5189873417721519
Season-All,18a3cca1-e50e-49b6-9e1a-f86640e3b177,Snuff Out,Combo-Control,20,12,0.6
Season-All,18a3cca1-e50e-49b6-9e1a-f86640e3b177,Snuff Out,Control,52,32,0.6153846153846154
Season-All,18a3cca1-e50e-49b6-9e1a-f86640e3b177,Snuff Out,Control-Aggro (Midrange),9,5,0.5555555555555556
Season-All,18adbda4-8d36-47cd-afbc-c785aaa8ed80,Blightsteel Colossus,Aggro-Combo,9,5,0.5555555555555556
Season-All,18adbda4-8d36-47cd-afbc-c785aaa8ed80,Blightsteel Colossus,Combo,67,25,0.373134328358209
Season-All,18adbda4-8d36-47cd-afbc-c785aaa8ed80,Blightsteel Colossus,Control,7,2,0.2857142857142857
Season-All,18bd50f2-c3ba-4217-a2d5-bb771e199706,Vampiric Tutor,Combo,135,61,0.4518518518518518
Season-All,18bd50f2-c3ba-4217-a2d5-bb771e199706,Vampiric Tutor,Combo-Control,9,6,0.6666666666666666
Season-All,18bd50f2-c3ba-4217-a2d5-bb771e199706,Vampiric Tutor,Control,56,22,0.3928571428571428
Season-All,18bd50f2-c3ba-4217-a2d5-bb771e199706,Vampiric Tutor,Control-Aggro (Midrange),19,9,0.4736842105263157
Season-All,18ee486e-dc25-4de7-a71f-f11fdf100176,"Okoye, Mighty and Adored",Aggro,10,6,0.6
Season-All,18f23daa-bc59-456a-8a28-3823e51bc74b,Night's Whisper,Aggro,9,3,0.3333333333333333
Season-All,18f23daa-bc59-456a-8a28-3823e51bc74b,Night's Whisper,Combo,78,43,0.5512820512820513
Season-All,18f23daa-bc59-456a-8a28-3823e51bc74b,Night's Whisper,Control,34,18,0.5294117647058824
Season-All,19018f23-b63b-45af-8419-8959f41472d4,Pre-War Formalwear,Aggro,27,11,0.4074074074074074
Season-All,19018f23-b63b-45af-8419-8959f41472d4,Pre-War Formalwear,Control,18,11,0.6111111111111112
Season-All,19018f23-b63b-45af-8419-8959f41472d4,Pre-War Formalwear,Control-Aggro (Midrange),9,4,0.4444444444444444
Season-All,19477aca-b8db-4061-9a78-ebb189a9df22,Breeding Pool,Aggro,10,6,0.6
Season-All,19477aca-b8db-4061-9a78-ebb189a9df22,Breeding Pool,Aggro-Control (Tempo),18,8,0.4444444444444444
Season-All,19477aca-b8db-4061-9a78-ebb189a9df22,Breeding Pool,Combo,21,12,0.5714285714285714
Season-All,19477aca-b8db-4061-9a78-ebb189a9df22,Breeding Pool,Combo-Control,11,5,0.4545454545454545
Season-All,19477aca-b8db-4061-9a78-ebb189a9df22,Breeding Pool,Control,50,25,0.5
Season-All,19477aca-b8db-4061-9a78-ebb189a9df22,Breeding Pool,Control-Aggro (Midrange),29,10,0.3448275862068966
Season-All,19557351-b65f-4b04-b971-66abdc07000a,Stoneforge Mystic,Aggro,55,30,0.5454545454545454
Season-All,19557351-b65f-4b04-b971-66abdc07000a,Stoneforge Mystic,Combo-Control,11,5,0.4545454545454545
Season-All,19557351-b65f-4b04-b971-66abdc07000a,Stoneforge Mystic,Control,27,21,0.7777777777777778
Season-All,19557351-b65f-4b04-b971-66abdc07000a,Stoneforge Mystic,Control-Aggro (Midrange),20,7,0.35
Season-All,19adde22-e5eb-4815-beb6-c520b3274cc9,Lotus Cobra,Aggro,49,31,0.6326530612244898
Season-All,19adde22-e5eb-4815-beb6-c520b3274cc9,Lotus Cobra,Aggro-Combo,48,24,0.5
Season-All,19adde22-e5eb-4815-beb6-c520b3274cc9,Lotus Cobra,Combo,11,5,0.4545454545454545
Season-All,19adde22-e5eb-4815-beb6-c520b3274cc9,Lotus Cobra,Combo-Control,12,5,0.4166666666666667
Season-All,19adde22-e5eb-4815-beb6-c520b3274cc9,Lotus Cobra,Control,30,14,0.4666666666666667
Season-All,19adde22-e5eb-4815-beb6-c520b3274cc9,Lotus Cobra,Control-Aggro (Midrange),45,18,0.4
Season-All,19d6834d-afa3-4747-a62d-0654f4d9729f,"Malcolm, Alluring Scoundrel",Aggro-Control (Tempo),18,10,0.5555555555555556
Season-All,19d6834d-afa3-4747-a62d-0654f4d9729f,"Malcolm, Alluring Scoundrel",Combo,35,14,0.4
Season-All,19d6834d-afa3-4747-a62d-0654f4d9729f,"Malcolm, Alluring Scoundrel",Control,43,22,0.5116279069767442
Season-All,19d6834d-afa3-4747-a62d-0654f4d9729f,"Malcolm, Alluring Scoundrel",Control-Aggro (Midrange),10,4,0.4
Season-All,1a55c370-d396-4c73-8ee2-83dc4c124005,The Goose Mother,Aggro-Control (Tempo),17,7,0.4117647058823529
Season-All,1a55c370-d396-4c73-8ee2-83dc4c124005,The Goose Mother,Combo-Control,20,11,0.55
Season-All,1a55c370-d396-4c73-8ee2-83dc4c124005,The Goose Mother,Control,8,1,0.125
Season-All,1a55c370-d396-4c73-8ee2-83dc4c124005,The Goose Mother,Control-Aggro (Midrange),42,16,0.3809523809523809
Season-All,1a6f256b-943e-4cfb-9fc9-d1ded68b5f97,Chart a Course,Aggro-Control (Tempo),10,6,0.6
Season-All,1a6f256b-943e-4cfb-9fc9-d1ded68b5f97,Chart a Course,Combo,48,18,0.375
Season-All,1a6f256b-943e-4cfb-9fc9-d1ded68b5f97,Chart a Course,Control,44,25,0.5681818181818182
Season-All,1ac01fff-4de6-4783-9489-4127e25bc641,Prismatic Vista,Aggro,49,31,0.6326530612244898
Season-All,1ac01fff-4de6-4783-9489-4127e25bc641,Prismatic Vista,Aggro-Combo,10,7,0.7
Season-All,1ac01fff-4de6-4783-9489-4127e25bc641,Prismatic Vista,Aggro-Control (Tempo),18,9,0.5
Season-All,1ac01fff-4de6-4783-9489-4127e25bc641,Prismatic Vista,Combo,61,29,0.4754098360655737
Season-All,1ac01fff-4de6-4783-9489-4127e25bc641,Prismatic Vista,Combo-Control,18,10,0.5555555555555556
Season-All,1ac01fff-4de6-4783-9489-4127e25bc641,Prismatic Vista,Control,39,21,0.5384615384615384
Season-All,1ac01fff-4de6-4783-9489-4127e25bc641,Prismatic Vista,Control-Aggro (Midrange),20,9,0.45
Season-All,1ac0e78b-0fdd-44f9-8b7b-c4f28a32782e,Amped Raptor,Aggro,48,30,0.625
Season-All,1ac0e78b-0fdd-44f9-8b7b-c4f28a32782e,Amped Raptor,Aggro-Combo,7,3,0.4285714285714285
Season-All,1ac0e78b-0fdd-44f9-8b7b-c4f28a32782e,Amped Raptor,Control,9,5,0.5555555555555556
Season-All,1af92296-455a-425e-9397-a96d09937767,Incinerate,Aggro,89,47,0.5280898876404494
Season-All,1af92296-455a-425e-9397-a96d09937767,Incinerate,Aggro-Control (Tempo),12,7,0.5833333333333334
Season-All,1af92296-455a-425e-9397-a96d09937767,Incinerate,Combo,10,2,0.2
Season-All,1af92296-455a-425e-9397-a96d09937767,Incinerate,Combo-Control,9,6,0.6666666666666666
Season-All,1af92296-455a-425e-9397-a96d09937767,Incinerate,Control,21,9,0.4285714285714285
Season-All,1b0fe46d-08d6-48c3-be0d-650d8d3d66af,Ideas Unbound,Combo,8,2,0.25
Season-All,1b406cc5-75c9-430a-83a2-de0f2a8aeae6,"Mole Man, Moloid Master",Control-Aggro (Midrange),11,3,0.2727272727272727
Season-All,1b6ef5f5-4058-4f89-a573-9e2da87a9f2e,Steel Seraph,Aggro,8,6,0.75
Season-All,1b6ef5f5-4058-4f89-a573-9e2da87a9f2e,Steel Seraph,Aggro-Control (Tempo),9,1,0.1111111111111111
Season-All,1b6ef5f5-4058-4f89-a573-9e2da87a9f2e,Steel Seraph,Control,8,5,0.625
Season-All,1b6ef5f5-4058-4f89-a573-9e2da87a9f2e,Steel Seraph,Control-Aggro (Midrange),17,4,0.2352941176470588
Season-All,1bd3fa8a-6c50-4f7f-9ae3-0810eec5e3db,Reprieve,Aggro,81,43,0.5308641975308642
Season-All,1bd3fa8a-6c50-4f7f-9ae3-0810eec5e3db,Reprieve,Aggro-Control (Tempo),17,7,0.4117647058823529
Season-All,1bd3fa8a-6c50-4f7f-9ae3-0810eec5e3db,Reprieve,Combo-Control,11,7,0.6363636363636364
Season-All,1bd3fa8a-6c50-4f7f-9ae3-0810eec5e3db,Reprieve,Control,74,32,0.4324324324324324
Season-All,1be9d9a4-d7ee-4854-abc2-85cabf993ec9,Archon of Cruelty,Combo,142,65,0.4577464788732394
Season-All,1be9d9a4-d7ee-4854-abc2-85cabf993ec9,Archon of Cruelty,Control,9,7,0.7777777777777778
Season-All,1c0f2873-5849-4cab-855a-2fbbc41dbb6c,Chaos Defiler,Aggro,46,23,0.5
Season-All,1c0f2873-5849-4cab-855a-2fbbc41dbb6c,Chaos Defiler,Combo,40,23,0.575
Season-All,1c0f2873-5849-4cab-855a-2fbbc41dbb6c,Chaos Defiler,Combo-Control,26,16,0.6153846153846154
Season-All,1c0f2873-5849-4cab-855a-2fbbc41dbb6c,Chaos Defiler,Control,21,10,0.4761904761904761
Season-All,1c0f2873-5849-4cab-855a-2fbbc41dbb6c,Chaos Defiler,Control-Aggro (Midrange),41,24,0.5853658536585366
Season-All,1c603751-1e2b-4c8e-a8d2-5c0876e7254f,Darkstar Augur,Aggro,22,9,0.4090909090909091
Season-All,1c603751-1e2b-4c8e-a8d2-5c0876e7254f,Darkstar Augur,Combo-Control,9,7,0.7777777777777778
Season-All,1c603751-1e2b-4c8e-a8d2-5c0876e7254f,Darkstar Augur,Control,25,15,0.6
Season-All,1c7d50d6-b63a-4d8c-88fa-1d78ae693a45,Overgrown Tomb,Aggro,9,6,0.6666666666666666
Season-All,1c7d50d6-b63a-4d8c-88fa-1d78ae693a45,Overgrown Tomb,Aggro-Combo,10,7,0.7
Season-All,1c7d50d6-b63a-4d8c-88fa-1d78ae693a45,Overgrown Tomb,Combo,21,12,0.5714285714285714
Season-All,1c7d50d6-b63a-4d8c-88fa-1d78ae693a45,Overgrown Tomb,Combo-Control,18,12,0.6666666666666666
Season-All,1c7d50d6-b63a-4d8c-88fa-1d78ae693a45,Overgrown Tomb,Control,48,24,0.5
Season-All,1c7d50d6-b63a-4d8c-88fa-1d78ae693a45,Overgrown Tomb,Control-Aggro (Midrange),32,14,0.4375
Season-All,1d7a1357-debd-49b0-9fd5-560d5b3f589e,Chromatic Star,Control,9,4,0.4444444444444444
Season-All,1daf4348-05c5-4c55-bcf2-c7bec7988bfc,Plateau,Aggro,137,81,0.5912408759124088
Season-All,1daf4348-05c5-4c55-bcf2-c7bec7988bfc,Plateau,Aggro-Combo,8,3,0.375
Season-All,1daf4348-05c5-4c55-bcf2-c7bec7988bfc,Plateau,Combo,7,7,1.0
Season-All,1daf4348-05c5-4c55-bcf2-c7bec7988bfc,Plateau,Combo-Control,11,7,0.6363636363636364
Season-All,1daf4348-05c5-4c55-bcf2-c7bec7988bfc,Plateau,Control,21,12,0.5714285714285714
Season-All,1dd64b1d-bcef-476c-bf0b-3ac7df7cbed3,"Nissa, Ascended Animist",Aggro,17,10,0.5882352941176471
Season-All,1dd64b1d-bcef-476c-bf0b-3ac7df7cbed3,"Nissa, Ascended Animist",Aggro-Combo,48,26,0.5416666666666666
Season-All,1dd64b1d-bcef-476c-bf0b-3ac7df7cbed3,"Nissa, Ascended Animist",Control-Aggro (Midrange),28,17,0.6071428571428571
Season-All,1e0c695d-62f9-4805-9e2f-7032e8464136,No More Lies,Aggro-Control (Tempo),9,5,0.5555555555555556
Season-All,1e0c695d-62f9-4805-9e2f-7032e8464136,No More Lies,Control,27,9,0.3333333333333333
Season-All,1e14e677-9bfa-4bcc-9772-8e7758d7538a,Sea Gate Stormcaller,Combo,8,2,0.25
Season-All,1e14e677-9bfa-4bcc-9772-8e7758d7538a,Sea Gate Stormcaller,Control,10,3,0.3
Season-All,1e2fee55-227b-4373-a3f7-b463f220033f,Tinker,Combo,135,50,0.3703703703703703
Season-All,1e2fee55-227b-4373-a3f7-b463f220033f,Tinker,Combo-Control,10,5,0.5
Season-All,1e2fee55-227b-4373-a3f7-b463f220033f,Tinker,Control,10,7,0.7
Season-All,1e2fee55-227b-4373-a3f7-b463f220033f,Tinker,Control-Aggro (Midrange),10,7,0.7
Season-All,1e3e8085-cfcd-4e88-b441-4d1f8ac63904,Forth Eorlingas!,Aggro,126,72,0.5714285714285714
Season-All,1e3e8085-cfcd-4e88-b441-4d1f8ac63904,Forth Eorlingas!,Aggro-Control (Tempo),9,5,0.5555555555555556
Season-All,1e3e8085-cfcd-4e88-b441-4d1f8ac63904,Forth Eorlingas!,Combo-Control,18,12,0.6666666666666666
Season-All,1e3e8085-cfcd-4e88-b441-4d1f8ac63904,Forth Eorlingas!,Control,82,41,0.5
Season-All,1ea179e9-9c0d-46c1-9ee8-60be68e1f79c,Thirst for Discovery,Aggro-Control (Tempo),18,9,0.5
Season-All,1ea179e9-9c0d-46c1-9ee8-60be68e1f79c,Thirst for Discovery,Combo,28,12,0.4285714285714285
Season-All,1ea179e9-9c0d-46c1-9ee8-60be68e1f79c,Thirst for Discovery,Control-Aggro (Midrange),8,2,0.25
Season-All,1ee98955-4c47-4d45-9377-608dfa755337,Bone Shards,Aggro,19,11,0.5789473684210527
Season-All,1ee98955-4c47-4d45-9377-608dfa755337,Bone Shards,Aggro-Combo,8,3,0.375
Season-All,1ee98955-4c47-4d45-9377-608dfa755337,Bone Shards,Combo,115,57,0.4956521739130435
Season-All,1ee98955-4c47-4d45-9377-608dfa755337,Bone Shards,Combo-Control,11,8,0.7272727272727273
Season-All,1ee98955-4c47-4d45-9377-608dfa755337,Bone Shards,Control,37,14,0.3783783783783784
Season-All,1f123ad6-fe84-4fed-9c0f-6b41921e9c26,Deceiver Exarch,Combo-Control,9,6,0.6666666666666666
Season-All,1f123ad6-fe84-4fed-9c0f-6b41921e9c26,Deceiver Exarch,Control,11,6,0.5454545454545454
Season-All,1f2f7d4b-aa65-42ed-a441-8e35be96743c,Orcish Lumberjack,Aggro,89,49,0.550561797752809
Season-All,1f2f7d4b-aa65-42ed-a441-8e35be96743c,Orcish Lumberjack,Control-Aggro (Midrange),10,5,0.5
Season-All,1f9fb33a-3b39-4aff-93b8-aedafe0ea694,Fanatic of Rhonas,Aggro,19,11,0.5789473684210527
Season-All,1f9fb33a-3b39-4aff-93b8-aedafe0ea694,Fanatic of Rhonas,Aggro-Combo,49,27,0.5510204081632653
Season-All,1f9fb33a-3b39-4aff-93b8-aedafe0ea694,Fanatic of Rhonas,Control,8,1,0.125
Season-All,1f9fb33a-3b39-4aff-93b8-aedafe0ea694,Fanatic of Rhonas,Control-Aggro (Midrange),74,26,0.3513513513513513
Season-All,1fa48620-4c3d-4f75-be1f-c12c4aa59f51,"Golos, Tireless Pilgrim",Combo,11,4,0.3636363636363636
Season-All,1fc6d14a-1328-4032-ad9e-cd85cd365bd3,Endurance,Aggro,8,5,0.625
Season-All,1fc6d14a-1328-4032-ad9e-cd85cd365bd3,Endurance,Aggro-Combo,20,12,0.6
Season-All,1fc6d14a-1328-4032-ad9e-cd85cd365bd3,Endurance,Aggro-Control (Tempo),8,2,0.25
Season-All,1fc6d14a-1328-4032-ad9e-cd85cd365bd3,Endurance,Combo,10,7,0.7
Season-All,1fc6d14a-1328-4032-ad9e-cd85cd365bd3,Endurance,Combo-Control,11,5,0.4545454545454545
Season-All,1fc6d14a-1328-4032-ad9e-cd85cd365bd3,Endurance,Control,21,8,0.3809523809523809
Season-All,1fc6d14a-1328-4032-ad9e-cd85cd365bd3,Endurance,Control-Aggro (Midrange),70,34,0.4857142857142857
Season-All,1fdcc0c3-4029-4fc3-a486-5d7f45c910bd,Everflowing Chalice,Combo,56,16,0.2857142857142857
Season-All,1fdcc0c3-4029-4fc3-a486-5d7f45c910bd,Everflowing Chalice,Control,46,23,0.5
Season-All,1fdcc0c3-4029-4fc3-a486-5d7f45c910bd,Everflowing Chalice,Control-Aggro (Midrange),9,1,0.1111111111111111
Season-All,205df311-a72d-40f1-b2ea-9b30274bc9bd,Knight of the Reliquary,Combo,19,8,0.4210526315789473
Season-All,205df311-a72d-40f1-b2ea-9b30274bc9bd,Knight of the Reliquary,Combo-Control,12,5,0.4166666666666667
Season-All,205df311-a72d-40f1-b2ea-9b30274bc9bd,Knight of the Reliquary,Control-Aggro (Midrange),19,4,0.2105263157894736
Season-All,207d5f12-fbc6-4c75-9d84-fd2f0023fbd0,Sneak Attack,Aggro,19,7,0.3684210526315789
Season-All,207d5f12-fbc6-4c75-9d84-fd2f0023fbd0,Sneak Attack,Aggro-Combo,27,19,0.7037037037037037
Season-All,207d5f12-fbc6-4c75-9d84-fd2f0023fbd0,Sneak Attack,Combo,96,52,0.5416666666666666
Season-All,207d5f12-fbc6-4c75-9d84-fd2f0023fbd0,Sneak Attack,Combo-Control,26,19,0.7307692307692307
Season-All,209c591a-4ab2-4e89-9523-a7b766cf4e51,Ouroboroid,Aggro,10,6,0.6
Season-All,209c591a-4ab2-4e89-9523-a7b766cf4e51,Ouroboroid,Aggro-Combo,10,7,0.7
Season-All,209c591a-4ab2-4e89-9523-a7b766cf4e51,Ouroboroid,Control-Aggro (Midrange),27,16,0.5925925925925926
Season-All,20c4aae1-7665-4df7-bd51-a1d95bf8a17d,Murktide Regent,Aggro-Control (Tempo),8,2,0.25
Season-All,20c4aae1-7665-4df7-bd51-a1d95bf8a17d,Murktide Regent,Combo,9,3,0.3333333333333333
Season-All,20c4aae1-7665-4df7-bd51-a1d95bf8a17d,Murktide Regent,Combo-Control,18,8,0.4444444444444444
Season-All,20c4aae1-7665-4df7-bd51-a1d95bf8a17d,Murktide Regent,Control,10,4,0.4
Season-All,20c4aae1-7665-4df7-bd51-a1d95bf8a17d,Murktide Regent,Control-Aggro (Midrange),9,4,0.4444444444444444
Season-All,216a8e4e-ea7b-41c7-a982-b5751025ff25,Scrapheap Scrounger,Aggro,17,8,0.4705882352941176
Season-All,216a8e4e-ea7b-41c7-a982-b5751025ff25,Scrapheap Scrounger,Aggro-Control (Tempo),10,8,0.8
Season-All,216a8e4e-ea7b-41c7-a982-b5751025ff25,Scrapheap Scrounger,Combo,8,5,0.625
Season-All,21c950d7-b4f6-4902-8c9a-98f2933f9fa5,Adanto Vanguard,Aggro,143,76,0.5314685314685315
Season-All,21c950d7-b4f6-4902-8c9a-98f2933f9fa5,Adanto Vanguard,Aggro-Control (Tempo),9,4,0.4444444444444444
Season-All,21c950d7-b4f6-4902-8c9a-98f2933f9fa5,Adanto Vanguard,Combo-Control,11,8,0.7272727272727273
Season-All,21c950d7-b4f6-4902-8c9a-98f2933f9fa5,Adanto Vanguard,Control,18,5,0.2777777777777778
Season-All,224d904a-5972-4152-878a-9a922e7a55b6,"Titania, Protector of Argoth",Aggro,38,21,0.5526315789473685
Season-All,224d904a-5972-4152-878a-9a922e7a55b6,"Titania, Protector of Argoth",Aggro-Combo,28,15,0.5357142857142857
Season-All,224d904a-5972-4152-878a-9a922e7a55b6,"Titania, Protector of Argoth",Combo,21,11,0.5238095238095238
Season-All,224d904a-5972-4152-878a-9a922e7a55b6,"Titania, Protector of Argoth",Control,11,6,0.5454545454545454
Season-All,224d904a-5972-4152-878a-9a922e7a55b6,"Titania, Protector of Argoth",Control-Aggro (Midrange),29,15,0.5172413793103449
Season-All,229a0d4a-3777-451d-a2fb-f1a2fdf8019f,Spara's Headquarters,Aggro,10,4,0.4
Season-All,229a0d4a-3777-451d-a2fb-f1a2fdf8019f,Spara's Headquarters,Aggro-Combo,16,7,0.4375
Season-All,229a0d4a-3777-451d-a2fb-f1a2fdf8019f,Spara's Headquarters,Aggro-Control (Tempo),9,5,0.5555555555555556
Season-All,229a0d4a-3777-451d-a2fb-f1a2fdf8019f,Spara's Headquarters,Combo,21,8,0.3809523809523809
Season-All,229a0d4a-3777-451d-a2fb-f1a2fdf8019f,Spara's Headquarters,Combo-Control,11,5,0.4545454545454545
Season-All,229a0d4a-3777-451d-a2fb-f1a2fdf8019f,Spara's Headquarters,Control,35,18,0.5142857142857142
Season-All,229a0d4a-3777-451d-a2fb-f1a2fdf8019f,Spara's Headquarters,Control-Aggro (Midrange),42,21,0.5
Season-All,22c26e44-e129-4c4d-b552-3cc8774ce1a4,Mox Poison,Aggro,18,10,0.5555555555555556
Season-All,22c26e44-e129-4c4d-b552-3cc8774ce1a4,Mox Poison,Combo,29,14,0.4827586206896552
Season-All,22c26e44-e129-4c4d-b552-3cc8774ce1a4,Mox Poison,Control,57,30,0.5263157894736842
Season-All,22c26e44-e129-4c4d-b552-3cc8774ce1a4,Mox Poison,Control-Aggro (Midrange),9,2,0.2222222222222222
Season-All,2398892d-28e9-4009-81ec-0d544af79d2b,Ancestral Recall,Aggro,10,4,0.4
Season-All,2398892d-28e9-4009-81ec-0d544af79d2b,Ancestral Recall,Aggro-Combo,18,5,0.2777777777777778
Season-All,2398892d-28e9-4009-81ec-0d544af79d2b,Ancestral Recall,Aggro-Control (Tempo),37,20,0.5405405405405406
Season-All,2398892d-28e9-4009-81ec-0d544af79d2b,Ancestral Recall,Combo,57,31,0.543859649122807
Season-All,2398892d-28e9-4009-81ec-0d544af79d2b,Ancestral Recall,Control,82,41,0.5
Season-All,2398892d-28e9-4009-81ec-0d544af79d2b,Ancestral Recall,Control-Aggro (Midrange),17,6,0.3529411764705882
Season-All,23b95b26-0bbf-4fa1-80c1-f621f1a1b947,Damn,Combo,29,7,0.2413793103448276
Season-All,23b95b26-0bbf-4fa1-80c1-f621f1a1b947,Damn,Combo-Control,9,6,0.6666666666666666
Season-All,2424f2c4-366b-42cf-bf4b-a8a5bfdd2c4b,Life // Death,Aggro,21,12,0.5714285714285714
Season-All,2424f2c4-366b-42cf-bf4b-a8a5bfdd2c4b,Life // Death,Combo,80,43,0.5375
Season-All,2424f2c4-366b-42cf-bf4b-a8a5bfdd2c4b,Life // Death,Control,9,4,0.4444444444444444
Season-All,2424f2c4-366b-42cf-bf4b-a8a5bfdd2c4b,Life // Death,Control-Aggro (Midrange),9,4,0.4444444444444444
Season-All,245cdc59-d560-4c10-b721-f51cc312e370,Mishra's Factory,Aggro,20,10,0.5
Season-All,245cdc59-d560-4c10-b721-f51cc312e370,Mishra's Factory,Aggro-Combo,9,5,0.5555555555555556
Season-All,245cdc59-d560-4c10-b721-f51cc312e370,Mishra's Factory,Aggro-Control (Tempo),8,2,0.25
Season-All,245cdc59-d560-4c10-b721-f51cc312e370,Mishra's Factory,Combo,27,11,0.4074074074074074
Season-All,245cdc59-d560-4c10-b721-f51cc312e370,Mishra's Factory,Combo-Control,9,4,0.4444444444444444
Season-All,245cdc59-d560-4c10-b721-f51cc312e370,Mishra's Factory,Control,43,20,0.4651162790697674
Season-All,245cdc59-d560-4c10-b721-f51cc312e370,Mishra's Factory,Control-Aggro (Midrange),21,8,0.3809523809523809
Season-All,2462df62-fc35-47ed-9571-40452074dc6d,Traveling Chocobo,Aggro-Combo,7,3,0.4285714285714285
Season-All,2462df62-fc35-47ed-9571-40452074dc6d,Traveling Chocobo,Combo,10,7,0.7
Season-All,2462df62-fc35-47ed-9571-40452074dc6d,Traveling Chocobo,Control-Aggro (Midrange),33,16,0.4848484848484848
Season-All,247939d9-87e9-4f01-b223-fb4cfa7dbbe1,Mana Leak,Aggro-Control (Tempo),26,12,0.4615384615384615
Season-All,247939d9-87e9-4f01-b223-fb4cfa7dbbe1,Mana Leak,Combo,65,24,0.3692307692307692
Season-All,247939d9-87e9-4f01-b223-fb4cfa7dbbe1,Mana Leak,Combo-Control,40,21,0.525
Season-All,247939d9-87e9-4f01-b223-fb4cfa7dbbe1,Mana Leak,Control,56,25,0.4464285714285714
Season-All,247939d9-87e9-4f01-b223-fb4cfa7dbbe1,Mana Leak,Control-Aggro (Midrange),9,5,0.5555555555555556
Season-All,2487d124-210b-4808-888c-cd0a78aebd90,Molten Collapse,Aggro,28,15,0.5357142857142857
Season-All,2487d124-210b-4808-888c-cd0a78aebd90,Molten Collapse,Combo,29,18,0.6206896551724138
Season-All,2487d124-210b-4808-888c-cd0a78aebd90,Molten Collapse,Control,19,11,0.5789473684210527
Season-All,24a5cc2c-0fbf-4a5f-b175-6e0ffd0d0787,Misty Rainforest,Aggro,27,15,0.5555555555555556
Season-All,24a5cc2c-0fbf-4a5f-b175-6e0ffd0d0787,Misty Rainforest,Aggro-Combo,29,16,0.5517241379310345
Season-All,24a5cc2c-0fbf-4a5f-b175-6e0ffd0d0787,Misty Rainforest,Aggro-Control (Tempo),10,8,0.8
Season-All,24a5cc2c-0fbf-4a5f-b175-6e0ffd0d0787,Misty Rainforest,Combo,48,26,0.5416666666666666
Season-All,24a5cc2c-0fbf-4a5f-b175-6e0ffd0d0787,Misty Rainforest,Combo-Control,20,13,0.65
Season-All,24a5cc2c-0fbf-4a5f-b175-6e0ffd0d0787,Misty Rainforest,Control,19,16,0.8421052631578947
Season-All,24a5cc2c-0fbf-4a5f-b175-6e0ffd0d0787,Misty Rainforest,Control-Aggro (Midrange),57,23,0.4035087719298245
Season-All,24c0d87b-0049-4beb-b9cb-6f813b7aa7dc,Fable of the Mirror-Breaker // Reflection of Kiki-Jiki,Aggro,111,69,0.6216216216216216
Season-All,24c0d87b-0049-4beb-b9cb-6f813b7aa7dc,Fable of the Mirror-Breaker // Reflection of Kiki-Jiki,Aggro-Combo,8,7,0.875
Season-All,24c0d87b-0049-4beb-b9cb-6f813b7aa7dc,Fable of the Mirror-Breaker // Reflection of Kiki-Jiki,Aggro-Control (Tempo),9,5,0.5555555555555556
Season-All,24c0d87b-0049-4beb-b9cb-6f813b7aa7dc,Fable of the Mirror-Breaker // Reflection of Kiki-Jiki,Combo,30,17,0.5666666666666667
Season-All,24c0d87b-0049-4beb-b9cb-6f813b7aa7dc,Fable of the Mirror-Breaker // Reflection of Kiki-Jiki,Control,39,17,0.4358974358974359
Season-All,24c0d87b-0049-4beb-b9cb-6f813b7aa7dc,Fable of the Mirror-Breaker // Reflection of Kiki-Jiki,Control-Aggro (Midrange),10,2,0.2
Season-All,24da9431-7e52-44f5-bc18-2f2d8a4ca81e,Abrade,Aggro,72,33,0.4583333333333333
Season-All,24da9431-7e52-44f5-bc18-2f2d8a4ca81e,Abrade,Aggro-Combo,18,7,0.3888888888888889
Season-All,24da9431-7e52-44f5-bc18-2f2d8a4ca81e,Abrade,Aggro-Control (Tempo),9,5,0.5555555555555556
Season-All,24da9431-7e52-44f5-bc18-2f2d8a4ca81e,Abrade,Combo-Control,18,10,0.5555555555555556
Season-All,24da9431-7e52-44f5-bc18-2f2d8a4ca81e,Abrade,Control,22,14,0.6363636363636364
Season-All,24da9431-7e52-44f5-bc18-2f2d8a4ca81e,Abrade,Control-Aggro (Midrange),29,18,0.6206896551724138
Season-All,24e58478-c6a8-4f86-854a-a489c99bd777,Usher of the Fallen,Aggro,67,37,0.5522388059701493
Season-All,24e58478-c6a8-4f86-854a-a489c99bd777,Usher of the Fallen,Combo-Control,11,8,0.7272727272727273
Season-All,24e58478-c6a8-4f86-854a-a489c99bd777,Usher of the Fallen,Control,7,4,0.5714285714285714
Season-All,24e58478-c6a8-4f86-854a-a489c99bd777,Usher of the Fallen,Control-Aggro (Midrange),9,2,0.2222222222222222
Season-All,2573e694-eaa0-42ca-b470-2ab507cbcec1,Moonshadow,Control,9,4,0.4444444444444444
Season-All,2573e694-eaa0-42ca-b470-2ab507cbcec1,Moonshadow,Control-Aggro (Midrange),11,3,0.2727272727272727
Season-All,25b0b816-0583-44aa-9dc5-f3ff48993a51,Gaea's Cradle,Aggro,29,16,0.5517241379310345
Season-All,25b0b816-0583-44aa-9dc5-f3ff48993a51,Gaea's Cradle,Aggro-Combo,66,31,0.4696969696969697
Season-All,25b0b816-0583-44aa-9dc5-f3ff48993a51,Gaea's Cradle,Combo-Control,18,12,0.6666666666666666
Season-All,25b0b816-0583-44aa-9dc5-f3ff48993a51,Gaea's Cradle,Control,18,5,0.2777777777777778
Season-All,25b0b816-0583-44aa-9dc5-f3ff48993a51,Gaea's Cradle,Control-Aggro (Midrange),46,20,0.4347826086956521
Season-All,2605df98-0b02-4aab-bc36-01e93c693743,Territorial Kavu,Aggro,9,6,0.6666666666666666
Season-All,2605df98-0b02-4aab-bc36-01e93c693743,Territorial Kavu,Combo-Control,20,11,0.55
Season-All,2605df98-0b02-4aab-bc36-01e93c693743,Territorial Kavu,Control,9,5,0.5555555555555556
Season-All,2605df98-0b02-4aab-bc36-01e93c693743,Territorial Kavu,Control-Aggro (Midrange),10,5,0.5
Season-All,2616aa0e-8413-4e63-877c-bffd5263f552,Porcelain Legionnaire,Aggro,56,27,0.4821428571428571
Season-All,2616aa0e-8413-4e63-877c-bffd5263f552,Porcelain Legionnaire,Aggro-Control (Tempo),17,6,0.3529411764705882
Season-All,2616aa0e-8413-4e63-877c-bffd5263f552,Porcelain Legionnaire,Combo,20,8,0.4
Season-All,2616aa0e-8413-4e63-877c-bffd5263f552,Porcelain Legionnaire,Control,27,12,0.4444444444444444
Season-All,2616aa0e-8413-4e63-877c-bffd5263f552,Porcelain Legionnaire,Control-Aggro (Midrange),18,7,0.3888888888888889
Season-All,261ac92e-c61a-4c11-aa6a-9ae1cb703e5c,Dreams of Steel and Oil,Aggro,18,10,0.5555555555555556
Season-All,261ac92e-c61a-4c11-aa6a-9ae1cb703e5c,Dreams of Steel and Oil,Aggro-Control (Tempo),18,8,0.4444444444444444
Season-All,261ac92e-c61a-4c11-aa6a-9ae1cb703e5c,Dreams of Steel and Oil,Combo,27,12,0.4444444444444444
Season-All,261ac92e-c61a-4c11-aa6a-9ae1cb703e5c,Dreams of Steel and Oil,Control,79,51,0.6455696202531646
Season-All,265522eb-4f6a-40e7-b374-3833fa63c80b,Formidable Speaker,Aggro,21,9,0.4285714285714285
Season-All,265522eb-4f6a-40e7-b374-3833fa63c80b,Formidable Speaker,Aggro-Combo,25,13,0.52
Season-All,265522eb-4f6a-40e7-b374-3833fa63c80b,Formidable Speaker,Control,11,7,0.6363636363636364
Season-All,269ddd84-fdc4-4c94-b183-32ecec56967c,Sanguine Evangelist,Combo-Control,9,4,0.4444444444444444
Season-All,269ddd84-fdc4-4c94-b183-32ecec56967c,Sanguine Evangelist,Control-Aggro (Midrange),11,5,0.4545454545454545
Season-All,26c68473-70ca-40ba-b5c6-71ec30f88a2c,Damnation,Aggro-Control (Tempo),9,5,0.5555555555555556
Season-All,26c68473-70ca-40ba-b5c6-71ec30f88a2c,Damnation,Combo,49,27,0.5510204081632653
Season-All,26c68473-70ca-40ba-b5c6-71ec30f88a2c,Damnation,Control,30,12,0.4
Season-All,26c68473-70ca-40ba-b5c6-71ec30f88a2c,Damnation,Control-Aggro (Midrange),11,3,0.2727272727272727
Season-All,26d40e03-6de4-4373-9fbf-04c1dd79e995,Jetmir's Garden,Aggro,57,33,0.5789473684210527
Season-All,26d40e03-6de4-4373-9fbf-04c1dd79e995,Jetmir's Garden,Aggro-Combo,8,0,0.0
Season-All,26d40e03-6de4-4373-9fbf-04c1dd79e995,Jetmir's Garden,Combo,9,1,0.1111111111111111
Season-All,26d40e03-6de4-4373-9fbf-04c1dd79e995,Jetmir's Garden,Combo-Control,31,19,0.6129032258064516
Season-All,26d40e03-6de4-4373-9fbf-04c1dd79e995,Jetmir's Garden,Control,29,17,0.5862068965517241
Season-All,26d40e03-6de4-4373-9fbf-04c1dd79e995,Jetmir's Garden,Control-Aggro (Midrange),20,8,0.4
Season-All,28667c8b-d02c-4e57-a050-1549207b65d1,Thragtusk,Aggro-Combo,28,16,0.5714285714285714
Season-All,28667c8b-d02c-4e57-a050-1549207b65d1,Thragtusk,Combo,11,4,0.3636363636363636
Season-All,28667c8b-d02c-4e57-a050-1549207b65d1,Thragtusk,Control,11,8,0.7272727272727273
Season-All,28667c8b-d02c-4e57-a050-1549207b65d1,Thragtusk,Control-Aggro (Midrange),20,15,0.75
Season-All,29148d7e-b398-4e19-a29e-d9a660ad5016,Mirage Mirror,Combo,29,13,0.4482758620689655
Season-All,29148d7e-b398-4e19-a29e-d9a660ad5016,Mirage Mirror,Combo-Control,20,8,0.4
Season-All,29148d7e-b398-4e19-a29e-d9a660ad5016,Mirage Mirror,Control-Aggro (Midrange),8,1,0.125
Season-All,29632951-3c3d-478c-8c5a-9a34f30a5c28,Dauthi Voidwalker,Aggro,57,25,0.4385964912280701
Season-All,29632951-3c3d-478c-8c5a-9a34f30a5c28,Dauthi Voidwalker,Aggro-Control (Tempo),19,12,0.631578947368421
Season-All,29632951-3c3d-478c-8c5a-9a34f30a5c28,Dauthi Voidwalker,Combo,28,16,0.5714285714285714
Season-All,29632951-3c3d-478c-8c5a-9a34f30a5c28,Dauthi Voidwalker,Combo-Control,20,9,0.45
Season-All,29632951-3c3d-478c-8c5a-9a34f30a5c28,Dauthi Voidwalker,Control,45,30,0.6666666666666666
Season-All,2970683e-e69c-42cb-a067-34abd56fb42b,Elite Interceptor // Rejoinder,Aggro,10,6,0.6
Season-All,2970683e-e69c-42cb-a067-34abd56fb42b,Elite Interceptor // Rejoinder,Control,9,4,0.4444444444444444
Season-All,2a717b98-cdac-416d-bf6c-f6b6638e65d1,"Tamiyo, Inquisitive Student // Tamiyo, Seasoned Scholar",Aggro-Control (Tempo),29,17,0.5862068965517241
Season-All,2a717b98-cdac-416d-bf6c-f6b6638e65d1,"Tamiyo, Inquisitive Student // Tamiyo, Seasoned Scholar",Combo,76,39,0.5131578947368421
Season-All,2a717b98-cdac-416d-bf6c-f6b6638e65d1,"Tamiyo, Inquisitive Student // Tamiyo, Seasoned Scholar",Control,91,41,0.4505494505494505
Season-All,2ae6828e-ff19-45db-8b59-61616353491f,Deceptive Landscape,Control,67,34,0.5074626865671642
Season-All,2ae6828e-ff19-45db-8b59-61616353491f,Deceptive Landscape,Control-Aggro (Midrange),30,8,0.2666666666666666
Season-All,2aef4608-5ba8-4636-b5e7-cac57c5c0608,Windfall,Combo,40,22,0.55
Season-All,2aef4608-5ba8-4636-b5e7-cac57c5c0608,Windfall,Combo-Control,30,14,0.4666666666666667
Season-All,2aef4608-5ba8-4636-b5e7-cac57c5c0608,Windfall,Control,9,4,0.4444444444444444
Season-All,2aef4608-5ba8-4636-b5e7-cac57c5c0608,Windfall,Control-Aggro (Midrange),9,5,0.5555555555555556
Season-All,2b20d3e1-62ef-44db-8109-a33d4fa3e7f1,Exploration,Aggro,11,7,0.6363636363636364
Season-All,2b20d3e1-62ef-44db-8109-a33d4fa3e7f1,Exploration,Aggro-Combo,27,9,0.3333333333333333
Season-All,2b20d3e1-62ef-44db-8109-a33d4fa3e7f1,Exploration,Combo,20,14,0.7
Season-All,2b20d3e1-62ef-44db-8109-a33d4fa3e7f1,Exploration,Combo-Control,11,5,0.4545454545454545
Season-All,2b20d3e1-62ef-44db-8109-a33d4fa3e7f1,Exploration,Control-Aggro (Midrange),19,6,0.3157894736842105
Season-All,2b5315a4-6a78-456f-8d5a-fea9d62f3f0e,Strip Mine,Aggro,78,46,0.5897435897435898
Season-All,2b5315a4-6a78-456f-8d5a-fea9d62f3f0e,Strip Mine,Aggro-Combo,20,9,0.45
Season-All,2b5315a4-6a78-456f-8d5a-fea9d62f3f0e,Strip Mine,Combo,60,26,0.4333333333333333
Season-All,2b5315a4-6a78-456f-8d5a-fea9d62f3f0e,Strip Mine,Combo-Control,26,17,0.6538461538461539
Season-All,2b5315a4-6a78-456f-8d5a-fea9d62f3f0e,Strip Mine,Control-Aggro (Midrange),30,14,0.4666666666666667
Season-All,2b5801fb-2026-4f25-98bc-ebb2f99684b9,Undercity Sewers,Combo,76,45,0.5921052631578947
Season-All,2b5801fb-2026-4f25-98bc-ebb2f99684b9,Undercity Sewers,Combo-Control,18,10,0.5555555555555556
Season-All,2b5801fb-2026-4f25-98bc-ebb2f99684b9,Undercity Sewers,Control,47,29,0.6170212765957447
Season-All,2b5801fb-2026-4f25-98bc-ebb2f99684b9,Undercity Sewers,Control-Aggro (Midrange),9,5,0.5555555555555556
Season-All,2b73d294-6ab1-4051-9b0f-d8e335d37674,Unholy Heat,Aggro,75,44,0.5866666666666667
Season-All,2b73d294-6ab1-4051-9b0f-d8e335d37674,Unholy Heat,Aggro-Control (Tempo),21,12,0.5714285714285714
Season-All,2b73d294-6ab1-4051-9b0f-d8e335d37674,Unholy Heat,Combo,19,11,0.5789473684210527
Season-All,2b73d294-6ab1-4051-9b0f-d8e335d37674,Unholy Heat,Combo-Control,27,15,0.5555555555555556
Season-All,2b73d294-6ab1-4051-9b0f-d8e335d37674,Unholy Heat,Control,18,10,0.5555555555555556
Season-All,2b73d294-6ab1-4051-9b0f-d8e335d37674,Unholy Heat,Control-Aggro (Midrange),20,12,0.6
Season-All,2b74bb81-fb9a-40e5-a941-e517430b52f5,Indatha Triome,Aggro,37,14,0.3783783783783784
Season-All,2b74bb81-fb9a-40e5-a941-e517430b52f5,Indatha Triome,Combo,31,15,0.4838709677419355
Season-All,2b74bb81-fb9a-40e5-a941-e517430b52f5,Indatha Triome,Combo-Control,21,11,0.5238095238095238
Season-All,2b74bb81-fb9a-40e5-a941-e517430b52f5,Indatha Triome,Control,20,13,0.65
Season-All,2b74bb81-fb9a-40e5-a941-e517430b52f5,Indatha Triome,Control-Aggro (Midrange),9,4,0.4444444444444444
Season-All,2b9b0195-beda-403e-bc27-7ae3be9f318c,Temple Garden,Aggro,40,22,0.55
Season-All,2b9b0195-beda-403e-bc27-7ae3be9f318c,Temple Garden,Aggro-Combo,18,10,0.5555555555555556
Season-All,2b9b0195-beda-403e-bc27-7ae3be9f318c,Temple Garden,Combo-Control,31,16,0.5161290322580645
Season-All,2b9b0195-beda-403e-bc27-7ae3be9f318c,Temple Garden,Control,20,12,0.6
Season-All,2b9b0195-beda-403e-bc27-7ae3be9f318c,Temple Garden,Control-Aggro (Midrange),46,20,0.4347826086956521
Season-All,2ba70366-b6ae-423a-a8d8-29d2b8afd939,"Ivora, Insatiable Heir",Aggro,11,5,0.4545454545454545
Season-All,2ba70366-b6ae-423a-a8d8-29d2b8afd939,"Ivora, Insatiable Heir",Aggro-Control (Tempo),12,7,0.5833333333333334
Season-All,2ba70366-b6ae-423a-a8d8-29d2b8afd939,"Ivora, Insatiable Heir",Combo,37,19,0.5135135135135135
Season-All,2ba70366-b6ae-423a-a8d8-29d2b8afd939,"Ivora, Insatiable Heir",Control,9,7,0.7777777777777778
Season-All,2ba70366-b6ae-423a-a8d8-29d2b8afd939,"Ivora, Insatiable Heir",Control-Aggro (Midrange),9,6,0.6666666666666666
Season-All,2be39749-ad6f-4160-99eb-c677eee7f1b2,Thraben Inspector,Aggro,61,32,0.5245901639344263
Season-All,2be39749-ad6f-4160-99eb-c677eee7f1b2,Thraben Inspector,Aggro-Control (Tempo),17,7,0.4117647058823529
Season-All,2be39749-ad6f-4160-99eb-c677eee7f1b2,Thraben Inspector,Combo,11,6,0.5454545454545454
Season-All,2be39749-ad6f-4160-99eb-c677eee7f1b2,Thraben Inspector,Combo-Control,20,13,0.65
Season-All,2be39749-ad6f-4160-99eb-c677eee7f1b2,Thraben Inspector,Control,76,44,0.5789473684210527
Season-All,2be39749-ad6f-4160-99eb-c677eee7f1b2,Thraben Inspector,Control-Aggro (Midrange),9,2,0.2222222222222222
Season-All,2bf2da97-3331-4614-b4ff-f03d061500a7,Fire Covenant,Aggro,44,21,0.4772727272727273
Season-All,2bf2da97-3331-4614-b4ff-f03d061500a7,Fire Covenant,Combo,39,23,0.5897435897435898
Season-All,2bf2da97-3331-4614-b4ff-f03d061500a7,Fire Covenant,Combo-Control,26,21,0.8076923076923077
Season-All,2bf2da97-3331-4614-b4ff-f03d061500a7,Fire Covenant,Control,46,24,0.5217391304347826
Season-All,2bf2da97-3331-4614-b4ff-f03d061500a7,Fire Covenant,Control-Aggro (Midrange),21,13,0.6190476190476191
Season-All,2c695df6-6bf2-4e6b-8500-e3116137ca27,Jacked Rabbit,Aggro,88,44,0.5
Season-All,2c695df6-6bf2-4e6b-8500-e3116137ca27,Jacked Rabbit,Control,65,28,0.4307692307692308
Season-All,2c695df6-6bf2-4e6b-8500-e3116137ca27,Jacked Rabbit,Control-Aggro (Midrange),30,11,0.3666666666666666
Season-All,2c723fc9-d5c9-4126-a9a6-f80c247a4b6b,Baloth Prime,Aggro,10,5,0.5
Season-All,2c723fc9-d5c9-4126-a9a6-f80c247a4b6b,Baloth Prime,Aggro-Combo,35,18,0.5142857142857142
Season-All,2c723fc9-d5c9-4126-a9a6-f80c247a4b6b,Baloth Prime,Combo,10,7,0.7
Season-All,2c723fc9-d5c9-4126-a9a6-f80c247a4b6b,Baloth Prime,Control-Aggro (Midrange),18,5,0.2777777777777778
Season-All,2d9b12cc-f616-4b52-91eb-a430e70f9251,Wrath of God,Aggro,9,4,0.4444444444444444
Season-All,2d9b12cc-f616-4b52-91eb-a430e70f9251,Wrath of God,Combo-Control,24,10,0.4166666666666667
Season-All,2d9b12cc-f616-4b52-91eb-a430e70f9251,Wrath of God,Control,33,15,0.4545454545454545
Season-All,2da5f3f8-5eef-498f-ba2c-2f3fbc3745aa,Ephemerate,Aggro,26,14,0.5384615384615384
Season-All,2da5f3f8-5eef-498f-ba2c-2f3fbc3745aa,Ephemerate,Combo,9,1,0.1111111111111111
Season-All,2da5f3f8-5eef-498f-ba2c-2f3fbc3745aa,Ephemerate,Control,56,19,0.3392857142857143
Season-All,2dc16614-5cf8-444d-a5ae-cac25018af68,Burst Lightning,Aggro,85,48,0.5647058823529412
Season-All,2dc16614-5cf8-444d-a5ae-cac25018af68,Burst Lightning,Aggro-Control (Tempo),23,14,0.6086956521739131
Season-All,2dc16614-5cf8-444d-a5ae-cac25018af68,Burst Lightning,Combo,20,8,0.4
Season-All,2dc16614-5cf8-444d-a5ae-cac25018af68,Burst Lightning,Combo-Control,10,5,0.5
Season-All,2dc16614-5cf8-444d-a5ae-cac25018af68,Burst Lightning,Control,20,13,0.65
Season-All,2dc16614-5cf8-444d-a5ae-cac25018af68,Burst Lightning,Control-Aggro (Midrange),19,9,0.4736842105263157
Season-All,2e139ad1-1079-49e9-babd-6399c44ad333,Seasoned Pyromancer,Aggro,54,32,0.5925925925925926
Season-All,2e139ad1-1079-49e9-babd-6399c44ad333,Seasoned Pyromancer,Aggro-Combo,18,14,0.7777777777777778
Season-All,2e139ad1-1079-49e9-babd-6399c44ad333,Seasoned Pyromancer,Aggro-Control (Tempo),23,14,0.6086956521739131
Season-All,2e139ad1-1079-49e9-babd-6399c44ad333,Seasoned Pyromancer,Combo,27,13,0.4814814814814814
Season-All,2ef878cb-27b6-47d8-ad11-bd20529b0e7e,Cast into the Fire,Aggro,57,33,0.5789473684210527
Season-All,2ef878cb-27b6-47d8-ad11-bd20529b0e7e,Cast into the Fire,Combo,20,13,0.65
Season-All,2ef878cb-27b6-47d8-ad11-bd20529b0e7e,Cast into the Fire,Control,11,6,0.5454545454545454
Season-All,2f8f22fb-7291-4517-9b15-e98501f2856b,Splinter Twin,Aggro,8,3,0.375
Season-All,2f8f22fb-7291-4517-9b15-e98501f2856b,Splinter Twin,Aggro-Combo,10,7,0.7
Season-All,2f8f22fb-7291-4517-9b15-e98501f2856b,Splinter Twin,Combo-Control,20,13,0.65
Season-All,2f8f22fb-7291-4517-9b15-e98501f2856b,Splinter Twin,Control,11,6,0.5454545454545454
Season-All,3003d481-1b52-4aa9-bbdc-e948fbc8d49d,Sylvan Library,Aggro-Combo,40,21,0.525
Season-All,3003d481-1b52-4aa9-bbdc-e948fbc8d49d,Sylvan Library,Aggro-Control (Tempo),9,5,0.5555555555555556
Season-All,3003d481-1b52-4aa9-bbdc-e948fbc8d49d,Sylvan Library,Combo-Control,18,12,0.6666666666666666
Season-All,3003d481-1b52-4aa9-bbdc-e948fbc8d49d,Sylvan Library,Control-Aggro (Midrange),46,23,0.5
Season-All,3027e6c5-eed3-44e7-bb12-67569721af99,Goryo's Vengeance,Combo,19,9,0.4736842105263157
Season-All,3028075c-5fc5-4942-a984-1ffcf7a8933d,Knight of Autumn,Aggro,19,8,0.4210526315789473
Season-All,3028075c-5fc5-4942-a984-1ffcf7a8933d,Knight of Autumn,Aggro-Combo,8,3,0.375
Season-All,3028075c-5fc5-4942-a984-1ffcf7a8933d,Knight of Autumn,Combo,10,7,0.7
Season-All,3028075c-5fc5-4942-a984-1ffcf7a8933d,Knight of Autumn,Combo-Control,11,5,0.4545454545454545
Season-All,3028075c-5fc5-4942-a984-1ffcf7a8933d,Knight of Autumn,Control,38,21,0.5526315789473685
Season-All,3028075c-5fc5-4942-a984-1ffcf7a8933d,Knight of Autumn,Control-Aggro (Midrange),29,13,0.4482758620689655
Season-All,30377bf0-d9b1-4c14-8dde-f74b1e02d604,Gilded Goose,Aggro,28,17,0.6071428571428571
Season-All,30377bf0-d9b1-4c14-8dde-f74b1e02d604,Gilded Goose,Aggro-Combo,40,21,0.525
Season-All,30377bf0-d9b1-4c14-8dde-f74b1e02d604,Gilded Goose,Aggro-Control (Tempo),17,7,0.4117647058823529
Season-All,30377bf0-d9b1-4c14-8dde-f74b1e02d604,Gilded Goose,Combo,10,7,0.7
Season-All,30377bf0-d9b1-4c14-8dde-f74b1e02d604,Gilded Goose,Combo-Control,11,5,0.4545454545454545
Season-All,30377bf0-d9b1-4c14-8dde-f74b1e02d604,Gilded Goose,Control,38,15,0.3947368421052631
Season-All,30377bf0-d9b1-4c14-8dde-f74b1e02d604,Gilded Goose,Control-Aggro (Midrange),66,30,0.4545454545454545
Season-All,310a1c46-8331-4a09-9fcb-d942f8102364,Thoughtseize,Aggro,26,14,0.5384615384615384
Season-All,310a1c46-8331-4a09-9fcb-d942f8102364,Thoughtseize,Aggro-Combo,8,7,0.875
Season-All,310a1c46-8331-4a09-9fcb-d942f8102364,Thoughtseize,Aggro-Control (Tempo),9,5,0.5555555555555556
Season-All,310a1c46-8331-4a09-9fcb-d942f8102364,Thoughtseize,Combo,65,34,0.5230769230769231
Season-All,310a1c46-8331-4a09-9fcb-d942f8102364,Thoughtseize,Combo-Control,27,22,0.8148148148148148
Season-All,310a1c46-8331-4a09-9fcb-d942f8102364,Thoughtseize,Control,79,50,0.6329113924050633
Season-All,311a6257-dd77-4bb6-81cb-c8e7862350f3,Necromancy,Aggro,9,5,0.5555555555555556
Season-All,311a6257-dd77-4bb6-81cb-c8e7862350f3,Necromancy,Aggro-Combo,8,7,0.875
Season-All,311a6257-dd77-4bb6-81cb-c8e7862350f3,Necromancy,Combo,142,72,0.5070422535211268
Season-All,311a6257-dd77-4bb6-81cb-c8e7862350f3,Necromancy,Control,9,5,0.5555555555555556
Season-All,311a6257-dd77-4bb6-81cb-c8e7862350f3,Necromancy,Control-Aggro (Midrange),11,3,0.2727272727272727
Season-All,31276460-fa9d-47da-85c5-c4baa8074d0d,Rot-Curse Rakshasa,Aggro,30,14,0.4666666666666667
Season-All,31276460-fa9d-47da-85c5-c4baa8074d0d,Rot-Curse Rakshasa,Control,18,10,0.5555555555555556
Season-All,3199907b-9f24-4554-942a-8ab5a7701717,"Night Nurse, Healer of Heroes",Combo-Control,8,8,1.0
Season-All,31b770cc-09e7-4c0b-b2a4-462ab4f7200d,Expressive Iteration,Aggro-Combo,11,5,0.4545454545454545
Season-All,31b770cc-09e7-4c0b-b2a4-462ab4f7200d,Expressive Iteration,Aggro-Control (Tempo),17,7,0.4117647058823529
Season-All,31b770cc-09e7-4c0b-b2a4-462ab4f7200d,Expressive Iteration,Combo,56,22,0.3928571428571428
Season-All,31b770cc-09e7-4c0b-b2a4-462ab4f7200d,Expressive Iteration,Combo-Control,38,19,0.5
Season-All,31b770cc-09e7-4c0b-b2a4-462ab4f7200d,Expressive Iteration,Control,17,6,0.3529411764705882
Season-All,3277ad99-5682-4baa-b106-de15721876a6,Glorybringer,Aggro,76,40,0.5263157894736842
Season-All,3277ad99-5682-4baa-b106-de15721876a6,Glorybringer,Aggro-Combo,20,10,0.5
Season-All,3277ad99-5682-4baa-b106-de15721876a6,Glorybringer,Aggro-Control (Tempo),11,7,0.6363636363636364
Season-All,3277ad99-5682-4baa-b106-de15721876a6,Glorybringer,Control-Aggro (Midrange),10,5,0.5
Season-All,327cf118-cc92-4073-85d0-94d2a0a6989a,Scalding Tarn,Aggro,38,21,0.5526315789473685
Season-All,327cf118-cc92-4073-85d0-94d2a0a6989a,Scalding Tarn,Aggro-Combo,8,0,0.0
Season-All,327cf118-cc92-4073-85d0-94d2a0a6989a,Scalding Tarn,Aggro-Control (Tempo),21,12,0.5714285714285714
Season-All,327cf118-cc92-4073-85d0-94d2a0a6989a,Scalding Tarn,Combo,65,35,0.5384615384615384
Season-All,327cf118-cc92-4073-85d0-94d2a0a6989a,Scalding Tarn,Combo-Control,20,11,0.55
Season-All,327cf118-cc92-4073-85d0-94d2a0a6989a,Scalding Tarn,Control,47,29,0.6170212765957447
Season-All,327cf118-cc92-4073-85d0-94d2a0a6989a,Scalding Tarn,Control-Aggro (Midrange),10,4,0.4
Season-All,329a8738-3e17-403a-857a-0ba529ce8cd1,Walking Ballista,Aggro,8,4,0.5
Season-All,329a8738-3e17-403a-857a-0ba529ce8cd1,Walking Ballista,Aggro-Combo,10,6,0.6
Season-All,329a8738-3e17-403a-857a-0ba529ce8cd1,Walking Ballista,Aggro-Control (Tempo),9,5,0.5555555555555556
Season-All,329a8738-3e17-403a-857a-0ba529ce8cd1,Walking Ballista,Combo,55,17,0.3090909090909091
Season-All,329a8738-3e17-403a-857a-0ba529ce8cd1,Walking Ballista,Combo-Control,12,5,0.4166666666666667
Season-All,329a8738-3e17-403a-857a-0ba529ce8cd1,Walking Ballista,Control,45,24,0.5333333333333333
Season-All,329a8738-3e17-403a-857a-0ba529ce8cd1,Walking Ballista,Control-Aggro (Midrange),19,6,0.3157894736842105
Season-All,32a180dd-9641-4546-8940-9b21084f0c71,Lightning Bolt,Aggro,62,40,0.6451612903225806
Season-All,32a180dd-9641-4546-8940-9b21084f0c71,Lightning Bolt,Aggro-Combo,10,7,0.7
Season-All,32a180dd-9641-4546-8940-9b21084f0c71,Lightning Bolt,Aggro-Control (Tempo),37,19,0.5135135135135135
Season-All,32a180dd-9641-4546-8940-9b21084f0c71,Lightning Bolt,Combo,19,8,0.4210526315789473
Season-All,32a180dd-9641-4546-8940-9b21084f0c71,Lightning Bolt,Combo-Control,19,11,0.5789473684210527
Season-All,32a180dd-9641-4546-8940-9b21084f0c71,Lightning Bolt,Control,35,17,0.4857142857142857
Season-All,32a180dd-9641-4546-8940-9b21084f0c71,Lightning Bolt,Control-Aggro (Midrange),9,5,0.5555555555555556
Season-All,32aa6e33-221f-414c-9b51-850d97a7e051,Galvanic Discharge,Aggro,78,43,0.5512820512820513
Season-All,32aa6e33-221f-414c-9b51-850d97a7e051,Galvanic Discharge,Aggro-Combo,11,5,0.4545454545454545
Season-All,32aa6e33-221f-414c-9b51-850d97a7e051,Galvanic Discharge,Aggro-Control (Tempo),17,7,0.4117647058823529
Season-All,32aa6e33-221f-414c-9b51-850d97a7e051,Galvanic Discharge,Combo,9,5,0.5555555555555556
Season-All,32aa6e33-221f-414c-9b51-850d97a7e051,Galvanic Discharge,Combo-Control,20,14,0.7
Season-All,32aa6e33-221f-414c-9b51-850d97a7e051,Galvanic Discharge,Control,27,11,0.4074074074074074
Season-All,32e29c7d-ed4b-4eff-b3c2-d99e5b63ef8d,Sunfall,Aggro-Control (Tempo),18,6,0.3333333333333333
Season-All,32e29c7d-ed4b-4eff-b3c2-d99e5b63ef8d,Sunfall,Control,9,4,0.4444444444444444
Season-All,32e670da-7563-4f6a-a7db-4c126a440eb8,Erode,Aggro,10,6,0.6
Season-All,333bf101-14e8-4753-99bc-9174f42c4122,Kinscaer Sentry,Aggro,20,14,0.7
Season-All,33672990-4860-4aa6-ac1b-f9da66f5da59,Wurmcoil Engine,Aggro,9,6,0.6666666666666666
Season-All,33672990-4860-4aa6-ac1b-f9da66f5da59,Wurmcoil Engine,Combo,70,28,0.4
Season-All,33672990-4860-4aa6-ac1b-f9da66f5da59,Wurmcoil Engine,Combo-Control,17,11,0.6470588235294118
Season-All,33672990-4860-4aa6-ac1b-f9da66f5da59,Wurmcoil Engine,Control,32,20,0.625
Season-All,33672990-4860-4aa6-ac1b-f9da66f5da59,Wurmcoil Engine,Control-Aggro (Midrange),10,7,0.7
Season-All,33ab05b5-d6f5-439c-9aed-1a58ceb282ad,Flametongue Yearling,Aggro,68,32,0.4705882352941176
Season-All,33ab05b5-d6f5-439c-9aed-1a58ceb282ad,Flametongue Yearling,Aggro-Combo,8,7,0.875
Season-All,33ab05b5-d6f5-439c-9aed-1a58ceb282ad,Flametongue Yearling,Combo,10,6,0.6
Season-All,33ab05b5-d6f5-439c-9aed-1a58ceb282ad,Flametongue Yearling,Control,9,4,0.4444444444444444
Season-All,33ca68a6-474e-4d86-bffa-ee4bddb4a3cf,Fellwar Stone,Combo,46,20,0.4347826086956521
Season-All,33ca68a6-474e-4d86-bffa-ee4bddb4a3cf,Fellwar Stone,Control,17,8,0.4705882352941176
Season-All,340c5799-4964-44dd-8c48-8f3f3aba5211,Badgermole Cub,Aggro,47,23,0.4893617021276595
Season-All,340c5799-4964-44dd-8c48-8f3f3aba5211,Badgermole Cub,Aggro-Combo,27,15,0.5555555555555556
Season-All,345a1c80-41d6-43b1-83ab-1aa56dd06b1b,Bitter Reunion,Aggro,9,3,0.3333333333333333
Season-All,345a1c80-41d6-43b1-83ab-1aa56dd06b1b,Bitter Reunion,Aggro-Combo,9,5,0.5555555555555556
Season-All,345a1c80-41d6-43b1-83ab-1aa56dd06b1b,Bitter Reunion,Combo,21,10,0.4761904761904761
Season-All,345a4aee-5846-4ae9-9af1-4c8fe8d692ec,Winds of Abandon,Aggro,47,28,0.5957446808510638
Season-All,345a4aee-5846-4ae9-9af1-4c8fe8d692ec,Winds of Abandon,Aggro-Control (Tempo),18,5,0.2777777777777778
Season-All,345a4aee-5846-4ae9-9af1-4c8fe8d692ec,Winds of Abandon,Combo-Control,8,8,1.0
Season-All,345a4aee-5846-4ae9-9af1-4c8fe8d692ec,Winds of Abandon,Control,72,27,0.375
Season-All,345a4aee-5846-4ae9-9af1-4c8fe8d692ec,Winds of Abandon,Control-Aggro (Midrange),10,7,0.7
Season-All,345fd005-5052-4500-a260-3649500e21f4,Mulldrifter,Aggro-Control (Tempo),9,5,0.5555555555555556
Season-All,345fd005-5052-4500-a260-3649500e21f4,Mulldrifter,Control,9,6,0.6666666666666666
Season-All,3462a3d0-5552-49fa-9eb7-100960c55891,"Oko, Thief of Crowns",Aggro-Combo,17,10,0.5882352941176471
Season-All,3462a3d0-5552-49fa-9eb7-100960c55891,"Oko, Thief of Crowns",Aggro-Control (Tempo),9,1,0.1111111111111111
Season-All,3462a3d0-5552-49fa-9eb7-100960c55891,"Oko, Thief of Crowns",Combo,21,13,0.6190476190476191
Season-All,3462a3d0-5552-49fa-9eb7-100960c55891,"Oko, Thief of Crowns",Combo-Control,9,6,0.6666666666666666
Season-All,3462a3d0-5552-49fa-9eb7-100960c55891,"Oko, Thief of Crowns",Control,60,24,0.4
Season-All,3462a3d0-5552-49fa-9eb7-100960c55891,"Oko, Thief of Crowns",Control-Aggro (Midrange),55,21,0.3818181818181818
Season-All,35f1a6ba-e46f-44fb-93f4-fb883d677b36,Baleful Mastery,Aggro,29,15,0.5172413793103449
Season-All,35f1a6ba-e46f-44fb-93f4-fb883d677b36,Baleful Mastery,Aggro-Control (Tempo),9,5,0.5555555555555556
Season-All,35f1a6ba-e46f-44fb-93f4-fb883d677b36,Baleful Mastery,Combo,58,29,0.5
Season-All,35f1a6ba-e46f-44fb-93f4-fb883d677b36,Baleful Mastery,Control,51,22,0.4313725490196078
Season-All,35f1a6ba-e46f-44fb-93f4-fb883d677b36,Baleful Mastery,Control-Aggro (Midrange),20,8,0.4
Season-All,361c2f3b-f04e-446b-a683-9195e238daf0,Iron Man Armor,Control,10,3,0.3
Season-All,377cee38-e769-47b0-abd5-0f528600f36a,Badlands,Aggro,57,30,0.5263157894736842
Season-All,377cee38-e769-47b0-abd5-0f528600f36a,Badlands,Aggro-Combo,8,7,0.875
Season-All,377cee38-e769-47b0-abd5-0f528600f36a,Badlands,Combo,58,28,0.4827586206896552
Season-All,377cee38-e769-47b0-abd5-0f528600f36a,Badlands,Control,51,23,0.4509803921568627
Season-All,377cee38-e769-47b0-abd5-0f528600f36a,Badlands,Control-Aggro (Midrange),50,28,0.56
Season-All,37cb5599-7d2c-48e9-978b-902a01a74bde,Sinkhole Surveyor,Control,9,4,0.4444444444444444
Season-All,37dbe1a3-3c44-452b-9fb9-37f5d793d0b5,Memory Jar,Aggro,10,6,0.6
Season-All,37dbe1a3-3c44-452b-9fb9-37f5d793d0b5,Memory Jar,Combo,63,29,0.4603174603174603
Season-All,37dbe1a3-3c44-452b-9fb9-37f5d793d0b5,Memory Jar,Combo-Control,12,5,0.4166666666666667
Season-All,37dbe1a3-3c44-452b-9fb9-37f5d793d0b5,Memory Jar,Control-Aggro (Midrange),17,7,0.4117647058823529
Season-All,396bca07-82ba-49b7-b79e-7784b3a06d48,Sunset Saboteur,Aggro,27,14,0.5185185185185185
Season-All,396bca07-82ba-49b7-b79e-7784b3a06d48,Sunset Saboteur,Control,43,24,0.5581395348837209
Season-All,39b41cb3-ca3d-4389-8f66-e1f77f5fb683,Fact or Fiction,Combo,9,3,0.3333333333333333
Season-All,39b41cb3-ca3d-4389-8f66-e1f77f5fb683,Fact or Fiction,Combo-Control,11,5,0.4545454545454545
Season-All,39b41cb3-ca3d-4389-8f66-e1f77f5fb683,Fact or Fiction,Control,19,12,0.631578947368421
Season-All,39c431d7-d94b-46c4-bb89-f3db56214ab4,Elvish Reclaimer,Aggro,9,6,0.6666666666666666
Season-All,39c431d7-d94b-46c4-bb89-f3db56214ab4,Elvish Reclaimer,Aggro-Combo,21,10,0.4761904761904761
Season-All,39c431d7-d94b-46c4-bb89-f3db56214ab4,Elvish Reclaimer,Combo,29,13,0.4482758620689655
Season-All,39c431d7-d94b-46c4-bb89-f3db56214ab4,Elvish Reclaimer,Control-Aggro (Midrange),21,8,0.3809523809523809
Season-All,3a2d7cf9-dddb-4de3-b4f2-c52e3ec8fb4b,Brain Freeze,Aggro,10,6,0.6
Season-All,3a2d7cf9-dddb-4de3-b4f2-c52e3ec8fb4b,Brain Freeze,Aggro-Combo,11,5,0.4545454545454545
Season-All,3a2d7cf9-dddb-4de3-b4f2-c52e3ec8fb4b,Brain Freeze,Combo,97,49,0.5051546391752577
Season-All,3a2d7cf9-dddb-4de3-b4f2-c52e3ec8fb4b,Brain Freeze,Combo-Control,20,15,0.75
Season-All,3a9d1082-a862-45d4-9e5e-392e879fead6,Zuran Orb,Aggro,19,11,0.5789473684210527
Season-All,3a9d1082-a862-45d4-9e5e-392e879fead6,Zuran Orb,Aggro-Combo,33,14,0.4242424242424242
Season-All,3a9d1082-a862-45d4-9e5e-392e879fead6,Zuran Orb,Combo,30,12,0.4
Season-All,3a9d1082-a862-45d4-9e5e-392e879fead6,Zuran Orb,Combo-Control,11,5,0.4545454545454545
Season-All,3a9d1082-a862-45d4-9e5e-392e879fead6,Zuran Orb,Control-Aggro (Midrange),19,9,0.4736842105263157
Season-All,3a9df9dd-a480-406c-ba28-94895fbfb574,"Galactus, Devourer of Worlds",Control-Aggro (Midrange),11,3,0.2727272727272727
Season-All,3b1e92b4-6e53-4dba-a572-c67e01965ac5,Abrupt Decay,Aggro,19,12,0.631578947368421
Season-All,3b1e92b4-6e53-4dba-a572-c67e01965ac5,Abrupt Decay,Control,9,6,0.6666666666666666
Season-All,3b1e92b4-6e53-4dba-a572-c67e01965ac5,Abrupt Decay,Control-Aggro (Midrange),9,2,0.2222222222222222
Season-All,3b214b6f-4734-4200-8467-92d7e3469b5d,Tezzeret the Seeker,Combo,57,22,0.3859649122807017
Season-All,3b214b6f-4734-4200-8467-92d7e3469b5d,Tezzeret the Seeker,Control,7,2,0.2857142857142857
Season-All,3b5233ff-03bc-4053-9b49-c4185c2de38d,Restoration Angel,Aggro,19,9,0.4736842105263157
Season-All,3b5233ff-03bc-4053-9b49-c4185c2de38d,Restoration Angel,Aggro-Control (Tempo),9,1,0.1111111111111111
Season-All,3b5233ff-03bc-4053-9b49-c4185c2de38d,Restoration Angel,Combo-Control,19,15,0.7894736842105263
Season-All,3b5233ff-03bc-4053-9b49-c4185c2de38d,Restoration Angel,Control,93,43,0.4623655913978494
Season-All,3b6e5956-f795-451b-bb24-56462d1ced27,Umezawa's Jitte,Aggro,93,44,0.4731182795698925
Season-All,3b6e5956-f795-451b-bb24-56462d1ced27,Umezawa's Jitte,Aggro-Combo,10,6,0.6
Season-All,3b6e5956-f795-451b-bb24-56462d1ced27,Umezawa's Jitte,Aggro-Control (Tempo),18,5,0.2777777777777778
Season-All,3b6e5956-f795-451b-bb24-56462d1ced27,Umezawa's Jitte,Combo,11,4,0.3636363636363636
Season-All,3b6e5956-f795-451b-bb24-56462d1ced27,Umezawa's Jitte,Control,27,10,0.3703703703703703
Season-All,3b6e5956-f795-451b-bb24-56462d1ced27,Umezawa's Jitte,Control-Aggro (Midrange),18,7,0.3888888888888889
Season-All,3bd1ec98-8188-4649-899e-b0972509fc7e,Firebolt,Aggro,69,40,0.5797101449275363
Season-All,3bd1ec98-8188-4649-899e-b0972509fc7e,Firebolt,Aggro-Combo,9,5,0.5555555555555556
Season-All,3bd1ec98-8188-4649-899e-b0972509fc7e,Firebolt,Aggro-Control (Tempo),20,12,0.6
Season-All,3bd1ec98-8188-4649-899e-b0972509fc7e,Firebolt,Combo,10,2,0.2
Season-All,3bd1ec98-8188-4649-899e-b0972509fc7e,Firebolt,Control,10,7,0.7
Season-All,3bd1ec98-8188-4649-899e-b0972509fc7e,Firebolt,Control-Aggro (Midrange),10,5,0.5
Season-All,3c02b8ee-84cb-44cb-ba14-9e725a9d03ee,Ponder,Aggro-Control (Tempo),9,5,0.5555555555555556
Season-All,3c02b8ee-84cb-44cb-ba14-9e725a9d03ee,Ponder,Combo,65,32,0.4923076923076923
Season-All,3c02b8ee-84cb-44cb-ba14-9e725a9d03ee,Ponder,Combo-Control,22,12,0.5454545454545454
Season-All,3c02b8ee-84cb-44cb-ba14-9e725a9d03ee,Ponder,Control,103,51,0.4951456310679611
Season-All,3c02b8ee-84cb-44cb-ba14-9e725a9d03ee,Ponder,Control-Aggro (Midrange),11,5,0.4545454545454545
Season-All,3c3ac3dd-35db-447f-8674-37b4680a1ef7,Leyline Binding,Combo-Control,29,17,0.5862068965517241
Season-All,3c3ac3dd-35db-447f-8674-37b4680a1ef7,Leyline Binding,Control,57,28,0.4912280701754385
Season-All,3c3ac3dd-35db-447f-8674-37b4680a1ef7,Leyline Binding,Control-Aggro (Midrange),40,15,0.375
Season-All,3c7474e1-cfae-4867-a11a-d5cf9ff7ea5f,Mind's Desire,Combo,8,2,0.25
Season-All,3ca1e1de-b916-445f-b3b2-0f4d0cc7ceeb,Stern Scolding,Aggro-Control (Tempo),26,10,0.3846153846153846
Season-All,3ca1e1de-b916-445f-b3b2-0f4d0cc7ceeb,Stern Scolding,Combo,76,37,0.4868421052631579
Season-All,3ca1e1de-b916-445f-b3b2-0f4d0cc7ceeb,Stern Scolding,Combo-Control,8,3,0.375
Season-All,3ca1e1de-b916-445f-b3b2-0f4d0cc7ceeb,Stern Scolding,Control,9,5,0.5555555555555556
Season-All,3d3025a2-4a17-4137-ba0b-bd676c6f5f88,"Tinybones, the Pickpocket",Aggro,9,5,0.5555555555555556
Season-All,3d3025a2-4a17-4137-ba0b-bd676c6f5f88,"Tinybones, the Pickpocket",Combo-Control,20,11,0.55
Season-All,3d3025a2-4a17-4137-ba0b-bd676c6f5f88,"Tinybones, the Pickpocket",Control,30,17,0.5666666666666667
Season-All,3d3025a2-4a17-4137-ba0b-bd676c6f5f88,"Tinybones, the Pickpocket",Control-Aggro (Midrange),9,1,0.1111111111111111
Season-All,3d8ca18d-9099-4f1e-95c1-f04da58a26bd,"Gut, True Soul Zealot",Aggro,157,99,0.6305732484076433
Season-All,3d8ca18d-9099-4f1e-95c1-f04da58a26bd,"Gut, True Soul Zealot",Aggro-Combo,8,7,0.875
Season-All,3d8ca18d-9099-4f1e-95c1-f04da58a26bd,"Gut, True Soul Zealot",Aggro-Control (Tempo),9,5,0.5555555555555556
Season-All,3d8ca18d-9099-4f1e-95c1-f04da58a26bd,"Gut, True Soul Zealot",Combo,22,11,0.5
Season-All,3d8ca18d-9099-4f1e-95c1-f04da58a26bd,"Gut, True Soul Zealot",Combo-Control,10,8,0.8
Season-All,3d8ca18d-9099-4f1e-95c1-f04da58a26bd,"Gut, True Soul Zealot",Control,9,5,0.5555555555555556
Season-All,3d8ca18d-9099-4f1e-95c1-f04da58a26bd,"Gut, True Soul Zealot",Control-Aggro (Midrange),11,5,0.4545454545454545
Season-All,3e1766e9-2fa7-4446-a255-7beea1467ece,Lion Sash,Aggro,10,8,0.8
Season-All,3e7da55c-7f05-46b2-aa3c-17f8d5df46bb,Scion of Draco,Combo-Control,11,5,0.4545454545454545
Season-All,3e7da55c-7f05-46b2-aa3c-17f8d5df46bb,Scion of Draco,Control,11,6,0.5454545454545454
Season-All,3ee3945e-5089-4751-b7b3-5961c39d2a33,Nethergoyf,Aggro,26,11,0.4230769230769231
Season-All,3ee3945e-5089-4751-b7b3-5961c39d2a33,Nethergoyf,Aggro-Combo,8,7,0.875
Season-All,3ee3945e-5089-4751-b7b3-5961c39d2a33,Nethergoyf,Aggro-Control (Tempo),9,4,0.4444444444444444
Season-All,3ee3945e-5089-4751-b7b3-5961c39d2a33,Nethergoyf,Combo,46,26,0.5652173913043478
Season-All,3ee3945e-5089-4751-b7b3-5961c39d2a33,Nethergoyf,Control,47,22,0.4680851063829787
Season-All,3ee3945e-5089-4751-b7b3-5961c39d2a33,Nethergoyf,Control-Aggro (Midrange),18,6,0.3333333333333333
Season-All,3f3c77ad-fce8-4506-90e1-7ef71552a71c,Wheel of Fortune,Aggro,22,8,0.3636363636363636
Season-All,3f3c77ad-fce8-4506-90e1-7ef71552a71c,Wheel of Fortune,Combo,87,45,0.5172413793103449
Season-All,3f3c77ad-fce8-4506-90e1-7ef71552a71c,Wheel of Fortune,Combo-Control,27,15,0.5555555555555556
Season-All,3f3c77ad-fce8-4506-90e1-7ef71552a71c,Wheel of Fortune,Control,20,5,0.25
Season-All,3faa8c5e-9e1b-4cee-b322-a033bf33dcbc,Hymn to Tourach,Aggro,8,6,0.75
Season-All,3faa8c5e-9e1b-4cee-b322-a033bf33dcbc,Hymn to Tourach,Aggro-Control (Tempo),10,8,0.8
Season-All,3faa8c5e-9e1b-4cee-b322-a033bf33dcbc,Hymn to Tourach,Combo,47,19,0.4042553191489361
Season-All,3faa8c5e-9e1b-4cee-b322-a033bf33dcbc,Hymn to Tourach,Control,28,18,0.6428571428571429
Season-All,400382a4-aea2-4827-b06a-1b0b3745908b,Noble Hierarch,Aggro,17,8,0.4705882352941176
Season-All,400382a4-aea2-4827-b06a-1b0b3745908b,Noble Hierarch,Aggro-Combo,58,31,0.5344827586206896
Season-All,400382a4-aea2-4827-b06a-1b0b3745908b,Noble Hierarch,Aggro-Control (Tempo),17,7,0.4117647058823529
Season-All,400382a4-aea2-4827-b06a-1b0b3745908b,Noble Hierarch,Combo,19,10,0.5263157894736842
Season-All,400382a4-aea2-4827-b06a-1b0b3745908b,Noble Hierarch,Combo-Control,18,9,0.5
Season-All,400382a4-aea2-4827-b06a-1b0b3745908b,Noble Hierarch,Control,51,29,0.5686274509803921
Season-All,400382a4-aea2-4827-b06a-1b0b3745908b,Noble Hierarch,Control-Aggro (Midrange),45,20,0.4444444444444444
Season-All,40f0ecf7-f49e-46ff-aa5b-9ff5361b72c5,Genemorph Imago,Control-Aggro (Midrange),11,5,0.4545454545454545
Season-All,415ff6a5-61ef-4b37-ae08-e44476300d4a,Fire Magic,Combo-Control,8,8,1.0
Season-All,416d2d51-8f29-4e95-b037-e8c32b081e6c,Mana Drain,Aggro-Control (Tempo),27,14,0.5185185185185185
Season-All,416d2d51-8f29-4e95-b037-e8c32b081e6c,Mana Drain,Combo,81,45,0.5555555555555556
Season-All,416d2d51-8f29-4e95-b037-e8c32b081e6c,Mana Drain,Combo-Control,8,3,0.375
Season-All,416d2d51-8f29-4e95-b037-e8c32b081e6c,Mana Drain,Control,71,44,0.6197183098591549
Season-All,416d2d51-8f29-4e95-b037-e8c32b081e6c,Mana Drain,Control-Aggro (Midrange),6,1,0.1666666666666666
Season-All,41e108a5-4e2f-42cf-9ea1-87bf3c0a2b7f,"Nissa, Who Shakes the World",Aggro,19,9,0.4736842105263157
Season-All,41e108a5-4e2f-42cf-9ea1-87bf3c0a2b7f,"Nissa, Who Shakes the World",Aggro-Combo,60,33,0.55
Season-All,41e108a5-4e2f-42cf-9ea1-87bf3c0a2b7f,"Nissa, Who Shakes the World",Combo-Control,9,6,0.6666666666666666
Season-All,41e108a5-4e2f-42cf-9ea1-87bf3c0a2b7f,"Nissa, Who Shakes the World",Control-Aggro (Midrange),63,22,0.3492063492063492
Season-All,41ff849e-2439-4690-8aa4-769039b6da4c,Talisman of Progress,Combo,27,8,0.2962962962962963
Season-All,41ff849e-2439-4690-8aa4-769039b6da4c,Talisman of Progress,Combo-Control,10,5,0.5
Season-All,41ff849e-2439-4690-8aa4-769039b6da4c,Talisman of Progress,Control,8,2,0.25
Season-All,4216656e-90e8-45fc-a0f6-0d0d79d0a021,Shelldock Isle,Aggro-Combo,8,4,0.5
Season-All,4216656e-90e8-45fc-a0f6-0d0d79d0a021,Shelldock Isle,Aggro-Control (Tempo),9,4,0.4444444444444444
Season-All,4216656e-90e8-45fc-a0f6-0d0d79d0a021,Shelldock Isle,Combo,92,46,0.5
Season-All,4216656e-90e8-45fc-a0f6-0d0d79d0a021,Shelldock Isle,Combo-Control,11,5,0.4545454545454545
Season-All,4216656e-90e8-45fc-a0f6-0d0d79d0a021,Shelldock Isle,Control,26,11,0.4230769230769231
Season-All,4216656e-90e8-45fc-a0f6-0d0d79d0a021,Shelldock Isle,Control-Aggro (Midrange),9,5,0.5555555555555556
Season-All,43aa7e35-55ee-4e02-a8aa-ea2b267055d1,Woodfall Primus,Aggro,8,5,0.625
Season-All,43aa7e35-55ee-4e02-a8aa-ea2b267055d1,Woodfall Primus,Aggro-Combo,8,4,0.5
Season-All,43aa7e35-55ee-4e02-a8aa-ea2b267055d1,Woodfall Primus,Combo,91,45,0.4945054945054945
Season-All,43aa7e35-55ee-4e02-a8aa-ea2b267055d1,Woodfall Primus,Combo-Control,19,14,0.7368421052631579
Season-All,43aa7e35-55ee-4e02-a8aa-ea2b267055d1,Woodfall Primus,Control-Aggro (Midrange),18,6,0.3333333333333333
Season-All,441f8b2f-c8cb-4340-a92f-116c2276e906,Frantic Search,Combo,126,54,0.4285714285714285
Season-All,441f8b2f-c8cb-4340-a92f-116c2276e906,Frantic Search,Combo-Control,18,8,0.4444444444444444
Season-All,441f8b2f-c8cb-4340-a92f-116c2276e906,Frantic Search,Control,20,10,0.5
Season-All,441f8b2f-c8cb-4340-a92f-116c2276e906,Frantic Search,Control-Aggro (Midrange),9,5,0.5555555555555556
Season-All,44afd414-cc69-4888-ba12-7ea87e60b1f7,Craterhoof Behemoth,Aggro,28,16,0.5714285714285714
Season-All,44afd414-cc69-4888-ba12-7ea87e60b1f7,Craterhoof Behemoth,Aggro-Combo,91,45,0.4945054945054945
Season-All,44afd414-cc69-4888-ba12-7ea87e60b1f7,Craterhoof Behemoth,Control-Aggro (Midrange),21,11,0.5238095238095238
Season-All,45026d57-0324-4312-8b86-2e7d4f581ee9,Marsh Flats,Aggro,49,23,0.4693877551020408
Season-All,45026d57-0324-4312-8b86-2e7d4f581ee9,Marsh Flats,Combo,28,15,0.5357142857142857
Season-All,45026d57-0324-4312-8b86-2e7d4f581ee9,Marsh Flats,Combo-Control,39,24,0.6153846153846154
Season-All,45026d57-0324-4312-8b86-2e7d4f581ee9,Marsh Flats,Control,76,35,0.4605263157894737
Season-All,45026d57-0324-4312-8b86-2e7d4f581ee9,Marsh Flats,Control-Aggro (Midrange),18,7,0.3888888888888889
Season-All,45fd6e91-df76-497f-b642-33dc3d5f6a5a,Mox Ruby,Aggro,69,38,0.5507246376811594
Season-All,45fd6e91-df76-497f-b642-33dc3d5f6a5a,Mox Ruby,Aggro-Combo,16,11,0.6875
Season-All,45fd6e91-df76-497f-b642-33dc3d5f6a5a,Mox Ruby,Aggro-Control (Tempo),11,7,0.6363636363636364
Season-All,45fd6e91-df76-497f-b642-33dc3d5f6a5a,Mox Ruby,Combo,54,22,0.4074074074074074
Season-All,45fd6e91-df76-497f-b642-33dc3d5f6a5a,Mox Ruby,Combo-Control,9,7,0.7777777777777778
Season-All,45fd6e91-df76-497f-b642-33dc3d5f6a5a,Mox Ruby,Control,40,22,0.55
Season-All,45fd6e91-df76-497f-b642-33dc3d5f6a5a,Mox Ruby,Control-Aggro (Midrange),20,7,0.35
Season-All,4686bbb9-517f-4cce-aa7a-5db41e22c02b,High Tide,Combo,8,2,0.25
Season-All,4720b4f2-e6af-4223-9250-a0ed21ed5693,Pest Infestation,Aggro,24,13,0.5416666666666666
Season-All,4720b4f2-e6af-4223-9250-a0ed21ed5693,Pest Infestation,Aggro-Combo,8,3,0.375
Season-All,4720b4f2-e6af-4223-9250-a0ed21ed5693,Pest Infestation,Combo,39,17,0.4358974358974359
Season-All,4720b4f2-e6af-4223-9250-a0ed21ed5693,Pest Infestation,Combo-Control,30,14,0.4666666666666667
Season-All,4720b4f2-e6af-4223-9250-a0ed21ed5693,Pest Infestation,Control,26,11,0.4230769230769231
Season-All,4720b4f2-e6af-4223-9250-a0ed21ed5693,Pest Infestation,Control-Aggro (Midrange),36,11,0.3055555555555556
Season-All,47a6234f-309f-4e03-9263-66da48b57153,Solitude,Aggro,78,47,0.6025641025641025
Season-All,47a6234f-309f-4e03-9263-66da48b57153,Solitude,Aggro-Control (Tempo),9,5,0.5555555555555556
Season-All,47a6234f-309f-4e03-9263-66da48b57153,Solitude,Combo-Control,9,3,0.3333333333333333
Season-All,47a6234f-309f-4e03-9263-66da48b57153,Solitude,Control,95,58,0.6105263157894737
Season-All,47a6234f-309f-4e03-9263-66da48b57153,Solitude,Control-Aggro (Midrange),8,6,0.75
Season-All,47c8e6c4-450b-4f8b-b897-5808fe935a90,Vampire Hexmage,Aggro,28,12,0.4285714285714285
Season-All,47c8e6c4-450b-4f8b-b897-5808fe935a90,Vampire Hexmage,Combo-Control,9,6,0.6666666666666666
Season-All,47d6093b-b1b6-4956-8bfd-02cce899f832,Flow State,Combo,10,2,0.2
Season-All,4820d223-4ea1-4850-931c-3d2ab5eb003b,Birthing Ritual,Aggro-Combo,9,4,0.4444444444444444
Season-All,4820d223-4ea1-4850-931c-3d2ab5eb003b,Birthing Ritual,Combo-Control,11,5,0.4545454545454545
Season-All,4820d223-4ea1-4850-931c-3d2ab5eb003b,Birthing Ritual,Control,39,17,0.4358974358974359
Season-All,4820d223-4ea1-4850-931c-3d2ab5eb003b,Birthing Ritual,Control-Aggro (Midrange),20,9,0.45
Season-All,486d7edc-d983-41f0-8b78-c99aecd72996,"Otawara, Soaring City",Aggro-Control (Tempo),27,14,0.5185185185185185
Season-All,486d7edc-d983-41f0-8b78-c99aecd72996,"Otawara, Soaring City",Combo,38,21,0.5526315789473685
Season-All,486d7edc-d983-41f0-8b78-c99aecd72996,"Otawara, Soaring City",Control,52,28,0.5384615384615384
Season-All,487116ab-b885-406b-aa54-56cb67eb3ca5,Scavenging Ooze,Aggro,31,16,0.5161290322580645
Season-All,487116ab-b885-406b-aa54-56cb67eb3ca5,Scavenging Ooze,Aggro-Combo,49,27,0.5510204081632653
Season-All,487116ab-b885-406b-aa54-56cb67eb3ca5,Scavenging Ooze,Combo-Control,9,6,0.6666666666666666
Season-All,487116ab-b885-406b-aa54-56cb67eb3ca5,Scavenging Ooze,Control,10,2,0.2
Season-All,487116ab-b885-406b-aa54-56cb67eb3ca5,Scavenging Ooze,Control-Aggro (Midrange),9,1,0.1111111111111111
Season-All,490eb213-9ae2-4b45-abec-6f1dfc83792a,Cori-Steel Cutter,Aggro,20,13,0.65
Season-All,490eb213-9ae2-4b45-abec-6f1dfc83792a,Cori-Steel Cutter,Aggro-Combo,11,5,0.4545454545454545
Season-All,490eb213-9ae2-4b45-abec-6f1dfc83792a,Cori-Steel Cutter,Aggro-Control (Tempo),9,5,0.5555555555555556
Season-All,490eb213-9ae2-4b45-abec-6f1dfc83792a,Cori-Steel Cutter,Combo,17,14,0.8235294117647058
Season-All,490eb213-9ae2-4b45-abec-6f1dfc83792a,Cori-Steel Cutter,Control,36,17,0.4722222222222222
Season-All,492b368b-de32-45c1-8459-238aae54f9fc,Unmarked Grave,Combo,66,28,0.4242424242424242
Season-All,493a5ca7-5f90-4af4-b6db-43ae09a2f2c9,Dark Ritual,Aggro,8,6,0.75
Season-All,493a5ca7-5f90-4af4-b6db-43ae09a2f2c9,Dark Ritual,Combo,101,49,0.4851485148514851
Season-All,493a5ca7-5f90-4af4-b6db-43ae09a2f2c9,Dark Ritual,Control,62,34,0.5483870967741935
Season-All,493a5ca7-5f90-4af4-b6db-43ae09a2f2c9,Dark Ritual,Control-Aggro (Midrange),9,2,0.2222222222222222
Season-All,49bb0ad3-1082-41f1-82a4-52a4006cc9b6,"Leovold, Emissary of Trest",Combo,31,18,0.5806451612903226
Season-All,49bb0ad3-1082-41f1-82a4-52a4006cc9b6,"Leovold, Emissary of Trest",Combo-Control,9,6,0.6666666666666666
Season-All,49bb0ad3-1082-41f1-82a4-52a4006cc9b6,"Leovold, Emissary of Trest",Control,41,21,0.5121951219512195
Season-All,49bb0ad3-1082-41f1-82a4-52a4006cc9b6,"Leovold, Emissary of Trest",Control-Aggro (Midrange),29,15,0.5172413793103449
Season-All,4a08ca06-58db-4ce6-b490-be4bea8956a1,Sensei's Divining Top,Aggro-Combo,11,5,0.4545454545454545
Season-All,4a08ca06-58db-4ce6-b490-be4bea8956a1,Sensei's Divining Top,Combo,52,27,0.5192307692307693
Season-All,4a08ca06-58db-4ce6-b490-be4bea8956a1,Sensei's Divining Top,Combo-Control,9,2,0.2222222222222222
Season-All,4a08ca06-58db-4ce6-b490-be4bea8956a1,Sensei's Divining Top,Control,37,13,0.3513513513513513
Season-All,4a0bb5dc-75a6-4bd6-81f8-611197fb0fba,Nettlecyst,Combo,50,18,0.36
Season-All,4a0bb5dc-75a6-4bd6-81f8-611197fb0fba,Nettlecyst,Control,18,7,0.3888888888888889
Season-All,4a0bb5dc-75a6-4bd6-81f8-611197fb0fba,Nettlecyst,Control-Aggro (Midrange),8,2,0.25
Season-All,4a1f905f-1d55-4d02-9d24-e58070793d3f,"Atraxa, Grand Unifier",Aggro-Combo,29,20,0.6896551724137931
Season-All,4a1f905f-1d55-4d02-9d24-e58070793d3f,"Atraxa, Grand Unifier",Combo,121,67,0.5537190082644629
Season-All,4a1f905f-1d55-4d02-9d24-e58070793d3f,"Atraxa, Grand Unifier",Combo-Control,21,13,0.6190476190476191
Season-All,4a1f905f-1d55-4d02-9d24-e58070793d3f,"Atraxa, Grand Unifier",Control,9,6,0.6666666666666666
Season-All,4a1f905f-1d55-4d02-9d24-e58070793d3f,"Atraxa, Grand Unifier",Control-Aggro (Midrange),9,4,0.4444444444444444
Season-All,4a706ecf-3277-40e3-871c-4ba4ead16e20,Wrenn and Six,Aggro,28,17,0.6071428571428571
Season-All,4a706ecf-3277-40e3-871c-4ba4ead16e20,Wrenn and Six,Aggro-Combo,15,6,0.4
Season-All,4a706ecf-3277-40e3-871c-4ba4ead16e20,Wrenn and Six,Combo,11,4,0.3636363636363636
Season-All,4a706ecf-3277-40e3-871c-4ba4ead16e20,Wrenn and Six,Combo-Control,38,20,0.5263157894736842
Season-All,4a706ecf-3277-40e3-871c-4ba4ead16e20,Wrenn and Six,Control,19,7,0.3684210526315789
Season-All,4a706ecf-3277-40e3-871c-4ba4ead16e20,Wrenn and Six,Control-Aggro (Midrange),9,6,0.6666666666666666
Season-All,4acaef84-55d1-43dc-b10a-696182e6709b,Repeal,Aggro,10,6,0.6
Season-All,4acaef84-55d1-43dc-b10a-696182e6709b,Repeal,Aggro-Control (Tempo),31,16,0.5161290322580645
Season-All,4acaef84-55d1-43dc-b10a-696182e6709b,Repeal,Combo,39,17,0.4358974358974359
Season-All,4acaef84-55d1-43dc-b10a-696182e6709b,Repeal,Combo-Control,18,11,0.6111111111111112
Season-All,4acaef84-55d1-43dc-b10a-696182e6709b,Repeal,Control,56,25,0.4464285714285714
Season-All,4acaef84-55d1-43dc-b10a-696182e6709b,Repeal,Control-Aggro (Midrange),9,5,0.5555555555555556
Season-All,4acf970d-d2d7-413d-aba7-587ee53d8d5c,Stomping Ground,Aggro,91,54,0.5934065934065934
Season-All,4acf970d-d2d7-413d-aba7-587ee53d8d5c,Stomping Ground,Aggro-Combo,17,8,0.4705882352941176
Season-All,4acf970d-d2d7-413d-aba7-587ee53d8d5c,Stomping Ground,Combo,10,6,0.6
Season-All,4acf970d-d2d7-413d-aba7-587ee53d8d5c,Stomping Ground,Combo-Control,11,5,0.4545454545454545
Season-All,4acf970d-d2d7-413d-aba7-587ee53d8d5c,Stomping Ground,Control,33,22,0.6666666666666666
Season-All,4acf970d-d2d7-413d-aba7-587ee53d8d5c,Stomping Ground,Control-Aggro (Midrange),20,11,0.55
Season-All,4b0bd07e-cf80-4d64-af29-f4cec6632b3e,Perilous Landscape,Aggro,20,11,0.55
Season-All,4b0bd07e-cf80-4d64-af29-f4cec6632b3e,Perilous Landscape,Aggro-Control (Tempo),9,5,0.5555555555555556
Season-All,4b0bd07e-cf80-4d64-af29-f4cec6632b3e,Perilous Landscape,Combo,10,6,0.6
Season-All,4b0bd07e-cf80-4d64-af29-f4cec6632b3e,Perilous Landscape,Combo-Control,21,11,0.5238095238095238
Season-All,4b0bd07e-cf80-4d64-af29-f4cec6632b3e,Perilous Landscape,Control,26,14,0.5384615384615384
Season-All,4b0bd07e-cf80-4d64-af29-f4cec6632b3e,Perilous Landscape,Control-Aggro (Midrange),11,5,0.4545454545454545
Season-All,4b4956a2-9a39-4152-9c98-70e4b2acfa26,Miscalculation,Aggro-Control (Tempo),21,15,0.7142857142857143
Season-All,4b4956a2-9a39-4152-9c98-70e4b2acfa26,Miscalculation,Combo,64,32,0.5
Season-All,4b4956a2-9a39-4152-9c98-70e4b2acfa26,Miscalculation,Combo-Control,48,24,0.5
Season-All,4b4956a2-9a39-4152-9c98-70e4b2acfa26,Miscalculation,Control,76,36,0.4736842105263157
Season-All,4b4956a2-9a39-4152-9c98-70e4b2acfa26,Miscalculation,Control-Aggro (Midrange),20,9,0.45
Season-All,4c6cf93a-d073-48ac-88db-c46bf3e10beb,Generous Plunderer,Aggro,59,31,0.5254237288135594
Season-All,4c6cf93a-d073-48ac-88db-c46bf3e10beb,Generous Plunderer,Aggro-Control (Tempo),9,5,0.5555555555555556
Season-All,4c6cf93a-d073-48ac-88db-c46bf3e10beb,Generous Plunderer,Combo,11,5,0.4545454545454545
Season-All,4c6cf93a-d073-48ac-88db-c46bf3e10beb,Generous Plunderer,Control,9,5,0.5555555555555556
Season-All,4c6cf93a-d073-48ac-88db-c46bf3e10beb,Generous Plunderer,Control-Aggro (Midrange),9,4,0.4444444444444444
Season-All,4c732dc7-dd6b-4cc1-bbe0-ff3b1d2c7419,Animate Dead,Combo,185,93,0.5027027027027027
Season-All,4c732dc7-dd6b-4cc1-bbe0-ff3b1d2c7419,Animate Dead,Combo-Control,11,5,0.4545454545454545
Season-All,4c732dc7-dd6b-4cc1-bbe0-ff3b1d2c7419,Animate Dead,Control,9,8,0.8888888888888888
Season-All,4cbdacc1-7a1b-4633-85f5-eb50c2bf406d,Snapcaster Mage,Aggro-Control (Tempo),26,11,0.4230769230769231
Season-All,4cbdacc1-7a1b-4633-85f5-eb50c2bf406d,Snapcaster Mage,Combo,54,32,0.5925925925925926
Season-All,4cbdacc1-7a1b-4633-85f5-eb50c2bf406d,Snapcaster Mage,Combo-Control,11,6,0.5454545454545454
Season-All,4cbdacc1-7a1b-4633-85f5-eb50c2bf406d,Snapcaster Mage,Control,70,33,0.4714285714285714
Season-All,4cbdacc1-7a1b-4633-85f5-eb50c2bf406d,Snapcaster Mage,Control-Aggro (Midrange),15,6,0.4
Season-All,4ced112a-e775-4f97-97b3-74877e9dce12,Dragon's Rage Channeler,Aggro,45,20,0.4444444444444444
Season-All,4ced112a-e775-4f97-97b3-74877e9dce12,Dragon's Rage Channeler,Aggro-Combo,19,12,0.631578947368421
Season-All,4ced112a-e775-4f97-97b3-74877e9dce12,Dragon's Rage Channeler,Aggro-Control (Tempo),30,15,0.5
Season-All,4ced112a-e775-4f97-97b3-74877e9dce12,Dragon's Rage Channeler,Combo,38,17,0.4473684210526316
Season-All,4ced112a-e775-4f97-97b3-74877e9dce12,Dragon's Rage Channeler,Combo-Control,19,15,0.7894736842105263
Season-All,4ced112a-e775-4f97-97b3-74877e9dce12,Dragon's Rage Channeler,Control-Aggro (Midrange),11,7,0.6363636363636364
Season-All,4d9dbadd-c1b6-44fe-92ac-6f69d7178342,Talisman of Creativity,Combo,26,8,0.3076923076923077
Season-All,4d9dbadd-c1b6-44fe-92ac-6f69d7178342,Talisman of Creativity,Combo-Control,9,2,0.2222222222222222
Season-All,4d9dbadd-c1b6-44fe-92ac-6f69d7178342,Talisman of Creativity,Control,30,16,0.5333333333333333
Season-All,4d9dbadd-c1b6-44fe-92ac-6f69d7178342,Talisman of Creativity,Control-Aggro (Midrange),20,15,0.75
Season-All,4dea7bcc-3ff8-40b0-8264-0cd678d6ff31,Scourge of the Skyclaves,Aggro,10,3,0.3
Season-All,4dea7bcc-3ff8-40b0-8264-0cd678d6ff31,Scourge of the Skyclaves,Control,28,12,0.4285714285714285
Season-All,4df8aabc-7fcb-4b7b-980b-18f499e6c170,Hullbreacher,Aggro-Control (Tempo),9,5,0.5555555555555556
Season-All,4df8aabc-7fcb-4b7b-980b-18f499e6c170,Hullbreacher,Combo,103,53,0.5145631067961165
Season-All,4df8aabc-7fcb-4b7b-980b-18f499e6c170,Hullbreacher,Combo-Control,39,18,0.4615384615384615
Season-All,4df8aabc-7fcb-4b7b-980b-18f499e6c170,Hullbreacher,Control,26,9,0.3461538461538461
Season-All,4e117771-5a8b-4812-b487-32ba34b7f724,Giver of Runes,Aggro,147,82,0.5578231292517006
Season-All,4e117771-5a8b-4812-b487-32ba34b7f724,Giver of Runes,Combo,19,6,0.3157894736842105
Season-All,4e117771-5a8b-4812-b487-32ba34b7f724,Giver of Runes,Combo-Control,11,8,0.7272727272727273
Season-All,4e117771-5a8b-4812-b487-32ba34b7f724,Giver of Runes,Control,19,8,0.4210526315789473
Season-All,4e117771-5a8b-4812-b487-32ba34b7f724,Giver of Runes,Control-Aggro (Midrange),18,13,0.7222222222222222
Season-All,4e4b6e22-93b2-4896-bba5-0ceaa5d8ea3c,"Yavimaya, Cradle of Growth",Aggro,31,19,0.6129032258064516
Season-All,4e4b6e22-93b2-4896-bba5-0ceaa5d8ea3c,"Yavimaya, Cradle of Growth",Combo,20,14,0.7
Season-All,4e4b6e22-93b2-4896-bba5-0ceaa5d8ea3c,"Yavimaya, Cradle of Growth",Control,9,4,0.4444444444444444
Season-All,4e4b6e22-93b2-4896-bba5-0ceaa5d8ea3c,"Yavimaya, Cradle of Growth",Control-Aggro (Midrange),37,17,0.4594594594594595
Season-All,4e4fb50c-a81f-44d3-93c5-fa9a0b37f617,"Omnath, Locus of Creation",Combo-Control,40,19,0.475
Season-All,4e4fb50c-a81f-44d3-93c5-fa9a0b37f617,"Omnath, Locus of Creation",Control,53,30,0.5660377358490566
Season-All,4e4fb50c-a81f-44d3-93c5-fa9a0b37f617,"Omnath, Locus of Creation",Control-Aggro (Midrange),30,12,0.4
Season-All,4e76d04a-0038-4b5b-a026-3056ee940da9,Cloud of Faeries,Combo,8,2,0.25
Season-All,4ecbca71-9a1d-44c5-b709-d6f565941d5e,Skycoach Conductor // All Aboard,Control-Aggro (Midrange),11,5,0.4545454545454545
Season-All,4f84b838-b8f1-4b9a-a19f-479594f9d427,Qasali Pridemage,Aggro-Control (Tempo),8,2,0.25
Season-All,4f84b838-b8f1-4b9a-a19f-479594f9d427,Qasali Pridemage,Combo-Control,9,6,0.6666666666666666
Season-All,4f84b838-b8f1-4b9a-a19f-479594f9d427,Qasali Pridemage,Control,11,6,0.5454545454545454
Season-All,4f84b838-b8f1-4b9a-a19f-479594f9d427,Qasali Pridemage,Control-Aggro (Midrange),19,6,0.3157894736842105
Season-All,504a69eb-3c2d-4bb1-b117-252b15acf0c2,Mana Confluence,Aggro,9,6,0.6666666666666666
Season-All,504a69eb-3c2d-4bb1-b117-252b15acf0c2,Mana Confluence,Aggro-Control (Tempo),22,15,0.6818181818181818
Season-All,504a69eb-3c2d-4bb1-b117-252b15acf0c2,Mana Confluence,Combo,38,16,0.4210526315789473
Season-All,504a69eb-3c2d-4bb1-b117-252b15acf0c2,Mana Confluence,Combo-Control,29,13,0.4482758620689655
Season-All,504a69eb-3c2d-4bb1-b117-252b15acf0c2,Mana Confluence,Control,93,45,0.4838709677419355
Season-All,504a69eb-3c2d-4bb1-b117-252b15acf0c2,Mana Confluence,Control-Aggro (Midrange),9,5,0.5555555555555556
Season-All,50bc0f5b-7421-45b9-af85-86dd9821b7d8,Soulherder,Control,65,28,0.4307692307692308
Season-All,51eb9f05-9d5a-4196-9329-626ce4793c42,Vengevine,Control-Aggro (Midrange),11,3,0.2727272727272727
Season-All,522aa72b-2b8c-484c-872b-f082101cee35,Get Lost,Aggro,70,36,0.5142857142857142
Season-All,522aa72b-2b8c-484c-872b-f082101cee35,Get Lost,Aggro-Control (Tempo),8,2,0.25
Season-All,522aa72b-2b8c-484c-872b-f082101cee35,Get Lost,Combo,17,6,0.3529411764705882
Season-All,522aa72b-2b8c-484c-872b-f082101cee35,Get Lost,Combo-Control,9,6,0.6666666666666666
Season-All,522aa72b-2b8c-484c-872b-f082101cee35,Get Lost,Control,71,29,0.4084507042253521
Season-All,522aa72b-2b8c-484c-872b-f082101cee35,Get Lost,Control-Aggro (Midrange),17,8,0.4705882352941176
Season-All,5260f8ae-805b-4eae-badf-62de0f768867,Hedge Maze,Combo,10,5,0.5
Season-All,5260f8ae-805b-4eae-badf-62de0f768867,Hedge Maze,Control,21,10,0.4761904761904761
Season-All,5260f8ae-805b-4eae-badf-62de0f768867,Hedge Maze,Control-Aggro (Midrange),57,24,0.4210526315789473
Season-All,52d3005f-a1c7-4ef5-911f-ccc0752f4181,Faerie Mastermind,Aggro-Control (Tempo),47,25,0.5319148936170213
Season-All,52d3005f-a1c7-4ef5-911f-ccc0752f4181,Faerie Mastermind,Combo,37,16,0.4324324324324324
Season-All,52d3005f-a1c7-4ef5-911f-ccc0752f4181,Faerie Mastermind,Combo-Control,22,10,0.4545454545454545
Season-All,52d3005f-a1c7-4ef5-911f-ccc0752f4181,Faerie Mastermind,Control,70,31,0.4428571428571428
Season-All,52d3005f-a1c7-4ef5-911f-ccc0752f4181,Faerie Mastermind,Control-Aggro (Midrange),6,1,0.1666666666666666
Season-All,52eef0d6-24b7-40b7-8403-e8e863d0cd55,"Bristly Bill, Spine Sower",Aggro,48,30,0.625
Season-All,52eef0d6-24b7-40b7-8403-e8e863d0cd55,"Bristly Bill, Spine Sower",Aggro-Combo,56,27,0.4821428571428571
Season-All,52eef0d6-24b7-40b7-8403-e8e863d0cd55,"Bristly Bill, Spine Sower",Combo,10,5,0.5
Season-All,52eef0d6-24b7-40b7-8403-e8e863d0cd55,"Bristly Bill, Spine Sower",Combo-Control,21,11,0.5238095238095238
Season-All,52eef0d6-24b7-40b7-8403-e8e863d0cd55,"Bristly Bill, Spine Sower",Control,9,5,0.5555555555555556
Season-All,52eef0d6-24b7-40b7-8403-e8e863d0cd55,"Bristly Bill, Spine Sower",Control-Aggro (Midrange),56,24,0.4285714285714285
Season-All,53d4fd57-74b6-42c7-88b1-110e5a8dfc3c,Spell Pierce,Aggro-Control (Tempo),27,14,0.5185185185185185
Season-All,53d4fd57-74b6-42c7-88b1-110e5a8dfc3c,Spell Pierce,Combo,78,42,0.5384615384615384
Season-All,53d4fd57-74b6-42c7-88b1-110e5a8dfc3c,Spell Pierce,Combo-Control,19,10,0.5263157894736842
Season-All,53d4fd57-74b6-42c7-88b1-110e5a8dfc3c,Spell Pierce,Control,30,11,0.3666666666666666
Season-All,53d4fd57-74b6-42c7-88b1-110e5a8dfc3c,Spell Pierce,Control-Aggro (Midrange),16,5,0.3125
Season-All,5427d8a6-ac9e-4e50-bd39-81713b2ade25,Fatal Push,Aggro,21,9,0.4285714285714285
Season-All,5427d8a6-ac9e-4e50-bd39-81713b2ade25,Fatal Push,Aggro-Control (Tempo),19,12,0.631578947368421
Season-All,5427d8a6-ac9e-4e50-bd39-81713b2ade25,Fatal Push,Combo,80,43,0.5375
Season-All,5427d8a6-ac9e-4e50-bd39-81713b2ade25,Fatal Push,Combo-Control,32,21,0.65625
Season-All,5427d8a6-ac9e-4e50-bd39-81713b2ade25,Fatal Push,Control,68,44,0.6470588235294118
Season-All,5427d8a6-ac9e-4e50-bd39-81713b2ade25,Fatal Push,Control-Aggro (Midrange),11,7,0.6363636363636364
Season-All,543d55cb-3a6b-4620-af25-10ae74ed32c4,Worldspine Wurm,Combo-Control,10,8,0.8
Season-All,543d55cb-3a6b-4620-af25-10ae74ed32c4,Worldspine Wurm,Control-Aggro (Midrange),11,3,0.2727272727272727
Season-All,54a3ea87-005e-4985-b2a5-21711d0b71c0,Springheart Nantuko,Aggro,39,21,0.5384615384615384
Season-All,54a3ea87-005e-4985-b2a5-21711d0b71c0,Springheart Nantuko,Aggro-Combo,36,18,0.5
Season-All,54a3ea87-005e-4985-b2a5-21711d0b71c0,Springheart Nantuko,Combo,31,18,0.5806451612903226
Season-All,54a3ea87-005e-4985-b2a5-21711d0b71c0,Springheart Nantuko,Combo-Control,20,11,0.55
Season-All,54a3ea87-005e-4985-b2a5-21711d0b71c0,Springheart Nantuko,Control,20,9,0.45
Season-All,54a3ea87-005e-4985-b2a5-21711d0b71c0,Springheart Nantuko,Control-Aggro (Midrange),35,19,0.5428571428571428
Season-All,54e0c2cd-fa5f-427d-8e15-6066f002a8e3,Chainsaw,Aggro,51,21,0.4117647058823529
Season-All,54e0c2cd-fa5f-427d-8e15-6066f002a8e3,Chainsaw,Aggro-Combo,11,5,0.4545454545454545
Season-All,54e0c2cd-fa5f-427d-8e15-6066f002a8e3,Chainsaw,Aggro-Control (Tempo),12,7,0.5833333333333334
Season-All,54e0c2cd-fa5f-427d-8e15-6066f002a8e3,Chainsaw,Combo-Control,10,5,0.5
Season-All,54f449ff-4025-465e-9ec5-a5cf42c4c9d3,Xander's Lounge,Aggro-Control (Tempo),10,8,0.8
Season-All,54f449ff-4025-465e-9ec5-a5cf42c4c9d3,Xander's Lounge,Combo,94,49,0.5212765957446809
Season-All,54f449ff-4025-465e-9ec5-a5cf42c4c9d3,Xander's Lounge,Combo-Control,36,18,0.5
Season-All,54f449ff-4025-465e-9ec5-a5cf42c4c9d3,Xander's Lounge,Control,76,41,0.5394736842105263
Season-All,551c0a45-9515-4e51-84e5-79703832a661,Expedition Map,Aggro,11,8,0.7272727272727273
Season-All,551c0a45-9515-4e51-84e5-79703832a661,Expedition Map,Combo,58,26,0.4482758620689655
Season-All,551c0a45-9515-4e51-84e5-79703832a661,Expedition Map,Combo-Control,29,14,0.4827586206896552
Season-All,551c0a45-9515-4e51-84e5-79703832a661,Expedition Map,Control,28,19,0.6785714285714286
Season-All,553fb946-2706-475b-89f9-e4355ec9ea2b,March of Otherworldly Light,Aggro,29,11,0.3793103448275862
Season-All,553fb946-2706-475b-89f9-e4355ec9ea2b,March of Otherworldly Light,Control,27,9,0.3333333333333333
Season-All,553fb946-2706-475b-89f9-e4355ec9ea2b,March of Otherworldly Light,Control-Aggro (Midrange),9,2,0.2222222222222222
Season-All,55707746-da6e-46e5-a5ca-7ac843fdc38e,"Phelia, Exuberant Shepherd",Aggro,108,61,0.5648148148148148
Season-All,55707746-da6e-46e5-a5ca-7ac843fdc38e,"Phelia, Exuberant Shepherd",Aggro-Control (Tempo),9,5,0.5555555555555556
Season-All,55707746-da6e-46e5-a5ca-7ac843fdc38e,"Phelia, Exuberant Shepherd",Control,73,32,0.4383561643835616
Season-All,55707746-da6e-46e5-a5ca-7ac843fdc38e,"Phelia, Exuberant Shepherd",Control-Aggro (Midrange),19,8,0.4210526315789473
Season-All,55a14f30-4ff9-4472-90a6-c3139f1c18e5,"Kaito, Bane of Nightmares",Aggro-Control (Tempo),18,9,0.5
Season-All,55a14f30-4ff9-4472-90a6-c3139f1c18e5,"Kaito, Bane of Nightmares",Combo-Control,19,12,0.631578947368421
Season-All,55a14f30-4ff9-4472-90a6-c3139f1c18e5,"Kaito, Bane of Nightmares",Control,20,12,0.6
Season-All,55d35442-5ca0-4fd7-8ff1-b7347b3e6690,Piggy Bank,Aggro,55,32,0.5818181818181818
Season-All,55d35442-5ca0-4fd7-8ff1-b7347b3e6690,Piggy Bank,Combo,10,6,0.6
Season-All,55d35442-5ca0-4fd7-8ff1-b7347b3e6690,Piggy Bank,Control,11,6,0.5454545454545454
Season-All,55d35442-5ca0-4fd7-8ff1-b7347b3e6690,Piggy Bank,Control-Aggro (Midrange),19,6,0.3157894736842105
Season-All,564caf57-4ba5-4993-a35e-945699c94eb7,Toxic Deluge,Aggro-Control (Tempo),9,4,0.4444444444444444
Season-All,564caf57-4ba5-4993-a35e-945699c94eb7,Toxic Deluge,Combo,80,33,0.4125
Season-All,564caf57-4ba5-4993-a35e-945699c94eb7,Toxic Deluge,Combo-Control,17,14,0.8235294117647058
Season-All,564caf57-4ba5-4993-a35e-945699c94eb7,Toxic Deluge,Control,34,22,0.6470588235294118
Season-All,564caf57-4ba5-4993-a35e-945699c94eb7,Toxic Deluge,Control-Aggro (Midrange),9,5,0.5555555555555556
Season-All,568dd5a6-86f4-4039-87d7-812120c8ab94,Triplicate Titan,Aggro,8,3,0.375
Season-All,568dd5a6-86f4-4039-87d7-812120c8ab94,Triplicate Titan,Aggro-Combo,17,12,0.7058823529411765
Season-All,568dd5a6-86f4-4039-87d7-812120c8ab94,Triplicate Titan,Combo,113,53,0.4690265486725664
Season-All,568dd5a6-86f4-4039-87d7-812120c8ab94,Triplicate Titan,Combo-Control,8,3,0.375
Season-All,56995b84-2307-4955-9c7c-dc4f04acdc07,Inquisition of Kozilek,Aggro,40,20,0.5
Season-All,56995b84-2307-4955-9c7c-dc4f04acdc07,Inquisition of Kozilek,Aggro-Combo,8,7,0.875
Season-All,56995b84-2307-4955-9c7c-dc4f04acdc07,Inquisition of Kozilek,Aggro-Control (Tempo),19,12,0.631578947368421
Season-All,56995b84-2307-4955-9c7c-dc4f04acdc07,Inquisition of Kozilek,Combo,68,37,0.5441176470588235
Season-All,56995b84-2307-4955-9c7c-dc4f04acdc07,Inquisition of Kozilek,Combo-Control,30,21,0.7
Season-All,56995b84-2307-4955-9c7c-dc4f04acdc07,Inquisition of Kozilek,Control,40,18,0.45
Season-All,56995b84-2307-4955-9c7c-dc4f04acdc07,Inquisition of Kozilek,Control-Aggro (Midrange),9,1,0.1111111111111111
Season-All,57fb0fa7-0c5c-4a75-9461-c51403c30282,Foreboding Landscape,Combo,20,10,0.5
Season-All,57fb0fa7-0c5c-4a75-9461-c51403c30282,Foreboding Landscape,Control,29,18,0.6206896551724138
Season-All,57fb0fa7-0c5c-4a75-9461-c51403c30282,Foreboding Landscape,Control-Aggro (Midrange),29,10,0.3448275862068966
Season-All,586a4c31-65c7-4c7f-b5f6-74b105b2a629,Trinket Mage,Combo,39,19,0.4871794871794871
Season-All,586a4c31-65c7-4c7f-b5f6-74b105b2a629,Trinket Mage,Control,9,4,0.4444444444444444
Season-All,58c1e824-c8a9-4312-8e4c-a29a26d189a4,"Ugin, the Spirit Dragon",Aggro-Combo,10,6,0.6
Season-All,58c1e824-c8a9-4312-8e4c-a29a26d189a4,"Ugin, the Spirit Dragon",Control,11,6,0.5454545454545454
Season-All,58c9e9a7-e170-4361-b7d5-22fc0771c489,Urza's Bauble,Combo,10,2,0.2
Season-All,59faa45d-868b-4bc7-934c-0e077642e129,Loran of the Third Path,Aggro,29,18,0.6206896551724138
Season-All,59faa45d-868b-4bc7-934c-0e077642e129,Loran of the Third Path,Control,70,37,0.5285714285714286
Season-All,59faa45d-868b-4bc7-934c-0e077642e129,Loran of the Third Path,Control-Aggro (Midrange),10,2,0.2
Season-All,5a077de0-1893-40d0-a499-ee2e6e2258f1,Legion Extruder,Aggro,26,16,0.6153846153846154
Season-All,5a077de0-1893-40d0-a499-ee2e6e2258f1,Legion Extruder,Aggro-Combo,8,3,0.375
Season-All,5a077de0-1893-40d0-a499-ee2e6e2258f1,Legion Extruder,Aggro-Control (Tempo),9,5,0.5555555555555556
Season-All,5a077de0-1893-40d0-a499-ee2e6e2258f1,Legion Extruder,Combo,28,10,0.3571428571428571
Season-All,5a077de0-1893-40d0-a499-ee2e6e2258f1,Legion Extruder,Control,27,13,0.4814814814814814
Season-All,5a10b543-d5d4-42a8-9ee8-dada59a2ad7e,"Saheeli, Sublime Artificer",Aggro-Control (Tempo),10,6,0.6
Season-All,5a10b543-d5d4-42a8-9ee8-dada59a2ad7e,"Saheeli, Sublime Artificer",Combo,74,27,0.3648648648648648
Season-All,5a10b543-d5d4-42a8-9ee8-dada59a2ad7e,"Saheeli, Sublime Artificer",Combo-Control,20,8,0.4
Season-All,5a10b543-d5d4-42a8-9ee8-dada59a2ad7e,"Saheeli, Sublime Artificer",Control,34,12,0.3529411764705882
Season-All,5ab21006-7f61-49e0-8b6a-0397c5d4c3bd,Imperial Seal,Aggro-Combo,16,10,0.625
Season-All,5ab21006-7f61-49e0-8b6a-0397c5d4c3bd,Imperial Seal,Combo,119,63,0.5294117647058824
Season-All,5ab21006-7f61-49e0-8b6a-0397c5d4c3bd,Imperial Seal,Combo-Control,29,18,0.6206896551724138
Season-All,5ad36fb2-c44e-4085-ba0d-54277841ad3a,Lurrus of the Dream-Den,Aggro,8,4,0.5
Season-All,5ad36fb2-c44e-4085-ba0d-54277841ad3a,Lurrus of the Dream-Den,Aggro-Combo,8,0,0.0
Season-All,5ad36fb2-c44e-4085-ba0d-54277841ad3a,Lurrus of the Dream-Den,Combo,8,0,0.0
Season-All,5ad36fb2-c44e-4085-ba0d-54277841ad3a,Lurrus of the Dream-Den,Combo-Control,20,14,0.7
Season-All,5ad36fb2-c44e-4085-ba0d-54277841ad3a,Lurrus of the Dream-Den,Control,84,44,0.5238095238095238
Season-All,5ad67b3c-cd5a-497b-8639-9b844e8d517a,Mind Twist,Combo,52,24,0.4615384615384615
Season-All,5ad67b3c-cd5a-497b-8639-9b844e8d517a,Mind Twist,Control,59,31,0.5254237288135594
Season-All,5ad67b3c-cd5a-497b-8639-9b844e8d517a,Mind Twist,Control-Aggro (Midrange),37,13,0.3513513513513513
Season-All,5b8ba842-c662-4686-bca3-93ddb7fa11a6,Mother of Runes,Aggro,106,67,0.6320754716981132
Season-All,5b8ba842-c662-4686-bca3-93ddb7fa11a6,Mother of Runes,Aggro-Control (Tempo),9,5,0.5555555555555556
Season-All,5b8ba842-c662-4686-bca3-93ddb7fa11a6,Mother of Runes,Combo,10,3,0.3
Season-All,5b8ba842-c662-4686-bca3-93ddb7fa11a6,Mother of Runes,Combo-Control,9,3,0.3333333333333333
Season-All,5b8ba842-c662-4686-bca3-93ddb7fa11a6,Mother of Runes,Control,63,36,0.5714285714285714
Season-All,5b8ba842-c662-4686-bca3-93ddb7fa11a6,Mother of Runes,Control-Aggro (Midrange),21,9,0.4285714285714285
Season-All,5bb3cb5c-8d66-4f5e-a9a9-917e6045f024,Flickerwisp,Aggro,21,10,0.4761904761904761
Season-All,5bb3cb5c-8d66-4f5e-a9a9-917e6045f024,Flickerwisp,Aggro-Control (Tempo),9,5,0.5555555555555556
Season-All,5bb3cb5c-8d66-4f5e-a9a9-917e6045f024,Flickerwisp,Combo-Control,9,3,0.3333333333333333
Season-All,5bb3cb5c-8d66-4f5e-a9a9-917e6045f024,Flickerwisp,Control,90,37,0.4111111111111111
Season-All,5c70da33-ce5d-4b8b-9c1d-9a356a7e196f,Grave Titan,Aggro-Combo,8,7,0.875
Season-All,5c70da33-ce5d-4b8b-9c1d-9a356a7e196f,Grave Titan,Combo,48,21,0.4375
Season-All,5c70da33-ce5d-4b8b-9c1d-9a356a7e196f,Grave Titan,Control-Aggro (Midrange),10,4,0.4
Season-All,5cb76266-ae50-4bbc-8f96-d98f309b02d3,"Teferi, Time Raveler",Combo,8,3,0.375
Season-All,5cb76266-ae50-4bbc-8f96-d98f309b02d3,"Teferi, Time Raveler",Combo-Control,29,16,0.5517241379310345
Season-All,5cb76266-ae50-4bbc-8f96-d98f309b02d3,"Teferi, Time Raveler",Control,94,48,0.5106382978723404
Season-All,5d10b752-d9cb-419d-a5c4-d4ee1acb655e,"Teferi, Hero of Dominaria",Aggro-Control (Tempo),9,1,0.1111111111111111
Season-All,5d10b752-d9cb-419d-a5c4-d4ee1acb655e,"Teferi, Hero of Dominaria",Combo,26,9,0.3461538461538461
Season-All,5d10b752-d9cb-419d-a5c4-d4ee1acb655e,"Teferi, Hero of Dominaria",Combo-Control,10,5,0.5
Season-All,5d10b752-d9cb-419d-a5c4-d4ee1acb655e,"Teferi, Hero of Dominaria",Control,87,45,0.5172413793103449
Season-All,5da578b8-19e6-4068-9336-e7cd33c585f1,Retrofitter Foundry,Aggro-Control (Tempo),9,5,0.5555555555555556
Season-All,5da578b8-19e6-4068-9336-e7cd33c585f1,Retrofitter Foundry,Combo,85,31,0.3647058823529411
Season-All,5da578b8-19e6-4068-9336-e7cd33c585f1,Retrofitter Foundry,Control,43,17,0.3953488372093023
Season-All,5de097e5-e960-4404-a370-defe93ce892f,Oracle of Mul Daya,Aggro,20,14,0.7
Season-All,5de097e5-e960-4404-a370-defe93ce892f,Oracle of Mul Daya,Aggro-Combo,28,11,0.3928571428571428
Season-All,5de097e5-e960-4404-a370-defe93ce892f,Oracle of Mul Daya,Combo,9,1,0.1111111111111111
Season-All,5de097e5-e960-4404-a370-defe93ce892f,Oracle of Mul Daya,Combo-Control,20,11,0.55
Season-All,5de097e5-e960-4404-a370-defe93ce892f,Oracle of Mul Daya,Control-Aggro (Midrange),17,4,0.2352941176470588
Season-All,5eccf31d-869d-4003-a92b-71b4f4b479ee,Strix Serenade,Aggro-Control (Tempo),9,5,0.5555555555555556
Season-All,5eccf31d-869d-4003-a92b-71b4f4b479ee,Strix Serenade,Combo,21,11,0.5238095238095238
Season-All,5eccf31d-869d-4003-a92b-71b4f4b479ee,Strix Serenade,Combo-Control,18,12,0.6666666666666666
Season-All,5eccf31d-869d-4003-a92b-71b4f4b479ee,Strix Serenade,Control,65,32,0.4923076923076923
Season-All,5eccf31d-869d-4003-a92b-71b4f4b479ee,Strix Serenade,Control-Aggro (Midrange),16,5,0.3125
Season-All,5f1cdcba-a04a-4a2f-8bc1-0dd7fa03754d,Exhume,Aggro-Combo,8,7,0.875
Season-All,5f1cdcba-a04a-4a2f-8bc1-0dd7fa03754d,Exhume,Combo,117,58,0.4957264957264957
Season-All,5f608efc-0dbc-4cc3-aadd-ed473bfc29ab,Portal to Phyrexia,Combo,96,36,0.375
Season-All,5f608efc-0dbc-4cc3-aadd-ed473bfc29ab,Portal to Phyrexia,Combo-Control,10,5,0.5
Season-All,5f608efc-0dbc-4cc3-aadd-ed473bfc29ab,Portal to Phyrexia,Control-Aggro (Midrange),10,7,0.7
Season-All,5f6927e1-c580-483a-8e2a-6e2deb74800e,Mox Jet,Aggro,19,14,0.7368421052631579
Season-All,5f6927e1-c580-483a-8e2a-6e2deb74800e,Mox Jet,Aggro-Combo,10,5,0.5
Season-All,5f6927e1-c580-483a-8e2a-6e2deb74800e,Mox Jet,Aggro-Control (Tempo),19,11,0.5789473684210527
Season-All,5f6927e1-c580-483a-8e2a-6e2deb74800e,Mox Jet,Combo,47,27,0.574468085106383
Season-All,5f6927e1-c580-483a-8e2a-6e2deb74800e,Mox Jet,Combo-Control,30,22,0.7333333333333333
Season-All,5f6927e1-c580-483a-8e2a-6e2deb74800e,Mox Jet,Control,61,30,0.4918032786885246
Season-All,5f6927e1-c580-483a-8e2a-6e2deb74800e,Mox Jet,Control-Aggro (Midrange),28,11,0.3928571428571428
Season-All,605c2218-9d12-4ac3-a721-fca590b89847,Karakas,Aggro,48,29,0.6041666666666666
Season-All,605c2218-9d12-4ac3-a721-fca590b89847,Karakas,Combo,18,6,0.3333333333333333
Season-All,605c2218-9d12-4ac3-a721-fca590b89847,Karakas,Combo-Control,30,18,0.6
Season-All,605c2218-9d12-4ac3-a721-fca590b89847,Karakas,Control,82,46,0.5609756097560976
Season-All,605c2218-9d12-4ac3-a721-fca590b89847,Karakas,Control-Aggro (Midrange),8,6,0.75
Season-All,60aed76e-2265-471d-8e41-1d8605603b78,Hildibrand Manderville // Gentleman's Rise,Control,17,7,0.4117647058823529
Season-All,60d0e6a6-629a-45a7-bfcb-25ba7156788b,Elvish Mystic,Aggro,41,22,0.5365853658536586
Season-All,60d0e6a6-629a-45a7-bfcb-25ba7156788b,Elvish Mystic,Aggro-Combo,57,33,0.5789473684210527
Season-All,60d0e6a6-629a-45a7-bfcb-25ba7156788b,Elvish Mystic,Combo,11,4,0.3636363636363636
Season-All,60d0e6a6-629a-45a7-bfcb-25ba7156788b,Elvish Mystic,Combo-Control,9,6,0.6666666666666666
Season-All,60d0e6a6-629a-45a7-bfcb-25ba7156788b,Elvish Mystic,Control,11,8,0.7272727272727273
Season-All,60d0e6a6-629a-45a7-bfcb-25ba7156788b,Elvish Mystic,Control-Aggro (Midrange),67,25,0.373134328358209
Season-All,61237530-ad49-469c-a952-67c92315708e,Jennifer Walters // The Sensational She-Hulk,Control-Aggro (Midrange),11,5,0.4545454545454545
Season-All,612b2e6e-fe8d-49ad-b845-6fa7fa59ffd1,Concealing Curtains // Revealing Eye,Aggro,22,10,0.4545454545454545
Season-All,612b2e6e-fe8d-49ad-b845-6fa7fa59ffd1,Concealing Curtains // Revealing Eye,Combo,60,33,0.55
Season-All,612b2e6e-fe8d-49ad-b845-6fa7fa59ffd1,Concealing Curtains // Revealing Eye,Combo-Control,18,12,0.6666666666666666
Season-All,612b2e6e-fe8d-49ad-b845-6fa7fa59ffd1,Concealing Curtains // Revealing Eye,Control,65,40,0.6153846153846154
Season-All,612b2e6e-fe8d-49ad-b845-6fa7fa59ffd1,Concealing Curtains // Revealing Eye,Control-Aggro (Midrange),10,6,0.6
Season-All,6151b583-3aa7-4be8-9d05-d5e53f19c6c9,Fastbond,Aggro,8,6,0.75
Season-All,6151b583-3aa7-4be8-9d05-d5e53f19c6c9,Fastbond,Aggro-Combo,37,18,0.4864864864864865
Season-All,6151b583-3aa7-4be8-9d05-d5e53f19c6c9,Fastbond,Combo,51,21,0.4117647058823529
Season-All,6151b583-3aa7-4be8-9d05-d5e53f19c6c9,Fastbond,Combo-Control,21,11,0.5238095238095238
Season-All,6151b583-3aa7-4be8-9d05-d5e53f19c6c9,Fastbond,Control,19,7,0.3684210526315789
Season-All,6151b583-3aa7-4be8-9d05-d5e53f19c6c9,Fastbond,Control-Aggro (Midrange),47,14,0.2978723404255319
Season-All,6171e136-1167-4329-acb2-6853d3a814e5,Goblin Welder,Combo,30,11,0.3666666666666666
Season-All,61a28870-cf78-4323-9d82-cee764067764,Lightning Greaves,Combo,20,8,0.4
Season-All,61a28870-cf78-4323-9d82-cee764067764,Lightning Greaves,Combo-Control,9,6,0.6666666666666666
Season-All,61a28870-cf78-4323-9d82-cee764067764,Lightning Greaves,Control-Aggro (Midrange),40,18,0.45
Season-All,62b3f560-262b-4bc3-9aef-535fd7082c28,Vaultborn Tyrant,Aggro,8,6,0.75
Season-All,62b3f560-262b-4bc3-9aef-535fd7082c28,Vaultborn Tyrant,Aggro-Combo,9,4,0.4444444444444444
Season-All,62b3f560-262b-4bc3-9aef-535fd7082c28,Vaultborn Tyrant,Combo,68,37,0.5441176470588235
Season-All,62b3f560-262b-4bc3-9aef-535fd7082c28,Vaultborn Tyrant,Combo-Control,19,14,0.7368421052631579
Season-All,62b3f560-262b-4bc3-9aef-535fd7082c28,Vaultborn Tyrant,Control-Aggro (Midrange),41,16,0.3902439024390244
Season-All,62d37423-3445-412a-9abd-0480da404637,Phyrexian Fleshgorger,Aggro,10,7,0.7
Season-All,62d37423-3445-412a-9abd-0480da404637,Phyrexian Fleshgorger,Combo,67,32,0.4776119402985074
Season-All,635245e9-c27f-4a51-a6f1-bae62e696542,Lightstall Inquisitor,Aggro,37,16,0.4324324324324324
Season-All,63af3c26-5b1f-46f6-9aa2-036c615bf5ea,Flash,Aggro-Combo,9,6,0.6666666666666666
Season-All,63af3c26-5b1f-46f6-9aa2-036c615bf5ea,Flash,Combo,114,60,0.5263157894736842
Season-All,63af3c26-5b1f-46f6-9aa2-036c615bf5ea,Flash,Combo-Control,18,11,0.6111111111111112
Season-All,63af3c26-5b1f-46f6-9aa2-036c615bf5ea,Flash,Control,8,5,0.625
Season-All,63c59228-c742-4abd-b4d7-9f7880190e95,Windswept Heath,Aggro,68,33,0.4852941176470588
Season-All,63c59228-c742-4abd-b4d7-9f7880190e95,Windswept Heath,Aggro-Combo,25,11,0.44
Season-All,63c59228-c742-4abd-b4d7-9f7880190e95,Windswept Heath,Combo,18,4,0.2222222222222222
Season-All,63c59228-c742-4abd-b4d7-9f7880190e95,Windswept Heath,Combo-Control,22,10,0.4545454545454545
Season-All,63c59228-c742-4abd-b4d7-9f7880190e95,Windswept Heath,Control,46,21,0.4565217391304347
Season-All,63c59228-c742-4abd-b4d7-9f7880190e95,Windswept Heath,Control-Aggro (Midrange),59,37,0.6271186440677966
Season-All,63ce0909-7d7d-410d-ab6c-c87fa3e23877,"Black Widow, Super Spy",Control,8,3,0.375
Season-All,641b21e1-9188-4bc3-96e8-cda2acbc5ed5,Time Spiral,Aggro-Combo,8,4,0.5
Season-All,641b21e1-9188-4bc3-96e8-cda2acbc5ed5,Time Spiral,Combo,96,51,0.53125
Season-All,641b21e1-9188-4bc3-96e8-cda2acbc5ed5,Time Spiral,Combo-Control,11,6,0.5454545454545454
Season-All,641b21e1-9188-4bc3-96e8-cda2acbc5ed5,Time Spiral,Control,25,13,0.52
Season-All,641b21e1-9188-4bc3-96e8-cda2acbc5ed5,Time Spiral,Control-Aggro (Midrange),10,4,0.4
Season-All,64a5d494-efa1-446b-bebe-2ad36e154376,"Ugin, Eye of the Storms",Aggro,8,6,0.75
Season-All,64a5d494-efa1-446b-bebe-2ad36e154376,"Ugin, Eye of the Storms",Combo,38,17,0.4473684210526316
Season-All,64a5d494-efa1-446b-bebe-2ad36e154376,"Ugin, Eye of the Storms",Combo-Control,21,7,0.3333333333333333
Season-All,64a5d494-efa1-446b-bebe-2ad36e154376,"Ugin, Eye of the Storms",Control,29,16,0.5517241379310345
Season-All,64a5d494-efa1-446b-bebe-2ad36e154376,"Ugin, Eye of the Storms",Control-Aggro (Midrange),9,5,0.5555555555555556
Season-All,64bc9b1d-5818-4d9e-b771-e49af4ff9a5c,The Tabernacle at Pendrell Vale,Combo,17,3,0.1764705882352941
Season-All,64bc9b1d-5818-4d9e-b771-e49af4ff9a5c,The Tabernacle at Pendrell Vale,Combo-Control,12,5,0.4166666666666667
Season-All,64bc9b1d-5818-4d9e-b771-e49af4ff9a5c,The Tabernacle at Pendrell Vale,Control,10,6,0.6
Season-All,652236c2-84ef-45e4-b5fc-ed6170bc3d6c,Meticulous Archive,Aggro,10,6,0.6
Season-All,652236c2-84ef-45e4-b5fc-ed6170bc3d6c,Meticulous Archive,Aggro-Combo,11,5,0.4545454545454545
Season-All,652236c2-84ef-45e4-b5fc-ed6170bc3d6c,Meticulous Archive,Aggro-Control (Tempo),9,5,0.5555555555555556
Season-All,652236c2-84ef-45e4-b5fc-ed6170bc3d6c,Meticulous Archive,Combo,9,5,0.5555555555555556
Season-All,652236c2-84ef-45e4-b5fc-ed6170bc3d6c,Meticulous Archive,Combo-Control,19,8,0.4210526315789473
Season-All,652236c2-84ef-45e4-b5fc-ed6170bc3d6c,Meticulous Archive,Control,66,32,0.4848484848484848
Season-All,652236c2-84ef-45e4-b5fc-ed6170bc3d6c,Meticulous Archive,Control-Aggro (Midrange),11,5,0.4545454545454545
Season-All,658cfcb7-81b7-48c6-9dd2-1663d06108cf,Fountainport,Aggro-Control (Tempo),9,4,0.4444444444444444
Season-All,661fc907-7003-45c6-820c-9616e9a71c30,Seething Landscape,Aggro-Control (Tempo),10,8,0.8
Season-All,661fc907-7003-45c6-820c-9616e9a71c30,Seething Landscape,Combo,50,29,0.58
Season-All,661fc907-7003-45c6-820c-9616e9a71c30,Seething Landscape,Combo-Control,18,13,0.7222222222222222
Season-All,661fc907-7003-45c6-820c-9616e9a71c30,Seething Landscape,Control,27,13,0.4814814814814814
Season-All,66d80dd1-b944-4cb2-8578-b4dbcabbbc1e,Ophiomancer,Aggro-Control (Tempo),19,12,0.631578947368421
Season-All,66d80dd1-b944-4cb2-8578-b4dbcabbbc1e,Ophiomancer,Combo,21,10,0.4761904761904761
Season-All,66d80dd1-b944-4cb2-8578-b4dbcabbbc1e,Ophiomancer,Combo-Control,9,4,0.4444444444444444
Season-All,66d80dd1-b944-4cb2-8578-b4dbcabbbc1e,Ophiomancer,Control-Aggro (Midrange),30,14,0.4666666666666667
Season-All,671c008a-8ff8-42d7-9e03-6d8a9ddace67,Faithless Looting,Aggro,8,1,0.125
Season-All,671c008a-8ff8-42d7-9e03-6d8a9ddace67,Faithless Looting,Aggro-Combo,17,5,0.2941176470588235
Season-All,671c008a-8ff8-42d7-9e03-6d8a9ddace67,Faithless Looting,Aggro-Control (Tempo),8,2,0.25
Season-All,671c008a-8ff8-42d7-9e03-6d8a9ddace67,Faithless Looting,Combo,67,31,0.4626865671641791
Season-All,671c008a-8ff8-42d7-9e03-6d8a9ddace67,Faithless Looting,Control-Aggro (Midrange),9,6,0.6666666666666666
Season-All,672b9b16-daef-44e6-9a3a-cfd9f3c78bc7,Pentad Prism,Aggro-Control (Tempo),11,7,0.6363636363636364
Season-All,672b9b16-daef-44e6-9a3a-cfd9f3c78bc7,Pentad Prism,Combo,68,35,0.5147058823529411
Season-All,672b9b16-daef-44e6-9a3a-cfd9f3c78bc7,Pentad Prism,Combo-Control,8,8,1.0
Season-All,672b9b16-daef-44e6-9a3a-cfd9f3c78bc7,Pentad Prism,Control,60,30,0.5
Season-All,672b9b16-daef-44e6-9a3a-cfd9f3c78bc7,Pentad Prism,Control-Aggro (Midrange),9,4,0.4444444444444444
Season-All,68841ca8-a043-4f30-9a17-e983ed960bc2,Demonic Tutor,Aggro-Combo,10,7,0.7
Season-All,68841ca8-a043-4f30-9a17-e983ed960bc2,Demonic Tutor,Combo,115,61,0.5304347826086957
Season-All,68841ca8-a043-4f30-9a17-e983ed960bc2,Demonic Tutor,Combo-Control,9,6,0.6666666666666666
Season-All,68841ca8-a043-4f30-9a17-e983ed960bc2,Demonic Tutor,Control,66,40,0.6060606060606061
Season-All,68841ca8-a043-4f30-9a17-e983ed960bc2,Demonic Tutor,Control-Aggro (Midrange),21,13,0.6190476190476191
Season-All,68924203-c3d9-41ce-8ca8-c6dd491eb3ca,Psychic Frog,Aggro-Control (Tempo),28,17,0.6071428571428571
Season-All,68924203-c3d9-41ce-8ca8-c6dd491eb3ca,Psychic Frog,Combo,105,59,0.5619047619047619
Season-All,68924203-c3d9-41ce-8ca8-c6dd491eb3ca,Psychic Frog,Combo-Control,11,5,0.4545454545454545
Season-All,68924203-c3d9-41ce-8ca8-c6dd491eb3ca,Psychic Frog,Control,65,31,0.4769230769230769
Season-All,68c72226-6f52-4322-8b14-18737293dfa0,Bloodstained Mire,Aggro,29,15,0.5172413793103449
Season-All,68c72226-6f52-4322-8b14-18737293dfa0,Bloodstained Mire,Aggro-Combo,21,12,0.5714285714285714
Season-All,68c72226-6f52-4322-8b14-18737293dfa0,Bloodstained Mire,Combo,67,31,0.4626865671641791
Season-All,68c72226-6f52-4322-8b14-18737293dfa0,Bloodstained Mire,Combo-Control,28,15,0.5357142857142857
Season-All,68c72226-6f52-4322-8b14-18737293dfa0,Bloodstained Mire,Control,49,28,0.5714285714285714
Season-All,68c72226-6f52-4322-8b14-18737293dfa0,Bloodstained Mire,Control-Aggro (Midrange),9,5,0.5555555555555556
Season-All,6920c895-bc98-4871-a53f-219fa27a74e5,Occult Epiphany,Aggro-Control (Tempo),10,8,0.8
Season-All,6920c895-bc98-4871-a53f-219fa27a74e5,Occult Epiphany,Combo,107,51,0.4766355140186916
Season-All,6920c895-bc98-4871-a53f-219fa27a74e5,Occult Epiphany,Combo-Control,11,5,0.4545454545454545
Season-All,6920c895-bc98-4871-a53f-219fa27a74e5,Occult Epiphany,Control,37,18,0.4864864864864865
Season-All,6920c895-bc98-4871-a53f-219fa27a74e5,Occult Epiphany,Control-Aggro (Midrange),10,4,0.4
Season-All,69490262-afc2-4692-8fac-b771a972c8f8,Volcanic Spite,Aggro,50,28,0.56
Season-All,69490262-afc2-4692-8fac-b771a972c8f8,Volcanic Spite,Aggro-Combo,9,5,0.5555555555555556
Season-All,69490262-afc2-4692-8fac-b771a972c8f8,Volcanic Spite,Combo-Control,8,3,0.375
Season-All,69490262-afc2-4692-8fac-b771a972c8f8,Volcanic Spite,Control,9,5,0.5555555555555556
Season-All,6982a82c-dd32-40d2-8dd2-ec92d0fc6c2d,Phyrexian Revoker,Aggro,37,19,0.5135135135135135
Season-All,6982a82c-dd32-40d2-8dd2-ec92d0fc6c2d,Phyrexian Revoker,Combo,19,6,0.3157894736842105
Season-All,6982a82c-dd32-40d2-8dd2-ec92d0fc6c2d,Phyrexian Revoker,Combo-Control,9,3,0.3333333333333333
Season-All,6982a82c-dd32-40d2-8dd2-ec92d0fc6c2d,Phyrexian Revoker,Control,25,11,0.44
Season-All,6989018c-37b1-4282-a4af-9cc97f160b4d,Oliphaunt,Aggro,70,40,0.5714285714285714
Season-All,6989018c-37b1-4282-a4af-9cc97f160b4d,Oliphaunt,Aggro-Combo,16,10,0.625
Season-All,6989018c-37b1-4282-a4af-9cc97f160b4d,Oliphaunt,Aggro-Control (Tempo),18,10,0.5555555555555556
Season-All,6989018c-37b1-4282-a4af-9cc97f160b4d,Oliphaunt,Combo,36,22,0.6111111111111112
Season-All,6989018c-37b1-4282-a4af-9cc97f160b4d,Oliphaunt,Combo-Control,26,17,0.6538461538461539
Season-All,6989018c-37b1-4282-a4af-9cc97f160b4d,Oliphaunt,Control,31,21,0.6774193548387096
Season-All,69af2825-18c2-4463-b6ba-42eaa070ccc1,"Grist, the Hunger Tide",Aggro,11,6,0.5454545454545454
Season-All,69af2825-18c2-4463-b6ba-42eaa070ccc1,"Grist, the Hunger Tide",Aggro-Combo,8,3,0.375
Season-All,69af2825-18c2-4463-b6ba-42eaa070ccc1,"Grist, the Hunger Tide",Aggro-Control (Tempo),9,5,0.5555555555555556
Season-All,69af2825-18c2-4463-b6ba-42eaa070ccc1,"Grist, the Hunger Tide",Combo-Control,9,6,0.6666666666666666
Season-All,69af2825-18c2-4463-b6ba-42eaa070ccc1,"Grist, the Hunger Tide",Control,31,19,0.6129032258064516
Season-All,69af2825-18c2-4463-b6ba-42eaa070ccc1,"Grist, the Hunger Tide",Control-Aggro (Midrange),70,26,0.3714285714285714
Season-All,69c1b656-1d67-499c-bf0f-417682a86c7d,Shadowy Backstreet,Aggro,10,6,0.6
Season-All,69c1b656-1d67-499c-bf0f-417682a86c7d,Shadowy Backstreet,Combo,35,9,0.2571428571428571
Season-All,69c1b656-1d67-499c-bf0f-417682a86c7d,Shadowy Backstreet,Control,30,13,0.4333333333333333
Season-All,69c68c95-b788-43b1-9f22-1b22c5a00b25,Deep-Cavern Bat,Aggro,30,12,0.4
Season-All,69c68c95-b788-43b1-9f22-1b22c5a00b25,Deep-Cavern Bat,Combo,40,21,0.525
Season-All,69c68c95-b788-43b1-9f22-1b22c5a00b25,Deep-Cavern Bat,Combo-Control,38,24,0.631578947368421
Season-All,69c68c95-b788-43b1-9f22-1b22c5a00b25,Deep-Cavern Bat,Control,82,41,0.5
Season-All,69c68c95-b788-43b1-9f22-1b22c5a00b25,Deep-Cavern Bat,Control-Aggro (Midrange),20,12,0.6
Season-All,6a058e68-70af-4a64-859c-c881e5578368,Chrome Mox,Aggro,95,55,0.5789473684210527
Season-All,6a058e68-70af-4a64-859c-c881e5578368,Chrome Mox,Aggro-Control (Tempo),9,5,0.5555555555555556
Season-All,6a058e68-70af-4a64-859c-c881e5578368,Chrome Mox,Combo,67,34,0.5074626865671642
Season-All,6a058e68-70af-4a64-859c-c881e5578368,Chrome Mox,Control,27,15,0.5555555555555556
Season-All,6a058e68-70af-4a64-859c-c881e5578368,Chrome Mox,Control-Aggro (Midrange),9,1,0.1111111111111111
Season-All,6aa5cc65-f8f1-4f6f-8b4e-2fedccbda684,"Rofellos, Llanowar Emissary",Aggro-Combo,44,18,0.4090909090909091
Season-All,6aa5cc65-f8f1-4f6f-8b4e-2fedccbda684,"Rofellos, Llanowar Emissary",Combo-Control,9,6,0.6666666666666666
Season-All,6aa5cc65-f8f1-4f6f-8b4e-2fedccbda684,"Rofellos, Llanowar Emissary",Control-Aggro (Midrange),34,14,0.4117647058823529
Season-All,6ade6918-6d1d-448d-ab56-93996051e9a9,Sage of the Skies,Aggro-Combo,8,3,0.375
Season-All,6ade6918-6d1d-448d-ab56-93996051e9a9,Sage of the Skies,Control,26,12,0.4615384615384615
Season-All,6ade6918-6d1d-448d-ab56-93996051e9a9,Sage of the Skies,Control-Aggro (Midrange),8,6,0.75
Season-All,6bbf7394-9b17-45f8-a25b-d865e8452b2c,Steamcore Scholar,Aggro-Control (Tempo),18,5,0.2777777777777778
Season-All,6bbf7394-9b17-45f8-a25b-d865e8452b2c,Steamcore Scholar,Combo,18,8,0.4444444444444444
Season-All,6bbf7394-9b17-45f8-a25b-d865e8452b2c,Steamcore Scholar,Control,47,20,0.425531914893617
Season-All,6bcafc2e-cef6-412d-8c5d-1658c3337292,Overlord of the Mistmoors,Aggro,20,10,0.5
Season-All,6bcafc2e-cef6-412d-8c5d-1658c3337292,Overlord of the Mistmoors,Aggro-Control (Tempo),9,5,0.5555555555555556
Season-All,6be9b1d5-9ab8-4adb-ba54-2c0117e842fa,Mox Opal,Combo,57,22,0.3859649122807017
Season-All,6be9b1d5-9ab8-4adb-ba54-2c0117e842fa,Mox Opal,Control,17,4,0.2352941176470588
Season-All,6cc73d16-5ed7-4104-91f6-0997a2080e2e,Embereth Shieldbreaker // Battle Display,Aggro,47,17,0.3617021276595745
Season-All,6cc73d16-5ed7-4104-91f6-0997a2080e2e,Embereth Shieldbreaker // Battle Display,Aggro-Combo,11,5,0.4545454545454545
Season-All,6cc73d16-5ed7-4104-91f6-0997a2080e2e,Embereth Shieldbreaker // Battle Display,Aggro-Control (Tempo),10,6,0.6
Season-All,6cc73d16-5ed7-4104-91f6-0997a2080e2e,Embereth Shieldbreaker // Battle Display,Combo,11,5,0.4545454545454545
Season-All,6cc73d16-5ed7-4104-91f6-0997a2080e2e,Embereth Shieldbreaker // Battle Display,Combo-Control,9,6,0.6666666666666666
Season-All,6cc73d16-5ed7-4104-91f6-0997a2080e2e,Embereth Shieldbreaker // Battle Display,Control,10,3,0.3
Season-All,6da09e6a-2965-4855-bd41-41b41ba188fb,Through the Breach,Aggro-Combo,9,5,0.5555555555555556
Season-All,6da09e6a-2965-4855-bd41-41b41ba188fb,Through the Breach,Combo,56,38,0.6785714285714286
Season-All,6efb6a69-562c-4d95-858d-b067444cfd7e,Palantír of Orthanc,Aggro,9,6,0.6666666666666666
Season-All,6efb6a69-562c-4d95-858d-b067444cfd7e,Palantír of Orthanc,Aggro-Combo,18,6,0.3333333333333333
Season-All,6efb6a69-562c-4d95-858d-b067444cfd7e,Palantír of Orthanc,Combo,61,32,0.5245901639344263
Season-All,6efb6a69-562c-4d95-858d-b067444cfd7e,Palantír of Orthanc,Control,29,14,0.4827586206896552
Season-All,6efb6a69-562c-4d95-858d-b067444cfd7e,Palantír of Orthanc,Control-Aggro (Midrange),10,8,0.8
Season-All,6f11029a-b24d-4248-834f-b852b56857f6,Biogenic Ooze,Aggro,18,9,0.5
Season-All,6f11029a-b24d-4248-834f-b852b56857f6,Biogenic Ooze,Aggro-Combo,19,11,0.5789473684210527
Season-All,6f11029a-b24d-4248-834f-b852b56857f6,Biogenic Ooze,Control-Aggro (Midrange),39,15,0.3846153846153846
Season-All,6f26faca-f338-4ce5-a218-6a61d40fc50a,Tendrils of Agony,Combo,41,25,0.6097560975609756
Season-All,6f2cec5d-50ea-4d0f-8925-eba06222d015,"Shelinda, Yevon Acolyte",Aggro,21,13,0.6190476190476191
Season-All,6f2cec5d-50ea-4d0f-8925-eba06222d015,"Shelinda, Yevon Acolyte",Control-Aggro (Midrange),19,11,0.5789473684210527
Season-All,6fd672bb-18cf-44e3-8dda-5310b1e0fffe,Godless Shrine,Aggro,21,9,0.4285714285714285
Season-All,6fd672bb-18cf-44e3-8dda-5310b1e0fffe,Godless Shrine,Combo-Control,40,24,0.6
Season-All,6fd672bb-18cf-44e3-8dda-5310b1e0fffe,Godless Shrine,Control,74,36,0.4864864864864865
Season-All,6fd672bb-18cf-44e3-8dda-5310b1e0fffe,Godless Shrine,Control-Aggro (Midrange),10,4,0.4
Season-All,70496f16-c4c0-4c03-beef-454eb4824cd1,Deathrite Shaman,Combo,11,7,0.6363636363636364
Season-All,70496f16-c4c0-4c03-beef-454eb4824cd1,Deathrite Shaman,Control,38,19,0.5
Season-All,70496f16-c4c0-4c03-beef-454eb4824cd1,Deathrite Shaman,Control-Aggro (Midrange),36,12,0.3333333333333333
Season-All,7054012b-4f9d-44a0-aaf9-7fd3bddc7b2d,Slickshot Show-Off,Aggro,96,48,0.5
Season-All,7054012b-4f9d-44a0-aaf9-7fd3bddc7b2d,Slickshot Show-Off,Aggro-Control (Tempo),18,8,0.4444444444444444
Season-All,7054012b-4f9d-44a0-aaf9-7fd3bddc7b2d,Slickshot Show-Off,Combo,11,5,0.4545454545454545
Season-All,7054012b-4f9d-44a0-aaf9-7fd3bddc7b2d,Slickshot Show-Off,Control,8,2,0.25
Season-All,70719e7b-6f02-4c1a-9f11-79b2b0d9846a,Dust Animus,Aggro,37,16,0.4324324324324324
Season-All,70719e7b-6f02-4c1a-9f11-79b2b0d9846a,Dust Animus,Aggro-Control (Tempo),27,10,0.3703703703703703
Season-All,70e33f45-7d47-423b-a123-8541f1d1afb4,Lingering Souls,Aggro,28,16,0.5714285714285714
Season-All,70e33f45-7d47-423b-a123-8541f1d1afb4,Lingering Souls,Aggro-Control (Tempo),9,5,0.5555555555555556
Season-All,70e33f45-7d47-423b-a123-8541f1d1afb4,Lingering Souls,Combo-Control,27,17,0.6296296296296297
Season-All,70e33f45-7d47-423b-a123-8541f1d1afb4,Lingering Souls,Control,88,45,0.5113636363636364
Season-All,70e64028-ae96-4950-aa6c-9d347409fad3,Force Spike,Control,17,7,0.4117647058823529
Season-All,7127164d-f2a3-4d79-b6db-93507ff5ab47,Bitterbloom Bearer,Control,9,4,0.4444444444444444
Season-All,71384418-173a-4f77-adab-56e52fa23692,Delighted Halfling,Aggro,38,22,0.5789473684210527
Season-All,71384418-173a-4f77-adab-56e52fa23692,Delighted Halfling,Aggro-Combo,46,26,0.5652173913043478
Season-All,71384418-173a-4f77-adab-56e52fa23692,Delighted Halfling,Combo,10,3,0.3
Season-All,71384418-173a-4f77-adab-56e52fa23692,Delighted Halfling,Combo-Control,9,6,0.6666666666666666
Season-All,71384418-173a-4f77-adab-56e52fa23692,Delighted Halfling,Control,10,2,0.2
Season-All,71384418-173a-4f77-adab-56e52fa23692,Delighted Halfling,Control-Aggro (Midrange),87,42,0.4827586206896552
Season-All,716a44b4-f6b0-4f14-a270-6442aed3251f,"Raffine, Scheming Seer",Aggro-Control (Tempo),9,4,0.4444444444444444
Season-All,716a44b4-f6b0-4f14-a270-6442aed3251f,"Raffine, Scheming Seer",Control,11,6,0.5454545454545454
Season-All,729daf0e-b822-41bd-a908-ca8ec34032f0,Tropical Island,Aggro-Combo,19,11,0.5789473684210527
Season-All,729daf0e-b822-41bd-a908-ca8ec34032f0,Tropical Island,Combo,10,7,0.7
Season-All,729daf0e-b822-41bd-a908-ca8ec34032f0,Tropical Island,Control,46,22,0.4782608695652174
Season-All,729daf0e-b822-41bd-a908-ca8ec34032f0,Tropical Island,Control-Aggro (Midrange),56,26,0.4642857142857143
Season-All,72c6d541-e2cb-4d6e-acac-90a8f53b7006,Elegant Parlor,Aggro,71,39,0.5492957746478874
Season-All,72c6d541-e2cb-4d6e-acac-90a8f53b7006,Elegant Parlor,Combo,37,19,0.5135135135135135
Season-All,72c6d541-e2cb-4d6e-acac-90a8f53b7006,Elegant Parlor,Combo-Control,22,13,0.5909090909090909
Season-All,72c6d541-e2cb-4d6e-acac-90a8f53b7006,Elegant Parlor,Control,18,11,0.6111111111111112
Season-All,73a065e3-b530-4e62-ab3c-4f6f908184ec,"Elspeth, Storm Slayer",Aggro,55,34,0.6181818181818182
Season-All,73a065e3-b530-4e62-ab3c-4f6f908184ec,"Elspeth, Storm Slayer",Control,17,8,0.4705882352941176
Season-All,73a065e3-b530-4e62-ab3c-4f6f908184ec,"Elspeth, Storm Slayer",Control-Aggro (Midrange),9,4,0.4444444444444444
Season-All,73cc6df4-3564-4ace-bf8a-eac3e62d725a,Ursine Monstrosity,Aggro,84,45,0.5357142857142857
Season-All,73cc6df4-3564-4ace-bf8a-eac3e62d725a,Ursine Monstrosity,Aggro-Combo,19,11,0.5789473684210527
Season-All,73cc6df4-3564-4ace-bf8a-eac3e62d725a,Ursine Monstrosity,Control-Aggro (Midrange),61,28,0.4590163934426229
Season-All,748e6a61-9c1f-4225-9f04-e54002f63ac3,Savai Triome,Aggro,28,15,0.5357142857142857
Season-All,748e6a61-9c1f-4225-9f04-e54002f63ac3,Savai Triome,Aggro-Combo,10,7,0.7
Season-All,748e6a61-9c1f-4225-9f04-e54002f63ac3,Savai Triome,Combo,10,7,0.7
Season-All,748e6a61-9c1f-4225-9f04-e54002f63ac3,Savai Triome,Combo-Control,30,16,0.5333333333333333
Season-All,748e6a61-9c1f-4225-9f04-e54002f63ac3,Savai Triome,Control,47,20,0.425531914893617
Season-All,74b4c336-5d4c-4bc5-b82a-35084a6ad808,Spellseeker,Combo,39,18,0.4615384615384615
Season-All,74d29b3d-f588-431d-bf4e-f7215683ab39,Tangle Wire,Aggro,29,14,0.4827586206896552
Season-All,74d29b3d-f588-431d-bf4e-f7215683ab39,Tangle Wire,Aggro-Combo,44,22,0.5
Season-All,74d29b3d-f588-431d-bf4e-f7215683ab39,Tangle Wire,Combo,20,8,0.4
Season-All,74d29b3d-f588-431d-bf4e-f7215683ab39,Tangle Wire,Combo-Control,20,8,0.4
Season-All,74d29b3d-f588-431d-bf4e-f7215683ab39,Tangle Wire,Control,18,8,0.4444444444444444
Season-All,74d29b3d-f588-431d-bf4e-f7215683ab39,Tangle Wire,Control-Aggro (Midrange),18,6,0.3333333333333333
Season-All,758f95f8-bcb0-43ae-b474-56ebd855951e,Lion's Eye Diamond,Aggro,10,6,0.6
Season-All,758f95f8-bcb0-43ae-b474-56ebd855951e,Lion's Eye Diamond,Aggro-Combo,11,5,0.4545454545454545
Season-All,758f95f8-bcb0-43ae-b474-56ebd855951e,Lion's Eye Diamond,Combo,106,48,0.4528301886792453
Season-All,758f95f8-bcb0-43ae-b474-56ebd855951e,Lion's Eye Diamond,Combo-Control,20,15,0.75
Season-All,75fdce80-e338-4a50-bdc6-786511feaeef,Ziatora's Proving Ground,Aggro,28,17,0.6071428571428571
Season-All,75fdce80-e338-4a50-bdc6-786511feaeef,Ziatora's Proving Ground,Combo,20,9,0.45
Season-All,75fdce80-e338-4a50-bdc6-786511feaeef,Ziatora's Proving Ground,Combo-Control,9,6,0.6666666666666666
Season-All,75fdce80-e338-4a50-bdc6-786511feaeef,Ziatora's Proving Ground,Control,27,14,0.5185185185185185
Season-All,75fdce80-e338-4a50-bdc6-786511feaeef,Ziatora's Proving Ground,Control-Aggro (Midrange),21,13,0.6190476190476191
Season-All,76ae81ea-13e3-4ab8-b956-4c7b139a5e9c,Corpse Dance,Combo,10,3,0.3
Season-All,76c3cad2-1e25-4abe-878d-9194de6fcc27,Guide of Souls,Aggro,96,57,0.59375
Season-All,76c3cad2-1e25-4abe-878d-9194de6fcc27,Guide of Souls,Control,22,13,0.5909090909090909
Season-All,76c3cad2-1e25-4abe-878d-9194de6fcc27,Guide of Souls,Control-Aggro (Midrange),18,12,0.6666666666666666
Season-All,773199f9-c83b-4a77-8342-9f1552ecf595,Intrepid Adversary,Aggro,104,60,0.5769230769230769
Season-All,773199f9-c83b-4a77-8342-9f1552ecf595,Intrepid Adversary,Control,46,24,0.5217391304347826
Season-All,7740ff55-67bb-409e-90f7-2c2c8b8c770a,"Valgavoth, Terror Eater",Combo,101,43,0.4257425742574257
Season-All,777fcc21-2856-4181-8ecd-c272f9769e36,"Wan Shi Tong, All-Knowing",Aggro-Control (Tempo),9,5,0.5555555555555556
Season-All,777fcc21-2856-4181-8ecd-c272f9769e36,"Wan Shi Tong, All-Knowing",Combo,19,11,0.5789473684210527
Season-All,777fcc21-2856-4181-8ecd-c272f9769e36,"Wan Shi Tong, All-Knowing",Control,19,13,0.6842105263157895
Season-All,7832abb5-5107-4603-904e-491b221bd3e3,Smuggler's Copter,Aggro,64,35,0.546875
Season-All,7832abb5-5107-4603-904e-491b221bd3e3,Smuggler's Copter,Aggro-Combo,11,5,0.4545454545454545
Season-All,7832abb5-5107-4603-904e-491b221bd3e3,Smuggler's Copter,Aggro-Control (Tempo),30,17,0.5666666666666667
Season-All,7832abb5-5107-4603-904e-491b221bd3e3,Smuggler's Copter,Combo,39,20,0.5128205128205128
Season-All,7832abb5-5107-4603-904e-491b221bd3e3,Smuggler's Copter,Combo-Control,11,8,0.7272727272727273
Season-All,7832abb5-5107-4603-904e-491b221bd3e3,Smuggler's Copter,Control,28,8,0.2857142857142857
Season-All,784287c2-43c5-4210-93ae-cdd33b9acb1b,Commune with Beavers,Aggro,27,14,0.5185185185185185
Season-All,784287c2-43c5-4210-93ae-cdd33b9acb1b,Commune with Beavers,Aggro-Combo,10,5,0.5
Season-All,784287c2-43c5-4210-93ae-cdd33b9acb1b,Commune with Beavers,Control-Aggro (Midrange),38,18,0.4736842105263157
Season-All,78cef262-c753-4658-b3ec-fec8db47f944,Palace Jailer,Aggro,104,57,0.5480769230769231
Season-All,78cef262-c753-4658-b3ec-fec8db47f944,Palace Jailer,Aggro-Control (Tempo),8,2,0.25
Season-All,78cef262-c753-4658-b3ec-fec8db47f944,Palace Jailer,Combo,9,1,0.1111111111111111
Season-All,78cef262-c753-4658-b3ec-fec8db47f944,Palace Jailer,Control,71,32,0.4507042253521127
Season-All,78cef262-c753-4658-b3ec-fec8db47f944,Palace Jailer,Control-Aggro (Midrange),29,12,0.4137931034482758
Season-All,7a4e1580-dd26-4f4b-ac98-3e6fa7b879d5,Patchwork Automaton,Combo,19,8,0.4210526315789473
Season-All,7aa37f85-5336-4372-97a2-9c8b00798c7a,Tough Cookie,Combo,10,4,0.4
Season-All,7aa37f85-5336-4372-97a2-9c8b00798c7a,Tough Cookie,Combo-Control,11,5,0.4545454545454545
Season-All,7aa37f85-5336-4372-97a2-9c8b00798c7a,Tough Cookie,Control-Aggro (Midrange),18,6,0.3333333333333333
Season-All,7b54447f-1daf-4352-b5c3-3c0ec8b8f4d0,Unwanted Remake,Aggro,29,11,0.3793103448275862
Season-All,7b54447f-1daf-4352-b5c3-3c0ec8b8f4d0,Unwanted Remake,Aggro-Combo,8,3,0.375
Season-All,7b54447f-1daf-4352-b5c3-3c0ec8b8f4d0,Unwanted Remake,Combo-Control,11,7,0.6363636363636364
Season-All,7b54447f-1daf-4352-b5c3-3c0ec8b8f4d0,Unwanted Remake,Control,41,20,0.4878048780487805
Season-All,7c024bae-5631-4e20-ac69-df392ac9e109,Orcish Bowmasters,Aggro,21,11,0.5238095238095238
Season-All,7c024bae-5631-4e20-ac69-df392ac9e109,Orcish Bowmasters,Combo,88,47,0.5340909090909091
Season-All,7c024bae-5631-4e20-ac69-df392ac9e109,Orcish Bowmasters,Combo-Control,18,11,0.6111111111111112
Season-All,7c024bae-5631-4e20-ac69-df392ac9e109,Orcish Bowmasters,Control,63,38,0.6031746031746031
Season-All,7c024bae-5631-4e20-ac69-df392ac9e109,Orcish Bowmasters,Control-Aggro (Midrange),9,5,0.5555555555555556
Season-All,7c353e83-4b63-4bc6-b029-273d2eca1f75,Upheaval,Aggro-Combo,8,4,0.5
Season-All,7c353e83-4b63-4bc6-b029-273d2eca1f75,Upheaval,Combo,20,10,0.5
Season-All,7c353e83-4b63-4bc6-b029-273d2eca1f75,Upheaval,Combo-Control,12,5,0.4166666666666667
Season-All,7c353e83-4b63-4bc6-b029-273d2eca1f75,Upheaval,Control,36,18,0.5
Season-All,7c353e83-4b63-4bc6-b029-273d2eca1f75,Upheaval,Control-Aggro (Midrange),9,5,0.5555555555555556
Season-All,7c59e0cd-10a8-4a32-9c0a-a2c6ef1ed9a6,Unable to Scream,Aggro-Control (Tempo),11,7,0.6363636363636364
Season-All,7c59e0cd-10a8-4a32-9c0a-a2c6ef1ed9a6,Unable to Scream,Combo,10,5,0.5
Season-All,7c59e0cd-10a8-4a32-9c0a-a2c6ef1ed9a6,Unable to Scream,Control,22,8,0.3636363636363636
Season-All,7c884e1e-fecb-4330-b3de-5fc2a60f7173,Kolaghan's Command,Aggro,56,30,0.5357142857142857
Season-All,7c884e1e-fecb-4330-b3de-5fc2a60f7173,Kolaghan's Command,Combo,20,10,0.5
Season-All,7c884e1e-fecb-4330-b3de-5fc2a60f7173,Kolaghan's Command,Combo-Control,8,8,1.0
Season-All,7c884e1e-fecb-4330-b3de-5fc2a60f7173,Kolaghan's Command,Control,88,52,0.5909090909090909
Season-All,7c884e1e-fecb-4330-b3de-5fc2a60f7173,Kolaghan's Command,Control-Aggro (Midrange),11,7,0.6363636363636364
Season-All,7d48d622-f397-4f31-b1a5-0c23f60aa71c,Mana Tithe,Aggro,99,55,0.5555555555555556
Season-All,7d48d622-f397-4f31-b1a5-0c23f60aa71c,Mana Tithe,Aggro-Control (Tempo),17,6,0.3529411764705882
Season-All,7d48d622-f397-4f31-b1a5-0c23f60aa71c,Mana Tithe,Combo,10,6,0.6
Season-All,7d48d622-f397-4f31-b1a5-0c23f60aa71c,Mana Tithe,Combo-Control,11,8,0.7272727272727273
Season-All,7d48d622-f397-4f31-b1a5-0c23f60aa71c,Mana Tithe,Control,27,17,0.6296296296296297
Season-All,7d48d622-f397-4f31-b1a5-0c23f60aa71c,Mana Tithe,Control-Aggro (Midrange),18,13,0.7222222222222222
Season-All,7ea4b5bc-18a4-45db-a56a-ab3f8bd2fb0d,Ledger Shredder,Aggro-Control (Tempo),10,6,0.6
Season-All,7ea4b5bc-18a4-45db-a56a-ab3f8bd2fb0d,Ledger Shredder,Combo,28,10,0.3571428571428571
Season-All,7ea4b5bc-18a4-45db-a56a-ab3f8bd2fb0d,Ledger Shredder,Control,10,6,0.6
Season-All,7ea4b5bc-18a4-45db-a56a-ab3f8bd2fb0d,Ledger Shredder,Control-Aggro (Midrange),9,5,0.5555555555555556
Season-All,7eb39e97-53c2-4df0-9fb3-a3d6a24ec41f,Avacyn's Pilgrim,Aggro,18,11,0.6111111111111112
Season-All,7eb39e97-53c2-4df0-9fb3-a3d6a24ec41f,Avacyn's Pilgrim,Aggro-Combo,53,28,0.5283018867924528
Season-All,7eb39e97-53c2-4df0-9fb3-a3d6a24ec41f,Avacyn's Pilgrim,Combo,11,4,0.3636363636363636
Season-All,7eb39e97-53c2-4df0-9fb3-a3d6a24ec41f,Avacyn's Pilgrim,Combo-Control,9,6,0.6666666666666666
Season-All,7eb39e97-53c2-4df0-9fb3-a3d6a24ec41f,Avacyn's Pilgrim,Control,20,12,0.6
Season-All,7eb39e97-53c2-4df0-9fb3-a3d6a24ec41f,Avacyn's Pilgrim,Control-Aggro (Midrange),47,17,0.3617021276595745
Season-All,7f7e780e-fbc5-4dc0-b5c7-efcb8645c7c6,Ertai Resurrected,Combo,28,12,0.4285714285714285
Season-All,7f7e780e-fbc5-4dc0-b5c7-efcb8645c7c6,Ertai Resurrected,Control,50,26,0.52
Season-All,7f7e780e-fbc5-4dc0-b5c7-efcb8645c7c6,Ertai Resurrected,Control-Aggro (Midrange),9,5,0.5555555555555556
Season-All,80c72839-0fa6-4b5f-83b7-6553ebf09bef,"Otharri, Suns' Glory",Aggro,101,57,0.5643564356435643
Season-All,80c72839-0fa6-4b5f-83b7-6553ebf09bef,"Otharri, Suns' Glory",Combo,10,7,0.7
Season-All,80c72839-0fa6-4b5f-83b7-6553ebf09bef,"Otharri, Suns' Glory",Combo-Control,32,12,0.375
Season-All,80c72839-0fa6-4b5f-83b7-6553ebf09bef,"Otharri, Suns' Glory",Control,20,12,0.6
Season-All,80fca8c0-ae3e-439e-b202-228b9f360e9a,Portable Hole,Aggro,37,19,0.5135135135135135
Season-All,80fca8c0-ae3e-439e-b202-228b9f360e9a,Portable Hole,Aggro-Control (Tempo),8,2,0.25
Season-All,80fca8c0-ae3e-439e-b202-228b9f360e9a,Portable Hole,Combo-Control,9,4,0.4444444444444444
Season-All,80fca8c0-ae3e-439e-b202-228b9f360e9a,Portable Hole,Control,43,28,0.6511627906976745
Season-All,819a513c-3be6-4bdc-8ba6-1f7326a8f3ea,Fiery Confluence,Aggro,69,41,0.5942028985507246
Season-All,819a513c-3be6-4bdc-8ba6-1f7326a8f3ea,Fiery Confluence,Aggro-Combo,8,3,0.375
Season-All,819a513c-3be6-4bdc-8ba6-1f7326a8f3ea,Fiery Confluence,Aggro-Control (Tempo),33,20,0.6060606060606061
Season-All,819a513c-3be6-4bdc-8ba6-1f7326a8f3ea,Fiery Confluence,Combo,40,20,0.5
Season-All,819a513c-3be6-4bdc-8ba6-1f7326a8f3ea,Fiery Confluence,Combo-Control,11,7,0.6363636363636364
Season-All,819a513c-3be6-4bdc-8ba6-1f7326a8f3ea,Fiery Confluence,Control,19,12,0.631578947368421
Season-All,819a513c-3be6-4bdc-8ba6-1f7326a8f3ea,Fiery Confluence,Control-Aggro (Midrange),29,16,0.5517241379310345
Season-All,825969b9-3c70-4fca-8cab-696e9ca7cdb2,Prismatic Ending,Aggro,46,28,0.6086956521739131
Season-All,825969b9-3c70-4fca-8cab-696e9ca7cdb2,Prismatic Ending,Aggro-Control (Tempo),9,5,0.5555555555555556
Season-All,825969b9-3c70-4fca-8cab-696e9ca7cdb2,Prismatic Ending,Combo-Control,11,6,0.5454545454545454
Season-All,825969b9-3c70-4fca-8cab-696e9ca7cdb2,Prismatic Ending,Control,68,41,0.6029411764705882
Season-All,825969b9-3c70-4fca-8cab-696e9ca7cdb2,Prismatic Ending,Control-Aggro (Midrange),21,11,0.5238095238095238
Season-All,85a89077-b384-4fca-9d26-7297962c1541,Kappa Cannoneer,Combo,75,25,0.3333333333333333
Season-All,85a89077-b384-4fca-9d26-7297962c1541,Kappa Cannoneer,Combo-Control,12,5,0.4166666666666667
Season-All,85a89077-b384-4fca-9d26-7297962c1541,Kappa Cannoneer,Control,36,14,0.3888888888888889
Season-All,85a89077-b384-4fca-9d26-7297962c1541,Kappa Cannoneer,Control-Aggro (Midrange),10,5,0.5
Season-All,85d22d5d-3875-42ff-b51e-c6e21db201f5,Generous Ent,Control,10,3,0.3
Season-All,866b7fd4-86e3-4b42-b1ea-33bad0db1f9f,Prismari Command,Aggro,10,6,0.6
Season-All,866b7fd4-86e3-4b42-b1ea-33bad0db1f9f,Prismari Command,Aggro-Control (Tempo),23,14,0.6086956521739131
Season-All,866b7fd4-86e3-4b42-b1ea-33bad0db1f9f,Prismari Command,Combo,72,33,0.4583333333333333
Season-All,866b7fd4-86e3-4b42-b1ea-33bad0db1f9f,Prismari Command,Combo-Control,27,17,0.6296296296296297
Season-All,866b7fd4-86e3-4b42-b1ea-33bad0db1f9f,Prismari Command,Control,39,23,0.5897435897435898
Season-All,8683a978-1bef-4b01-9361-56b1fc157d26,Courser of Kruphix,Aggro,18,10,0.5555555555555556
Season-All,8683a978-1bef-4b01-9361-56b1fc157d26,Courser of Kruphix,Aggro-Combo,47,25,0.5319148936170213
Season-All,8683a978-1bef-4b01-9361-56b1fc157d26,Courser of Kruphix,Combo,21,9,0.4285714285714285
Season-All,8683a978-1bef-4b01-9361-56b1fc157d26,Courser of Kruphix,Combo-Control,20,11,0.55
Season-All,8683a978-1bef-4b01-9361-56b1fc157d26,Courser of Kruphix,Control,8,1,0.125
Season-All,8683a978-1bef-4b01-9361-56b1fc157d26,Courser of Kruphix,Control-Aggro (Midrange),28,12,0.4285714285714285
Season-All,86ecaedc-08f1-4de7-aae8-056df57940e0,Goblin Cratermaker,Aggro,34,11,0.3235294117647059
Season-All,87cc2855-6b14-44dd-a398-7dc2bbae081f,Kaldra Compleat,Aggro,44,20,0.4545454545454545
Season-All,87cc2855-6b14-44dd-a398-7dc2bbae081f,Kaldra Compleat,Aggro-Combo,10,6,0.6
Season-All,87cc2855-6b14-44dd-a398-7dc2bbae081f,Kaldra Compleat,Combo-Control,11,5,0.4545454545454545
Season-All,87cc2855-6b14-44dd-a398-7dc2bbae081f,Kaldra Compleat,Control,16,13,0.8125
Season-All,87cc2855-6b14-44dd-a398-7dc2bbae081f,Kaldra Compleat,Control-Aggro (Midrange),11,5,0.4545454545454545
Season-All,87d5e94b-0b35-4efd-9158-1767dcaea38c,Witherbloom Command,Combo,20,8,0.4
Season-All,87d5e94b-0b35-4efd-9158-1767dcaea38c,Witherbloom Command,Control-Aggro (Midrange),29,10,0.3448275862068966
Season-All,8870ef0b-cb1f-463b-8509-fece4743d3d4,Ramunap Excavator,Aggro,31,18,0.5806451612903226
Season-All,8870ef0b-cb1f-463b-8509-fece4743d3d4,Ramunap Excavator,Aggro-Combo,35,12,0.3428571428571428
Season-All,8870ef0b-cb1f-463b-8509-fece4743d3d4,Ramunap Excavator,Combo,40,17,0.425
Season-All,8870ef0b-cb1f-463b-8509-fece4743d3d4,Ramunap Excavator,Combo-Control,12,5,0.4166666666666667
Season-All,8870ef0b-cb1f-463b-8509-fece4743d3d4,Ramunap Excavator,Control,11,6,0.5454545454545454
Season-All,8870ef0b-cb1f-463b-8509-fece4743d3d4,Ramunap Excavator,Control-Aggro (Midrange),29,11,0.3793103448275862
Season-All,89175ce1-0746-4ba1-970e-617d134b0527,"Gau, Feral Youth",Aggro,39,16,0.4102564102564102
Season-All,89175ce1-0746-4ba1-970e-617d134b0527,"Gau, Feral Youth",Aggro-Combo,9,5,0.5555555555555556
Season-All,89175ce1-0746-4ba1-970e-617d134b0527,"Gau, Feral Youth",Aggro-Control (Tempo),17,7,0.4117647058823529
Season-All,89345f55-2b32-4356-945a-d56dded39909,Preacher of the Schism,Aggro-Control (Tempo),9,4,0.4444444444444444
Season-All,89345f55-2b32-4356-945a-d56dded39909,Preacher of the Schism,Combo,18,5,0.2777777777777778
Season-All,89345f55-2b32-4356-945a-d56dded39909,Preacher of the Schism,Combo-Control,9,6,0.6666666666666666
Season-All,89345f55-2b32-4356-945a-d56dded39909,Preacher of the Schism,Control,27,13,0.4814814814814814
Season-All,89af0f45-c11c-4f13-9950-b1489440ee5b,Chain Lightning,Aggro,98,46,0.4693877551020408
Season-All,89af0f45-c11c-4f13-9950-b1489440ee5b,Chain Lightning,Aggro-Combo,11,5,0.4545454545454545
Season-All,89af0f45-c11c-4f13-9950-b1489440ee5b,Chain Lightning,Combo,48,18,0.375
Season-All,89af0f45-c11c-4f13-9950-b1489440ee5b,Chain Lightning,Control,38,25,0.6578947368421053
Season-All,89af0f45-c11c-4f13-9950-b1489440ee5b,Chain Lightning,Control-Aggro (Midrange),10,6,0.6
Season-All,89f5cc05-5d9d-4709-b3c5-a6249c294acc,Hexdrinker,Aggro,78,43,0.5512820512820513
Season-All,89f5cc05-5d9d-4709-b3c5-a6249c294acc,Hexdrinker,Aggro-Combo,19,12,0.631578947368421
Season-All,89f5cc05-5d9d-4709-b3c5-a6249c294acc,Hexdrinker,Aggro-Control (Tempo),8,2,0.25
Season-All,89f5cc05-5d9d-4709-b3c5-a6249c294acc,Hexdrinker,Combo,19,8,0.4210526315789473
Season-All,89f5cc05-5d9d-4709-b3c5-a6249c294acc,Hexdrinker,Combo-Control,11,5,0.4545454545454545
Season-All,89f5cc05-5d9d-4709-b3c5-a6249c294acc,Hexdrinker,Control,11,6,0.5454545454545454
Season-All,89f5cc05-5d9d-4709-b3c5-a6249c294acc,Hexdrinker,Control-Aggro (Midrange),97,46,0.4742268041237113
Season-All,8a720448-017f-4f4a-9501-678245eaed17,Mishra's Bauble,Aggro,19,12,0.631578947368421
Season-All,8a720448-017f-4f4a-9501-678245eaed17,Mishra's Bauble,Aggro-Combo,8,7,0.875
Season-All,8a720448-017f-4f4a-9501-678245eaed17,Mishra's Bauble,Combo,70,32,0.4571428571428571
Season-All,8a720448-017f-4f4a-9501-678245eaed17,Mishra's Bauble,Control,61,32,0.5245901639344263
Season-All,8a720448-017f-4f4a-9501-678245eaed17,Mishra's Bauble,Control-Aggro (Midrange),10,5,0.5
Season-All,8b1e10e8-ea14-4761-910b-4072e2a18456,Grave Researcher // Reanimate,Aggro-Combo,10,7,0.7
Season-All,8b1e10e8-ea14-4761-910b-4072e2a18456,Grave Researcher // Reanimate,Control-Aggro (Midrange),11,3,0.2727272727272727
Season-All,8c2996d9-3287-4480-8c04-7a378e37e3cf,Flooded Strand,Aggro,9,3,0.3333333333333333
Season-All,8c2996d9-3287-4480-8c04-7a378e37e3cf,Flooded Strand,Aggro-Combo,19,11,0.5789473684210527
Season-All,8c2996d9-3287-4480-8c04-7a378e37e3cf,Flooded Strand,Aggro-Control (Tempo),9,5,0.5555555555555556
Season-All,8c2996d9-3287-4480-8c04-7a378e37e3cf,Flooded Strand,Combo,69,37,0.5362318840579711
Season-All,8c2996d9-3287-4480-8c04-7a378e37e3cf,Flooded Strand,Combo-Control,8,3,0.375
Season-All,8c2996d9-3287-4480-8c04-7a378e37e3cf,Flooded Strand,Control,84,51,0.6071428571428571
Season-All,8c2996d9-3287-4480-8c04-7a378e37e3cf,Flooded Strand,Control-Aggro (Midrange),8,6,0.75
Season-All,8c39f9b4-02b9-4d44-b8d6-4fd02ebbb0c5,"Narset, Parter of Veils",Aggro-Control (Tempo),8,2,0.25
Season-All,8c39f9b4-02b9-4d44-b8d6-4fd02ebbb0c5,"Narset, Parter of Veils",Combo,82,42,0.5121951219512195
Season-All,8c39f9b4-02b9-4d44-b8d6-4fd02ebbb0c5,"Narset, Parter of Veils",Combo-Control,50,25,0.5
Season-All,8c39f9b4-02b9-4d44-b8d6-4fd02ebbb0c5,"Narset, Parter of Veils",Control,17,9,0.5294117647058824
Season-All,8ca3c48b-f104-4292-9a4e-2ce87a65893c,Mutavault,Aggro,75,42,0.56
Season-All,8ca3c48b-f104-4292-9a4e-2ce87a65893c,Mutavault,Aggro-Combo,8,3,0.375
Season-All,8ca3c48b-f104-4292-9a4e-2ce87a65893c,Mutavault,Combo,8,2,0.25
Season-All,8ca3c48b-f104-4292-9a4e-2ce87a65893c,Mutavault,Control,20,10,0.5
Season-All,8ca3c48b-f104-4292-9a4e-2ce87a65893c,Mutavault,Control-Aggro (Midrange),10,5,0.5
Season-All,8db735ea-f9cf-4e3c-9200-4f180df55baa,Fractured Identity,Aggro,9,3,0.3333333333333333
Season-All,8db735ea-f9cf-4e3c-9200-4f180df55baa,Fractured Identity,Aggro-Control (Tempo),17,6,0.3529411764705882
Season-All,8db735ea-f9cf-4e3c-9200-4f180df55baa,Fractured Identity,Combo,27,12,0.4444444444444444
Season-All,8db735ea-f9cf-4e3c-9200-4f180df55baa,Fractured Identity,Combo-Control,22,11,0.5
Season-All,8db735ea-f9cf-4e3c-9200-4f180df55baa,Fractured Identity,Control,60,31,0.5166666666666667
Season-All,8db735ea-f9cf-4e3c-9200-4f180df55baa,Fractured Identity,Control-Aggro (Midrange),8,2,0.25
Season-All,8e42df9e-95f2-4c79-9274-2d16e3cd91f1,"Thalia, Guardian of Thraben",Aggro,84,40,0.4761904761904761
Season-All,8e42df9e-95f2-4c79-9274-2d16e3cd91f1,"Thalia, Guardian of Thraben",Combo-Control,9,3,0.3333333333333333
Season-All,8e42df9e-95f2-4c79-9274-2d16e3cd91f1,"Thalia, Guardian of Thraben",Control,31,14,0.4516129032258064
Season-All,8e42df9e-95f2-4c79-9274-2d16e3cd91f1,"Thalia, Guardian of Thraben",Control-Aggro (Midrange),9,2,0.2222222222222222
Season-All,8ff57c8b-173e-4a72-a0a0-1ad2d5cc6e5e,Spectacular Spider-Man,Aggro,37,21,0.5675675675675675
Season-All,8ff57c8b-173e-4a72-a0a0-1ad2d5cc6e5e,Spectacular Spider-Man,Combo,9,1,0.1111111111111111
Season-All,8ff57c8b-173e-4a72-a0a0-1ad2d5cc6e5e,Spectacular Spider-Man,Combo-Control,9,4,0.4444444444444444
Season-All,8ff57c8b-173e-4a72-a0a0-1ad2d5cc6e5e,Spectacular Spider-Man,Control,39,19,0.4871794871794871
Season-All,900c9dfd-ece1-4b09-a801-0fa05e1994b9,Fallen Shinobi,Aggro-Control (Tempo),18,9,0.5
Season-All,900c9dfd-ece1-4b09-a801-0fa05e1994b9,Fallen Shinobi,Combo,8,2,0.25
Season-All,900c9dfd-ece1-4b09-a801-0fa05e1994b9,Fallen Shinobi,Combo-Control,10,8,0.8
Season-All,900c9dfd-ece1-4b09-a801-0fa05e1994b9,Fallen Shinobi,Control,26,12,0.4615384615384615
Season-All,90107d10-e2aa-4cb7-a000-039f0c581b47,Simic Signet,Combo,39,16,0.4102564102564102
Season-All,90107d10-e2aa-4cb7-a000-039f0c581b47,Simic Signet,Control,19,6,0.3157894736842105
Season-All,906b6e99-128f-4c11-8daf-16099d35b0d4,Assassin's Trophy,Aggro,8,6,0.75
Season-All,906b6e99-128f-4c11-8daf-16099d35b0d4,Assassin's Trophy,Control,19,9,0.4736842105263157
Season-All,906b6e99-128f-4c11-8daf-16099d35b0d4,Assassin's Trophy,Control-Aggro (Midrange),18,6,0.3333333333333333
Season-All,907b3d1d-8c85-4707-80b5-c4d832df9846,Tishana's Tidebinder,Aggro-Control (Tempo),27,15,0.5555555555555556
Season-All,907b3d1d-8c85-4707-80b5-c4d832df9846,Tishana's Tidebinder,Combo,17,7,0.4117647058823529
Season-All,907b3d1d-8c85-4707-80b5-c4d832df9846,Tishana's Tidebinder,Combo-Control,9,6,0.6666666666666666
Season-All,907b3d1d-8c85-4707-80b5-c4d832df9846,Tishana's Tidebinder,Control,25,7,0.28
Season-All,907b3d1d-8c85-4707-80b5-c4d832df9846,Tishana's Tidebinder,Control-Aggro (Midrange),6,1,0.1666666666666666
Season-All,924a24e7-91b8-4ceb-a136-7a765d98c994,Mystic Forge,Combo,28,13,0.4642857142857143
Season-All,924a24e7-91b8-4ceb-a136-7a765d98c994,Mystic Forge,Control,7,2,0.2857142857142857
Season-All,926916ed-2f22-4ba9-9427-194886ad6c1e,Urza's Cave,Combo,30,16,0.5333333333333333
Season-All,926916ed-2f22-4ba9-9427-194886ad6c1e,Urza's Cave,Combo-Control,20,11,0.55
Season-All,928036c9-11b8-493e-b9f2-8fbd3487cd19,"Minsc & Boo, Timeless Heroes",Aggro,111,68,0.6126126126126126
Season-All,928036c9-11b8-493e-b9f2-8fbd3487cd19,"Minsc & Boo, Timeless Heroes",Aggro-Combo,15,6,0.4
Season-All,928036c9-11b8-493e-b9f2-8fbd3487cd19,"Minsc & Boo, Timeless Heroes",Combo,20,6,0.3
Season-All,928036c9-11b8-493e-b9f2-8fbd3487cd19,"Minsc & Boo, Timeless Heroes",Combo-Control,9,6,0.6666666666666666
Season-All,928036c9-11b8-493e-b9f2-8fbd3487cd19,"Minsc & Boo, Timeless Heroes",Control,28,13,0.4642857142857143
Season-All,939c6e19-4b27-4023-bb9c-ae440f91e21c,Shadowspear,Aggro,10,3,0.3
Season-All,939c6e19-4b27-4023-bb9c-ae440f91e21c,Shadowspear,Aggro-Combo,7,3,0.4285714285714285
Season-All,939c6e19-4b27-4023-bb9c-ae440f91e21c,Shadowspear,Combo,10,3,0.3
Season-All,939c6e19-4b27-4023-bb9c-ae440f91e21c,Shadowspear,Control,11,7,0.6363636363636364
Season-All,939c6e19-4b27-4023-bb9c-ae440f91e21c,Shadowspear,Control-Aggro (Midrange),6,1,0.1666666666666666
Season-All,93f99e67-901f-4c8d-8a09-e443b7eb928f,Archangel Elspeth,Aggro,86,47,0.5465116279069767
Season-All,93f99e67-901f-4c8d-8a09-e443b7eb928f,Archangel Elspeth,Combo-Control,12,5,0.4166666666666667
Season-All,93f99e67-901f-4c8d-8a09-e443b7eb928f,Archangel Elspeth,Control,39,23,0.5897435897435898
Season-All,93f99e67-901f-4c8d-8a09-e443b7eb928f,Archangel Elspeth,Control-Aggro (Midrange),27,10,0.3703703703703703
Season-All,9417f14c-a853-42c6-a992-29139484260a,Ignoble Hierarch,Aggro,45,27,0.6
Season-All,9417f14c-a853-42c6-a992-29139484260a,Ignoble Hierarch,Aggro-Combo,22,11,0.5
Season-All,9417f14c-a853-42c6-a992-29139484260a,Ignoble Hierarch,Combo,21,11,0.5238095238095238
Season-All,9417f14c-a853-42c6-a992-29139484260a,Ignoble Hierarch,Combo-Control,9,3,0.3333333333333333
Season-All,9417f14c-a853-42c6-a992-29139484260a,Ignoble Hierarch,Control,39,21,0.5384615384615384
Season-All,9417f14c-a853-42c6-a992-29139484260a,Ignoble Hierarch,Control-Aggro (Midrange),40,14,0.35
Season-All,94b67489-5eb0-4406-9bf3-27e50dc632eb,"Nadu, Winged Wisdom",Aggro,10,4,0.4
Season-All,94b67489-5eb0-4406-9bf3-27e50dc632eb,"Nadu, Winged Wisdom",Aggro-Control (Tempo),9,5,0.5555555555555556
Season-All,94b67489-5eb0-4406-9bf3-27e50dc632eb,"Nadu, Winged Wisdom",Combo,10,7,0.7
Season-All,94b67489-5eb0-4406-9bf3-27e50dc632eb,"Nadu, Winged Wisdom",Combo-Control,9,6,0.6666666666666666
Season-All,94b67489-5eb0-4406-9bf3-27e50dc632eb,"Nadu, Winged Wisdom",Control-Aggro (Midrange),81,32,0.3950617283950617
Season-All,94c6fdd8-21e7-48ae-aa05-a3666b928c1a,Timetwister,Aggro-Control (Tempo),8,2,0.25
Season-All,94c6fdd8-21e7-48ae-aa05-a3666b928c1a,Timetwister,Combo,76,38,0.5
Season-All,94c6fdd8-21e7-48ae-aa05-a3666b928c1a,Timetwister,Combo-Control,69,39,0.5652173913043478
Season-All,94c6fdd8-21e7-48ae-aa05-a3666b928c1a,Timetwister,Control,37,18,0.4864864864864865
Season-All,94c6fdd8-21e7-48ae-aa05-a3666b928c1a,Timetwister,Control-Aggro (Midrange),10,4,0.4
Season-All,9503a1e6-f0bf-44d0-a28b-56fbfcff1ff2,Guardian of Ghirapur,Aggro-Control (Tempo),8,2,0.25
Season-All,9503a1e6-f0bf-44d0-a28b-56fbfcff1ff2,Guardian of Ghirapur,Combo-Control,9,3,0.3333333333333333
Season-All,9503a1e6-f0bf-44d0-a28b-56fbfcff1ff2,Guardian of Ghirapur,Control,17,3,0.1764705882352941
Season-All,9503a1e6-f0bf-44d0-a28b-56fbfcff1ff2,Guardian of Ghirapur,Control-Aggro (Midrange),9,2,0.2222222222222222
Season-All,952ba126-0915-47f0-9b6a-a0a6dcd22c6f,Moat,Control,18,9,0.5
Season-All,95be2701-af7c-483e-8165-e8bd4b2774ed,Opposition,Combo,9,3,0.3333333333333333
Season-All,95be2701-af7c-483e-8165-e8bd4b2774ed,Opposition,Control,9,4,0.4444444444444444
Season-All,95be2701-af7c-483e-8165-e8bd4b2774ed,Opposition,Control-Aggro (Midrange),27,10,0.3703703703703703
Season-All,95c14c4d-6c16-4826-8d93-d89ad04aee09,"Etali, Primal Conqueror // Etali, Primal Sickness",Aggro-Combo,17,12,0.7058823529411765
Season-All,95c14c4d-6c16-4826-8d93-d89ad04aee09,"Etali, Primal Conqueror // Etali, Primal Sickness",Combo,143,77,0.5384615384615384
Season-All,95c14c4d-6c16-4826-8d93-d89ad04aee09,"Etali, Primal Conqueror // Etali, Primal Sickness",Combo-Control,27,16,0.5925925925925926
Season-All,96b6b2e1-c3e6-464c-8a13-b15deb34e862,Aetherflux Reservoir,Combo,58,27,0.4655172413793103
Season-All,96b6b2e1-c3e6-464c-8a13-b15deb34e862,Aetherflux Reservoir,Control-Aggro (Midrange),11,3,0.2727272727272727
Season-All,96c5607b-55fe-43c2-93fe-0084d84499d9,Deep Forest Hermit,Aggro,8,5,0.625
Season-All,96c5607b-55fe-43c2-93fe-0084d84499d9,Deep Forest Hermit,Aggro-Combo,37,19,0.5135135135135135
Season-All,96c5607b-55fe-43c2-93fe-0084d84499d9,Deep Forest Hermit,Control,9,4,0.4444444444444444
Season-All,96c5607b-55fe-43c2-93fe-0084d84499d9,Deep Forest Hermit,Control-Aggro (Midrange),30,11,0.3666666666666666
Season-All,9721f8da-39ed-4ada-a571-61e08a86032b,Broadside Bombardiers,Aggro,132,76,0.5757575757575758
Season-All,9721f8da-39ed-4ada-a571-61e08a86032b,Broadside Bombardiers,Aggro-Combo,19,10,0.5263157894736842
Season-All,9721f8da-39ed-4ada-a571-61e08a86032b,Broadside Bombardiers,Aggro-Control (Tempo),9,5,0.5555555555555556
Season-All,9721f8da-39ed-4ada-a571-61e08a86032b,Broadside Bombardiers,Combo,8,2,0.25
Season-All,9721f8da-39ed-4ada-a571-61e08a86032b,Broadside Bombardiers,Control,41,21,0.5121951219512195
Season-All,9721f8da-39ed-4ada-a571-61e08a86032b,Broadside Bombardiers,Control-Aggro (Midrange),9,5,0.5555555555555556
Season-All,972f3582-ad7c-4fe9-af29-90fa695a623f,Depthshaker Titan,Combo,9,3,0.3333333333333333
Season-All,97b9bab9-12ee-4da5-9d53-d0b82d9279cd,Pyrite Spellbomb,Aggro,27,12,0.4444444444444444
Season-All,97b9bab9-12ee-4da5-9d53-d0b82d9279cd,Pyrite Spellbomb,Aggro-Combo,11,5,0.4545454545454545
Season-All,97b9bab9-12ee-4da5-9d53-d0b82d9279cd,Pyrite Spellbomb,Combo,9,4,0.4444444444444444
Season-All,97b9bab9-12ee-4da5-9d53-d0b82d9279cd,Pyrite Spellbomb,Combo-Control,10,5,0.5
Season-All,97b9bab9-12ee-4da5-9d53-d0b82d9279cd,Pyrite Spellbomb,Control,67,31,0.4626865671641791
Season-All,97d08a15-e61c-4421-a541-c68a4f87cb74,Forensic Gadgeteer,Combo,46,17,0.3695652173913043
Season-All,97d08a15-e61c-4421-a541-c68a4f87cb74,Forensic Gadgeteer,Combo-Control,9,2,0.2222222222222222
Season-All,97d08a15-e61c-4421-a541-c68a4f87cb74,Forensic Gadgeteer,Control,26,9,0.3461538461538461
Season-All,9814d8e8-c462-41ca-9909-1c659f488543,Lotus Petal,Aggro,48,28,0.5833333333333334
Season-All,9814d8e8-c462-41ca-9909-1c659f488543,Lotus Petal,Aggro-Combo,25,15,0.6
Season-All,9814d8e8-c462-41ca-9909-1c659f488543,Lotus Petal,Combo,83,30,0.3614457831325301
Season-All,9814d8e8-c462-41ca-9909-1c659f488543,Lotus Petal,Control,20,10,0.5
Season-All,985453e7-997e-4d77-a338-cc0290791ebe,Finale of Devastation,Aggro-Combo,36,18,0.5
Season-All,985453e7-997e-4d77-a338-cc0290791ebe,Finale of Devastation,Aggro-Control (Tempo),9,5,0.5555555555555556
Season-All,985453e7-997e-4d77-a338-cc0290791ebe,Finale of Devastation,Combo-Control,12,5,0.4166666666666667
Season-All,985453e7-997e-4d77-a338-cc0290791ebe,Finale of Devastation,Control,10,2,0.2
Season-All,985453e7-997e-4d77-a338-cc0290791ebe,Finale of Devastation,Control-Aggro (Midrange),21,9,0.4285714285714285
Season-All,985bdb0c-ce6c-4506-8163-76f3b2fdf5fb,Lose Focus,Aggro-Control (Tempo),21,8,0.3809523809523809
Season-All,985bdb0c-ce6c-4506-8163-76f3b2fdf5fb,Lose Focus,Combo,44,23,0.5227272727272727
Season-All,985bdb0c-ce6c-4506-8163-76f3b2fdf5fb,Lose Focus,Combo-Control,8,3,0.375
Season-All,985bdb0c-ce6c-4506-8163-76f3b2fdf5fb,Lose Focus,Control,115,55,0.4782608695652174
Season-All,985bdb0c-ce6c-4506-8163-76f3b2fdf5fb,Lose Focus,Control-Aggro (Midrange),19,12,0.631578947368421
Season-All,98e7bf8f-dba7-4005-8cee-634c9153931d,Phantasmal Image,Aggro,10,6,0.6
Season-All,98e7bf8f-dba7-4005-8cee-634c9153931d,Phantasmal Image,Aggro-Control (Tempo),10,6,0.6
Season-All,98e7bf8f-dba7-4005-8cee-634c9153931d,Phantasmal Image,Combo,38,20,0.5263157894736842
Season-All,98e7bf8f-dba7-4005-8cee-634c9153931d,Phantasmal Image,Combo-Control,21,8,0.3809523809523809
Season-All,98e7bf8f-dba7-4005-8cee-634c9153931d,Phantasmal Image,Control,54,24,0.4444444444444444
Season-All,98e7bf8f-dba7-4005-8cee-634c9153931d,Phantasmal Image,Control-Aggro (Midrange),10,4,0.4
Season-All,98fb1eaa-2871-491a-a4f5-3e358778ba40,Mindslaver,Combo,9,3,0.3333333333333333
Season-All,98fb1eaa-2871-491a-a4f5-3e358778ba40,Mindslaver,Control,11,7,0.6363636363636364
Season-All,991037a2-fea2-49f5-8ace-ebbf9f678cff,Talisman of Dominance,Combo,19,9,0.4736842105263157
Season-All,991037a2-fea2-49f5-8ace-ebbf9f678cff,Talisman of Dominance,Combo-Control,9,2,0.2222222222222222
Season-All,991037a2-fea2-49f5-8ace-ebbf9f678cff,Talisman of Dominance,Control,18,14,0.7777777777777778
Season-All,995486ce-58bb-4753-a812-0ca73ef1a235,Gitaxian Probe,Aggro,9,7,0.7777777777777778
Season-All,995486ce-58bb-4753-a812-0ca73ef1a235,Gitaxian Probe,Aggro-Control (Tempo),9,5,0.5555555555555556
Season-All,995486ce-58bb-4753-a812-0ca73ef1a235,Gitaxian Probe,Combo,84,36,0.4285714285714285
Season-All,995486ce-58bb-4753-a812-0ca73ef1a235,Gitaxian Probe,Combo-Control,21,14,0.6666666666666666
Season-All,995486ce-58bb-4753-a812-0ca73ef1a235,Gitaxian Probe,Control,73,31,0.4246575342465753
Season-All,995486ce-58bb-4753-a812-0ca73ef1a235,Gitaxian Probe,Control-Aggro (Midrange),10,4,0.4
Season-All,99e96b34-b1c4-4647-a38e-2cf1aedaaace,Tersa Lightshatter,Aggro,10,6,0.6
Season-All,99e96b34-b1c4-4647-a38e-2cf1aedaaace,Tersa Lightshatter,Aggro-Combo,10,7,0.7
Season-All,99fd1cd5-4740-4a0f-b773-3d3b66861d77,The Warring Triad,Control,10,3,0.3
Season-All,99ff731b-8399-40c8-b539-ba6ba5783771,Wasteland,Aggro,40,25,0.625
Season-All,99ff731b-8399-40c8-b539-ba6ba5783771,Wasteland,Aggro-Combo,41,16,0.3902439024390244
Season-All,99ff731b-8399-40c8-b539-ba6ba5783771,Wasteland,Aggro-Control (Tempo),8,2,0.25
Season-All,99ff731b-8399-40c8-b539-ba6ba5783771,Wasteland,Combo,9,1,0.1111111111111111
Season-All,99ff731b-8399-40c8-b539-ba6ba5783771,Wasteland,Combo-Control,18,9,0.5
Season-All,99ff731b-8399-40c8-b539-ba6ba5783771,Wasteland,Control,28,13,0.4642857142857143
Season-All,9a71531f-d4b6-4cc7-8193-b2f5bce33b21,Night Scythe,Aggro,27,17,0.6296296296296297
Season-All,9a71531f-d4b6-4cc7-8193-b2f5bce33b21,Night Scythe,Aggro-Control (Tempo),19,13,0.6842105263157895
Season-All,9a71531f-d4b6-4cc7-8193-b2f5bce33b21,Night Scythe,Combo,20,7,0.35
Season-All,9a71531f-d4b6-4cc7-8193-b2f5bce33b21,Night Scythe,Control,19,10,0.5263157894736842
Season-All,9a9a1df5-a4e8-49a4-aebe-ca93894ccfcf,Dimir Signet,Combo,39,19,0.4871794871794871
Season-All,9a9a1df5-a4e8-49a4-aebe-ca93894ccfcf,Dimir Signet,Combo-Control,9,6,0.6666666666666666
Season-All,9a9a1df5-a4e8-49a4-aebe-ca93894ccfcf,Dimir Signet,Control,8,2,0.25
Season-All,9b32531e-c759-4603-abd0-1724e8df70db,Tribal Flames,Aggro,9,5,0.5555555555555556
Season-All,9b32531e-c759-4603-abd0-1724e8df70db,Tribal Flames,Control,8,1,0.125
Season-All,9b32531e-c759-4603-abd0-1724e8df70db,Tribal Flames,Control-Aggro (Midrange),9,5,0.5555555555555556
Season-All,9b76bcd4-580a-4435-afe9-290940b1837f,Spell Queller,Control,28,12,0.4285714285714285
Season-All,9b911653-7b96-4cf3-a907-13c5c53a14f7,Overlord of the Balemurk,Aggro,8,6,0.75
Season-All,9b911653-7b96-4cf3-a907-13c5c53a14f7,Overlord of the Balemurk,Aggro-Combo,10,7,0.7
Season-All,9b911653-7b96-4cf3-a907-13c5c53a14f7,Overlord of the Balemurk,Combo,9,7,0.7777777777777778
Season-All,9b911653-7b96-4cf3-a907-13c5c53a14f7,Overlord of the Balemurk,Control,39,24,0.6153846153846154
Season-All,9c0433f9-8f1e-4a19-a83f-a41925f1b1a9,Abandoned Air Temple,Combo-Control,11,6,0.5454545454545454
Season-All,9c769202-178c-442a-a9e2-aa08b5ae5c9a,"Agent Bishop, Man in Black",Aggro,10,6,0.6
Season-All,9cbb7b4e-bd32-44a0-9396-16738c5e4381,The Last Ride,Aggro,10,3,0.3
Season-All,9cbb7b4e-bd32-44a0-9396-16738c5e4381,The Last Ride,Control,17,5,0.2941176470588235
Season-All,9d3a7998-ccac-45ad-a4e9-3a2cb057f63b,Elite Spellbinder,Aggro,113,72,0.6371681415929203
Season-All,9d3a7998-ccac-45ad-a4e9-3a2cb057f63b,Elite Spellbinder,Aggro-Control (Tempo),9,5,0.5555555555555556
Season-All,9d3a7998-ccac-45ad-a4e9-3a2cb057f63b,Elite Spellbinder,Control,56,29,0.5178571428571429
Season-All,9d3a7998-ccac-45ad-a4e9-3a2cb057f63b,Elite Spellbinder,Control-Aggro (Midrange),29,18,0.6206896551724138
Season-All,9d48aaff-46ab-411b-9456-171d4709f951,Fear of Missing Out,Aggro,92,47,0.5108695652173914
Season-All,9d48aaff-46ab-411b-9456-171d4709f951,Fear of Missing Out,Aggro-Combo,10,7,0.7
Season-All,9d48aaff-46ab-411b-9456-171d4709f951,Fear of Missing Out,Aggro-Control (Tempo),10,6,0.6
Season-All,9d48aaff-46ab-411b-9456-171d4709f951,Fear of Missing Out,Combo,39,23,0.5897435897435898
Season-All,9d48aaff-46ab-411b-9456-171d4709f951,Fear of Missing Out,Control-Aggro (Midrange),30,18,0.6
Season-All,9e7fb3c0-5159-4d1f-8490-ce4c9a60f567,"Urza, Lord High Artificer",Aggro-Control (Tempo),11,7,0.6363636363636364
Season-All,9e7fb3c0-5159-4d1f-8490-ce4c9a60f567,"Urza, Lord High Artificer",Combo,85,27,0.3176470588235294
Season-All,9e7fb3c0-5159-4d1f-8490-ce4c9a60f567,"Urza, Lord High Artificer",Combo-Control,20,8,0.4
Season-All,9e7fb3c0-5159-4d1f-8490-ce4c9a60f567,"Urza, Lord High Artificer",Control,65,28,0.4307692307692308
Season-All,9e7fb3c0-5159-4d1f-8490-ce4c9a60f567,"Urza, Lord High Artificer",Control-Aggro (Midrange),10,7,0.7
Season-All,9efbfd67-e0f5-43e0-9fff-1eb4a2bed0d8,Marauding Mako,Aggro,21,13,0.6190476190476191
Season-All,9efbfd67-e0f5-43e0-9fff-1eb4a2bed0d8,Marauding Mako,Aggro-Combo,9,5,0.5555555555555556
Season-All,9efbfd67-e0f5-43e0-9fff-1eb4a2bed0d8,Marauding Mako,Combo,18,8,0.4444444444444444
Season-All,9efbfd67-e0f5-43e0-9fff-1eb4a2bed0d8,Marauding Mako,Control-Aggro (Midrange),9,6,0.6666666666666666
Season-All,a0b6a71e-56cb-4d25-8f2b-7a4f1b60900d,"Uro, Titan of Nature's Wrath",Control-Aggro (Midrange),33,11,0.3333333333333333
Season-All,a1176dcf-40ee-4342-aa74-791b8352e99a,Scrawling Crawler,Aggro,32,17,0.53125
Season-All,a1176dcf-40ee-4342-aa74-791b8352e99a,Scrawling Crawler,Combo,35,12,0.3428571428571428
Season-All,a1176dcf-40ee-4342-aa74-791b8352e99a,Scrawling Crawler,Combo-Control,12,5,0.4166666666666667
Season-All,a1176dcf-40ee-4342-aa74-791b8352e99a,Scrawling Crawler,Control,9,4,0.4444444444444444
Season-All,a15570c0-4210-4959-8584-987ec85f8283,Wight of the Reliquary,Control-Aggro (Midrange),22,10,0.4545454545454545
Season-All,a16a6555-2e3a-4587-aacd-0307d696b26c,Consult the Star Charts,Combo,10,5,0.5
Season-All,a178cfe8-f9fa-4255-88d0-54a0bed079f5,Malevolent Rumble,Aggro,36,20,0.5555555555555556
Season-All,a178cfe8-f9fa-4255-88d0-54a0bed079f5,Malevolent Rumble,Aggro-Combo,20,14,0.7
Season-All,a178cfe8-f9fa-4255-88d0-54a0bed079f5,Malevolent Rumble,Control,9,4,0.4444444444444444
Season-All,a178cfe8-f9fa-4255-88d0-54a0bed079f5,Malevolent Rumble,Control-Aggro (Midrange),31,12,0.3870967741935484
Season-All,a1febcf1-afa4-4406-9ac1-5bf98b2765d2,Time Walk,Aggro-Control (Tempo),21,12,0.5714285714285714
Season-All,a1febcf1-afa4-4406-9ac1-5bf98b2765d2,Time Walk,Combo,73,41,0.5616438356164384
Season-All,a1febcf1-afa4-4406-9ac1-5bf98b2765d2,Time Walk,Combo-Control,29,15,0.5172413793103449
Season-All,a1febcf1-afa4-4406-9ac1-5bf98b2765d2,Time Walk,Control,72,35,0.4861111111111111
Season-All,a1febcf1-afa4-4406-9ac1-5bf98b2765d2,Time Walk,Control-Aggro (Midrange),9,5,0.5555555555555556
Season-All,a211d505-4d40-4914-a9da-220770d6ddbc,Consider,Combo,26,12,0.4615384615384615
Season-All,a211d505-4d40-4914-a9da-220770d6ddbc,Consider,Combo-Control,10,5,0.5
Season-All,a211d505-4d40-4914-a9da-220770d6ddbc,Consider,Control,18,13,0.7222222222222222
Season-All,a249b1f4-2b22-4b67-a207-e0c4ae95d2e1,Ketria Triome,Aggro,8,4,0.5
Season-All,a249b1f4-2b22-4b67-a207-e0c4ae95d2e1,Ketria Triome,Combo,29,13,0.4482758620689655
Season-All,a249b1f4-2b22-4b67-a207-e0c4ae95d2e1,Ketria Triome,Combo-Control,9,6,0.6666666666666666
Season-All,a249b1f4-2b22-4b67-a207-e0c4ae95d2e1,Ketria Triome,Control,56,31,0.5535714285714286
Season-All,a249b1f4-2b22-4b67-a207-e0c4ae95d2e1,Ketria Triome,Control-Aggro (Midrange),49,20,0.4081632653061224
Season-All,a24e8dba-5c86-4e32-8a52-61402f7fe9f0,Containment Priest,Aggro,50,29,0.58
Season-All,a24e8dba-5c86-4e32-8a52-61402f7fe9f0,Containment Priest,Aggro-Control (Tempo),9,5,0.5555555555555556
Season-All,a24e8dba-5c86-4e32-8a52-61402f7fe9f0,Containment Priest,Combo-Control,11,6,0.5454545454545454
Season-All,a24e8dba-5c86-4e32-8a52-61402f7fe9f0,Containment Priest,Control,53,31,0.5849056603773585
Season-All,a2c56479-4bee-4edb-80d7-4af010b7c793,Raffine's Tower,Combo,47,24,0.5106382978723404
Season-All,a2c56479-4bee-4edb-80d7-4af010b7c793,Raffine's Tower,Combo-Control,9,2,0.2222222222222222
Season-All,a2c56479-4bee-4edb-80d7-4af010b7c793,Raffine's Tower,Control,85,38,0.4470588235294118
Season-All,a3012af9-621d-4fae-b00d-079a89ae35fe,Harvester of Misery,Aggro-Control (Tempo),9,5,0.5555555555555556
Season-All,a3012af9-621d-4fae-b00d-079a89ae35fe,Harvester of Misery,Combo,31,15,0.4838709677419355
Season-All,a3b1b58d-b7f1-404f-aec6-b19cef4bebbd,Unruly Krasis,Aggro-Control (Tempo),17,7,0.4117647058823529
Season-All,a3b1b58d-b7f1-404f-aec6-b19cef4bebbd,Unruly Krasis,Control,21,10,0.4761904761904761
Season-All,a3b1b58d-b7f1-404f-aec6-b19cef4bebbd,Unruly Krasis,Control-Aggro (Midrange),24,7,0.2916666666666667
Season-All,a3bb2881-e8fb-4fba-a9f9-d93e6ca24378,"Laelia, the Blade Reforged",Aggro,143,87,0.6083916083916084
Season-All,a3bb2881-e8fb-4fba-a9f9-d93e6ca24378,"Laelia, the Blade Reforged",Aggro-Combo,20,10,0.5
Season-All,a3bb2881-e8fb-4fba-a9f9-d93e6ca24378,"Laelia, the Blade Reforged",Aggro-Control (Tempo),21,12,0.5714285714285714
Season-All,a3bb2881-e8fb-4fba-a9f9-d93e6ca24378,"Laelia, the Blade Reforged",Combo,11,8,0.7272727272727273
Season-All,a3bb2881-e8fb-4fba-a9f9-d93e6ca24378,"Laelia, the Blade Reforged",Control,10,6,0.6
Season-All,a3bb2881-e8fb-4fba-a9f9-d93e6ca24378,"Laelia, the Blade Reforged",Control-Aggro (Midrange),28,15,0.5357142857142857
Season-All,a50d79fe-6d37-42f3-b7b0-0c3018282fa2,End-Raze Forerunners,Aggro,21,10,0.4761904761904761
Season-All,a50d79fe-6d37-42f3-b7b0-0c3018282fa2,End-Raze Forerunners,Aggro-Combo,78,40,0.5128205128205128
Season-All,a50d79fe-6d37-42f3-b7b0-0c3018282fa2,End-Raze Forerunners,Combo-Control,9,3,0.3333333333333333
Season-All,a50d79fe-6d37-42f3-b7b0-0c3018282fa2,End-Raze Forerunners,Control-Aggro (Midrange),10,2,0.2
Season-All,a55c4d47-5252-40af-961d-c08bc688028a,Goblin Engineer,Combo,30,10,0.3333333333333333
Season-All,a6539e26-b63b-4725-9407-caaf451de084,Troll of Khazad-dûm,Aggro,8,6,0.75
Season-All,a6539e26-b63b-4725-9407-caaf451de084,Troll of Khazad-dûm,Aggro-Control (Tempo),19,13,0.6842105263157895
Season-All,a6539e26-b63b-4725-9407-caaf451de084,Troll of Khazad-dûm,Combo,138,71,0.5144927536231884
Season-All,a6539e26-b63b-4725-9407-caaf451de084,Troll of Khazad-dûm,Combo-Control,19,15,0.7894736842105263
Season-All,a6539e26-b63b-4725-9407-caaf451de084,Troll of Khazad-dûm,Control,26,14,0.5384615384615384
Season-All,a6539e26-b63b-4725-9407-caaf451de084,Troll of Khazad-dûm,Control-Aggro (Midrange),11,7,0.6363636363636364
Season-All,a6d9b8d6-1e97-4e9c-b0c4-3b71734134a4,"Scarlet Spider, Ben Reilly",Aggro,21,12,0.5714285714285714
Season-All,a6d9b8d6-1e97-4e9c-b0c4-3b71734134a4,"Scarlet Spider, Ben Reilly",Control-Aggro (Midrange),9,4,0.4444444444444444
Season-All,a7072412-4aa2-40ef-a267-bd717551a42b,"Rhys, the Evermore",Combo-Control,8,8,1.0
Season-All,a7072412-4aa2-40ef-a267-bd717551a42b,"Rhys, the Evermore",Control,9,4,0.4444444444444444
Season-All,a76fa8d4-923d-4afc-ba47-ba10fc0fe46e,"Comet, Stellar Pup",Aggro,17,5,0.2941176470588235
Season-All,a76fa8d4-923d-4afc-ba47-ba10fc0fe46e,"Comet, Stellar Pup",Aggro-Control (Tempo),9,5,0.5555555555555556
Season-All,a76fa8d4-923d-4afc-ba47-ba10fc0fe46e,"Comet, Stellar Pup",Combo-Control,10,5,0.5
Season-All,a7a8b6b8-b95f-4014-b17a-a6d44d965995,City of Traitors,Aggro,37,21,0.5675675675675675
Season-All,a7a8b6b8-b95f-4014-b17a-a6d44d965995,City of Traitors,Combo,46,18,0.391304347826087
Season-All,a7a8b6b8-b95f-4014-b17a-a6d44d965995,City of Traitors,Control,35,15,0.4285714285714285
Season-All,a8069994-b103-40dc-9e14-062004914ec8,Cathar Commando,Aggro,93,53,0.5698924731182796
Season-All,a8069994-b103-40dc-9e14-062004914ec8,Cathar Commando,Combo-Control,27,13,0.4814814814814814
Season-All,a8069994-b103-40dc-9e14-062004914ec8,Cathar Commando,Control,51,28,0.5490196078431373
Season-All,a8069994-b103-40dc-9e14-062004914ec8,Cathar Commando,Control-Aggro (Midrange),20,7,0.35
Season-All,a87606cc-fbf0-4e2c-9798-f1c935d0573d,Esika's Chariot,Aggro,27,15,0.5555555555555556
Season-All,a87606cc-fbf0-4e2c-9798-f1c935d0573d,Esika's Chariot,Control,11,4,0.3636363636363636
Season-All,a87606cc-fbf0-4e2c-9798-f1c935d0573d,Esika's Chariot,Control-Aggro (Midrange),20,12,0.6
Season-All,a9225cc3-90f0-448f-a8d9-7c6c2796d077,Sheoldred's Edict,Aggro,40,23,0.575
Season-All,a9225cc3-90f0-448f-a8d9-7c6c2796d077,Sheoldred's Edict,Aggro-Control (Tempo),18,9,0.5
Season-All,a9225cc3-90f0-448f-a8d9-7c6c2796d077,Sheoldred's Edict,Combo,50,27,0.54
Season-All,a9225cc3-90f0-448f-a8d9-7c6c2796d077,Sheoldred's Edict,Control,17,9,0.5294117647058824
Season-All,a9225cc3-90f0-448f-a8d9-7c6c2796d077,Sheoldred's Edict,Control-Aggro (Midrange),10,4,0.4
Season-All,a93e3406-4e29-4bc0-ae52-cbd2ac1f99a4,"Alesha, Who Laughs at Fate",Control-Aggro (Midrange),10,6,0.6
Season-All,a9738cda-adb1-47fb-9f4c-ecd930228c4d,"Ragavan, Nimble Pilferer",Aggro,124,70,0.5645161290322581
Season-All,a9738cda-adb1-47fb-9f4c-ecd930228c4d,"Ragavan, Nimble Pilferer",Aggro-Control (Tempo),30,18,0.6
Season-All,a9738cda-adb1-47fb-9f4c-ecd930228c4d,"Ragavan, Nimble Pilferer",Combo,20,11,0.55
Season-All,a9738cda-adb1-47fb-9f4c-ecd930228c4d,"Ragavan, Nimble Pilferer",Combo-Control,9,6,0.6666666666666666
Season-All,a9738cda-adb1-47fb-9f4c-ecd930228c4d,"Ragavan, Nimble Pilferer",Control,18,11,0.6111111111111112
Season-All,a9738cda-adb1-47fb-9f4c-ecd930228c4d,"Ragavan, Nimble Pilferer",Control-Aggro (Midrange),10,2,0.2
Season-All,aaae15dd-11b6-4421-99e9-365c7fe4a5d6,Embercleave,Aggro,92,43,0.4673913043478261
Season-All,aaae15dd-11b6-4421-99e9-365c7fe4a5d6,Embercleave,Aggro-Combo,11,5,0.4545454545454545
Season-All,aaae15dd-11b6-4421-99e9-365c7fe4a5d6,Embercleave,Aggro-Control (Tempo),8,2,0.25
Season-All,aac0c8df-f01d-4178-8d66-ee603f814d24,Mishra's Workshop,Combo,66,24,0.3636363636363636
Season-All,aac0c8df-f01d-4178-8d66-ee603f814d24,Mishra's Workshop,Control,38,22,0.5789473684210527
Season-All,ab1d1461-1625-4163-aacd-a939f4871fad,Staff of the Storyteller,Aggro,27,10,0.3703703703703703
Season-All,ab1d1461-1625-4163-aacd-a939f4871fad,Staff of the Storyteller,Control,65,28,0.4307692307692308
Season-All,ab1d1461-1625-4163-aacd-a939f4871fad,Staff of the Storyteller,Control-Aggro (Midrange),37,18,0.4864864864864865
Season-All,ab9f6a1b-8467-4584-affd-8c71d3e34d2f,"Akal Pakal, First Among Equals",Combo,38,16,0.4210526315789473
Season-All,ab9f6a1b-8467-4584-affd-8c71d3e34d2f,"Akal Pakal, First Among Equals",Control,18,4,0.2222222222222222
Season-All,abcd0e32-2e6b-419b-9e8a-af38f2b48a66,Monastery Mentor,Combo,10,3,0.3
Season-All,abcd0e32-2e6b-419b-9e8a-af38f2b48a66,Monastery Mentor,Control,27,14,0.5185185185185185
Season-All,ac095763-6f4e-4d4e-9c99-414646368f8d,Emeritus of Abundance // Regrowth,Control-Aggro (Midrange),11,3,0.2727272727272727
Season-All,aced2c55-7543-4076-bcdd-36c4d649b8ae,Mox Emerald,Aggro,96,59,0.6145833333333334
Season-All,aced2c55-7543-4076-bcdd-36c4d649b8ae,Mox Emerald,Aggro-Combo,10,6,0.6
Season-All,aced2c55-7543-4076-bcdd-36c4d649b8ae,Mox Emerald,Aggro-Control (Tempo),9,4,0.4444444444444444
Season-All,aced2c55-7543-4076-bcdd-36c4d649b8ae,Mox Emerald,Combo,30,14,0.4666666666666667
Season-All,aced2c55-7543-4076-bcdd-36c4d649b8ae,Mox Emerald,Combo-Control,28,11,0.3928571428571428
Season-All,aced2c55-7543-4076-bcdd-36c4d649b8ae,Mox Emerald,Control,44,13,0.2954545454545454
Season-All,aced2c55-7543-4076-bcdd-36c4d649b8ae,Mox Emerald,Control-Aggro (Midrange),18,11,0.6111111111111112
Season-All,ade32396-8841-4ba4-8852-d11146607f21,Mockingbird,Aggro,10,6,0.6
Season-All,ade32396-8841-4ba4-8852-d11146607f21,Mockingbird,Combo-Control,9,4,0.4444444444444444
Season-All,aeb4612c-758b-4492-ba03-eb6741b4176e,Sear,Aggro-Combo,10,5,0.5
Season-All,aeb4612c-758b-4492-ba03-eb6741b4176e,Sear,Combo,11,5,0.4545454545454545
Season-All,af09af65-0a3b-42df-b0fd-372e2158beac,Academy Ruins,Combo,29,12,0.4137931034482758
Season-All,af09af65-0a3b-42df-b0fd-372e2158beac,Academy Ruins,Control,16,6,0.375
Season-All,af7091c9-5f98-4078-a42b-c9e057346d9b,Hallowed Fountain,Combo,37,15,0.4054054054054054
Season-All,af7091c9-5f98-4078-a42b-c9e057346d9b,Hallowed Fountain,Combo-Control,30,14,0.4666666666666667
Season-All,af7091c9-5f98-4078-a42b-c9e057346d9b,Hallowed Fountain,Control,83,40,0.4819277108433735
Season-All,af7091c9-5f98-4078-a42b-c9e057346d9b,Hallowed Fountain,Control-Aggro (Midrange),10,4,0.4
Season-All,b045c28a-39f9-4cd9-8f3a-a626b697f409,Cathartic Pyre,Aggro,79,37,0.4683544303797468
Season-All,b045c28a-39f9-4cd9-8f3a-a626b697f409,Cathartic Pyre,Aggro-Combo,8,3,0.375
Season-All,b045c28a-39f9-4cd9-8f3a-a626b697f409,Cathartic Pyre,Combo,58,35,0.603448275862069
Season-All,b045c28a-39f9-4cd9-8f3a-a626b697f409,Cathartic Pyre,Control,10,6,0.6
Season-All,b045c28a-39f9-4cd9-8f3a-a626b697f409,Cathartic Pyre,Control-Aggro (Midrange),20,11,0.55
Season-All,b0c5728e-43e7-417a-ba18-5038345cec67,Arcane Denial,Combo,37,25,0.6756756756756757
Season-All,b0c5728e-43e7-417a-ba18-5038345cec67,Arcane Denial,Control,38,21,0.5526315789473685
Season-All,b0c5728e-43e7-417a-ba18-5038345cec67,Arcane Denial,Control-Aggro (Midrange),18,10,0.5555555555555556
Season-All,b0f61742-522c-4b36-97db-41d0c412a072,Nexus of Becoming,Aggro-Combo,20,12,0.6
Season-All,b256ddc8-8b12-434c-a610-1a872e948f2f,White Plume Adventurer,Aggro,74,39,0.527027027027027
Season-All,b256ddc8-8b12-434c-a610-1a872e948f2f,White Plume Adventurer,Aggro-Control (Tempo),18,10,0.5555555555555556
Season-All,b256ddc8-8b12-434c-a610-1a872e948f2f,White Plume Adventurer,Combo-Control,9,6,0.6666666666666666
Season-All,b256ddc8-8b12-434c-a610-1a872e948f2f,White Plume Adventurer,Control,85,41,0.4823529411764706
Season-All,b256ddc8-8b12-434c-a610-1a872e948f2f,White Plume Adventurer,Control-Aggro (Midrange),10,7,0.7
Season-All,b277752b-430a-4f09-8a98-b72f813dd52e,Bountiful Landscape,Aggro,29,17,0.5862068965517241
Season-All,b277752b-430a-4f09-8a98-b72f813dd52e,Bountiful Landscape,Aggro-Combo,15,3,0.2
Season-All,b277752b-430a-4f09-8a98-b72f813dd52e,Bountiful Landscape,Combo,39,21,0.5384615384615384
Season-All,b277752b-430a-4f09-8a98-b72f813dd52e,Bountiful Landscape,Control,11,4,0.3636363636363636
Season-All,b2996f07-9dbc-444f-aaae-710866da2b4b,Cosmic Spider-Man,Control,9,3,0.3333333333333333
Season-All,b2996f07-9dbc-444f-aaae-710866da2b4b,Cosmic Spider-Man,Control-Aggro (Midrange),9,5,0.5555555555555556
Season-All,b34bf7fd-9fe3-43e2-8cfe-7ce7cff08afe,Stonecoil Serpent,Aggro,19,9,0.4736842105263157
Season-All,b34bf7fd-9fe3-43e2-8cfe-7ce7cff08afe,Stonecoil Serpent,Combo,28,10,0.3571428571428571
Season-All,b34bf7fd-9fe3-43e2-8cfe-7ce7cff08afe,Stonecoil Serpent,Combo-Control,20,11,0.55
Season-All,b34bf7fd-9fe3-43e2-8cfe-7ce7cff08afe,Stonecoil Serpent,Control,55,30,0.5454545454545454
Season-All,b34bf7fd-9fe3-43e2-8cfe-7ce7cff08afe,Stonecoil Serpent,Control-Aggro (Midrange),18,5,0.2777777777777778
Season-All,b3c1e5e3-4e6b-456a-958c-7a75c38f8183,Cosmogrand Zenith,Aggro,18,7,0.3888888888888889
Season-All,b3c1e5e3-4e6b-456a-958c-7a75c38f8183,Cosmogrand Zenith,Combo,10,3,0.3
Season-All,b3c1e5e3-4e6b-456a-958c-7a75c38f8183,Cosmogrand Zenith,Control,9,6,0.6666666666666666
Season-All,b3c1e5e3-4e6b-456a-958c-7a75c38f8183,Cosmogrand Zenith,Control-Aggro (Midrange),8,6,0.75
Season-All,b3da28c7-6e92-439d-a163-91682d4f11dc,Shattered Landscape,Aggro,25,12,0.48
Season-All,b3da28c7-6e92-439d-a163-91682d4f11dc,Shattered Landscape,Aggro-Control (Tempo),9,5,0.5555555555555556
Season-All,b3da28c7-6e92-439d-a163-91682d4f11dc,Shattered Landscape,Combo,10,3,0.3
Season-All,b3da28c7-6e92-439d-a163-91682d4f11dc,Shattered Landscape,Combo-Control,9,2,0.2222222222222222
Season-All,b3da28c7-6e92-439d-a163-91682d4f11dc,Shattered Landscape,Control,21,13,0.6190476190476191
Season-All,b3da28c7-6e92-439d-a163-91682d4f11dc,Shattered Landscape,Control-Aggro (Midrange),10,6,0.6
Season-All,b3dd3c7d-4685-4579-b483-14ddaaaddf5b,Scythecat Cub,Aggro,52,28,0.5384615384615384
Season-All,b3dd3c7d-4685-4579-b483-14ddaaaddf5b,Scythecat Cub,Aggro-Combo,27,9,0.3333333333333333
Season-All,b3dd3c7d-4685-4579-b483-14ddaaaddf5b,Scythecat Cub,Combo,10,7,0.7
Season-All,b3dd3c7d-4685-4579-b483-14ddaaaddf5b,Scythecat Cub,Combo-Control,11,5,0.4545454545454545
Season-All,b3dd3c7d-4685-4579-b483-14ddaaaddf5b,Scythecat Cub,Control-Aggro (Midrange),29,14,0.4827586206896552
Season-All,b50e1800-a45c-43bd-8886-8a06145d9346,Recurring Nightmare,Aggro,11,5,0.4545454545454545
Season-All,b50e1800-a45c-43bd-8886-8a06145d9346,Recurring Nightmare,Aggro-Combo,8,0,0.0
Season-All,b50e1800-a45c-43bd-8886-8a06145d9346,Recurring Nightmare,Combo,83,31,0.3734939759036144
Season-All,b50e1800-a45c-43bd-8886-8a06145d9346,Recurring Nightmare,Combo-Control,11,5,0.4545454545454545
Season-All,b51666ae-2aef-4cb1-9cd4-44aec81530f8,Griselbrand,Combo,85,39,0.4588235294117647
Season-All,b598c93e-dae1-4d71-a9e4-917abf76d2d0,Raucous Theater,Aggro,18,8,0.4444444444444444
Season-All,b598c93e-dae1-4d71-a9e4-917abf76d2d0,Raucous Theater,Combo,39,21,0.5384615384615384
Season-All,b598c93e-dae1-4d71-a9e4-917abf76d2d0,Raucous Theater,Combo-Control,8,8,1.0
Season-All,b598c93e-dae1-4d71-a9e4-917abf76d2d0,Raucous Theater,Control,40,21,0.525
Season-All,b598c93e-dae1-4d71-a9e4-917abf76d2d0,Raucous Theater,Control-Aggro (Midrange),11,7,0.6363636363636364
Season-All,b5aaaee0-9a61-45df-821e-cce516f8de6a,Old One Eye,Aggro,8,5,0.625
Season-All,b5aaaee0-9a61-45df-821e-cce516f8de6a,Old One Eye,Aggro-Combo,35,12,0.3428571428571428
Season-All,b5aaaee0-9a61-45df-821e-cce516f8de6a,Old One Eye,Combo,20,8,0.4
Season-All,b5aaaee0-9a61-45df-821e-cce516f8de6a,Old One Eye,Control,22,13,0.5909090909090909
Season-All,b5aaaee0-9a61-45df-821e-cce516f8de6a,Old One Eye,Control-Aggro (Midrange),41,18,0.4390243902439024
Season-All,b6876d9e-0908-43ac-8542-09c7aa02b5ba,Tarmogoyf,Control,8,2,0.25
Season-All,b6876d9e-0908-43ac-8542-09c7aa02b5ba,Tarmogoyf,Control-Aggro (Midrange),9,6,0.6666666666666666
Season-All,b689a206-aec3-4a31-95cf-3d4b840db04c,Securitron Squadron,Aggro,44,21,0.4772727272727273
Season-All,b689a206-aec3-4a31-95cf-3d4b840db04c,Securitron Squadron,Combo-Control,9,6,0.6666666666666666
Season-All,b689a206-aec3-4a31-95cf-3d4b840db04c,Securitron Squadron,Control,19,8,0.4210526315789473
Season-All,b689a206-aec3-4a31-95cf-3d4b840db04c,Securitron Squadron,Control-Aggro (Midrange),33,11,0.3333333333333333
Season-All,b6cb2549-e485-44d6-9d65-7605c568909e,Unearth,Aggro,36,21,0.5833333333333334
Season-All,b6cb2549-e485-44d6-9d65-7605c568909e,Unearth,Aggro-Combo,18,7,0.3888888888888889
Season-All,b6cb2549-e485-44d6-9d65-7605c568909e,Unearth,Combo,19,12,0.631578947368421
Season-All,b6cb2549-e485-44d6-9d65-7605c568909e,Unearth,Combo-Control,9,6,0.6666666666666666
Season-All,b6cb2549-e485-44d6-9d65-7605c568909e,Unearth,Control,53,31,0.5849056603773585
Season-All,b6cb2549-e485-44d6-9d65-7605c568909e,Unearth,Control-Aggro (Midrange),9,1,0.1111111111111111
Season-All,b768efa2-e56b-4a7e-ace8-d673f10e0714,Birthing Pod,Combo-Control,20,11,0.55
Season-All,b768efa2-e56b-4a7e-ace8-d673f10e0714,Birthing Pod,Control,42,26,0.6190476190476191
Season-All,b768efa2-e56b-4a7e-ace8-d673f10e0714,Birthing Pod,Control-Aggro (Midrange),21,7,0.3333333333333333
Season-All,b7f16fdf-a3f5-462d-a64a-789d893b6ef5,Batterskull,Aggro,27,16,0.5925925925925926
Season-All,b7f16fdf-a3f5-462d-a64a-789d893b6ef5,Batterskull,Combo-Control,11,5,0.4545454545454545
Season-All,b7f16fdf-a3f5-462d-a64a-789d893b6ef5,Batterskull,Control,27,21,0.7777777777777778
Season-All,b7f16fdf-a3f5-462d-a64a-789d893b6ef5,Batterskull,Control-Aggro (Midrange),19,6,0.3157894736842105
Season-All,b83cfbaa-7890-4f6f-878b-4edb45677371,Skyclave Apparition,Aggro,98,56,0.5714285714285714
Season-All,b83cfbaa-7890-4f6f-878b-4edb45677371,Skyclave Apparition,Aggro-Control (Tempo),9,5,0.5555555555555556
Season-All,b83cfbaa-7890-4f6f-878b-4edb45677371,Skyclave Apparition,Combo-Control,20,13,0.65
Season-All,b83cfbaa-7890-4f6f-878b-4edb45677371,Skyclave Apparition,Control,53,23,0.4339622641509434
Season-All,b83cfbaa-7890-4f6f-878b-4edb45677371,Skyclave Apparition,Control-Aggro (Midrange),11,5,0.4545454545454545
Season-All,b841bfa8-7c17-4df2-8466-780ab9a4a53a,Fabled Passage,Aggro,29,18,0.6206896551724138
Season-All,b841bfa8-7c17-4df2-8466-780ab9a4a53a,Fabled Passage,Aggro-Combo,28,10,0.3571428571428571
Season-All,b841bfa8-7c17-4df2-8466-780ab9a4a53a,Fabled Passage,Combo,44,20,0.4545454545454545
Season-All,b841bfa8-7c17-4df2-8466-780ab9a4a53a,Fabled Passage,Combo-Control,21,8,0.3809523809523809
Season-All,b841bfa8-7c17-4df2-8466-780ab9a4a53a,Fabled Passage,Control,31,17,0.5483870967741935
Season-All,b841bfa8-7c17-4df2-8466-780ab9a4a53a,Fabled Passage,Control-Aggro (Midrange),27,15,0.5555555555555556
Season-All,b8aa7126-5df3-42dd-b4a3-0d0ea59eeebd,Helping Hand,Aggro,20,13,0.65
Season-All,b8aa7126-5df3-42dd-b4a3-0d0ea59eeebd,Helping Hand,Control,45,22,0.4888888888888889
Season-All,b90331d4-74f0-43bf-8ed2-f8616d782859,Basalt Monolith,Combo,47,20,0.425531914893617
Season-All,b90331d4-74f0-43bf-8ed2-f8616d782859,Basalt Monolith,Control,18,8,0.4444444444444444
Season-All,ba934866-efd0-4126-b1ff-9c7e82b73bd6,Summon: Kujata,Aggro-Combo,10,7,0.7
Season-All,bb142d99-b210-47c8-897c-be62f90d2192,Mishra's Research Desk,Aggro,10,2,0.2
Season-All,bb142d99-b210-47c8-897c-be62f90d2192,Mishra's Research Desk,Combo,10,3,0.3
Season-All,bb142d99-b210-47c8-897c-be62f90d2192,Mishra's Research Desk,Control,10,2,0.2
Season-All,bb41ff5c-9617-4033-a4fa-99323640b9c3,Duress,Aggro,18,13,0.7222222222222222
Season-All,bb41ff5c-9617-4033-a4fa-99323640b9c3,Duress,Combo,105,54,0.5142857142857142
Season-All,bb41ff5c-9617-4033-a4fa-99323640b9c3,Duress,Combo-Control,20,14,0.7
Season-All,bb41ff5c-9617-4033-a4fa-99323640b9c3,Duress,Control,59,40,0.6779661016949152
Season-All,bb9ad57f-cca2-4717-a951-cbe3c7782efe,Recruiter of the Guard,Aggro,67,37,0.5522388059701493
Season-All,bb9ad57f-cca2-4717-a951-cbe3c7782efe,Recruiter of the Guard,Combo-Control,9,4,0.4444444444444444
Season-All,bb9ad57f-cca2-4717-a951-cbe3c7782efe,Recruiter of the Guard,Control,37,24,0.6486486486486487
Season-All,bbec97ff-bb84-4496-9e09-d4fc1570c516,Mawloc,Aggro,76,45,0.5921052631578947
Season-All,bbec97ff-bb84-4496-9e09-d4fc1570c516,Mawloc,Combo-Control,21,11,0.5238095238095238
Season-All,bbec97ff-bb84-4496-9e09-d4fc1570c516,Mawloc,Control,20,13,0.65
Season-All,bbec97ff-bb84-4496-9e09-d4fc1570c516,Mawloc,Control-Aggro (Midrange),50,27,0.54
Season-All,bce84a87-093a-42de-9696-8c3250e0f33b,Goblin Rabblemaster,Aggro,36,20,0.5555555555555556
Season-All,bce84a87-093a-42de-9696-8c3250e0f33b,Goblin Rabblemaster,Aggro-Combo,8,7,0.875
Season-All,bce84a87-093a-42de-9696-8c3250e0f33b,Goblin Rabblemaster,Control,11,6,0.5454545454545454
Season-All,bd3d4b4b-cf31-4f89-8140-9650edb03c7b,Ancient Tomb,Aggro,47,29,0.6170212765957447
Season-All,bd3d4b4b-cf31-4f89-8140-9650edb03c7b,Ancient Tomb,Aggro-Control (Tempo),8,2,0.25
Season-All,bd3d4b4b-cf31-4f89-8140-9650edb03c7b,Ancient Tomb,Combo,36,19,0.5277777777777778
Season-All,bd3d4b4b-cf31-4f89-8140-9650edb03c7b,Ancient Tomb,Combo-Control,30,15,0.5
Season-All,bd3d4b4b-cf31-4f89-8140-9650edb03c7b,Ancient Tomb,Control,17,10,0.5882352941176471
Season-All,bd3d4b4b-cf31-4f89-8140-9650edb03c7b,Ancient Tomb,Control-Aggro (Midrange),10,6,0.6
Season-All,bd8fa327-dd41-4737-8f19-2cf5eb1f7cdd,Black Lotus,Aggro,25,12,0.48
Season-All,bd8fa327-dd41-4737-8f19-2cf5eb1f7cdd,Black Lotus,Aggro-Combo,10,7,0.7
Season-All,bd8fa327-dd41-4737-8f19-2cf5eb1f7cdd,Black Lotus,Aggro-Control (Tempo),12,7,0.5833333333333334
Season-All,bd8fa327-dd41-4737-8f19-2cf5eb1f7cdd,Black Lotus,Combo,67,40,0.5970149253731343
Season-All,bd8fa327-dd41-4737-8f19-2cf5eb1f7cdd,Black Lotus,Combo-Control,28,19,0.6785714285714286
Season-All,bd8fa327-dd41-4737-8f19-2cf5eb1f7cdd,Black Lotus,Control,52,33,0.6346153846153846
Season-All,bd8fa327-dd41-4737-8f19-2cf5eb1f7cdd,Black Lotus,Control-Aggro (Midrange),39,25,0.6410256410256411
Season-All,bdb41396-5008-4a5f-92ca-54ecac42e926,Cave of the Frost Dragon,Aggro,10,5,0.5
Season-All,bdb41396-5008-4a5f-92ca-54ecac42e926,Cave of the Frost Dragon,Aggro-Control (Tempo),17,7,0.4117647058823529
Season-All,bdb41396-5008-4a5f-92ca-54ecac42e926,Cave of the Frost Dragon,Control-Aggro (Midrange),10,6,0.6
Season-All,be77b98a-dd79-477c-8ab2-7ebf5637a89e,Headliner Scarlett,Aggro,102,55,0.5392156862745098
Season-All,be77b98a-dd79-477c-8ab2-7ebf5637a89e,Headliner Scarlett,Aggro-Control (Tempo),20,12,0.6
Season-All,be77b98a-dd79-477c-8ab2-7ebf5637a89e,Headliner Scarlett,Combo,29,17,0.5862068965517241
Season-All,be77b98a-dd79-477c-8ab2-7ebf5637a89e,Headliner Scarlett,Control,9,3,0.3333333333333333
Season-All,be77b98a-dd79-477c-8ab2-7ebf5637a89e,Headliner Scarlett,Control-Aggro (Midrange),10,6,0.6
Season-All,bf220c06-3cce-4bdd-aa58-83940c223e9c,Commercial District,Aggro,46,27,0.5869565217391305
Season-All,bf220c06-3cce-4bdd-aa58-83940c223e9c,Commercial District,Aggro-Combo,8,0,0.0
Season-All,bf220c06-3cce-4bdd-aa58-83940c223e9c,Commercial District,Combo-Control,9,6,0.6666666666666666
Season-All,bf220c06-3cce-4bdd-aa58-83940c223e9c,Commercial District,Control,11,6,0.5454545454545454
Season-All,bf220c06-3cce-4bdd-aa58-83940c223e9c,Commercial District,Control-Aggro (Midrange),21,10,0.4761904761904761
Season-All,bf4b9a8a-b42a-46fb-b0d0-9cf800f63c8a,"Emry, Lurker of the Loch",Combo,46,17,0.3695652173913043
Season-All,bf4b9a8a-b42a-46fb-b0d0-9cf800f63c8a,"Emry, Lurker of the Loch",Control,17,4,0.2352941176470588
Season-All,bfa4e927-1d6f-4a64-9801-7d168a5ef3f6,Astrologian's Planisphere,Aggro-Control (Tempo),9,5,0.5555555555555556
Season-All,bfa4e927-1d6f-4a64-9801-7d168a5ef3f6,Astrologian's Planisphere,Combo,9,3,0.3333333333333333
Season-All,bfa4e927-1d6f-4a64-9801-7d168a5ef3f6,Astrologian's Planisphere,Combo-Control,12,5,0.4166666666666667
Season-All,bfa4e927-1d6f-4a64-9801-7d168a5ef3f6,Astrologian's Planisphere,Control,35,16,0.4571428571428571
Season-All,c060c178-3c0e-493f-b6f0-ead5b1d6f191,Survival of the Fittest,Control-Aggro (Midrange),11,3,0.2727272727272727
Season-All,c14098d6-28ae-492f-8ffc-7d115d83ce6a,Summon: Good King Mog XII,Aggro,8,2,0.25
Season-All,c14098d6-28ae-492f-8ffc-7d115d83ce6a,Summon: Good King Mog XII,Aggro-Control (Tempo),8,2,0.25
Season-All,c14098d6-28ae-492f-8ffc-7d115d83ce6a,Summon: Good King Mog XII,Control,9,3,0.3333333333333333
Season-All,c14098d6-28ae-492f-8ffc-7d115d83ce6a,Summon: Good King Mog XII,Control-Aggro (Midrange),11,5,0.4545454545454545
Season-All,c17816e8-28b1-4295-a637-efb0e5c18873,Lush Portico,Aggro,30,17,0.5666666666666667
Season-All,c17816e8-28b1-4295-a637-efb0e5c18873,Lush Portico,Aggro-Combo,8,3,0.375
Season-All,c17816e8-28b1-4295-a637-efb0e5c18873,Lush Portico,Combo,9,1,0.1111111111111111
Season-All,c17816e8-28b1-4295-a637-efb0e5c18873,Lush Portico,Combo-Control,21,11,0.5238095238095238
Season-All,c17816e8-28b1-4295-a637-efb0e5c18873,Lush Portico,Control,25,9,0.36
Season-All,c17816e8-28b1-4295-a637-efb0e5c18873,Lush Portico,Control-Aggro (Midrange),57,20,0.3508771929824561
Season-All,c1bd3bc0-77bd-40fe-b4f1-835a04cb6e41,Eagles of the North,Aggro,10,6,0.6
Season-All,c1bd3bc0-77bd-40fe-b4f1-835a04cb6e41,Eagles of the North,Combo-Control,9,4,0.4444444444444444
Season-All,c1c7aa22-51b0-45ee-9a8e-5493a1820d8c,"Wolverine, Fierce Fighter",Aggro,10,6,0.6
Season-All,c1e0f201-42cb-46a1-901a-65bb4fc18f6c,Urza's Saga,Aggro,10,7,0.7
Season-All,c1e0f201-42cb-46a1-901a-65bb4fc18f6c,Urza's Saga,Aggro-Control (Tempo),9,5,0.5555555555555556
Season-All,c1e0f201-42cb-46a1-901a-65bb4fc18f6c,Urza's Saga,Combo,29,14,0.4827586206896552
Season-All,c1e0f201-42cb-46a1-901a-65bb4fc18f6c,Urza's Saga,Combo-Control,28,20,0.7142857142857143
Season-All,c1e0f201-42cb-46a1-901a-65bb4fc18f6c,Urza's Saga,Control,68,33,0.4852941176470588
Season-All,c1e0f201-42cb-46a1-901a-65bb4fc18f6c,Urza's Saga,Control-Aggro (Midrange),9,5,0.5555555555555556
Season-All,c2089ec9-0665-448f-bfe9-d181de127814,Brazen Borrower // Petty Theft,Aggro-Control (Tempo),67,34,0.5074626865671642
Season-All,c2089ec9-0665-448f-bfe9-d181de127814,Brazen Borrower // Petty Theft,Combo,55,32,0.5818181818181818
Season-All,c2089ec9-0665-448f-bfe9-d181de127814,Brazen Borrower // Petty Theft,Combo-Control,19,8,0.4210526315789473
Season-All,c2089ec9-0665-448f-bfe9-d181de127814,Brazen Borrower // Petty Theft,Control,54,29,0.5370370370370371
Season-All,c2089ec9-0665-448f-bfe9-d181de127814,Brazen Borrower // Petty Theft,Control-Aggro (Midrange),10,4,0.4
Season-All,c375a022-5b57-496d-a802-e4ea8376e9e4,"Eiganjo, Seat of the Empire",Aggro,10,6,0.6
Season-All,c3896705-bbd2-4ffb-a590-ee78e0eabdc5,Long Goodbye,Aggro,17,6,0.3529411764705882
Season-All,c3896705-bbd2-4ffb-a590-ee78e0eabdc5,Long Goodbye,Combo,74,31,0.4189189189189189
Season-All,c3896705-bbd2-4ffb-a590-ee78e0eabdc5,Long Goodbye,Combo-Control,18,8,0.4444444444444444
Season-All,c3896705-bbd2-4ffb-a590-ee78e0eabdc5,Long Goodbye,Control,26,14,0.5384615384615384
Season-All,c3896705-bbd2-4ffb-a590-ee78e0eabdc5,Long Goodbye,Control-Aggro (Midrange),9,5,0.5555555555555556
Season-All,c3b92caa-3401-4b11-9515-152f3e057c05,"Koma, World-Eater",Control,8,1,0.125
Season-All,c3b92caa-3401-4b11-9515-152f3e057c05,"Koma, World-Eater",Control-Aggro (Midrange),8,2,0.25
Season-All,c4fffacd-81c7-44b8-9b59-2c7210022c14,Augur of Autumn,Aggro,10,4,0.4
Season-All,c4fffacd-81c7-44b8-9b59-2c7210022c14,Augur of Autumn,Combo-Control,31,13,0.4193548387096774
Season-All,c4fffacd-81c7-44b8-9b59-2c7210022c14,Augur of Autumn,Control,8,1,0.125
Season-All,c4fffacd-81c7-44b8-9b59-2c7210022c14,Augur of Autumn,Control-Aggro (Midrange),18,3,0.1666666666666666
Season-All,c565f8fe-acf7-40dd-8100-8f692d1e232c,Talon Gates of Madara,Aggro,8,4,0.5
Season-All,c565f8fe-acf7-40dd-8100-8f692d1e232c,Talon Gates of Madara,Control,9,4,0.4444444444444444
Season-All,c565f8fe-acf7-40dd-8100-8f692d1e232c,Talon Gates of Madara,Control-Aggro (Midrange),9,4,0.4444444444444444
Season-All,c78da035-6b5b-4136-9ab6-f622b64fdc54,Unstoppable Slasher,Aggro,37,16,0.4324324324324324
Season-All,c78da035-6b5b-4136-9ab6-f622b64fdc54,Unstoppable Slasher,Aggro-Combo,8,7,0.875
Season-All,c78da035-6b5b-4136-9ab6-f622b64fdc54,Unstoppable Slasher,Combo,57,25,0.4385964912280701
Season-All,c78da035-6b5b-4136-9ab6-f622b64fdc54,Unstoppable Slasher,Combo-Control,20,9,0.45
Season-All,c78da035-6b5b-4136-9ab6-f622b64fdc54,Unstoppable Slasher,Control,46,29,0.6304347826086957
Season-All,c78da035-6b5b-4136-9ab6-f622b64fdc54,Unstoppable Slasher,Control-Aggro (Midrange),39,10,0.2564102564102564
Season-All,c7bbb911-9de2-455d-9677-e1004db65dbd,"Chandra, Torch of Defiance",Aggro,135,66,0.4888888888888889
Season-All,c7bbb911-9de2-455d-9677-e1004db65dbd,"Chandra, Torch of Defiance",Aggro-Combo,17,12,0.7058823529411765
Season-All,c7bbb911-9de2-455d-9677-e1004db65dbd,"Chandra, Torch of Defiance",Aggro-Control (Tempo),21,12,0.5714285714285714
Season-All,c7bbb911-9de2-455d-9677-e1004db65dbd,"Chandra, Torch of Defiance",Combo,20,13,0.65
Season-All,c8090bcf-e17a-4110-a518-77ccd045b18f,Charming Scoundrel,Aggro,57,29,0.5087719298245614
Season-All,c8090bcf-e17a-4110-a518-77ccd045b18f,Charming Scoundrel,Aggro-Combo,8,7,0.875
Season-All,c8090bcf-e17a-4110-a518-77ccd045b18f,Charming Scoundrel,Combo,54,28,0.5185185185185185
Season-All,c8090bcf-e17a-4110-a518-77ccd045b18f,Charming Scoundrel,Combo-Control,11,7,0.6363636363636364
Season-All,c8090bcf-e17a-4110-a518-77ccd045b18f,Charming Scoundrel,Control,18,6,0.3333333333333333
Season-All,c8090bcf-e17a-4110-a518-77ccd045b18f,Charming Scoundrel,Control-Aggro (Midrange),9,5,0.5555555555555556
Season-All,c86b8a75-9e31-4a44-95b8-c83b9a49646f,Ocelot Pride,Aggro,114,67,0.5877192982456141
Season-All,c86b8a75-9e31-4a44-95b8-c83b9a49646f,Ocelot Pride,Aggro-Control (Tempo),9,5,0.5555555555555556
Season-All,c86b8a75-9e31-4a44-95b8-c83b9a49646f,Ocelot Pride,Combo,10,3,0.3
Season-All,c86b8a75-9e31-4a44-95b8-c83b9a49646f,Ocelot Pride,Combo-Control,11,8,0.7272727272727273
Season-All,c86b8a75-9e31-4a44-95b8-c83b9a49646f,Ocelot Pride,Control,61,30,0.4918032786885246
Season-All,c86b8a75-9e31-4a44-95b8-c83b9a49646f,Ocelot Pride,Control-Aggro (Midrange),19,11,0.5789473684210527
Season-All,c8f0b123-fdb0-4f3e-ba78-fa155c227e20,Greasewrench Goblin,Aggro,18,12,0.6666666666666666
Season-All,c8f0b123-fdb0-4f3e-ba78-fa155c227e20,Greasewrench Goblin,Aggro-Combo,18,8,0.4444444444444444
Season-All,c8f0b123-fdb0-4f3e-ba78-fa155c227e20,Greasewrench Goblin,Aggro-Control (Tempo),22,13,0.5909090909090909
Season-All,c8f0b123-fdb0-4f3e-ba78-fa155c227e20,Greasewrench Goblin,Combo,19,11,0.5789473684210527
Season-All,ca4c8b04-66af-4cb3-8003-9088d8344b20,Alpha Deathclaw,Aggro-Combo,10,7,0.7
Season-All,ca4c8b04-66af-4cb3-8003-9088d8344b20,Alpha Deathclaw,Combo,17,5,0.2941176470588235
Season-All,ca4c8b04-66af-4cb3-8003-9088d8344b20,Alpha Deathclaw,Control,38,21,0.5526315789473685
Season-All,ca4c8b04-66af-4cb3-8003-9088d8344b20,Alpha Deathclaw,Control-Aggro (Midrange),9,2,0.2222222222222222
Season-All,cb94a02f-4660-45b6-8a39-941b710cf8f3,Collective Brutality,Aggro,36,18,0.5
Season-All,cb94a02f-4660-45b6-8a39-941b710cf8f3,Collective Brutality,Aggro-Combo,8,7,0.875
Season-All,cb94a02f-4660-45b6-8a39-941b710cf8f3,Collective Brutality,Combo,83,37,0.4457831325301205
Season-All,cb94a02f-4660-45b6-8a39-941b710cf8f3,Collective Brutality,Combo-Control,20,14,0.7
Season-All,cb94a02f-4660-45b6-8a39-941b710cf8f3,Collective Brutality,Control,47,25,0.5319148936170213
Season-All,cb94a02f-4660-45b6-8a39-941b710cf8f3,Collective Brutality,Control-Aggro (Midrange),10,4,0.4
Season-All,cbac1d27-15e2-4e2f-82ab-625a16e096cb,Enlightened Tutor,Aggro,10,4,0.4
Season-All,cbac1d27-15e2-4e2f-82ab-625a16e096cb,Enlightened Tutor,Control,18,8,0.4444444444444444
Season-All,cc3063ec-5ea6-46c1-8331-c740cbaf6c76,Great Divide Guide,Control-Aggro (Midrange),11,3,0.2727272727272727
Season-All,cc520518-2063-4b57-a0d4-10cf62a7175e,Zagoth Triome,Aggro,10,4,0.4
Season-All,cc520518-2063-4b57-a0d4-10cf62a7175e,Zagoth Triome,Aggro-Combo,8,0,0.0
Season-All,cc520518-2063-4b57-a0d4-10cf62a7175e,Zagoth Triome,Combo,87,44,0.5057471264367817
Season-All,cc520518-2063-4b57-a0d4-10cf62a7175e,Zagoth Triome,Control,47,17,0.3617021276595745
Season-All,cc520518-2063-4b57-a0d4-10cf62a7175e,Zagoth Triome,Control-Aggro (Midrange),27,13,0.4814814814814814
Season-All,cd062615-648f-4cc7-9373-520f3f6a90e3,Spitting Dilophosaurus,Aggro-Combo,8,7,0.875
Season-All,cd062615-648f-4cc7-9373-520f3f6a90e3,Spitting Dilophosaurus,Combo,16,5,0.3125
Season-All,cd062615-648f-4cc7-9373-520f3f6a90e3,Spitting Dilophosaurus,Control-Aggro (Midrange),10,4,0.4
Season-All,cda40e31-ba99-4565-ad92-7c687ff44bd9,"Daretti, Scrap Savant",Aggro,8,3,0.375
Season-All,cda40e31-ba99-4565-ad92-7c687ff44bd9,"Daretti, Scrap Savant",Combo,9,4,0.4444444444444444
Season-All,cdfadb17-76ad-4d4d-9fa7-33c4b88b4c0a,Sowing Mycospawn,Aggro,35,20,0.5714285714285714
Season-All,cdfadb17-76ad-4d4d-9fa7-33c4b88b4c0a,Sowing Mycospawn,Aggro-Combo,10,5,0.5
Season-All,cdfadb17-76ad-4d4d-9fa7-33c4b88b4c0a,Sowing Mycospawn,Control-Aggro (Midrange),9,2,0.2222222222222222
Season-All,ce35e6fb-ff54-44c4-a216-7ddd37f46882,Screaming Nemesis,Aggro,65,36,0.5538461538461539
Season-All,ce35e6fb-ff54-44c4-a216-7ddd37f46882,Screaming Nemesis,Aggro-Combo,20,10,0.5
Season-All,ce35e6fb-ff54-44c4-a216-7ddd37f46882,Screaming Nemesis,Aggro-Control (Tempo),21,12,0.5714285714285714
Season-All,ce54c7c1-3401-4414-8da0-5846cb0ae1b4,Channel,Aggro-Combo,20,11,0.55
Season-All,ce54c7c1-3401-4414-8da0-5846cb0ae1b4,Channel,Combo,11,5,0.4545454545454545
Season-All,ce54c7c1-3401-4414-8da0-5846cb0ae1b4,Channel,Control-Aggro (Midrange),8,2,0.25
Season-All,ce5dd2c1-b6e0-4914-b5c9-7dd451c29e22,Chthonian Nightmare,Control,9,4,0.4444444444444444
Season-All,ce648aa3-098b-4af0-a433-fd290bc85904,Balance,Aggro,9,6,0.6666666666666666
Season-All,ce648aa3-098b-4af0-a433-fd290bc85904,Balance,Combo,18,9,0.5
Season-All,ce648aa3-098b-4af0-a433-fd290bc85904,Balance,Combo-Control,30,13,0.4333333333333333
Season-All,ce648aa3-098b-4af0-a433-fd290bc85904,Balance,Control,54,35,0.6481481481481481
Season-All,cea3b218-0e6e-443a-84f7-380f1021e8e1,Barrowgoyf,Aggro,29,14,0.4827586206896552
Season-All,cea3b218-0e6e-443a-84f7-380f1021e8e1,Barrowgoyf,Combo,93,39,0.4193548387096774
Season-All,cea3b218-0e6e-443a-84f7-380f1021e8e1,Barrowgoyf,Combo-Control,9,4,0.4444444444444444
Season-All,cea3b218-0e6e-443a-84f7-380f1021e8e1,Barrowgoyf,Control,85,51,0.6
Season-All,cea3b218-0e6e-443a-84f7-380f1021e8e1,Barrowgoyf,Control-Aggro (Midrange),19,9,0.4736842105263157
Season-All,cf3eb762-6c3f-4b11-a4f9-968f79370217,Mystic Confluence,Aggro-Control (Tempo),28,16,0.5714285714285714
Season-All,cf3eb762-6c3f-4b11-a4f9-968f79370217,Mystic Confluence,Combo,58,32,0.5517241379310345
Season-All,cf3eb762-6c3f-4b11-a4f9-968f79370217,Mystic Confluence,Combo-Control,20,11,0.55
Season-All,cf3eb762-6c3f-4b11-a4f9-968f79370217,Mystic Confluence,Control,43,24,0.5581395348837209
Season-All,d0e3e7b3-7ba9-47a2-b46c-a40bffb445e2,Twisted Landscape,Aggro,26,17,0.6538461538461539
Season-All,d0e3e7b3-7ba9-47a2-b46c-a40bffb445e2,Twisted Landscape,Aggro-Combo,28,12,0.4285714285714285
Season-All,d0e3e7b3-7ba9-47a2-b46c-a40bffb445e2,Twisted Landscape,Combo,20,13,0.65
Season-All,d0e3e7b3-7ba9-47a2-b46c-a40bffb445e2,Twisted Landscape,Combo-Control,10,8,0.8
Season-All,d0e3e7b3-7ba9-47a2-b46c-a40bffb445e2,Twisted Landscape,Control,18,6,0.3333333333333333
Season-All,d13a898e-6a97-4fd9-980e-3bfd8d755386,Tarfire,Aggro,49,20,0.4081632653061224
Season-All,d13a898e-6a97-4fd9-980e-3bfd8d755386,Tarfire,Aggro-Combo,9,5,0.5555555555555556
Season-All,d13a898e-6a97-4fd9-980e-3bfd8d755386,Tarfire,Aggro-Control (Tempo),10,6,0.6
Season-All,d13a898e-6a97-4fd9-980e-3bfd8d755386,Tarfire,Control,20,9,0.45
Season-All,d2119f3f-27d2-4d43-a5ef-35c1b73d182a,"The Reaper, King No More",Control-Aggro (Midrange),11,3,0.2727272727272727
Season-All,d2124603-d20e-40eb-97f0-a66323397ac2,Bolas's Citadel,Combo,40,20,0.5
Season-All,d21433ba-0a14-42bc-ad0b-a4ef823a3295,Monument to Endurance,Combo,10,2,0.2
Season-All,d2507bc2-da17-4e46-b4c5-ba0080ce2c6f,Rishadan Port,Aggro,69,38,0.5507246376811594
Season-All,d2507bc2-da17-4e46-b4c5-ba0080ce2c6f,Rishadan Port,Aggro-Combo,8,4,0.5
Season-All,d2507bc2-da17-4e46-b4c5-ba0080ce2c6f,Rishadan Port,Combo-Control,12,5,0.4166666666666667
Season-All,d2507bc2-da17-4e46-b4c5-ba0080ce2c6f,Rishadan Port,Control,19,12,0.631578947368421
Season-All,d2507bc2-da17-4e46-b4c5-ba0080ce2c6f,Rishadan Port,Control-Aggro (Midrange),9,4,0.4444444444444444
Season-All,d2705b43-a94a-44c0-8740-82e0b296820c,Abhorrent Oculus,Control,8,3,0.375
Season-All,d2e27911-87cb-49a0-a34f-6afe4bddd592,Phyrexian Metamorph,Aggro,27,17,0.6296296296296297
Season-All,d2e27911-87cb-49a0-a34f-6afe4bddd592,Phyrexian Metamorph,Aggro-Control (Tempo),9,4,0.4444444444444444
Season-All,d2e27911-87cb-49a0-a34f-6afe4bddd592,Phyrexian Metamorph,Combo,75,27,0.36
Season-All,d2e27911-87cb-49a0-a34f-6afe4bddd592,Phyrexian Metamorph,Combo-Control,11,7,0.6363636363636364
Season-All,d2e27911-87cb-49a0-a34f-6afe4bddd592,Phyrexian Metamorph,Control,66,30,0.4545454545454545
Season-All,d2e27911-87cb-49a0-a34f-6afe4bddd592,Phyrexian Metamorph,Control-Aggro (Midrange),8,6,0.75
Season-All,d40b65c1-b24d-492d-81b9-d8474ebdc08c,Sylvan Caryatid,Aggro,30,19,0.6333333333333333
Season-All,d40b65c1-b24d-492d-81b9-d8474ebdc08c,Sylvan Caryatid,Aggro-Combo,18,10,0.5555555555555556
Season-All,d40b65c1-b24d-492d-81b9-d8474ebdc08c,Sylvan Caryatid,Aggro-Control (Tempo),9,5,0.5555555555555556
Season-All,d40b65c1-b24d-492d-81b9-d8474ebdc08c,Sylvan Caryatid,Combo,19,5,0.2631578947368421
Season-All,d40b65c1-b24d-492d-81b9-d8474ebdc08c,Sylvan Caryatid,Control,46,19,0.4130434782608695
Season-All,d40b65c1-b24d-492d-81b9-d8474ebdc08c,Sylvan Caryatid,Control-Aggro (Midrange),65,25,0.3846153846153846
Season-All,d51269cf-a333-4a64-94cd-245798d840d2,Elder Gargaroth,Aggro,37,23,0.6216216216216216
Season-All,d51269cf-a333-4a64-94cd-245798d840d2,Elder Gargaroth,Aggro-Combo,26,12,0.4615384615384615
Season-All,d51269cf-a333-4a64-94cd-245798d840d2,Elder Gargaroth,Combo,11,5,0.4545454545454545
Season-All,d51269cf-a333-4a64-94cd-245798d840d2,Elder Gargaroth,Combo-Control,20,11,0.55
Season-All,d51269cf-a333-4a64-94cd-245798d840d2,Elder Gargaroth,Control,11,5,0.4545454545454545
Season-All,d51269cf-a333-4a64-94cd-245798d840d2,Elder Gargaroth,Control-Aggro (Midrange),51,24,0.4705882352941176
Season-All,d5806e68-1054-458e-866d-1f2470f682b2,The One Ring,Aggro,39,24,0.6153846153846154
Season-All,d5806e68-1054-458e-866d-1f2470f682b2,The One Ring,Aggro-Control (Tempo),11,7,0.6363636363636364
Season-All,d5806e68-1054-458e-866d-1f2470f682b2,The One Ring,Combo,44,19,0.4318181818181818
Season-All,d5806e68-1054-458e-866d-1f2470f682b2,The One Ring,Combo-Control,11,7,0.6363636363636364
Season-All,d5806e68-1054-458e-866d-1f2470f682b2,The One Ring,Control,65,28,0.4307692307692308
Season-All,d5806e68-1054-458e-866d-1f2470f682b2,The One Ring,Control-Aggro (Midrange),21,7,0.3333333333333333
Season-All,d58d3545-043a-457a-8324-facc3c2363ec,Overlord of the Boilerbilges,Aggro,8,3,0.375
Season-All,d58d3545-043a-457a-8324-facc3c2363ec,Overlord of the Boilerbilges,Combo,10,6,0.6
Season-All,d58d3545-043a-457a-8324-facc3c2363ec,Overlord of the Boilerbilges,Control-Aggro (Midrange),10,5,0.5
Season-All,d5c782cc-c951-4c6f-a93f-774ae6c1c214,Shallow Grave,Combo,56,25,0.4464285714285714
Season-All,d67be074-cdd4-41d9-ac89-0a0456c4e4b2,"Sheoldred, the Apocalypse",Aggro,9,5,0.5555555555555556
Season-All,d67be074-cdd4-41d9-ac89-0a0456c4e4b2,"Sheoldred, the Apocalypse",Combo,83,45,0.5421686746987951
Season-All,d67be074-cdd4-41d9-ac89-0a0456c4e4b2,"Sheoldred, the Apocalypse",Combo-Control,45,24,0.5333333333333333
Season-All,d67be074-cdd4-41d9-ac89-0a0456c4e4b2,"Sheoldred, the Apocalypse",Control,46,22,0.4782608695652174
Season-All,d67be074-cdd4-41d9-ac89-0a0456c4e4b2,"Sheoldred, the Apocalypse",Control-Aggro (Midrange),31,15,0.4838709677419355
Season-All,d6ec3293-b09e-4931-ac4e-dc5eac0ca004,Mana Vault,Aggro,52,30,0.5769230769230769
Season-All,d6ec3293-b09e-4931-ac4e-dc5eac0ca004,Mana Vault,Aggro-Combo,10,6,0.6
Season-All,d6ec3293-b09e-4931-ac4e-dc5eac0ca004,Mana Vault,Combo,77,37,0.4805194805194805
Season-All,d6ec3293-b09e-4931-ac4e-dc5eac0ca004,Mana Vault,Combo-Control,39,19,0.4871794871794871
Season-All,d6ec3293-b09e-4931-ac4e-dc5eac0ca004,Mana Vault,Control,34,12,0.3529411764705882
Season-All,d7a8cc1d-aabb-4eb6-b0f1-6c93ec246f61,Court of Garenbrig,Aggro,11,7,0.6363636363636364
Season-All,d7a8cc1d-aabb-4eb6-b0f1-6c93ec246f61,Court of Garenbrig,Aggro-Combo,27,14,0.5185185185185185
Season-All,d7a8cc1d-aabb-4eb6-b0f1-6c93ec246f61,Court of Garenbrig,Aggro-Control (Tempo),8,2,0.25
Season-All,d7a8cc1d-aabb-4eb6-b0f1-6c93ec246f61,Court of Garenbrig,Combo-Control,21,11,0.5238095238095238
Season-All,d7a8cc1d-aabb-4eb6-b0f1-6c93ec246f61,Court of Garenbrig,Control-Aggro (Midrange),53,23,0.4339622641509434
Season-All,d91a527d-51f1-4fb1-9016-fc923fd43a6a,Azorius Signet,Aggro,10,4,0.4
Season-All,d91a527d-51f1-4fb1-9016-fc923fd43a6a,Azorius Signet,Control,15,10,0.6666666666666666
Season-All,d9482aab-6ddf-48e1-84fa-b13d5ff81e69,Icetill Explorer,Aggro,28,15,0.5357142857142857
Season-All,d9482aab-6ddf-48e1-84fa-b13d5ff81e69,Icetill Explorer,Aggro-Combo,28,12,0.4285714285714285
Season-All,d9482aab-6ddf-48e1-84fa-b13d5ff81e69,Icetill Explorer,Control-Aggro (Midrange),27,10,0.3703703703703703
Season-All,da13a060-36ee-41e9-bab1-af8ddcc893b8,Norman Osborn // Green Goblin,Aggro-Control (Tempo),17,7,0.4117647058823529
Season-All,da13a060-36ee-41e9-bab1-af8ddcc893b8,Norman Osborn // Green Goblin,Combo,19,7,0.3684210526315789
Season-All,da13a060-36ee-41e9-bab1-af8ddcc893b8,Norman Osborn // Green Goblin,Combo-Control,18,10,0.5555555555555556
Season-All,da13a060-36ee-41e9-bab1-af8ddcc893b8,Norman Osborn // Green Goblin,Control,10,5,0.5
Season-All,da13a060-36ee-41e9-bab1-af8ddcc893b8,Norman Osborn // Green Goblin,Control-Aggro (Midrange),10,4,0.4
Season-All,db2a5e85-6cbc-43c1-9362-4056ad017ef0,Pyrokinesis,Aggro,11,5,0.4545454545454545
Season-All,db2a5e85-6cbc-43c1-9362-4056ad017ef0,Pyrokinesis,Aggro-Control (Tempo),17,7,0.4117647058823529
Season-All,db2a5e85-6cbc-43c1-9362-4056ad017ef0,Pyrokinesis,Combo,9,5,0.5555555555555556
Season-All,dcb94950-3f3e-4876-84f8-d5e4d9cfecee,Charming Prince,Aggro,54,25,0.4629629629629629
Season-All,dcb94950-3f3e-4876-84f8-d5e4d9cfecee,Charming Prince,Combo,9,3,0.3333333333333333
Season-All,dcb94950-3f3e-4876-84f8-d5e4d9cfecee,Charming Prince,Combo-Control,9,6,0.6666666666666666
Season-All,dcb94950-3f3e-4876-84f8-d5e4d9cfecee,Charming Prince,Control,53,23,0.4339622641509434
Season-All,dcb94950-3f3e-4876-84f8-d5e4d9cfecee,Charming Prince,Control-Aggro (Midrange),10,2,0.2
Season-All,dd16222e-349c-4a2b-a7c8-8eb35a8ab332,Static Prison,Aggro,58,33,0.5689655172413793
Season-All,dd16222e-349c-4a2b-a7c8-8eb35a8ab332,Static Prison,Combo-Control,11,6,0.5454545454545454
Season-All,dd16222e-349c-4a2b-a7c8-8eb35a8ab332,Static Prison,Control,33,16,0.4848484848484848
Season-All,dd16222e-349c-4a2b-a7c8-8eb35a8ab332,Static Prison,Control-Aggro (Midrange),8,6,0.75
Season-All,de0e01e4-e143-47fd-8565-7b48219bb546,Goldvein Hydra,Aggro,39,23,0.5897435897435898
Season-All,de0e01e4-e143-47fd-8565-7b48219bb546,Goldvein Hydra,Aggro-Combo,51,25,0.4901960784313725
Season-All,de0e01e4-e143-47fd-8565-7b48219bb546,Goldvein Hydra,Combo,20,5,0.25
Season-All,de0e01e4-e143-47fd-8565-7b48219bb546,Goldvein Hydra,Control,9,4,0.4444444444444444
Season-All,de0e01e4-e143-47fd-8565-7b48219bb546,Goldvein Hydra,Control-Aggro (Midrange),50,16,0.32
Season-All,dea15b53-2940-40e7-8d48-8ec11341da83,Careful Study,Combo,19,7,0.3684210526315789
Season-All,df3784d4-80cd-4f78-afb3-d61f3bab5b2c,Zealous Conscripts,Aggro,130,68,0.5230769230769231
Season-All,df3784d4-80cd-4f78-afb3-d61f3bab5b2c,Zealous Conscripts,Aggro-Combo,28,17,0.6071428571428571
Season-All,df3784d4-80cd-4f78-afb3-d61f3bab5b2c,Zealous Conscripts,Combo-Control,21,12,0.5714285714285714
Season-All,df3784d4-80cd-4f78-afb3-d61f3bab5b2c,Zealous Conscripts,Control-Aggro (Midrange),10,2,0.2
Season-All,df9d9075-2d1e-4848-b661-816d539e05eb,Emperor of Bones,Aggro,11,6,0.5454545454545454
Season-All,df9d9075-2d1e-4848-b661-816d539e05eb,Emperor of Bones,Aggro-Combo,10,7,0.7
Season-All,df9d9075-2d1e-4848-b661-816d539e05eb,Emperor of Bones,Combo,69,35,0.5072463768115942
Season-All,df9d9075-2d1e-4848-b661-816d539e05eb,Emperor of Bones,Combo-Control,31,19,0.6129032258064516
Season-All,df9d9075-2d1e-4848-b661-816d539e05eb,Emperor of Bones,Control,92,52,0.5652173913043478
Season-All,e0ef33dd-5f6d-48fa-8ef6-a8092868d50f,Figure of Fable,Aggro-Combo,10,5,0.5
Season-All,e0ef33dd-5f6d-48fa-8ef6-a8092868d50f,Figure of Fable,Control,9,4,0.4444444444444444
Season-All,e16ab44e-4257-4c0c-b705-8ac1e9c1d835,Touch the Spirit Realm,Aggro,34,22,0.6470588235294118
Season-All,e16ab44e-4257-4c0c-b705-8ac1e9c1d835,Touch the Spirit Realm,Aggro-Control (Tempo),9,1,0.1111111111111111
Season-All,e16ab44e-4257-4c0c-b705-8ac1e9c1d835,Touch the Spirit Realm,Combo,9,3,0.3333333333333333
Season-All,e16ab44e-4257-4c0c-b705-8ac1e9c1d835,Touch the Spirit Realm,Control,8,2,0.25
Season-All,e20da6b5-1057-4a28-9e85-07de714e262f,"Wan Shi Tong, Librarian",Aggro-Control (Tempo),21,12,0.5714285714285714
Season-All,e20da6b5-1057-4a28-9e85-07de714e262f,"Wan Shi Tong, Librarian",Combo,10,5,0.5
Season-All,e20da6b5-1057-4a28-9e85-07de714e262f,"Wan Shi Tong, Librarian",Combo-Control,11,6,0.5454545454545454
Season-All,e20da6b5-1057-4a28-9e85-07de714e262f,"Wan Shi Tong, Librarian",Control,10,4,0.4
Season-All,e20da6b5-1057-4a28-9e85-07de714e262f,"Wan Shi Tong, Librarian",Control-Aggro (Midrange),6,1,0.1666666666666666
Season-All,e2312c49-1627-47ad-8113-78a999a97d8d,Contaminated Landscape,Aggro-Control (Tempo),9,5,0.5555555555555556
Season-All,e2312c49-1627-47ad-8113-78a999a97d8d,Contaminated Landscape,Combo,37,14,0.3783783783783784
Season-All,e2312c49-1627-47ad-8113-78a999a97d8d,Contaminated Landscape,Combo-Control,9,4,0.4444444444444444
Season-All,e2312c49-1627-47ad-8113-78a999a97d8d,Contaminated Landscape,Control,38,14,0.3684210526315789
Season-All,e2312c49-1627-47ad-8113-78a999a97d8d,Contaminated Landscape,Control-Aggro (Midrange),8,2,0.25
Season-All,e419cd0b-2449-4cc5-9ead-b9e45e271700,"Phlage, Titan of Fire's Fury",Aggro,37,14,0.3783783783783784
Season-All,e419cd0b-2449-4cc5-9ead-b9e45e271700,"Phlage, Titan of Fire's Fury",Control,9,5,0.5555555555555556
Season-All,e41cf82d-3213-47ce-a015-6e51a8b07e4f,Questing Beast,Aggro,74,42,0.5675675675675675
Season-All,e41cf82d-3213-47ce-a015-6e51a8b07e4f,Questing Beast,Aggro-Combo,65,31,0.4769230769230769
Season-All,e41cf82d-3213-47ce-a015-6e51a8b07e4f,Questing Beast,Aggro-Control (Tempo),9,5,0.5555555555555556
Season-All,e41cf82d-3213-47ce-a015-6e51a8b07e4f,Questing Beast,Combo-Control,12,5,0.4166666666666667
Season-All,e41cf82d-3213-47ce-a015-6e51a8b07e4f,Questing Beast,Control-Aggro (Midrange),46,16,0.3478260869565217
Season-All,e4775a26-0b66-40e9-8f64-41d9308ca032,"Surrak, Elusive Hunter",Aggro,56,29,0.5178571428571429
Season-All,e4775a26-0b66-40e9-8f64-41d9308ca032,"Surrak, Elusive Hunter",Aggro-Combo,16,7,0.4375
Season-All,e4775a26-0b66-40e9-8f64-41d9308ca032,"Surrak, Elusive Hunter",Control-Aggro (Midrange),18,8,0.4444444444444444
Season-All,e4e6794a-feeb-4fc8-a2ee-38c75c18aaae,Heartless Act,Aggro,37,20,0.5405405405405406
Season-All,e4e6794a-feeb-4fc8-a2ee-38c75c18aaae,Heartless Act,Combo,45,10,0.2222222222222222
Season-All,e4e6794a-feeb-4fc8-a2ee-38c75c18aaae,Heartless Act,Combo-Control,11,8,0.7272727272727273
Season-All,e4e6794a-feeb-4fc8-a2ee-38c75c18aaae,Heartless Act,Control,89,48,0.5393258426966292
Season-All,e5145f31-a4ac-44ef-8f85-e4d95f2c9ff5,Library of Alexandria,Aggro-Control (Tempo),9,5,0.5555555555555556
Season-All,e5145f31-a4ac-44ef-8f85-e4d95f2c9ff5,Library of Alexandria,Combo,48,23,0.4791666666666667
Season-All,e5145f31-a4ac-44ef-8f85-e4d95f2c9ff5,Library of Alexandria,Combo-Control,59,37,0.6271186440677966
Season-All,e5145f31-a4ac-44ef-8f85-e4d95f2c9ff5,Library of Alexandria,Control,53,31,0.5849056603773585
Season-All,e5145f31-a4ac-44ef-8f85-e4d95f2c9ff5,Library of Alexandria,Control-Aggro (Midrange),29,17,0.5862068965517241
Season-All,e58e681e-a069-4414-aafe-634c7987fd0d,Swords to Plowshares,Aggro,73,44,0.6027397260273972
Season-All,e58e681e-a069-4414-aafe-634c7987fd0d,Swords to Plowshares,Aggro-Combo,8,3,0.375
Season-All,e58e681e-a069-4414-aafe-634c7987fd0d,Swords to Plowshares,Aggro-Control (Tempo),18,6,0.3333333333333333
Season-All,e58e681e-a069-4414-aafe-634c7987fd0d,Swords to Plowshares,Combo,19,6,0.3157894736842105
Season-All,e58e681e-a069-4414-aafe-634c7987fd0d,Swords to Plowshares,Combo-Control,31,16,0.5161290322580645
Season-All,e58e681e-a069-4414-aafe-634c7987fd0d,Swords to Plowshares,Control,49,27,0.5510204081632653
Season-All,e58e681e-a069-4414-aafe-634c7987fd0d,Swords to Plowshares,Control-Aggro (Midrange),17,5,0.2941176470588235
Season-All,e6befbc4-1320-4f26-bd9f-b1814fedda10,Grief,Aggro,47,24,0.5106382978723404
Season-All,e6befbc4-1320-4f26-bd9f-b1814fedda10,Grief,Aggro-Control (Tempo),9,5,0.5555555555555556
Season-All,e6befbc4-1320-4f26-bd9f-b1814fedda10,Grief,Combo,96,52,0.5416666666666666
Season-All,e6befbc4-1320-4f26-bd9f-b1814fedda10,Grief,Control,37,27,0.7297297297297297
Season-All,e6befbc4-1320-4f26-bd9f-b1814fedda10,Grief,Control-Aggro (Midrange),9,1,0.1111111111111111
Season-All,e6d7fba8-a157-4d81-9d6b-bd210a96b248,Gleemox,Aggro,18,7,0.3888888888888889
Season-All,e6d7fba8-a157-4d81-9d6b-bd210a96b248,Gleemox,Combo,39,18,0.4615384615384615
Season-All,e6d7fba8-a157-4d81-9d6b-bd210a96b248,Gleemox,Combo-Control,8,8,1.0
Season-All,e6d7fba8-a157-4d81-9d6b-bd210a96b248,Gleemox,Control,29,19,0.6551724137931034
Season-All,e6d7fba8-a157-4d81-9d6b-bd210a96b248,Gleemox,Control-Aggro (Midrange),30,13,0.4333333333333333
Season-All,e7b3ddca-69ef-4743-897b-57c58077db24,Time Warp,Aggro-Control (Tempo),30,18,0.6
Season-All,e7b3ddca-69ef-4743-897b-57c58077db24,Time Warp,Combo,30,13,0.4333333333333333
Season-All,e7b3ddca-69ef-4743-897b-57c58077db24,Time Warp,Combo-Control,23,11,0.4782608695652174
Season-All,e7b3ddca-69ef-4743-897b-57c58077db24,Time Warp,Control,39,20,0.5128205128205128
Season-All,e7b3ddca-69ef-4743-897b-57c58077db24,Time Warp,Control-Aggro (Midrange),9,4,0.4444444444444444
Season-All,e7c53ba4-9956-4cd6-85ca-2d6b61a5127c,Dance of the Dead,Aggro-Combo,10,7,0.7
Season-All,e7c53ba4-9956-4cd6-85ca-2d6b61a5127c,Dance of the Dead,Combo,56,24,0.4285714285714285
Season-All,e7c53ba4-9956-4cd6-85ca-2d6b61a5127c,Dance of the Dead,Control,9,7,0.7777777777777778
Season-All,e9a268ba-c442-4fe4-90b4-2810c8474f4e,Caustic Bronco,Aggro,8,6,0.75
Season-All,e9a268ba-c442-4fe4-90b4-2810c8474f4e,Caustic Bronco,Combo,9,2,0.2222222222222222
Season-All,e9a268ba-c442-4fe4-90b4-2810c8474f4e,Caustic Bronco,Combo-Control,9,7,0.7777777777777778
Season-All,e9a268ba-c442-4fe4-90b4-2810c8474f4e,Caustic Bronco,Control,39,23,0.5897435897435898
Season-All,e9a268ba-c442-4fe4-90b4-2810c8474f4e,Caustic Bronco,Control-Aggro (Midrange),11,3,0.2727272727272727
Season-All,e9be371c-c688-44ad-ab71-bd4c9f242d58,Force of Negation,Aggro-Control (Tempo),19,9,0.4736842105263157
Season-All,e9be371c-c688-44ad-ab71-bd4c9f242d58,Force of Negation,Combo,65,32,0.4923076923076923
Season-All,e9be371c-c688-44ad-ab71-bd4c9f242d58,Force of Negation,Combo-Control,11,6,0.5454545454545454
Season-All,e9be371c-c688-44ad-ab71-bd4c9f242d58,Force of Negation,Control,57,23,0.4035087719298245
Season-All,e9be371c-c688-44ad-ab71-bd4c9f242d58,Force of Negation,Control-Aggro (Midrange),6,1,0.1666666666666666
Season-All,ea1feac0-d3a7-45eb-9719-1cdaf51ea0b6,Mox Sapphire,Aggro,19,12,0.631578947368421
Season-All,ea1feac0-d3a7-45eb-9719-1cdaf51ea0b6,Mox Sapphire,Aggro-Combo,23,13,0.5652173913043478
Season-All,ea1feac0-d3a7-45eb-9719-1cdaf51ea0b6,Mox Sapphire,Combo,78,44,0.5641025641025641
Season-All,ea1feac0-d3a7-45eb-9719-1cdaf51ea0b6,Mox Sapphire,Combo-Control,11,7,0.6363636363636364
Season-All,ea1feac0-d3a7-45eb-9719-1cdaf51ea0b6,Mox Sapphire,Control,55,27,0.4909090909090909
Season-All,ea1feac0-d3a7-45eb-9719-1cdaf51ea0b6,Mox Sapphire,Control-Aggro (Midrange),18,10,0.5555555555555556
Season-All,ea7e7daf-7c06-4c74-8bcf-e42c1f611861,Virtue of Loyalty // Ardenvale Fealty,Aggro,19,11,0.5789473684210527
Season-All,ea7e7daf-7c06-4c74-8bcf-e42c1f611861,Virtue of Loyalty // Ardenvale Fealty,Control-Aggro (Midrange),17,3,0.1764705882352941
Season-All,ebc01ab4-d89a-4d25-bf54-6aed33772f4b,Force of Will,Aggro-Control (Tempo),39,20,0.5128205128205128
Season-All,ebc01ab4-d89a-4d25-bf54-6aed33772f4b,Force of Will,Combo,92,42,0.4565217391304347
Season-All,ebc01ab4-d89a-4d25-bf54-6aed33772f4b,Force of Will,Combo-Control,31,17,0.5483870967741935
Season-All,ebc01ab4-d89a-4d25-bf54-6aed33772f4b,Force of Will,Control,47,24,0.5106382978723404
Season-All,ebeafbc2-0399-4335-8f63-76a3e085e8c6,Evolved Sleeper,Aggro,18,10,0.5555555555555556
Season-All,ebeafbc2-0399-4335-8f63-76a3e085e8c6,Evolved Sleeper,Aggro-Control (Tempo),9,4,0.4444444444444444
Season-All,ebeafbc2-0399-4335-8f63-76a3e085e8c6,Evolved Sleeper,Combo,30,13,0.4333333333333333
Season-All,ebeafbc2-0399-4335-8f63-76a3e085e8c6,Evolved Sleeper,Control,59,25,0.423728813559322
Season-All,ebeafbc2-0399-4335-8f63-76a3e085e8c6,Evolved Sleeper,Control-Aggro (Midrange),10,6,0.6
Season-All,ec3de5f4-bb55-4ab9-995f-f3e0dc22c1bb,Voice of Victory,Aggro,80,39,0.4875
Season-All,ec3de5f4-bb55-4ab9-995f-f3e0dc22c1bb,Voice of Victory,Control,27,17,0.6296296296296297
Season-All,ec3de5f4-bb55-4ab9-995f-f3e0dc22c1bb,Voice of Victory,Control-Aggro (Midrange),8,6,0.75
Season-All,ec59ed99-ce40-489a-b776-8874bec60393,Trash for Treasure,Combo,38,12,0.3157894736842105
Season-All,eca8d6f8-c6f1-437c-99e2-4281eae14a6f,Fateful Absence,Aggro,36,23,0.6388888888888888
Season-All,eca8d6f8-c6f1-437c-99e2-4281eae14a6f,Fateful Absence,Aggro-Combo,8,3,0.375
Season-All,eca8d6f8-c6f1-437c-99e2-4281eae14a6f,Fateful Absence,Combo-Control,9,6,0.6666666666666666
Season-All,eca8d6f8-c6f1-437c-99e2-4281eae14a6f,Fateful Absence,Control,51,28,0.5490196078431373
Season-All,eca8d6f8-c6f1-437c-99e2-4281eae14a6f,Fateful Absence,Control-Aggro (Midrange),20,7,0.35
Season-All,ecc1027a-8c07-44a0-bdde-fa2844cff694,Vivi Ornitier,Combo,10,2,0.2
Season-All,ecc1027a-8c07-44a0-bdde-fa2844cff694,Vivi Ornitier,Control,10,3,0.3
Season-All,ed0216a0-c5c9-4a99-b869-53e4d0256326,Mox Pearl,Aggro,75,40,0.5333333333333333
Season-All,ed0216a0-c5c9-4a99-b869-53e4d0256326,Mox Pearl,Aggro-Combo,23,11,0.4782608695652174
Season-All,ed0216a0-c5c9-4a99-b869-53e4d0256326,Mox Pearl,Combo,18,7,0.3888888888888889
Season-All,ed0216a0-c5c9-4a99-b869-53e4d0256326,Mox Pearl,Combo-Control,32,16,0.5
Season-All,ed0216a0-c5c9-4a99-b869-53e4d0256326,Mox Pearl,Control,57,27,0.4736842105263157
Season-All,ed0216a0-c5c9-4a99-b869-53e4d0256326,Mox Pearl,Control-Aggro (Midrange),20,9,0.45
Season-All,ed0beb69-8441-4104-9990-81bd82f81f9a,The Fantasticar,Control,10,3,0.3
Season-All,ee8e9928-d9b2-4570-adb8-44b34115decd,Tireless Tracker,Aggro,65,35,0.5384615384615384
Season-All,ee8e9928-d9b2-4570-adb8-44b34115decd,Tireless Tracker,Aggro-Combo,36,16,0.4444444444444444
Season-All,ee8e9928-d9b2-4570-adb8-44b34115decd,Tireless Tracker,Aggro-Control (Tempo),9,5,0.5555555555555556
Season-All,ee8e9928-d9b2-4570-adb8-44b34115decd,Tireless Tracker,Combo,31,17,0.5483870967741935
Season-All,ee8e9928-d9b2-4570-adb8-44b34115decd,Tireless Tracker,Control,18,9,0.5
Season-All,ee8e9928-d9b2-4570-adb8-44b34115decd,Tireless Tracker,Control-Aggro (Midrange),20,9,0.45
Season-All,eeeffc0b-dc92-458e-ad58-86ff6077a508,Sentinel of the Nameless City,Aggro,57,31,0.543859649122807
Season-All,eeeffc0b-dc92-458e-ad58-86ff6077a508,Sentinel of the Nameless City,Aggro-Combo,20,11,0.55
Season-All,eeeffc0b-dc92-458e-ad58-86ff6077a508,Sentinel of the Nameless City,Aggro-Control (Tempo),9,5,0.5555555555555556
Season-All,eeeffc0b-dc92-458e-ad58-86ff6077a508,Sentinel of the Nameless City,Combo,10,4,0.4
Season-All,eeeffc0b-dc92-458e-ad58-86ff6077a508,Sentinel of the Nameless City,Combo-Control,9,6,0.6666666666666666
Season-All,eeeffc0b-dc92-458e-ad58-86ff6077a508,Sentinel of the Nameless City,Control,11,4,0.3636363636363636
Season-All,eeeffc0b-dc92-458e-ad58-86ff6077a508,Sentinel of the Nameless City,Control-Aggro (Midrange),60,31,0.5166666666666667
Season-All,efda91fa-03b2-4fb4-ae07-b45f6c6d3eab,Yawgmoth's Will,Combo,48,29,0.6041666666666666
Season-All,efda91fa-03b2-4fb4-ae07-b45f6c6d3eab,Yawgmoth's Will,Control,11,7,0.6363636363636364
Season-All,f0192cf7-3391-4720-b9c8-72dec5dde01e,Bloodtithe Harvester,Aggro,29,14,0.4827586206896552
Season-All,f0192cf7-3391-4720-b9c8-72dec5dde01e,Bloodtithe Harvester,Combo,28,18,0.6428571428571429
Season-All,f0192cf7-3391-4720-b9c8-72dec5dde01e,Bloodtithe Harvester,Control,19,11,0.5789473684210527
Season-All,f0192cf7-3391-4720-b9c8-72dec5dde01e,Bloodtithe Harvester,Control-Aggro (Midrange),9,5,0.5555555555555556
Season-All,f05e9a3e-8a35-4687-85cb-e31b3927a5e2,Daze,Aggro-Control (Tempo),12,7,0.5833333333333334
Season-All,f05e9a3e-8a35-4687-85cb-e31b3927a5e2,Daze,Combo,100,53,0.53
Season-All,f05e9a3e-8a35-4687-85cb-e31b3927a5e2,Daze,Combo-Control,9,7,0.7777777777777778
Season-All,f05e9a3e-8a35-4687-85cb-e31b3927a5e2,Daze,Control,102,52,0.5098039215686274
Season-All,f1a21287-e244-4960-84fb-c4f6e5c346d9,Third Path Iconoclast,Aggro-Control (Tempo),18,8,0.4444444444444444
Season-All,f1a21287-e244-4960-84fb-c4f6e5c346d9,Third Path Iconoclast,Combo,46,20,0.4347826086956521
Season-All,f1a21287-e244-4960-84fb-c4f6e5c346d9,Third Path Iconoclast,Combo-Control,17,9,0.5294117647058824
Season-All,f1a21287-e244-4960-84fb-c4f6e5c346d9,Third Path Iconoclast,Control,38,19,0.5
Season-All,f1b8413f-c9fc-4cea-b416-a1fcf651b009,Sylvan Safekeeper,Aggro,10,5,0.5
Season-All,f1b8413f-c9fc-4cea-b416-a1fcf651b009,Sylvan Safekeeper,Aggro-Combo,18,7,0.3888888888888889
Season-All,f1b8413f-c9fc-4cea-b416-a1fcf651b009,Sylvan Safekeeper,Combo,10,7,0.7
Season-All,f1b8413f-c9fc-4cea-b416-a1fcf651b009,Sylvan Safekeeper,Control-Aggro (Midrange),29,9,0.3103448275862069
Season-All,f1e5cafb-b0e6-4ee5-8c58-6f8e5ef2b9da,Virtue of Persistence // Locthwain Scorn,Aggro,39,24,0.6153846153846154
Season-All,f1e5cafb-b0e6-4ee5-8c58-6f8e5ef2b9da,Virtue of Persistence // Locthwain Scorn,Aggro-Control (Tempo),9,5,0.5555555555555556
Season-All,f1e5cafb-b0e6-4ee5-8c58-6f8e5ef2b9da,Virtue of Persistence // Locthwain Scorn,Combo,49,25,0.5102040816326531
Season-All,f1e5cafb-b0e6-4ee5-8c58-6f8e5ef2b9da,Virtue of Persistence // Locthwain Scorn,Combo-Control,17,12,0.7058823529411765
Season-All,f1e5cafb-b0e6-4ee5-8c58-6f8e5ef2b9da,Virtue of Persistence // Locthwain Scorn,Control,19,13,0.6842105263157895
Season-All,f1eb50a6-07e2-41de-b948-8075bba197ee,Game Over,Control-Aggro (Midrange),11,3,0.2727272727272727
Season-All,f20015ad-8fda-498f-ac28-1ffb824ab480,Caldaia Guardian,Aggro,10,4,0.4
Season-All,f20015ad-8fda-498f-ac28-1ffb824ab480,Caldaia Guardian,Aggro-Combo,18,10,0.5555555555555556
Season-All,f20015ad-8fda-498f-ac28-1ffb824ab480,Caldaia Guardian,Combo,9,3,0.3333333333333333
Season-All,f20015ad-8fda-498f-ac28-1ffb824ab480,Caldaia Guardian,Control,9,6,0.6666666666666666
Season-All,f20015ad-8fda-498f-ac28-1ffb824ab480,Caldaia Guardian,Control-Aggro (Midrange),28,11,0.3928571428571428
Season-All,f231caf8-56c0-4719-a90d-5e5efbee3148,Den of the Bugbear,Aggro,115,59,0.5130434782608696
Season-All,f231caf8-56c0-4719-a90d-5e5efbee3148,Den of the Bugbear,Aggro-Control (Tempo),11,7,0.6363636363636364
Season-All,f252ae53-443c-4a27-b8f0-639a9a2b8598,Pestermite,Combo-Control,31,18,0.5806451612903226
Season-All,f252ae53-443c-4a27-b8f0-639a9a2b8598,Pestermite,Control,7,2,0.2857142857142857
Season-All,f33d3948-fe7b-4c3b-ab67-1022623fbb2b,"Toby, Beastie Befriender",Aggro,35,17,0.4857142857142857
Season-All,f33d3948-fe7b-4c3b-ab67-1022623fbb2b,"Toby, Beastie Befriender",Control,47,26,0.5531914893617021
Season-All,f33d3948-fe7b-4c3b-ab67-1022623fbb2b,"Toby, Beastie Befriender",Control-Aggro (Midrange),37,15,0.4054054054054054
Season-All,f3405184-dcda-4bb6-ade6-c2a87bc3296d,Sleight of Hand,Combo,18,5,0.2777777777777778
Season-All,f3405184-dcda-4bb6-ade6-c2a87bc3296d,Sleight of Hand,Control,17,9,0.5294117647058824
Season-All,f3405184-dcda-4bb6-ade6-c2a87bc3296d,Sleight of Hand,Control-Aggro (Midrange),10,4,0.4
Season-All,f3537373-ef54-4578-9d05-6216420ee349,Esper Sentinel,Aggro,64,33,0.515625
Season-All,f3537373-ef54-4578-9d05-6216420ee349,Esper Sentinel,Combo,9,1,0.1111111111111111
Season-All,f3537373-ef54-4578-9d05-6216420ee349,Esper Sentinel,Combo-Control,42,25,0.5952380952380952
Season-All,f3537373-ef54-4578-9d05-6216420ee349,Esper Sentinel,Control,51,28,0.5490196078431373
Season-All,f3537373-ef54-4578-9d05-6216420ee349,Esper Sentinel,Control-Aggro (Midrange),26,11,0.4230769230769231
Season-All,f44e5128-e146-4e46-b313-a40d82719d1d,Spirit of the Labyrinth,Combo-Control,9,6,0.6666666666666666
Season-All,f44e5128-e146-4e46-b313-a40d82719d1d,Spirit of the Labyrinth,Control,21,9,0.4285714285714285
Season-All,f44e5128-e146-4e46-b313-a40d82719d1d,Spirit of the Labyrinth,Control-Aggro (Midrange),10,6,0.6
Season-All,f46a9329-7b91-441d-8653-50c1152c9120,"Kellan, Planar Trailblazer",Aggro,68,38,0.5588235294117647
Season-All,f46a9329-7b91-441d-8653-50c1152c9120,"Kellan, Planar Trailblazer",Aggro-Combo,7,3,0.4285714285714285
Season-All,f46a9329-7b91-441d-8653-50c1152c9120,"Kellan, Planar Trailblazer",Aggro-Control (Tempo),12,7,0.5833333333333334
Season-All,f46a9329-7b91-441d-8653-50c1152c9120,"Kellan, Planar Trailblazer",Combo,11,4,0.3636363636363636
Season-All,f46a9329-7b91-441d-8653-50c1152c9120,"Kellan, Planar Trailblazer",Control,9,1,0.1111111111111111
Season-All,f486df00-7c4a-4ff0-bb0b-c8b5432ac742,Sylvan Library,Aggro,10,6,0.6
Season-All,f486df00-7c4a-4ff0-bb0b-c8b5432ac742,Sylvan Library,Control-Aggro (Midrange),11,3,0.2727272727272727
Season-All,f5881bbc-8600-464d-9dcd-5a7780918d1d,Galvanic Blast,Aggro,37,25,0.6756756756756757
Season-All,f5881bbc-8600-464d-9dcd-5a7780918d1d,Galvanic Blast,Combo,9,4,0.4444444444444444
Season-All,f5881bbc-8600-464d-9dcd-5a7780918d1d,Galvanic Blast,Combo-Control,9,3,0.3333333333333333
Season-All,f5881bbc-8600-464d-9dcd-5a7780918d1d,Galvanic Blast,Control,8,4,0.5
Season-All,f5fb426a-5618-4dd4-9c51-0cc847be8c1d,Multiversal Passage,Aggro,7,4,0.5714285714285714
Season-All,f5fb426a-5618-4dd4-9c51-0cc847be8c1d,Multiversal Passage,Aggro-Control (Tempo),17,7,0.4117647058823529
Season-All,f5fb426a-5618-4dd4-9c51-0cc847be8c1d,Multiversal Passage,Combo-Control,17,15,0.8823529411764706
Season-All,f5fb426a-5618-4dd4-9c51-0cc847be8c1d,Multiversal Passage,Control,29,13,0.4482758620689655
Season-All,f5fb426a-5618-4dd4-9c51-0cc847be8c1d,Multiversal Passage,Control-Aggro (Midrange),9,4,0.4444444444444444
Season-All,f61693a2-7042-44e0-85ba-9bf12ab94e7e,Suplex,Aggro,67,37,0.5522388059701493
Season-All,f61693a2-7042-44e0-85ba-9bf12ab94e7e,Suplex,Aggro-Combo,17,5,0.2941176470588235
Season-All,f61693a2-7042-44e0-85ba-9bf12ab94e7e,Suplex,Aggro-Control (Tempo),9,5,0.5555555555555556
Season-All,f61693a2-7042-44e0-85ba-9bf12ab94e7e,Suplex,Combo,8,2,0.25
Season-All,f61693a2-7042-44e0-85ba-9bf12ab94e7e,Suplex,Control,20,11,0.55
Season-All,f62fd592-4910-417d-a500-e7029f3d119f,Kitesail Freebooter,Combo,38,20,0.5263157894736842
Season-All,f62fd592-4910-417d-a500-e7029f3d119f,Kitesail Freebooter,Combo-Control,9,6,0.6666666666666666
Season-All,f62fd592-4910-417d-a500-e7029f3d119f,Kitesail Freebooter,Control,54,23,0.4259259259259259
Season-All,f62fd592-4910-417d-a500-e7029f3d119f,Kitesail Freebooter,Control-Aggro (Midrange),18,10,0.5555555555555556
Season-All,f632be90-9e7f-41f8-a52e-a2952354d730,Descendant of Storms,Aggro,76,36,0.4736842105263157
Season-All,f6ca59cd-8779-4a84-a54b-e863b79c61f0,Underground Mortuary,Aggro,11,5,0.4545454545454545
Season-All,f6ca59cd-8779-4a84-a54b-e863b79c61f0,Underground Mortuary,Combo,28,12,0.4285714285714285
Season-All,f6ca59cd-8779-4a84-a54b-e863b79c61f0,Underground Mortuary,Combo-Control,9,6,0.6666666666666666
Season-All,f6ca59cd-8779-4a84-a54b-e863b79c61f0,Underground Mortuary,Control,17,8,0.4705882352941176
Season-All,f6ca59cd-8779-4a84-a54b-e863b79c61f0,Underground Mortuary,Control-Aggro (Midrange),27,8,0.2962962962962963
Season-All,f7e0549e-2d23-4ea8-b8d1-ae21af2c9091,Snap,Combo,8,2,0.25
Season-All,f823be95-bef4-4e86-a924-239be62394bf,Izzet Signet,Combo,56,29,0.5178571428571429
Season-All,f83ed433-fae3-4fa5-acad-bb8a5b535ce3,Coveted Jewel,Aggro,9,6,0.6666666666666666
Season-All,f83ed433-fae3-4fa5-acad-bb8a5b535ce3,Coveted Jewel,Combo,40,17,0.425
Season-All,f83ed433-fae3-4fa5-acad-bb8a5b535ce3,Coveted Jewel,Control,21,12,0.5714285714285714
Season-All,f88d81d9-8ded-4c20-8237-2218046595fb,"Shadow, Mysterious Assassin",Aggro,20,11,0.55
Season-All,f88d81d9-8ded-4c20-8237-2218046595fb,"Shadow, Mysterious Assassin",Combo,18,8,0.4444444444444444
Season-All,f88d81d9-8ded-4c20-8237-2218046595fb,"Shadow, Mysterious Assassin",Control,9,3,0.3333333333333333
Season-All,f9246b68-580f-4f53-883d-7900880e4b0d,Six,Aggro,41,22,0.5365853658536586
Season-All,f9246b68-580f-4f53-883d-7900880e4b0d,Six,Aggro-Combo,44,16,0.3636363636363636
Season-All,f9246b68-580f-4f53-883d-7900880e4b0d,Six,Combo-Control,11,5,0.4545454545454545
Season-All,f9246b68-580f-4f53-883d-7900880e4b0d,Six,Control-Aggro (Midrange),19,11,0.5789473684210527
Season-All,f9287151-95df-4f5a-b32a-4b0aea825452,Karn Liberated,Control,19,9,0.4736842105263157
Season-All,fa6ac7d2-0127-49a8-b7d2-a38308d3c27b,"Liliana, the Last Hope",Aggro,10,4,0.4
Season-All,fa6ac7d2-0127-49a8-b7d2-a38308d3c27b,"Liliana, the Last Hope",Combo,18,5,0.2777777777777778
Season-All,fa6ac7d2-0127-49a8-b7d2-a38308d3c27b,"Liliana, the Last Hope",Control,8,8,1.0
Season-All,fa6ac7d2-0127-49a8-b7d2-a38308d3c27b,"Liliana, the Last Hope",Control-Aggro (Midrange),10,6,0.6
Season-All,fa7a55aa-ae61-4933-b7a4-dcc55dac6fcd,"Inti, Seneschal of the Sun",Aggro,130,76,0.5846153846153846
Season-All,fa7a55aa-ae61-4933-b7a4-dcc55dac6fcd,"Inti, Seneschal of the Sun",Aggro-Combo,11,5,0.4545454545454545
Season-All,fa7a55aa-ae61-4933-b7a4-dcc55dac6fcd,"Inti, Seneschal of the Sun",Aggro-Control (Tempo),21,12,0.5714285714285714
Season-All,fa7a55aa-ae61-4933-b7a4-dcc55dac6fcd,"Inti, Seneschal of the Sun",Combo,9,3,0.3333333333333333
Season-All,fa7a55aa-ae61-4933-b7a4-dcc55dac6fcd,"Inti, Seneschal of the Sun",Combo-Control,18,12,0.6666666666666666
Season-All,fa7a55aa-ae61-4933-b7a4-dcc55dac6fcd,"Inti, Seneschal of the Sun",Control,19,11,0.5789473684210527
Season-All,fa7a55aa-ae61-4933-b7a4-dcc55dac6fcd,"Inti, Seneschal of the Sun",Control-Aggro (Midrange),19,11,0.5789473684210527
Season-All,fa7b7897-36e0-415a-8bb7-602886164852,Show and Tell,Combo,110,49,0.4454545454545454
Season-All,fa87bf1e-2062-4983-b1c4-98bffea69a4c,Pyrogoyf,Aggro,99,62,0.6262626262626263
Season-All,fa87bf1e-2062-4983-b1c4-98bffea69a4c,Pyrogoyf,Aggro-Combo,11,5,0.4545454545454545
Season-All,fa87bf1e-2062-4983-b1c4-98bffea69a4c,Pyrogoyf,Combo,20,13,0.65
Season-All,fa87bf1e-2062-4983-b1c4-98bffea69a4c,Pyrogoyf,Combo-Control,35,20,0.5714285714285714
Season-All,fa87bf1e-2062-4983-b1c4-98bffea69a4c,Pyrogoyf,Control,31,17,0.5483870967741935
Season-All,fa87bf1e-2062-4983-b1c4-98bffea69a4c,Pyrogoyf,Control-Aggro (Midrange),11,7,0.6363636363636364
Season-All,fadb218d-29e2-42d1-a7a1-1066741d63ad,Mox Diamond,Aggro,49,19,0.3877551020408163
Season-All,fadb218d-29e2-42d1-a7a1-1066741d63ad,Mox Diamond,Aggro-Combo,10,7,0.7
Season-All,fadb218d-29e2-42d1-a7a1-1066741d63ad,Mox Diamond,Aggro-Control (Tempo),9,5,0.5555555555555556
Season-All,fadb218d-29e2-42d1-a7a1-1066741d63ad,Mox Diamond,Combo,40,15,0.375
Season-All,fadb218d-29e2-42d1-a7a1-1066741d63ad,Mox Diamond,Combo-Control,27,19,0.7037037037037037
Season-All,fadb218d-29e2-42d1-a7a1-1066741d63ad,Mox Diamond,Control,64,32,0.5
Season-All,fc310a26-b6a0-4e42-98ab-bdfd7b06cb63,"Beza, the Bounding Spring",Aggro,28,12,0.4285714285714285
Season-All,fc310a26-b6a0-4e42-98ab-bdfd7b06cb63,"Beza, the Bounding Spring",Combo,8,3,0.375
Season-All,fc310a26-b6a0-4e42-98ab-bdfd7b06cb63,"Beza, the Bounding Spring",Combo-Control,11,5,0.4545454545454545
Season-All,fc310a26-b6a0-4e42-98ab-bdfd7b06cb63,"Beza, the Bounding Spring",Control,73,41,0.5616438356164384
Season-All,fc310a26-b6a0-4e42-98ab-bdfd7b06cb63,"Beza, the Bounding Spring",Control-Aggro (Midrange),19,11,0.5789473684210527
Season-All,fc7d1912-7e27-49ef-bd98-375d975a42b0,Starting Town,Aggro,33,22,0.6666666666666666
Season-All,fc7d1912-7e27-49ef-bd98-375d975a42b0,Starting Town,Aggro-Control (Tempo),17,7,0.4117647058823529
Season-All,fc7d1912-7e27-49ef-bd98-375d975a42b0,Starting Town,Combo,27,8,0.2962962962962963
Season-All,fc7d1912-7e27-49ef-bd98-375d975a42b0,Starting Town,Combo-Control,18,10,0.5555555555555556
Season-All,fc7d1912-7e27-49ef-bd98-375d975a42b0,Starting Town,Control,20,10,0.5
Season-All,fd52688a-39fd-430f-b950-cb56e0004396,Talisman of Curiosity,Control,29,17,0.5862068965517241
Season-All,fd52688a-39fd-430f-b950-cb56e0004396,Talisman of Curiosity,Control-Aggro (Midrange),19,8,0.4210526315789473
Season-All,fd6ddbca-b943-49d6-b341-509bb72dd5a6,Primeval Titan,Aggro-Combo,10,6,0.6
Season-All,fd6ddbca-b943-49d6-b341-509bb72dd5a6,Primeval Titan,Combo,11,4,0.3636363636363636
Season-All,fd6ddbca-b943-49d6-b341-509bb72dd5a6,Primeval Titan,Combo-Control,18,9,0.5
Season-All,fd97b3cf-924e-4f77-bb82-0bf19592389f,Dreadhorde Arcanist,Aggro,50,26,0.52
Season-All,fd97b3cf-924e-4f77-bb82-0bf19592389f,Dreadhorde Arcanist,Aggro-Control (Tempo),19,11,0.5789473684210527
Season-All,fd97b3cf-924e-4f77-bb82-0bf19592389f,Dreadhorde Arcanist,Combo-Control,11,7,0.6363636363636364
Season-All,fd97b3cf-924e-4f77-bb82-0bf19592389f,Dreadhorde Arcanist,Control,10,6,0.6
Season-All,fd99bce1-ce39-464b-8e61-2631eb3ed6f6,Tolarian Academy,Combo,95,35,0.3684210526315789
Season-All,fd99bce1-ce39-464b-8e61-2631eb3ed6f6,Tolarian Academy,Control,55,26,0.4727272727272727
Season-All,fe30c0ff-f74b-456a-a61e-3720d84d713f,Parallax Wave,Aggro,67,44,0.6567164179104478
Season-All,fe30c0ff-f74b-456a-a61e-3720d84d713f,Parallax Wave,Combo,10,3,0.3
Season-All,fe30c0ff-f74b-456a-a61e-3720d84d713f,Parallax Wave,Combo-Control,21,8,0.3809523809523809
Season-All,fe30c0ff-f74b-456a-a61e-3720d84d713f,Parallax Wave,Control,108,58,0.5370370370370371
Season-All,fe30c0ff-f74b-456a-a61e-3720d84d713f,Parallax Wave,Control-Aggro (Midrange),10,7,0.7
Season-All,fe964e7e-e2c5-4263-889d-0a531eb51442,Luminarch Aspirant,Aggro,127,79,0.6220472440944882
Season-All,fe964e7e-e2c5-4263-889d-0a531eb51442,Luminarch Aspirant,Aggro-Combo,8,3,0.375
Season-All,fe964e7e-e2c5-4263-889d-0a531eb51442,Luminarch Aspirant,Aggro-Control (Tempo),9,5,0.5555555555555556
Season-All,fe964e7e-e2c5-4263-889d-0a531eb51442,Luminarch Aspirant,Control,53,24,0.4528301886792453
Season-All,febaaeae-5c0d-45fa-8169-b27b4996f18e,Chrome Host Seedshark,Aggro-Control (Tempo),30,16,0.5333333333333333
Season-All,febaaeae-5c0d-45fa-8169-b27b4996f18e,Chrome Host Seedshark,Combo,18,6,0.3333333333333333
Season-All,febaaeae-5c0d-45fa-8169-b27b4996f18e,Chrome Host Seedshark,Control,28,13,0.4642857142857143
Season-All,ff37b863-f8c4-4584-8cc2-ac0e096e583f,Bazaar of Baghdad,Combo,10,2,0.2
Season-All,ff590af2-2d6c-4f16-a9b8-1a6dab6e9ad5,Echo of Eons,Combo,47,24,0.5106382978723404
Season-All,ff590af2-2d6c-4f16-a9b8-1a6dab6e9ad5,Echo of Eons,Combo-Control,26,11,0.4230769230769231
Season-All,ff84ea71-e477-44f7-a3f8-77fef708efeb,Thieving Skydiver,Aggro-Control (Tempo),58,30,0.5172413793103449
Season-All,ff84ea71-e477-44f7-a3f8-77fef708efeb,Thieving Skydiver,Combo,19,12,0.631578947368421
Season-All,ff84ea71-e477-44f7-a3f8-77fef708efeb,Thieving Skydiver,Combo-Control,21,11,0.5238095238095238
Season-All,ff84ea71-e477-44f7-a3f8-77fef708efeb,Thieving Skydiver,Control,55,26,0.4727272727272727
Season-All,ff84ea71-e477-44f7-a3f8-77fef708efeb,Thieving Skydiver,Control-Aggro (Midrange),9,5,0.5555555555555556
