season_id,scryfallId,card_name,games_played,games_won,game_win_rate
Season-4,0020c31b-002a-4121-bc61-2c2c16e9afc8,Ornery Tumblewagg,37.0,19.0,0.5135135135135135
Season-4,0027e5ca-8046-40a0-bd73-79be55f28bff,Remand,86.0,44.0,0.5116279069767442
Season-4,0055ea30-20fb-4324-a632-8fed87628f05,"Boseiju, Who Endures",91.0,45.0,0.4945054945054945
Season-4,005dae9a-dddc-4a11-95bb-cce319edcce4,Skullclamp,73.0,48.0,0.6575342465753424
Season-4,006d2bf1-20f7-4b09-8d98-8233d91682bd,Flame Slash,85.0,49.0,0.5764705882352941
Season-4,00cb17a0-5a13-4d02-b7fb-f99531bc8ca5,Dark Depths,70.0,34.0,0.4857142857142857
Season-4,00f9955f-a522-47bf-b064-92dd21a76b18,Solemn Simulacrum,39.0,15.0,0.3846153846153846
Season-4,01006833-6007-4c16-9ebb-20d31c60a57a,Taiga,77.0,40.0,0.5194805194805194
Season-4,0135ada3-e5ae-4382-a717-872839bf1d5a,Garruk Wildspeaker,0.0,0.0,0.0
Season-4,014bf3c6-e46f-48f8-902f-82deeba260b2,,0.0,0.0,0.0
Season-4,01794178-cf41-454c-ac37-1d8b18e42db2,Green Sun's Zenith,112.0,50.0,0.4464285714285714
Season-4,01978fe5-00a9-4add-ae2a-b4c2572ffb9a,Vendilion Clique,26.0,12.0,0.4615384615384615
Season-4,01c6f877-6b00-4d57-8a88-36cd3b16edbc,Llanowar Elves,94.0,41.0,0.4361702127659574
Season-4,01d1e394-1b0c-4b40-ba85-f55973703d41,Smirking Spelljacker,50.0,23.0,0.46
Season-4,01e7b0bc-1c6c-48f4-8b72-1a809f536c6c,Birds of Paradise,104.0,53.0,0.5096153846153846
Season-4,02138fbb-3962-4348-8d31-faaefba0b8b2,Raugrin Triome,72.0,34.0,0.4722222222222222
Season-4,02551196-ecea-472f-9547-3c9658d0489e,Ravenous Chupacabra,29.0,13.0,0.4482758620689655
Season-4,0263c742-345b-4425-8326-75bfa60e08ea,Sundering Titan,0.0,0.0,0.0
Season-4,02902fcc-eefc-4e81-aafd-59fa203a71d7,Eternal Witness,21.0,8.0,0.3809523809523809
Season-4,02c532e8-21f1-4d6f-a931-1ea48a6aeea2,Coalition Relic,65.0,26.0,0.4
Season-4,02d6d693-f1f3-4317-bcc0-c21fa8490d38,"Jace, Vryn's Prodigy // Jace, Telepath Unbound",117.0,60.0,0.5128205128205128
Season-4,030e46a1-64a7-47e3-9b9f-82a22fe3734b,Consecrated Sphinx,0.0,0.0,0.0
Season-4,0324641d-af55-4c53-b4dc-c8262e967da5,Volcanic Island,67.0,31.0,0.4626865671641791
Season-4,0359f212-9564-41a9-870b-d2c57455a695,Brainstorm,61.0,30.0,0.4918032786885246
Season-4,045ce37b-86d2-4e56-84af-b6625b53d13c,Path to Exile,105.0,45.0,0.4285714285714285
Season-4,0463e989-ba32-4a46-a82f-e0d6daf3cd51,Sulfuric Vortex,29.0,11.0,0.3793103448275862
Season-4,04fc99dc-bfbe-4567-b791-6b1db96471ec,Reanimate,94.0,49.0,0.5212765957446809
Season-4,054f2276-2dd5-43da-bb26-c57c560861fe,Steam Vents,94.0,42.0,0.4468085106382978
Season-4,05812009-d1b8-4775-8188-f05cfdb4feed,Worn Powerstone,0.0,0.0,0.0
Season-4,059164e1-894d-4586-9800-e60d6fbd6eb6,Shifting Woodland,39.0,18.0,0.4615384615384615
Season-4,0596155d-8f83-40ca-be31-9a0df1ced65e,Wall of Omens,37.0,11.0,0.2972972972972973
Season-4,05bd329b-5707-42fc-af1c-084cc604e805,Imperial Recruiter,37.0,22.0,0.5945945945945946
Season-4,05bdd22c-3e11-4c29-bdfa-d3dfc0e90a9f,Bitter Triumph,86.0,39.0,0.4534883720930232
Season-4,05cf51d8-9f91-42ff-99e9-4397f2251c20,Dark Confidant,76.0,44.0,0.5789473684210527
Season-4,05e8a4ea-8c0d-4284-ac23-80e19fdde11d,Myr Battlesphere,55.0,23.0,0.4181818181818181
Season-4,0645f487-efe5-4764-b361-85e07bb5ccca,"Ulamog, the Infinite Gyre",20.0,11.0,0.55
Season-4,064dfdeb-485f-473e-9fa0-8fdb7638cdc6,Dismember,82.0,44.0,0.5365853658536586
Season-4,068bb15a-fc2d-42a2-859b-837b946d23c0,Underground Sea,73.0,34.0,0.4657534246575342
Season-4,06c0c35d-a26e-473a-9206-8fbda7191700,Entomb,86.0,45.0,0.5232558139534884
Season-4,06cb1bd6-73e0-4104-b344-4bc52d7dcedf,Baleful Strix,74.0,43.0,0.581081081081081
Season-4,071daca8-ccc6-4707-843e-adac40dd1588,Fury,86.0,45.0,0.5232558139534884
Season-4,07246783-d475-4f61-99ac-e2b574072349,Voice of Resurgence,39.0,13.0,0.3333333333333333
Season-4,07313dd3-d0dc-40ca-98a3-fa4d39e5bcae,Oust,95.0,50.0,0.5263157894736842
Season-4,073bfdca-d7b8-4f4b-93f3-6e7c44bc0b0a,Sol Ring,97.0,50.0,0.5154639175257731
Season-4,0783b426-a527-42c1-9271-be28b229e1c6,"Torsten, Founder of Benalia",19.0,6.0,0.3157894736842105
Season-4,079e6263-e54c-4899-a336-5315909b9322,"Magda, Brazen Outlaw",96.0,53.0,0.5520833333333334
Season-4,07a3d9e8-8597-498b-869c-cff79e0df516,"Karn, Scion of Urza",57.0,29.0,0.5087719298245614
Season-4,07c17b01-ee5d-491a-8403-b3f819b778c4,Wishclaw Talisman,69.0,38.0,0.5507246376811594
Season-4,0845f0b0-9413-4ddd-861d-9607636bebc6,Natural Order,86.0,46.0,0.5348837209302325
Season-4,086f97e9-8b62-44f3-b467-149c2ac5ca78,Opposition Agent,0.0,0.0,0.0
Season-4,09521f23-52d6-482d-9f3b-c4d12fcc08cc,Tidehollow Sculler,68.0,43.0,0.6323529411764706
Season-4,09b792b3-ed87-4360-a392-506e5f8140a1,Regrowth,0.0,0.0,0.0
Season-4,09fd2d9c-1793-4beb-a3fb-7a869f660cd4,Bonecrusher Giant // Stomp,86.0,47.0,0.5465116279069767
Season-4,0a26d900-c652-4f9c-8681-a35c5f8b1937,Sacred Foundry,69.0,38.0,0.5507246376811594
Season-4,0aa3a844-97e6-4f5d-a36f-56fea4e06932,Manglehorn,16.0,6.0,0.375
Season-4,0ab6bfbd-d2e1-4c4c-9f91-6f69c5b8e3bb,Waterlogged Grove,0.0,0.0,0.0
Season-4,0ad38866-fc5f-4f62-89c1-afc0f50765aa,Novice Inspector,104.0,58.0,0.5576923076923077
Season-4,0adcd4e5-d542-4293-8774-ace2305ef820,Walk-In Closet // Forgotten Cellar,74.0,38.0,0.5135135135135135
Season-4,0c0e7131-db26-448d-afda-f48337a026f0,Pyroclasm,20.0,12.0,0.6
Season-4,0c3bc412-689f-4385-807b-ed60d6276d76,Grim Monolith,62.0,24.0,0.3870967741935484
Season-4,0c3d7e2c-a104-4757-9984-fb31088f92c4,Cryptic Coat,79.0,36.0,0.4556962025316455
Season-4,0c9a7cb0-5bff-48ff-b620-2838816ac9b5,Counterspell,84.0,44.0,0.5238095238095238
Season-4,0cb33b46-4d1b-4f97-bfdc-d815aee111da,Mana Crypt,105.0,65.0,0.6190476190476191
Season-4,0ce44270-a684-4489-9077-521456e6dfaa,Lórien Revealed,99.0,50.0,0.5050505050505051
Season-4,0d08f5e4-d2d3-4659-86d4-a983d80e3b2c,Tundra,65.0,36.0,0.5538461538461539
Season-4,0d16e8e0-31b2-4389-afd6-783c501f6fa0,"Ajani, Nacatl Pariah // Ajani, Nacatl Avenger",113.0,65.0,0.5752212389380531
Season-4,0d60eabe-b281-4eba-9c26-287364ed2067,Earthshaker Khenra,37.0,16.0,0.4324324324324324
Season-4,0da69523-cece-425a-b08a-fb27fac29374,Figure of Destiny,56.0,30.0,0.5357142857142857
Season-4,0e0d989d-7186-40dc-bdfe-cfbb77656bc8,"Emrakul, the Aeons Torn",56.0,28.0,0.5
Season-4,0e51d796-7279-4c06-87f0-37adbdaa41df,Underworld Breach,71.0,38.0,0.5352112676056338
Season-4,0e606072-a3aa-4300-ba90-ec92a721fa76,"Jace, the Mind Sculptor",55.0,27.0,0.4909090909090909
Season-4,0e9aeaa8-9a75-4719-992f-cbb316f72175,Savannah,75.0,42.0,0.56
Season-4,0ecbe097-ba51-42e5-957c-382eb66c08f0,Robber of the Rich,102.0,56.0,0.5490196078431373
Season-4,0eee981e-5d26-4810-90e1-432f3c3107f2,Reclamation Sage,53.0,25.0,0.4716981132075472
Season-4,0f3c8470-1cc8-4383-8782-c022867d46e8,"Tezzeret, Agent of Bolas",9.0,3.0,0.3333333333333333
Season-4,0f427f0b-034c-4821-8758-e395c0042d8a,Creeping Tar Pit,0.0,0.0,0.0
Season-4,0f7585c8-9e21-4eef-afc1-2852de23db2f,Polluted Delta,86.0,42.0,0.4883720930232558
Season-4,0fb4c734-c698-46f2-bc78-5f036f472e5b,Unholy Annex // Ritual Chamber,28.0,10.0,0.3571428571428571
Season-4,0fe070f4-8877-4280-b8fd-869f3ac34ab6,Sheltering Landscape,17.0,7.0,0.4117647058823529
Season-4,10158a5e-5a03-41ab-85d2-0907ccf32c9b,Dack Fayden,74.0,35.0,0.4729729729729729
Season-4,1066a94a-8e4f-4d77-820b-7a77a18116f0,Wooded Foothills,81.0,44.0,0.5432098765432098
Season-4,106f9629-b3aa-4703-82fb-c1e771bbce72,The Wandering Emperor,53.0,26.0,0.490566037735849
Season-4,107492bd-b32f-4692-917c-7771986b5bf7,Thespian's Stage,71.0,36.0,0.5070422535211268
Season-4,1132218d-56cd-441e-9006-df3c50344491,Joraga Treespeaker,96.0,38.0,0.3958333333333333
Season-4,113f48b9-a972-4e2c-af95-05ab078e01f2,Tranquil Landscape,19.0,9.0,0.4736842105263157
Season-4,1163fe84-c5d5-42c8-b7cd-d206a9b0bd3f,Tireless Provisioner,66.0,34.0,0.5151515151515151
Season-4,1192f7a9-102e-4b3a-b154-18c8eb332217,"Ulamog, the Ceaseless Hunger",0.0,0.0,0.0
Season-4,1290e00b-c41b-4e30-8b65-a7fd4356d462,Mind's Desire,0.0,0.0,0.0
Season-4,139b90cd-8272-457a-be32-1298145345be,Watery Grave,85.0,46.0,0.5411764705882353
Season-4,14065271-d942-42a8-aa38-d8a622c0375d,Scrubland,64.0,31.0,0.484375
Season-4,1453f92e-df2d-4789-aa1b-a5b5c51567d4,Preordain,116.0,53.0,0.4568965517241379
Season-4,1571b584-9007-45ee-a3c3-6c72f227fee2,Mystical Tutor,91.0,42.0,0.4615384615384615
Season-4,158c000e-7960-4518-b034-a529622b7bf1,,0.0,0.0,0.0
Season-4,15c34f32-49d9-4a0d-83b2-28172f54fdd1,Crop Rotation,58.0,25.0,0.4310344827586206
Season-4,15db4353-9c46-4fe4-b22e-0cf024aa9dfc,Grim Lavamancer,47.0,25.0,0.5319148936170213
Season-4,15faa763-b897-4e86-b094-73f3236291a9,Verdant Catacombs,95.0,50.0,0.5263157894736842
Season-4,162018eb-5483-4fa2-9c5a-abb639eecf91,"Kiki-Jiki, Mirror Breaker",47.0,25.0,0.5319148936170213
Season-4,162e81d3-6cd4-4cb8-8ed8-cfbd8d34ca71,Mind Stone,49.0,23.0,0.4693877551020408
Season-4,1658f12b-8ac5-4d29-86d5-f20c4d5f7e48,Vindicate,19.0,6.0,0.3157894736842105
Season-4,16c8d2fa-54a7-46e8-980c-905258497c90,Arid Mesa,109.0,65.0,0.5963302752293578
Season-4,1716b4dd-9045-462b-b053-72de450a8cde,Blood Crypt,77.0,42.0,0.5454545454545454
Season-4,17260fff-b239-4af4-9306-3236ae3fa5a5,Thundering Falls,65.0,32.0,0.4923076923076923
Season-4,175b3d28-5c74-4972-9b5c-5e39762c78f4,Relic of Sauron,63.0,24.0,0.3809523809523809
Season-4,1785cb18-c291-4fd5-b8c7-ace893c32e49,Mesmeric Fiend,82.0,40.0,0.4878048780487805
Season-4,17db2b6a-eaa8-4a08-9e86-370bbd058574,Bayou,95.0,52.0,0.5473684210526316
Season-4,17f28b16-da65-41a8-ba4f-f1c5e104aad6,Council's Judgment,85.0,48.0,0.5647058823529412
Season-4,18092f68-b96e-4084-9eba-b240d2195d81,"Adeline, Resplendent Cathar",66.0,31.0,0.4696969696969697
Season-4,187b6719-e5ed-4615-a00b-3313ceca055b,Currency Converter,37.0,18.0,0.4864864864864865
Season-4,187e887c-c39d-4d25-a506-cdc95fc70316,"Gideon, Ally of Zendikar",55.0,24.0,0.4363636363636363
Season-4,18a3cca1-e50e-49b6-9e1a-f86640e3b177,Snuff Out,96.0,53.0,0.5520833333333334
Season-4,18adbda4-8d36-47cd-afbc-c785aaa8ed80,Blightsteel Colossus,46.0,15.0,0.3260869565217391
Season-4,18bd50f2-c3ba-4217-a2d5-bb771e199706,Vampiric Tutor,106.0,47.0,0.4433962264150943
Season-4,18f23daa-bc59-456a-8a28-3823e51bc74b,Night's Whisper,78.0,43.0,0.5512820512820513
Season-4,19316cbb-d1af-4ab7-b588-78637503e986,,0.0,0.0,0.0
Season-4,19477aca-b8db-4061-9a78-ebb189a9df22,Breeding Pool,79.0,40.0,0.5063291139240507
Season-4,19557351-b65f-4b04-b971-66abdc07000a,Stoneforge Mystic,56.0,34.0,0.6071428571428571
Season-4,19adde22-e5eb-4815-beb6-c520b3274cc9,Lotus Cobra,90.0,42.0,0.4666666666666667
Season-4,1a55c370-d396-4c73-8ee2-83dc4c124005,The Goose Mother,53.0,21.0,0.3962264150943396
Season-4,1a6f256b-943e-4cfb-9fc9-d1ded68b5f97,Chart a Course,46.0,23.0,0.5
Season-4,1ac01fff-4de6-4783-9489-4127e25bc641,Prismatic Vista,86.0,44.0,0.5116279069767442
Season-4,1af92296-455a-425e-9397-a96d09937767,Incinerate,70.0,32.0,0.4571428571428571
Season-4,1b2ecf55-c1cc-4b28-b7ce-e1b25305155e,Lightning Helix,0.0,0.0,0.0
Season-4,1b6ef5f5-4058-4f89-a573-9e2da87a9f2e,Steel Seraph,42.0,16.0,0.3809523809523809
Season-4,1bd3fa8a-6c50-4f7f-9ae3-0810eec5e3db,Reprieve,84.0,43.0,0.5119047619047619
Season-4,1be9d9a4-d7ee-4854-abc2-85cabf993ec9,Archon of Cruelty,56.0,26.0,0.4642857142857143
Season-4,1c0f2873-5849-4cab-855a-2fbbc41dbb6c,Chaos Defiler,69.0,42.0,0.6086956521739131
Season-4,1c7d50d6-b63a-4d8c-88fa-1d78ae693a45,Overgrown Tomb,70.0,39.0,0.5571428571428572
Season-4,1daf4348-05c5-4c55-bcf2-c7bec7988bfc,Plateau,80.0,46.0,0.575
Season-4,1dd64b1d-bcef-476c-bf0b-3ac7df7cbed3,"Nissa, Ascended Animist",40.0,24.0,0.6
Season-4,1e0c695d-62f9-4805-9e2f-7032e8464136,No More Lies,36.0,14.0,0.3888888888888889
Season-4,1e2fee55-227b-4373-a3f7-b463f220033f,Tinker,89.0,35.0,0.3932584269662921
Season-4,1e3259f8-ee93-4b02-b8e1-a7bd6dd698ca,"Uro, Titan of Nature's Wrath",0.0,0.0,0.0
Season-4,1e3e8085-cfcd-4e88-b441-4d1f8ac63904,Forth Eorlingas!,110.0,63.0,0.5727272727272728
Season-4,1ea179e9-9c0d-46c1-9ee8-60be68e1f79c,Thirst for Discovery,54.0,23.0,0.4259259259259259
Season-4,1ee98955-4c47-4d45-9377-608dfa755337,Bone Shards,81.0,41.0,0.5061728395061729
Season-4,1f123ad6-fe84-4fed-9c0f-6b41921e9c26,Deceiver Exarch,20.0,12.0,0.6
Season-4,1f2f7d4b-aa65-42ed-a441-8e35be96743c,Orcish Lumberjack,31.0,18.0,0.5806451612903226
Season-4,1f9fb33a-3b39-4aff-93b8-aedafe0ea694,Fanatic of Rhonas,77.0,30.0,0.3896103896103896
Season-4,1fa48620-4c3d-4f75-be1f-c12c4aa59f51,"Golos, Tireless Pilgrim",11.0,4.0,0.3636363636363636
Season-4,1fc6d14a-1328-4032-ad9e-cd85cd365bd3,Endurance,59.0,27.0,0.4576271186440678
Season-4,1fdcc0c3-4029-4fc3-a486-5d7f45c910bd,Everflowing Chalice,67.0,19.0,0.2835820895522388
Season-4,205df311-a72d-40f1-b2ea-9b30274bc9bd,Knight of the Reliquary,30.0,13.0,0.4333333333333333
Season-4,207d5f12-fbc6-4c75-9d84-fd2f0023fbd0,Sneak Attack,86.0,45.0,0.5232558139534884
Season-4,216a8e4e-ea7b-41c7-a982-b5751025ff25,Scrapheap Scrounger,35.0,21.0,0.6
Season-4,21c950d7-b4f6-4902-8c9a-98f2933f9fa5,Adanto Vanguard,97.0,52.0,0.5360824742268041
Season-4,224d904a-5972-4152-878a-9a922e7a55b6,"Titania, Protector of Argoth",51.0,28.0,0.5490196078431373
Season-4,229a0d4a-3777-451d-a2fb-f1a2fdf8019f,Spara's Headquarters,58.0,22.0,0.3793103448275862
Season-4,2398892d-28e9-4009-81ec-0d544af79d2b,Ancestral Recall,111.0,58.0,0.5225225225225225
Season-4,23b95b26-0bbf-4fa1-80c1-f621f1a1b947,Damn,38.0,13.0,0.3421052631578947
Season-4,2424f2c4-366b-42cf-bf4b-a8a5bfdd2c4b,Life // Death,60.0,34.0,0.5666666666666667
Season-4,245cdc59-d560-4c10-b721-f51cc312e370,Mishra's Factory,45.0,22.0,0.4888888888888889
Season-4,247939d9-87e9-4f01-b223-fb4cfa7dbbe1,Mana Leak,85.0,46.0,0.5411764705882353
Season-4,2487d124-210b-4808-888c-cd0a78aebd90,Molten Collapse,29.0,18.0,0.6206896551724138
Season-4,24a5cc2c-0fbf-4a5f-b175-6e0ffd0d0787,Misty Rainforest,106.0,66.0,0.6226415094339622
Season-4,24a76568-a2d4-41a6-88b8-fa5ed4093930,Celestial Colonnade,0.0,0.0,0.0
Season-4,24c0d87b-0049-4beb-b9cb-6f813b7aa7dc,Fable of the Mirror-Breaker // Reflection of Kiki-Jiki,86.0,51.0,0.5930232558139535
Season-4,24da9431-7e52-44f5-bc18-2f2d8a4ca81e,Abrade,83.0,41.0,0.4939759036144578
Season-4,24e58478-c6a8-4f86-854a-a489c99bd777,Usher of the Fallen,84.0,46.0,0.5476190476190477
Season-4,25b0b816-0583-44aa-9dc5-f3ff48993a51,Gaea's Cradle,86.0,50.0,0.5813953488372093
Season-4,2605df98-0b02-4aab-bc36-01e93c693743,Territorial Kavu,48.0,27.0,0.5625
Season-4,2616aa0e-8413-4e63-877c-bffd5263f552,Porcelain Legionnaire,92.0,40.0,0.4347826086956521
Season-4,261ac92e-c61a-4c11-aa6a-9ae1cb703e5c,Dreams of Steel and Oil,57.0,34.0,0.5964912280701754
Season-4,26c68473-70ca-40ba-b5c6-71ec30f88a2c,Damnation,68.0,37.0,0.5441176470588235
Season-4,26d40e03-6de4-4373-9fbf-04c1dd79e995,Jetmir's Garden,89.0,55.0,0.6179775280898876
Season-4,2744ac83-a79f-4042-8720-688b5adda382,Nurturing Peatland,0.0,0.0,0.0
Season-4,275471e3-ded1-40ac-91ef-369dce5764d9,Inventors' Fair,0.0,0.0,0.0
Season-4,277bc4e5-f43a-4f1e-a7e9-11796e78fcdf,Blade Splicer,0.0,0.0,0.0
Season-4,28667c8b-d02c-4e57-a050-1549207b65d1,Thragtusk,50.0,28.0,0.56
Season-4,28bb8ec0-9729-4aa1-8ce4-a3a5598b0d70,Soul Partition,0.0,0.0,0.0
Season-4,28f1d784-f286-418d-a712-bc07ad10d4a2,Copperline Gorge,0.0,0.0,0.0
Season-4,29148d7e-b398-4e19-a29e-d9a660ad5016,Mirage Mirror,49.0,20.0,0.4081632653061224
Season-4,29632951-3c3d-478c-8c5a-9a34f30a5c28,Dauthi Voidwalker,96.0,55.0,0.5729166666666666
Season-4,296574c6-3933-4ab3-b591-72514b244da9,,0.0,0.0,0.0
Season-4,299f1f93-ecee-4ed8-a77e-6ebc4b85328d,Beast Within,0.0,0.0,0.0
Season-4,2a717b98-cdac-416d-bf6c-f6b6638e65d1,"Tamiyo, Inquisitive Student // Tamiyo, Seasoned Scholar",94.0,46.0,0.4893617021276595
Season-4,2adea3ee-138f-455b-a001-586883c44758,,0.0,0.0,0.0
Season-4,2ae6828e-ff19-45db-8b59-61616353491f,Deceptive Landscape,29.0,9.0,0.3103448275862069
Season-4,2b20d3e1-62ef-44db-8109-a33d4fa3e7f1,Exploration,63.0,31.0,0.492063492063492
Season-4,2b5315a4-6a78-456f-8d5a-fea9d62f3f0e,Strip Mine,98.0,49.0,0.5
Season-4,2b5801fb-2026-4f25-98bc-ebb2f99684b9,Undercity Sewers,55.0,35.0,0.6363636363636364
Season-4,2b73d294-6ab1-4051-9b0f-d8e335d37674,Unholy Heat,84.0,47.0,0.5595238095238095
Season-4,2b74bb81-fb9a-40e5-a941-e517430b52f5,Indatha Triome,62.0,27.0,0.4354838709677419
Season-4,2b9b0195-beda-403e-bc27-7ae3be9f318c,Temple Garden,88.0,46.0,0.5227272727272727
Season-4,2be39749-ad6f-4160-99eb-c677eee7f1b2,Thraben Inspector,95.0,50.0,0.5263157894736842
Season-4,2bf2da97-3331-4614-b4ff-f03d061500a7,Fire Covenant,82.0,44.0,0.5365853658536586
Season-4,2c695df6-6bf2-4e6b-8500-e3116137ca27,Jacked Rabbit,89.0,37.0,0.4157303370786517
Season-4,2d9b12cc-f616-4b52-91eb-a430e70f9251,Wrath of God,27.0,12.0,0.4444444444444444
Season-4,2da5f3f8-5eef-498f-ba2c-2f3fbc3745aa,Ephemerate,46.0,19.0,0.4130434782608695
Season-4,2dc16614-5cf8-444d-a5ae-cac25018af68,Burst Lightning,75.0,45.0,0.6
Season-4,2e139ad1-1079-49e9-babd-6399c44ad333,Seasoned Pyromancer,38.0,27.0,0.7105263157894737
Season-4,2ef878cb-27b6-47d8-ad11-bd20529b0e7e,Cast into the Fire,47.0,29.0,0.6170212765957447
Season-4,2f8f22fb-7291-4517-9b15-e98501f2856b,Splinter Twin,39.0,22.0,0.5641025641025641
Season-4,3003d481-1b52-4aa9-bbdc-e948fbc8d49d,Sylvan Library,69.0,41.0,0.5942028985507246
Season-4,3027e6c5-eed3-44e7-bb12-67569721af99,Goryo's Vengeance,19.0,9.0,0.4736842105263157
Season-4,3028075c-5fc5-4942-a984-1ffcf7a8933d,Knight of Autumn,80.0,41.0,0.5125
Season-4,30377bf0-d9b1-4c14-8dde-f74b1e02d604,Gilded Goose,113.0,53.0,0.4690265486725664
Season-4,307543ca-8e17-433f-9758-4c77da6c0870,Thief of Sanity,0.0,0.0,0.0
Season-4,310a1c46-8331-4a09-9fcb-d942f8102364,Thoughtseize,100.0,67.0,0.67
Season-4,311a6257-dd77-4bb6-81cb-c8e7862350f3,Necromancy,75.0,45.0,0.6
Season-4,312a6058-de08-487d-95bd-b3c56807fdd6,Crucible of Worlds,0.0,0.0,0.0
Season-4,31b770cc-09e7-4c0b-b2a4-462ab4f7200d,Expressive Iteration,76.0,33.0,0.4342105263157895
Season-4,32126592-a988-4171-b52e-cca80b881aff,,0.0,0.0,0.0
Season-4,3277ad99-5682-4baa-b106-de15721876a6,Glorybringer,59.0,36.0,0.6101694915254238
Season-4,327cf118-cc92-4073-85d0-94d2a0a6989a,Scalding Tarn,96.0,52.0,0.5416666666666666
Season-4,329a8738-3e17-403a-857a-0ba529ce8cd1,Walking Ballista,96.0,40.0,0.4166666666666667
Season-4,329f3aca-6db7-41d3-95b2-c479d14b7fa3,"Trostani, Three Whispers",0.0,0.0,0.0
Season-4,32a180dd-9641-4546-8940-9b21084f0c71,Lightning Bolt,91.0,48.0,0.5274725274725275
Season-4,32aa6e33-221f-414c-9b51-850d97a7e051,Galvanic Discharge,69.0,38.0,0.5507246376811594
Season-4,32e29c7d-ed4b-4eff-b3c2-d99e5b63ef8d,Sunfall,27.0,10.0,0.3703703703703703
Season-4,33672990-4860-4aa6-ac1b-f9da66f5da59,Wurmcoil Engine,67.0,32.0,0.4776119402985074
Season-4,33ab05b5-d6f5-439c-9aed-1a58ceb282ad,Flametongue Yearling,57.0,34.0,0.5964912280701754
Season-4,33ca68a6-474e-4d86-bffa-ee4bddb4a3cf,Fellwar Stone,53.0,22.0,0.4150943396226415
Season-4,345a1c80-41d6-43b1-83ab-1aa56dd06b1b,Bitter Reunion,11.0,4.0,0.3636363636363636
Season-4,345a4aee-5846-4ae9-9af1-4c8fe8d692ec,Winds of Abandon,91.0,41.0,0.4505494505494505
Season-4,345e053a-3178-485c-8602-1624bbf2f064,Razorverge Thicket,0.0,0.0,0.0
Season-4,345fd005-5052-4500-a260-3649500e21f4,Mulldrifter,18.0,11.0,0.6111111111111112
Season-4,3462a3d0-5552-49fa-9eb7-100960c55891,"Oko, Thief of Crowns",75.0,29.0,0.3866666666666666
Season-4,35f1a6ba-e46f-44fb-93f4-fb883d677b36,Baleful Mastery,65.0,34.0,0.5230769230769231
Season-4,377cee38-e769-47b0-abd5-0f528600f36a,Badlands,88.0,48.0,0.5454545454545454
Season-4,37dbe1a3-3c44-452b-9fb9-37f5d793d0b5,Memory Jar,65.0,33.0,0.5076923076923077
Season-4,39b41cb3-ca3d-4389-8f66-e1f77f5fb683,Fact or Fiction,39.0,20.0,0.5128205128205128
Season-4,39c431d7-d94b-46c4-bb89-f3db56214ab4,Elvish Reclaimer,50.0,26.0,0.52
Season-4,3a2d7cf9-dddb-4de3-b4f2-c52e3ec8fb4b,Brain Freeze,80.0,46.0,0.575
Season-4,3a9d1082-a862-45d4-9e5e-392e879fead6,Zuran Orb,51.0,27.0,0.5294117647058824
Season-4,3b214b6f-4734-4200-8467-92d7e3469b5d,Tezzeret the Seeker,64.0,24.0,0.375
Season-4,3b5233ff-03bc-4053-9b49-c4185c2de38d,Restoration Angel,66.0,30.0,0.4545454545454545
Season-4,3b6e5956-f795-451b-bb24-56462d1ced27,Umezawa's Jitte,76.0,29.0,0.3815789473684211
Season-4,3ba95ffa-990a-4013-98b7-5d8c0b34e9c4,Fyndhorn Elves,0.0,0.0,0.0
Season-4,3bd1ec98-8188-4649-899e-b0972509fc7e,Firebolt,52.0,28.0,0.5384615384615384
Season-4,3c02b8ee-84cb-44cb-ba14-9e725a9d03ee,Ponder,90.0,42.0,0.4666666666666667
Season-4,3c0f5411-1940-410f-96ce-6f92513f753a,Goblin Guide,0.0,0.0,0.0
Season-4,3c1bf210-ecdb-4b49-8504-51360c269e66,Rolling Earthquake,0.0,0.0,0.0
Season-4,3c3ac3dd-35db-447f-8674-37b4680a1ef7,Leyline Binding,59.0,32.0,0.5423728813559322
Season-4,3ca1e1de-b916-445f-b3b2-0f4d0cc7ceeb,Stern Scolding,66.0,30.0,0.4545454545454545
Season-4,3d3025a2-4a17-4137-ba0b-bd676c6f5f88,"Tinybones, the Pickpocket",68.0,34.0,0.5
Season-4,3d71be5f-0fd7-4a88-8041-f4d6bc4cc9ac,Blackcleave Cliffs,0.0,0.0,0.0
Season-4,3d8ca18d-9099-4f1e-95c1-f04da58a26bd,"Gut, True Soul Zealot",102.0,63.0,0.6176470588235294
Season-4,3e1766e9-2fa7-4446-a255-7beea1467ece,Lion Sash,0.0,0.0,0.0
Season-4,3e7da55c-7f05-46b2-aa3c-17f8d5df46bb,Scion of Draco,22.0,11.0,0.5
Season-4,3ee3945e-5089-4751-b7b3-5961c39d2a33,Nethergoyf,63.0,34.0,0.5396825396825397
Season-4,3f3c77ad-fce8-4506-90e1-7ef71552a71c,Wheel of Fortune,86.0,41.0,0.4767441860465116
Season-4,3faa8c5e-9e1b-4cee-b322-a033bf33dcbc,Hymn to Tourach,38.0,23.0,0.6052631578947368
Season-4,400382a4-aea2-4827-b06a-1b0b3745908b,Noble Hierarch,114.0,61.0,0.5350877192982456
Season-4,416d2d51-8f29-4e95-b037-e8c32b081e6c,Mana Drain,74.0,42.0,0.5675675675675675
Season-4,41e108a5-4e2f-42cf-9ea1-87bf3c0a2b7f,"Nissa, Who Shakes the World",69.0,32.0,0.463768115942029
Season-4,4216656e-90e8-45fc-a0f6-0d0d79d0a021,Shelldock Isle,75.0,35.0,0.4666666666666667
Season-4,425bff89-ad15-4d22-bce9-a4a07dbafd87,Bomat Courier,0.0,0.0,0.0
Season-4,43aa7e35-55ee-4e02-a8aa-ea2b267055d1,Woodfall Primus,79.0,41.0,0.5189873417721519
Season-4,441f8b2f-c8cb-4340-a92f-116c2276e906,Frantic Search,68.0,34.0,0.5
Season-4,44afd414-cc69-4888-ba12-7ea87e60b1f7,Craterhoof Behemoth,60.0,32.0,0.5333333333333333
Season-4,45026d57-0324-4312-8b86-2e7d4f581ee9,Marsh Flats,109.0,59.0,0.5412844036697247
Season-4,453de664-0f09-4772-a626-51d58d1173f3,Cogwork Librarian,0.0,0.0,0.0
Season-4,45fd6e91-df76-497f-b642-33dc3d5f6a5a,Mox Ruby,105.0,57.0,0.5428571428571428
Season-4,470ca3f4-29aa-4c4c-8ff2-8cdd70c69943,Field of the Dead,0.0,0.0,0.0
Season-4,4720b4f2-e6af-4223-9250-a0ed21ed5693,Pest Infestation,85.0,35.0,0.4117647058823529
Season-4,4742800a-4872-4c2d-b884-01e0ba16950c,,0.0,0.0,0.0
Season-4,47a6234f-309f-4e03-9263-66da48b57153,Solitude,96.0,60.0,0.625
Season-4,47c8e6c4-450b-4f8b-b897-5808fe935a90,Vampire Hexmage,37.0,18.0,0.4864864864864865
Season-4,4820d223-4ea1-4850-931c-3d2ab5eb003b,Birthing Ritual,31.0,16.0,0.5161290322580645
Season-4,486d7edc-d983-41f0-8b78-c99aecd72996,"Otawara, Soaring City",40.0,20.0,0.5
Season-4,487116ab-b885-406b-aa54-56cb67eb3ca5,Scavenging Ooze,61.0,29.0,0.4754098360655737
Season-4,492b368b-de32-45c1-8459-238aae54f9fc,Unmarked Grave,55.0,23.0,0.4181818181818181
Season-4,493a5ca7-5f90-4af4-b6db-43ae09a2f2c9,Dark Ritual,85.0,47.0,0.5529411764705883
Season-4,49bb0ad3-1082-41f1-82a4-52a4006cc9b6,"Leovold, Emissary of Trest",50.0,30.0,0.6
Season-4,4a08ca06-58db-4ce6-b490-be4bea8956a1,Sensei's Divining Top,52.0,27.0,0.5192307692307693
Season-4,4a0bb5dc-75a6-4bd6-81f8-611197fb0fba,Nettlecyst,48.0,17.0,0.3541666666666667
Season-4,4a1f905f-1d55-4d02-9d24-e58070793d3f,"Atraxa, Grand Unifier",97.0,53.0,0.5463917525773195
Season-4,4a706ecf-3277-40e3-871c-4ba4ead16e20,Wrenn and Six,77.0,37.0,0.4805194805194805
Season-4,4acaef84-55d1-43dc-b10a-696182e6709b,Repeal,67.0,30.0,0.4477611940298507
Season-4,4acf970d-d2d7-413d-aba7-587ee53d8d5c,Stomping Ground,104.0,65.0,0.625
Season-4,4b0bd07e-cf80-4d64-af29-f4cec6632b3e,Perilous Landscape,28.0,17.0,0.6071428571428571
Season-4,4b4956a2-9a39-4152-9c98-70e4b2acfa26,Miscalculation,120.0,61.0,0.5083333333333333
Season-4,4c6cf93a-d073-48ac-88db-c46bf3e10beb,Generous Plunderer,64.0,31.0,0.484375
Season-4,4c732dc7-dd6b-4cc1-bbe0-ff3b1d2c7419,Animate Dead,93.0,51.0,0.5483870967741935
Season-4,4cbdacc1-7a1b-4633-85f5-eb50c2bf406d,Snapcaster Mage,72.0,34.0,0.4722222222222222
Season-4,4ced112a-e775-4f97-97b3-74877e9dce12,Dragon's Rage Channeler,54.0,32.0,0.5925925925925926
Season-4,4df8aabc-7fcb-4b7b-980b-18f499e6c170,Hullbreacher,91.0,43.0,0.4725274725274725
Season-4,4e117771-5a8b-4812-b487-32ba34b7f724,Giver of Runes,99.0,54.0,0.5454545454545454
Season-4,4e4b6e22-93b2-4896-bba5-0ceaa5d8ea3c,"Yavimaya, Cradle of Growth",10.0,7.0,0.7
Season-4,4e4fb50c-a81f-44d3-93c5-fa9a0b37f617,"Omnath, Locus of Creation",73.0,39.0,0.5342465753424658
Season-4,4f84b838-b8f1-4b9a-a19f-479594f9d427,Qasali Pridemage,47.0,20.0,0.425531914893617
Season-4,504a69eb-3c2d-4bb1-b117-252b15acf0c2,Mana Confluence,87.0,46.0,0.5287356321839081
Season-4,508a8735-642c-4f22-bbd9-4a189d93e7b7,Thran Dynamo,0.0,0.0,0.0
Season-4,50bc0f5b-7421-45b9-af85-86dd9821b7d8,Soulherder,30.0,15.0,0.5
Season-4,522aa72b-2b8c-484c-872b-f082101cee35,Get Lost,102.0,45.0,0.4411764705882353
Season-4,5260f8ae-805b-4eae-badf-62de0f768867,Hedge Maze,31.0,15.0,0.4838709677419355
Season-4,52d3005f-a1c7-4ef5-911f-ccc0752f4181,Faerie Mastermind,101.0,46.0,0.4554455445544554
Season-4,52eef0d6-24b7-40b7-8403-e8e863d0cd55,"Bristly Bill, Spine Sower",108.0,54.0,0.5
Season-4,53d4fd57-74b6-42c7-88b1-110e5a8dfc3c,Spell Pierce,56.0,29.0,0.5178571428571429
Season-4,5427d8a6-ac9e-4e50-bd39-81713b2ade25,Fatal Push,88.0,53.0,0.6022727272727273
Season-4,54a3ea87-005e-4985-b2a5-21711d0b71c0,Springheart Nantuko,87.0,44.0,0.5057471264367817
Season-4,54f449ff-4025-465e-9ec5-a5cf42c4c9d3,Xander's Lounge,96.0,52.0,0.5416666666666666
Season-4,551c0a45-9515-4e51-84e5-79703832a661,Expedition Map,60.0,30.0,0.5
Season-4,553fb946-2706-475b-89f9-e4355ec9ea2b,March of Otherworldly Light,65.0,22.0,0.3384615384615385
Season-4,55707746-da6e-46e5-a5ca-7ac843fdc38e,"Phelia, Exuberant Shepherd",103.0,53.0,0.5145631067961165
Season-4,55d35442-5ca0-4fd7-8ff1-b7347b3e6690,Piggy Bank,57.0,35.0,0.6140350877192983
Season-4,564caf57-4ba5-4993-a35e-945699c94eb7,Toxic Deluge,59.0,27.0,0.4576271186440678
Season-4,568dd5a6-86f4-4039-87d7-812120c8ab94,Triplicate Titan,63.0,35.0,0.5555555555555556
Season-4,56995b84-2307-4955-9c7c-dc4f04acdc07,Inquisition of Kozilek,119.0,68.0,0.5714285714285714
Season-4,57fb0fa7-0c5c-4a75-9461-c51403c30282,Foreboding Landscape,20.0,9.0,0.45
Season-4,586a4c31-65c7-4c7f-b5f6-74b105b2a629,Trinket Mage,48.0,23.0,0.4791666666666667
Season-4,58c1e824-c8a9-4312-8e4c-a29a26d189a4,"Ugin, the Spirit Dragon",21.0,12.0,0.5714285714285714
Season-4,59faa45d-868b-4bc7-934c-0e077642e129,Loran of the Third Path,40.0,26.0,0.65
Season-4,5a077de0-1893-40d0-a499-ee2e6e2258f1,Legion Extruder,45.0,27.0,0.6
Season-4,5a10b543-d5d4-42a8-9ee8-dada59a2ad7e,"Saheeli, Sublime Artificer",55.0,21.0,0.3818181818181818
Season-4,5ab21006-7f61-49e0-8b6a-0397c5d4c3bd,Imperial Seal,99.0,54.0,0.5454545454545454
Season-4,5ad36fb2-c44e-4085-ba0d-54277841ad3a,Lurrus of the Dream-Den,75.0,39.0,0.52
Season-4,5ad67b3c-cd5a-497b-8639-9b844e8d517a,Mind Twist,79.0,38.0,0.4810126582278481
Season-4,5b8127b5-3a65-411a-84bc-54e5c1be1477,Anointed Peacekeeper,0.0,0.0,0.0
Season-4,5b8ba842-c662-4686-bca3-93ddb7fa11a6,Mother of Runes,97.0,51.0,0.5257731958762887
Season-4,5bb3cb5c-8d66-4f5e-a9a9-917e6045f024,Flickerwisp,56.0,23.0,0.4107142857142857
Season-4,5c70da33-ce5d-4b8b-9c1d-9a356a7e196f,Grave Titan,66.0,32.0,0.4848484848484848
Season-4,5c8a8dbb-cba7-4e1d-8888-73ab6f4aff07,Devoted Druid,0.0,0.0,0.0
Season-4,5cb76266-ae50-4bbc-8f96-d98f309b02d3,"Teferi, Time Raveler",50.0,27.0,0.54
Season-4,5d10b752-d9cb-419d-a5c4-d4ee1acb655e,"Teferi, Hero of Dominaria",62.0,27.0,0.4354838709677419
Season-4,5da578b8-19e6-4068-9336-e7cd33c585f1,Retrofitter Foundry,63.0,25.0,0.3968253968253968
Season-4,5de097e5-e960-4404-a370-defe93ce892f,Oracle of Mul Daya,57.0,30.0,0.5263157894736842
Season-4,5eccf31d-869d-4003-a92b-71b4f4b479ee,Strix Serenade,57.0,31.0,0.543859649122807
Season-4,5f1cdcba-a04a-4a2f-8bc1-0dd7fa03754d,Exhume,57.0,34.0,0.5964912280701754
Season-4,5f608efc-0dbc-4cc3-aadd-ed473bfc29ab,Portal to Phyrexia,58.0,21.0,0.3620689655172414
Season-4,5f6927e1-c580-483a-8e2a-6e2deb74800e,Mox Jet,94.0,55.0,0.5851063829787234
Season-4,5f7687b1-630a-4e95-89c7-eaf456d8cb68,,0.0,0.0,0.0
Season-4,600dca0f-5964-45e7-86df-f16a5b4a0106,General Ferrous Rokiric,0.0,0.0,0.0
Season-4,605c2218-9d12-4ac3-a721-fca590b89847,Karakas,103.0,59.0,0.5728155339805825
Season-4,60d0e6a6-629a-45a7-bfcb-25ba7156788b,Elvish Mystic,107.0,57.0,0.5327102803738317
Season-4,612b2e6e-fe8d-49ad-b845-6fa7fa59ffd1,Concealing Curtains // Revealing Eye,78.0,47.0,0.6025641025641025
Season-4,6151b583-3aa7-4be8-9d05-d5e53f19c6c9,Fastbond,103.0,43.0,0.4174757281553398
Season-4,6171e136-1167-4329-acb2-6853d3a814e5,Goblin Welder,30.0,11.0,0.3666666666666666
Season-4,61a28870-cf78-4323-9d82-cee764067764,Lightning Greaves,40.0,21.0,0.525
Season-4,62b3f560-262b-4bc3-9aef-535fd7082c28,Vaultborn Tyrant,49.0,24.0,0.4897959183673469
Season-4,62d37423-3445-412a-9abd-0480da404637,Phyrexian Fleshgorger,77.0,39.0,0.5064935064935064
Season-4,63af3c26-5b1f-46f6-9aa2-036c615bf5ea,Flash,50.0,26.0,0.52
Season-4,63c59228-c742-4abd-b4d7-9f7880190e95,Windswept Heath,108.0,52.0,0.4814814814814814
Season-4,641b21e1-9188-4bc3-96e8-cda2acbc5ed5,Time Spiral,94.0,49.0,0.5212765957446809
Season-4,652236c2-84ef-45e4-b5fc-ed6170bc3d6c,Meticulous Archive,41.0,19.0,0.4634146341463415
Season-4,658cfcb7-81b7-48c6-9dd2-1663d06108cf,Fountainport,9.0,4.0,0.4444444444444444
Season-4,661fc907-7003-45c6-820c-9616e9a71c30,Seething Landscape,21.0,16.0,0.7619047619047619
Season-4,66386fe8-9d3c-47f7-9cd3-4cd30051535f,Restless Spire,0.0,0.0,0.0
Season-4,66d80dd1-b944-4cb2-8578-b4dbcabbbc1e,Ophiomancer,59.0,31.0,0.5254237288135594
Season-4,671c008a-8ff8-42d7-9e03-6d8a9ddace67,Faithless Looting,57.0,24.0,0.4210526315789473
Season-4,672b9b16-daef-44e6-9a3a-cfd9f3c78bc7,Pentad Prism,89.0,44.0,0.4943820224719101
Season-4,68841ca8-a043-4f30-9a17-e983ed960bc2,Demonic Tutor,107.0,63.0,0.5887850467289719
Season-4,68924203-c3d9-41ce-8ca8-c6dd491eb3ca,Psychic Frog,105.0,58.0,0.5523809523809524
Season-4,68c72226-6f52-4322-8b14-18737293dfa0,Bloodstained Mire,79.0,38.0,0.4810126582278481
Season-4,6920c895-bc98-4871-a53f-219fa27a74e5,Occult Epiphany,96.0,50.0,0.5208333333333334
Season-4,6982a82c-dd32-40d2-8dd2-ec92d0fc6c2d,Phyrexian Revoker,55.0,25.0,0.4545454545454545
Season-4,6989018c-37b1-4282-a4af-9cc97f160b4d,Oliphaunt,109.0,65.0,0.5963302752293578
Season-4,69af2825-18c2-4463-b6ba-42eaa070ccc1,"Grist, the Hunger Tide",59.0,33.0,0.559322033898305
Season-4,69c1b656-1d67-499c-bf0f-417682a86c7d,Shadowy Backstreet,33.0,12.0,0.3636363636363636
Season-4,69c53264-1cf7-4147-b553-4863f0dda08f,Horizon Canopy,0.0,0.0,0.0
Season-4,69c68c95-b788-43b1-9f22-1b22c5a00b25,Deep-Cavern Bat,106.0,52.0,0.490566037735849
Season-4,6a058e68-70af-4a64-859c-c881e5578368,Chrome Mox,94.0,51.0,0.5425531914893617
Season-4,6aa5cc65-f8f1-4f6f-8b4e-2fedccbda684,"Rofellos, Llanowar Emissary",38.0,18.0,0.4736842105263157
Season-4,6bbf7394-9b17-45f8-a25b-d865e8452b2c,Steamcore Scholar,83.0,33.0,0.3975903614457831
Season-4,6bcafc2e-cef6-412d-8c5d-1658c3337292,Overlord of the Mistmoors,29.0,15.0,0.5172413793103449
Season-4,6be9b1d5-9ab8-4adb-ba54-2c0117e842fa,Mox Opal,74.0,26.0,0.3513513513513513
Season-4,6cc73d16-5ed7-4104-91f6-0997a2080e2e,Embereth Shieldbreaker // Battle Display,51.0,23.0,0.4509803921568627
Season-4,6d964876-194b-49f1-8e74-cfe9269f2c62,Dryad of the Ilysian Grove,0.0,0.0,0.0
Season-4,6da09e6a-2965-4855-bd41-41b41ba188fb,Through the Breach,40.0,26.0,0.65
Season-4,6efb6a69-562c-4d95-858d-b067444cfd7e,Palantír of Orthanc,66.0,35.0,0.5303030303030303
Season-4,6f11029a-b24d-4248-834f-b852b56857f6,Biogenic Ooze,76.0,35.0,0.4605263157894737
Season-4,6f26faca-f338-4ce5-a218-6a61d40fc50a,Tendrils of Agony,30.0,20.0,0.6666666666666666
Season-4,6fd672bb-18cf-44e3-8dda-5310b1e0fffe,Godless Shrine,80.0,44.0,0.55
Season-4,70496f16-c4c0-4c03-beef-454eb4824cd1,Deathrite Shaman,19.0,6.0,0.3157894736842105
Season-4,7054012b-4f9d-44a0-aaf9-7fd3bddc7b2d,Slickshot Show-Off,67.0,39.0,0.582089552238806
Season-4,70719e7b-6f02-4c1a-9f11-79b2b0d9846a,Dust Animus,64.0,26.0,0.40625
Season-4,70d8fd1a-8756-4e11-9235-ca119bd11dab,Cabal Ritual,0.0,0.0,0.0
Season-4,70e33f45-7d47-423b-a123-8541f1d1afb4,Lingering Souls,81.0,47.0,0.5802469135802469
Season-4,71384418-173a-4f77-adab-56e52fa23692,Delighted Halfling,77.0,36.0,0.4675324675324675
Season-4,716a44b4-f6b0-4f14-a270-6442aed3251f,"Raffine, Scheming Seer",20.0,10.0,0.5
Season-4,729daf0e-b822-41bd-a908-ca8ec34032f0,Tropical Island,65.0,32.0,0.4923076923076923
Season-4,72c6d541-e2cb-4d6e-acac-90a8f53b7006,Elegant Parlor,89.0,51.0,0.5730337078651685
Season-4,73cc6df4-3564-4ace-bf8a-eac3e62d725a,Ursine Monstrosity,47.0,24.0,0.5106382978723404
Season-4,748e6a61-9c1f-4225-9f04-e54002f63ac3,Savai Triome,50.0,25.0,0.5
Season-4,74b4c336-5d4c-4bc5-b82a-35084a6ad808,Spellseeker,39.0,18.0,0.4615384615384615
Season-4,74d29b3d-f588-431d-bf4e-f7215683ab39,Tangle Wire,83.0,35.0,0.4216867469879518
Season-4,758f95f8-bcb0-43ae-b474-56ebd855951e,Lion's Eye Diamond,98.0,52.0,0.5306122448979592
Season-4,75fdce80-e338-4a50-bdc6-786511feaeef,Ziatora's Proving Ground,58.0,32.0,0.5517241379310345
Season-4,76ae81ea-13e3-4ab8-b956-4c7b139a5e9c,Corpse Dance,10.0,3.0,0.3
Season-4,76c3cad2-1e25-4abe-878d-9194de6fcc27,Guide of Souls,32.0,19.0,0.59375
Season-4,773199f9-c83b-4a77-8342-9f1552ecf595,Intrepid Adversary,67.0,35.0,0.5223880597014925
Season-4,7740ff55-67bb-409e-90f7-2c2c8b8c770a,"Valgavoth, Terror Eater",36.0,19.0,0.5277777777777778
Season-4,7832abb5-5107-4603-904e-491b221bd3e3,Smuggler's Copter,69.0,36.0,0.5217391304347826
Season-4,78cef262-c753-4658-b3ec-fec8db47f944,Palace Jailer,102.0,56.0,0.5490196078431373
Season-4,79e6b8fc-6627-47ab-bfd1-7300e13debec,Raging Ravine,0.0,0.0,0.0
Season-4,7a4e1580-dd26-4f4b-ac98-3e6fa7b879d5,Patchwork Automaton,19.0,8.0,0.4210526315789473
Season-4,7aa37f85-5336-4372-97a2-9c8b00798c7a,Tough Cookie,39.0,15.0,0.3846153846153846
Season-4,7b54447f-1daf-4352-b5c3-3c0ec8b8f4d0,Unwanted Remake,37.0,18.0,0.4864864864864865
Season-4,7c024bae-5631-4e20-ac69-df392ac9e109,Orcish Bowmasters,94.0,55.0,0.5851063829787234
Season-4,7c353e83-4b63-4bc6-b029-273d2eca1f75,Upheaval,37.0,14.0,0.3783783783783784
Season-4,7c59e0cd-10a8-4a32-9c0a-a2c6ef1ed9a6,Unable to Scream,43.0,20.0,0.4651162790697674
Season-4,7c884e1e-fecb-4330-b3de-5fc2a60f7173,Kolaghan's Command,87.0,49.0,0.5632183908045977
Season-4,7d48d622-f397-4f31-b1a5-0c23f60aa71c,Mana Tithe,88.0,50.0,0.5681818181818182
Season-4,7eb39e97-53c2-4df0-9fb3-a3d6a24ec41f,Avacyn's Pilgrim,70.0,43.0,0.6142857142857143
Season-4,7f7e780e-fbc5-4dc0-b5c7-efcb8645c7c6,Ertai Resurrected,41.0,22.0,0.5365853658536586
Season-4,7fbdba12-1369-41ae-b0e9-c405c0f0a2e5,"Syr Ginger, the Meal Ender",0.0,0.0,0.0
Season-4,80c72839-0fa6-4b5f-83b7-6553ebf09bef,"Otharri, Suns' Glory",101.0,55.0,0.5445544554455446
Season-4,80fca8c0-ae3e-439e-b202-228b9f360e9a,Portable Hole,78.0,43.0,0.5512820512820513
Season-4,819a513c-3be6-4bdc-8ba6-1f7326a8f3ea,Fiery Confluence,73.0,46.0,0.6301369863013698
Season-4,82512813-8618-483b-a7f0-e6a611d9d487,,0.0,0.0,0.0
Season-4,825969b9-3c70-4fca-8cab-696e9ca7cdb2,Prismatic Ending,79.0,51.0,0.6455696202531646
Season-4,847a175e-ead1-4596-baf3-5f7f57859e0b,,0.0,0.0,0.0
Season-4,85a89077-b384-4fca-9d26-7297962c1541,Kappa Cannoneer,66.0,26.0,0.3939393939393939
Season-4,866b7fd4-86e3-4b42-b1ea-33bad0db1f9f,Prismari Command,49.0,25.0,0.5102040816326531
Season-4,8683a978-1bef-4b01-9361-56b1fc157d26,Courser of Kruphix,90.0,37.0,0.4111111111111111
Season-4,86ecaedc-08f1-4de7-aae8-056df57940e0,Goblin Cratermaker,34.0,11.0,0.3235294117647059
Season-4,87cc2855-6b14-44dd-a398-7dc2bbae081f,Kaldra Compleat,54.0,33.0,0.6111111111111112
Season-4,87d5e94b-0b35-4efd-9158-1767dcaea38c,Witherbloom Command,49.0,18.0,0.3673469387755102
Season-4,8870ef0b-cb1f-463b-8509-fece4743d3d4,Ramunap Excavator,85.0,42.0,0.4941176470588235
Season-4,89af0f45-c11c-4f13-9950-b1489440ee5b,Chain Lightning,89.0,46.0,0.5168539325842697
Season-4,89f5cc05-5d9d-4709-b3c5-a6249c294acc,Hexdrinker,118.0,59.0,0.5
Season-4,8a720448-017f-4f4a-9501-678245eaed17,Mishra's Bauble,63.0,35.0,0.5555555555555556
Season-4,8c2996d9-3287-4480-8c04-7a378e37e3cf,Flooded Strand,88.0,48.0,0.5454545454545454
Season-4,8c39f9b4-02b9-4d44-b8d6-4fd02ebbb0c5,"Narset, Parter of Veils",54.0,29.0,0.5370370370370371
Season-4,8ca3c48b-f104-4292-9a4e-2ce87a65893c,Mutavault,39.0,20.0,0.5128205128205128
Season-4,8d74a469-c71d-4773-99d3-5456b31df424,"Emrakul, the Promised End",0.0,0.0,0.0
Season-4,8db735ea-f9cf-4e3c-9200-4f180df55baa,Fractured Identity,71.0,34.0,0.4788732394366197
Season-4,8e42df9e-95f2-4c79-9274-2d16e3cd91f1,"Thalia, Guardian of Thraben",87.0,41.0,0.4712643678160919
Season-4,900c9dfd-ece1-4b09-a801-0fa05e1994b9,Fallen Shinobi,27.0,9.0,0.3333333333333333
Season-4,90107d10-e2aa-4cb7-a000-039f0c581b47,Simic Signet,58.0,22.0,0.3793103448275862
Season-4,907b3d1d-8c85-4707-80b5-c4d832df9846,Tishana's Tidebinder,54.0,28.0,0.5185185185185185
Season-4,90da33d4-fe9c-42fe-b326-2fe337dc3ecd,Blooming Marsh,0.0,0.0,0.0
Season-4,924a24e7-91b8-4ceb-a136-7a765d98c994,Mystic Forge,35.0,15.0,0.4285714285714285
Season-4,926916ed-2f22-4ba9-9427-194886ad6c1e,Urza's Cave,50.0,27.0,0.54
Season-4,928036c9-11b8-493e-b9f2-8fbd3487cd19,"Minsc & Boo, Timeless Heroes",91.0,47.0,0.5164835164835165
Season-4,93f99e67-901f-4c8d-8a09-e443b7eb928f,Archangel Elspeth,79.0,36.0,0.4556962025316455
Season-4,9417f14c-a853-42c6-a992-29139484260a,Ignoble Hierarch,79.0,38.0,0.4810126582278481
Season-4,94b67489-5eb0-4406-9bf3-27e50dc632eb,"Nadu, Winged Wisdom",46.0,22.0,0.4782608695652174
Season-4,94c6fdd8-21e7-48ae-aa05-a3666b928c1a,Timetwister,75.0,40.0,0.5333333333333333
Season-4,9503a1e6-f0bf-44d0-a28b-56fbfcff1ff2,Guardian of Ghirapur,43.0,10.0,0.2325581395348837
Season-4,95c14c4d-6c16-4826-8d93-d89ad04aee09,"Etali, Primal Conqueror // Etali, Primal Sickness",96.0,55.0,0.5729166666666666
Season-4,96b6b2e1-c3e6-464c-8a13-b15deb34e862,Aetherflux Reservoir,48.0,25.0,0.5208333333333334
Season-4,96c5607b-55fe-43c2-93fe-0084d84499d9,Deep Forest Hermit,37.0,20.0,0.5405405405405406
Season-4,9721f8da-39ed-4ada-a571-61e08a86032b,Broadside Bombardiers,95.0,54.0,0.5684210526315789
Season-4,97b9bab9-12ee-4da5-9d53-d0b82d9279cd,Pyrite Spellbomb,57.0,27.0,0.4736842105263157
Season-4,97d08a15-e61c-4421-a541-c68a4f87cb74,Forensic Gadgeteer,36.0,14.0,0.3888888888888889
Season-4,9814d8e8-c462-41ca-9909-1c659f488543,Lotus Petal,84.0,42.0,0.5
Season-4,985453e7-997e-4d77-a338-cc0290791ebe,Finale of Devastation,60.0,27.0,0.45
Season-4,985bdb0c-ce6c-4506-8163-76f3b2fdf5fb,Lose Focus,105.0,49.0,0.4666666666666667
Season-4,98e7bf8f-dba7-4005-8cee-634c9153931d,Phantasmal Image,72.0,30.0,0.4166666666666667
Season-4,98fb1eaa-2871-491a-a4f5-3e358778ba40,Mindslaver,20.0,10.0,0.5
Season-4,995486ce-58bb-4753-a812-0ca73ef1a235,Gitaxian Probe,92.0,39.0,0.4239130434782608
Season-4,99939b90-e88c-4c2f-ba78-56d455611703,Seachrome Coast,0.0,0.0,0.0
Season-4,99ff731b-8399-40c8-b539-ba6ba5783771,Wasteland,70.0,36.0,0.5142857142857142
Season-4,9a71531f-d4b6-4cc7-8193-b2f5bce33b21,Night Scythe,75.0,41.0,0.5466666666666666
Season-4,9a9a1df5-a4e8-49a4-aebe-ca93894ccfcf,Dimir Signet,56.0,27.0,0.4821428571428571
Season-4,9b32531e-c759-4603-abd0-1724e8df70db,Tribal Flames,8.0,1.0,0.125
Season-4,9d3a7998-ccac-45ad-a4e9-3a2cb057f63b,Elite Spellbinder,102.0,62.0,0.6078431372549019
Season-4,9d48aaff-46ab-411b-9456-171d4709f951,Fear of Missing Out,76.0,41.0,0.5394736842105263
Season-4,9e7fb3c0-5159-4d1f-8490-ce4c9a60f567,"Urza, Lord High Artificer",77.0,28.0,0.3636363636363636
Season-4,a15570c0-4210-4959-8584-987ec85f8283,Wight of the Reliquary,11.0,7.0,0.6363636363636364
Season-4,a1febcf1-afa4-4406-9ac1-5bf98b2765d2,Time Walk,82.0,37.0,0.4512195121951219
Season-4,a249b1f4-2b22-4b67-a207-e0c4ae95d2e1,Ketria Triome,82.0,38.0,0.4634146341463415
Season-4,a24e8dba-5c86-4e32-8a52-61402f7fe9f0,Containment Priest,46.0,28.0,0.6086956521739131
Season-4,a2c56479-4bee-4edb-80d7-4af010b7c793,Raffine's Tower,73.0,31.0,0.4246575342465753
Season-4,a3012af9-621d-4fae-b00d-079a89ae35fe,Harvester of Misery,40.0,20.0,0.5
Season-4,a3aab13c-9d9d-4507-ae5d-da979990ae1b,Fiery Islet,0.0,0.0,0.0
Season-4,a3b1b58d-b7f1-404f-aec6-b19cef4bebbd,Unruly Krasis,28.0,13.0,0.4642857142857143
Season-4,a3bb2881-e8fb-4fba-a9f9-d93e6ca24378,"Laelia, the Blade Reforged",96.0,57.0,0.59375
Season-4,a50d79fe-6d37-42f3-b7b0-0c3018282fa2,End-Raze Forerunners,69.0,36.0,0.5217391304347826
Season-4,a55c4d47-5252-40af-961d-c08bc688028a,Goblin Engineer,30.0,10.0,0.3333333333333333
Season-4,a6539e26-b63b-4725-9407-caaf451de084,Troll of Khazad-dûm,107.0,65.0,0.6074766355140186
Season-4,a7a8b6b8-b95f-4014-b17a-a6d44d965995,City of Traitors,82.0,40.0,0.4878048780487805
Season-4,a8069994-b103-40dc-9e14-062004914ec8,Cathar Commando,73.0,37.0,0.5068493150684932
Season-4,a9225cc3-90f0-448f-a8d9-7c6c2796d077,Sheoldred's Edict,60.0,33.0,0.55
Season-4,a93e3406-4e29-4bc0-ae52-cbd2ac1f99a4,"Alesha, Who Laughs at Fate",10.0,6.0,0.6
Season-4,a9738cda-adb1-47fb-9f4c-ecd930228c4d,"Ragavan, Nimble Pilferer",86.0,53.0,0.6162790697674418
Season-4,aaae15dd-11b6-4421-99e9-365c7fe4a5d6,Embercleave,72.0,35.0,0.4861111111111111
Season-4,aac0c8df-f01d-4178-8d66-ee603f814d24,Mishra's Workshop,39.0,16.0,0.4102564102564102
Season-4,ab1d1461-1625-4163-aacd-a939f4871fad,Staff of the Storyteller,55.0,23.0,0.4181818181818181
Season-4,ab9f6a1b-8467-4584-affd-8c71d3e34d2f,"Akal Pakal, First Among Equals",56.0,20.0,0.3571428571428571
Season-4,ac07e230-0297-4e1d-bdfe-119010e0ad8e,Silent Clearing,0.0,0.0,0.0
Season-4,aced2c55-7543-4076-bcdd-36c4d649b8ae,Mox Emerald,107.0,55.0,0.514018691588785
Season-4,ad30aec2-cb67-4c92-9694-d33bef1884ee,"Daretti, Ingenious Iconoclast",0.0,0.0,0.0
Season-4,af09af65-0a3b-42df-b0fd-372e2158beac,Academy Ruins,45.0,18.0,0.4
Season-4,af7091c9-5f98-4078-a42b-c9e057346d9b,Hallowed Fountain,56.0,26.0,0.4642857142857143
Season-4,b045c28a-39f9-4cd9-8f3a-a626b697f409,Cathartic Pyre,79.0,42.0,0.5316455696202531
Season-4,b0f61742-522c-4b36-97db-41d0c412a072,Nexus of Becoming,20.0,12.0,0.6
Season-4,b256ddc8-8b12-434c-a610-1a872e948f2f,White Plume Adventurer,93.0,55.0,0.5913978494623656
Season-4,b277752b-430a-4f09-8a98-b72f813dd52e,Bountiful Landscape,19.0,12.0,0.631578947368421
Season-4,b34bf7fd-9fe3-43e2-8cfe-7ce7cff08afe,Stonecoil Serpent,75.0,33.0,0.44
Season-4,b3da28c7-6e92-439d-a163-91682d4f11dc,Shattered Landscape,19.0,11.0,0.5789473684210527
Season-4,b3dd3c7d-4685-4579-b483-14ddaaaddf5b,Scythecat Cub,38.0,20.0,0.5263157894736842
Season-4,b50e1800-a45c-43bd-8886-8a06145d9346,Recurring Nightmare,68.0,29.0,0.4264705882352941
Season-4,b51666ae-2aef-4cb1-9cd4-44aec81530f8,Griselbrand,0.0,0.0,0.0
Season-4,b598c93e-dae1-4d71-a9e4-917abf76d2d0,Raucous Theater,59.0,34.0,0.576271186440678
Season-4,b5aaaee0-9a61-45df-821e-cce516f8de6a,Old One Eye,59.0,30.0,0.5084745762711864
Season-4,b689a206-aec3-4a31-95cf-3d4b840db04c,Securitron Squadron,72.0,31.0,0.4305555555555556
Season-4,b6cb2549-e485-44d6-9d65-7605c568909e,Unearth,64.0,37.0,0.578125
Season-4,b768efa2-e56b-4a7e-ace8-d673f10e0714,Birthing Pod,40.0,25.0,0.625
Season-4,b7f16fdf-a3f5-462d-a64a-789d893b6ef5,Batterskull,55.0,31.0,0.5636363636363636
Season-4,b83cfbaa-7890-4f6f-878b-4edb45677371,Skyclave Apparition,87.0,53.0,0.6091954022988506
Season-4,b841bfa8-7c17-4df2-8466-780ab9a4a53a,Fabled Passage,77.0,39.0,0.5064935064935064
Season-4,b85e0aed-bfb2-4aa8-a754-849c4d9a6a58,Restless Bivouac,0.0,0.0,0.0
Season-4,b90331d4-74f0-43bf-8ed2-f8616d782859,Basalt Monolith,36.0,12.0,0.3333333333333333
Season-4,bb078448-9e9f-4994-8aff-7e7c4fb62efc,,0.0,0.0,0.0
Season-4,bb142d99-b210-47c8-897c-be62f90d2192,Mishra's Research Desk,30.0,7.0,0.2333333333333333
Season-4,bb41ff5c-9617-4033-a4fa-99323640b9c3,Duress,99.0,62.0,0.6262626262626263
Season-4,bb9ad57f-cca2-4717-a951-cbe3c7782efe,Recruiter of the Guard,78.0,48.0,0.6153846153846154
Season-4,bbac6d75-59ab-4d7d-87ae-46875abf8cc7,Zurgo Bellstriker,0.0,0.0,0.0
Season-4,bbec97ff-bb84-4496-9e09-d4fc1570c516,Mawloc,79.0,46.0,0.5822784810126582
Season-4,bce84a87-093a-42de-9696-8c3250e0f33b,Goblin Rabblemaster,55.0,33.0,0.6
Season-4,bd3d4b4b-cf31-4f89-8140-9650edb03c7b,Ancient Tomb,65.0,39.0,0.6
Season-4,bd8fa327-dd41-4737-8f19-2cf5eb1f7cdd,Black Lotus,101.0,63.0,0.6237623762376238
Season-4,bdb41396-5008-4a5f-92ca-54ecac42e926,Cave of the Frost Dragon,37.0,18.0,0.4864864864864865
Season-4,be77b98a-dd79-477c-8ab2-7ebf5637a89e,Headliner Scarlett,78.0,40.0,0.5128205128205128
Season-4,bf220c06-3cce-4bdd-aa58-83940c223e9c,Commercial District,46.0,26.0,0.5652173913043478
Season-4,bf4b9a8a-b42a-46fb-b0d0-9cf800f63c8a,"Emry, Lurker of the Loch",63.0,21.0,0.3333333333333333
Season-4,c17816e8-28b1-4295-a637-efb0e5c18873,Lush Portico,74.0,28.0,0.3783783783783784
Season-4,c1e0f201-42cb-46a1-901a-65bb4fc18f6c,Urza's Saga,71.0,33.0,0.4647887323943662
Season-4,c2089ec9-0665-448f-bfe9-d181de127814,Brazen Borrower // Petty Theft,94.0,44.0,0.4680851063829787
Season-4,c36820fa-ee86-4206-9a0d-737a67cf5208,Sunbaked Canyon,0.0,0.0,0.0
Season-4,c3896705-bbd2-4ffb-a590-ee78e0eabdc5,Long Goodbye,75.0,36.0,0.48
Season-4,c3b92caa-3401-4b11-9515-152f3e057c05,"Koma, World-Eater",16.0,3.0,0.1875
Season-4,c4fffacd-81c7-44b8-9b59-2c7210022c14,Augur of Autumn,67.0,21.0,0.3134328358208955
Season-4,c78da035-6b5b-4136-9ab6-f622b64fdc54,Unstoppable Slasher,81.0,36.0,0.4444444444444444
Season-4,c7bbb911-9de2-455d-9677-e1004db65dbd,"Chandra, Torch of Defiance",95.0,49.0,0.5157894736842106
Season-4,c8090bcf-e17a-4110-a518-77ccd045b18f,Charming Scoundrel,83.0,46.0,0.5542168674698795
Season-4,c86b8a75-9e31-4a44-95b8-c83b9a49646f,Ocelot Pride,116.0,65.0,0.5603448275862069
Season-4,c8769e97-aee8-4466-a9d7-0f4245ae4a97,Concealed Courtyard,0.0,0.0,0.0
Season-4,ca4c8b04-66af-4cb3-8003-9088d8344b20,Alpha Deathclaw,19.0,8.0,0.4210526315789473
Season-4,cb7b6fb5-4d38-4734-b46f-923322cff24e,,0.0,0.0,0.0
Season-4,cb94a02f-4660-45b6-8a39-941b710cf8f3,Collective Brutality,91.0,49.0,0.5384615384615384
Season-4,cbac1d27-15e2-4e2f-82ab-625a16e096cb,Enlightened Tutor,28.0,12.0,0.4285714285714285
Season-4,cc520518-2063-4b57-a0d4-10cf62a7175e,Zagoth Triome,97.0,46.0,0.4742268041237113
Season-4,cc5338e1-26a6-466e-9393-788f69370e15,,0.0,0.0,0.0
Season-4,cd062615-648f-4cc7-9373-520f3f6a90e3,Spitting Dilophosaurus,34.0,16.0,0.4705882352941176
Season-4,cda40e31-ba99-4565-ad92-7c687ff44bd9,"Daretti, Scrap Savant",17.0,7.0,0.4117647058823529
Season-4,ce54c7c1-3401-4414-8da0-5846cb0ae1b4,Channel,39.0,18.0,0.4615384615384615
Season-4,ce648aa3-098b-4af0-a433-fd290bc85904,Balance,29.0,19.0,0.6551724137931034
Season-4,cea3b218-0e6e-443a-84f7-380f1021e8e1,Barrowgoyf,105.0,54.0,0.5142857142857142
Season-4,cf14de50-d123-400c-862e-2c95fd2aa23f,Oath of Druids,0.0,0.0,0.0
Season-4,cf3eb762-6c3f-4b11-a4f9-968f79370217,Mystic Confluence,59.0,30.0,0.5084745762711864
Season-4,d0e3e7b3-7ba9-47a2-b46c-a40bffb445e2,Twisted Landscape,8.0,1.0,0.125
Season-4,d1ee8ead-df6a-4c02-83f7-2902d97132b8,,0.0,0.0,0.0
Season-4,d2124603-d20e-40eb-97f0-a66323397ac2,Bolas's Citadel,30.0,17.0,0.5666666666666667
Season-4,d2507bc2-da17-4e46-b4c5-ba0080ce2c6f,Rishadan Port,51.0,25.0,0.4901960784313725
Season-4,d2e27911-87cb-49a0-a34f-6afe4bddd592,Phyrexian Metamorph,90.0,43.0,0.4777777777777778
Season-4,d40b65c1-b24d-492d-81b9-d8474ebdc08c,Sylvan Caryatid,93.0,43.0,0.4623655913978494
Season-4,d51269cf-a333-4a64-94cd-245798d840d2,Elder Gargaroth,90.0,49.0,0.5444444444444444
Season-4,d5806e68-1054-458e-866d-1f2470f682b2,The One Ring,94.0,43.0,0.4574468085106383
Season-4,d58d3545-043a-457a-8324-facc3c2363ec,Overlord of the Boilerbilges,28.0,14.0,0.5
Season-4,d5c782cc-c951-4c6f-a93f-774ae6c1c214,Shallow Grave,56.0,25.0,0.4464285714285714
Season-4,d5dfc25d-a17b-4ead-9484-e8a18b8fa176,,0.0,0.0,0.0
Season-4,d67be074-cdd4-41d9-ac89-0a0456c4e4b2,"Sheoldred, the Apocalypse",84.0,50.0,0.5952380952380952
Season-4,d6ec3293-b09e-4931-ac4e-dc5eac0ca004,Mana Vault,104.0,56.0,0.5384615384615384
Season-4,d79b8974-796c-4f88-a0cb-5afbaf26fd24,Digsite Engineer,0.0,0.0,0.0
Season-4,d7a8cc1d-aabb-4eb6-b0f1-6c93ec246f61,Court of Garenbrig,77.0,38.0,0.4935064935064935
Season-4,d91a527d-51f1-4fb1-9016-fc923fd43a6a,Azorius Signet,25.0,14.0,0.56
Season-4,dcb94950-3f3e-4876-84f8-d5e4d9cfecee,Charming Prince,70.0,35.0,0.5
Season-4,de0e01e4-e143-47fd-8565-7b48219bb546,Goldvein Hydra,68.0,31.0,0.4558823529411764
Season-4,df3784d4-80cd-4f78-afb3-d61f3bab5b2c,Zealous Conscripts,103.0,61.0,0.5922330097087378
Season-4,df9d9075-2d1e-4848-b661-816d539e05eb,Emperor of Bones,98.0,59.0,0.6020408163265306
Season-4,dfdabdda-bd46-4ea2-8b37-5d7f6cec6aff,,0.0,0.0,0.0
Season-4,e16ab44e-4257-4c0c-b705-8ac1e9c1d835,Touch the Spirit Realm,26.0,12.0,0.4615384615384615
Season-4,e2312c49-1627-47ad-8113-78a999a97d8d,Contaminated Landscape,44.0,18.0,0.4090909090909091
Season-4,e419cd0b-2449-4cc5-9ead-b9e45e271700,"Phlage, Titan of Fire's Fury",46.0,19.0,0.4130434782608695
Season-4,e41cf82d-3213-47ce-a015-6e51a8b07e4f,Questing Beast,100.0,48.0,0.48
Season-4,e4e6794a-feeb-4fc8-a2ee-38c75c18aaae,Heartless Act,80.0,36.0,0.45
Season-4,e5145f31-a4ac-44ef-8f85-e4d95f2c9ff5,Library of Alexandria,113.0,56.0,0.495575221238938
Season-4,e530388b-eb19-4211-abd8-8a4c3c38c3af,Darkslick Shores,0.0,0.0,0.0
Season-4,e58e681e-a069-4414-aafe-634c7987fd0d,Swords to Plowshares,105.0,49.0,0.4666666666666667
Season-4,e5f3161d-3f69-4b06-ab73-c31fc0c1520c,Restless Vinestalk,0.0,0.0,0.0
Season-4,e628e89b-bee9-408d-bb05-1784fda6b8a1,Restless Vents,0.0,0.0,0.0
Season-4,e6befbc4-1320-4f26-bd9f-b1814fedda10,Grief,103.0,51.0,0.4951456310679611
Season-4,e7b3ddca-69ef-4743-897b-57c58077db24,Time Warp,79.0,42.0,0.5316455696202531
Season-4,e9a268ba-c442-4fe4-90b4-2810c8474f4e,Caustic Bronco,0.0,0.0,0.0
Season-4,e9be371c-c688-44ad-ab71-bd4c9f242d58,Force of Negation,64.0,26.0,0.40625
Season-4,ea1feac0-d3a7-45eb-9719-1cdaf51ea0b6,Mox Sapphire,94.0,56.0,0.5957446808510638
Season-4,ea7e7daf-7c06-4c74-8bcf-e42c1f611861,Virtue of Loyalty // Ardenvale Fealty,36.0,14.0,0.3888888888888889
Season-4,ebc01ab4-d89a-4d25-bf54-6aed33772f4b,Force of Will,101.0,46.0,0.4554455445544554
Season-4,ebeafbc2-0399-4335-8f63-76a3e085e8c6,Evolved Sleeper,63.0,30.0,0.4761904761904761
Season-4,ec59ed99-ce40-489a-b776-8874bec60393,Trash for Treasure,38.0,12.0,0.3157894736842105
Season-4,eca092fc-7c67-4a73-989e-5297bbaaea76,Demand Answers,0.0,0.0,0.0
Season-4,eca8d6f8-c6f1-437c-99e2-4281eae14a6f,Fateful Absence,44.0,25.0,0.5681818181818182
Season-4,ed0216a0-c5c9-4a99-b869-53e4d0256326,Mox Pearl,103.0,56.0,0.5436893203883495
Season-4,ed557e51-32bd-476f-99f8-d7b1738495c5,Bloodthirsty Adversary,0.0,0.0,0.0
Season-4,ee8e9928-d9b2-4570-adb8-44b34115decd,Tireless Tracker,75.0,39.0,0.52
Season-4,eeeffc0b-dc92-458e-ad58-86ff6077a508,Sentinel of the Nameless City,59.0,35.0,0.5932203389830508
Season-4,efda91fa-03b2-4fb4-ae07-b45f6c6d3eab,Yawgmoth's Will,40.0,26.0,0.65
Season-4,f05e9a3e-8a35-4687-85cb-e31b3927a5e2,Daze,96.0,48.0,0.5
Season-4,f1a21287-e244-4960-84fb-c4f6e5c346d9,Third Path Iconoclast,29.0,14.0,0.4827586206896552
Season-4,f1e5cafb-b0e6-4ee5-8c58-6f8e5ef2b9da,Virtue of Persistence // Locthwain Scorn,40.0,23.0,0.575
Season-4,f20015ad-8fda-498f-ac28-1ffb824ab480,Caldaia Guardian,74.0,34.0,0.4594594594594595
Season-4,f231caf8-56c0-4719-a90d-5e5efbee3148,Den of the Bugbear,68.0,32.0,0.4705882352941176
Season-4,f252ae53-443c-4a27-b8f0-639a9a2b8598,Pestermite,38.0,20.0,0.5263157894736842
Season-4,f33d3948-fe7b-4c3b-ab67-1022623fbb2b,"Toby, Beastie Befriender",48.0,24.0,0.5
Season-4,f3537373-ef54-4578-9d05-6216420ee349,Esper Sentinel,88.0,47.0,0.5340909090909091
Season-4,f44e5128-e146-4e46-b313-a40d82719d1d,Spirit of the Labyrinth,40.0,21.0,0.525
Season-4,f46a9329-7b91-441d-8653-50c1152c9120,"Kellan, Planar Trailblazer",29.0,16.0,0.5517241379310345
Season-4,f5881bbc-8600-464d-9dcd-5a7780918d1d,Galvanic Blast,63.0,36.0,0.5714285714285714
Season-4,f6929259-2903-4f6f-9b06-42048fd55c6a,,0.0,0.0,0.0
Season-4,f6ca59cd-8779-4a84-a54b-e863b79c61f0,Underground Mortuary,37.0,22.0,0.5945945945945946
Season-4,f6fb576e-a4a4-496b-b553-3f81cc651210,,0.0,0.0,0.0
Season-4,f823be95-bef4-4e86-a924-239be62394bf,Izzet Signet,56.0,29.0,0.5178571428571429
Season-4,f83ed433-fae3-4fa5-acad-bb8a5b535ce3,Coveted Jewel,50.0,24.0,0.48
Season-4,f9246b68-580f-4f53-883d-7900880e4b0d,Six,42.0,20.0,0.4761904761904761
Season-4,f9287151-95df-4f5a-b32a-4b0aea825452,Karn Liberated,19.0,9.0,0.4736842105263157
Season-4,fa3b415f-7901-4ab4-84fe-60b90d40ac90,Pillage the Bog,0.0,0.0,0.0
Season-4,fa6ac7d2-0127-49a8-b7d2-a38308d3c27b,"Liliana, the Last Hope",46.0,23.0,0.5
Season-4,fa7a55aa-ae61-4933-b7a4-dcc55dac6fcd,"Inti, Seneschal of the Sun",96.0,54.0,0.5625
Season-4,fa7b7897-36e0-415a-8bb7-602886164852,Show and Tell,38.0,16.0,0.4210526315789473
Season-4,fa87bf1e-2062-4983-b1c4-98bffea69a4c,Pyrogoyf,104.0,57.0,0.5480769230769231
Season-4,fadb218d-29e2-42d1-a7a1-1066741d63ad,Mox Diamond,73.0,34.0,0.4657534246575342
Season-4,fc310a26-b6a0-4e42-98ab-bdfd7b06cb63,"Beza, the Bounding Spring",60.0,31.0,0.5166666666666667
Season-4,fd6ddbca-b943-49d6-b341-509bb72dd5a6,Primeval Titan,39.0,19.0,0.4871794871794871
Season-4,fd97b3cf-924e-4f77-bb82-0bf19592389f,Dreadhorde Arcanist,51.0,30.0,0.5882352941176471
Season-4,fd99bce1-ce39-464b-8e61-2631eb3ed6f6,Tolarian Academy,65.0,24.0,0.3692307692307692
Season-4,fe30c0ff-f74b-456a-a61e-3720d84d713f,Parallax Wave,92.0,53.0,0.5760869565217391
Season-4,fe964e7e-e2c5-4263-889d-0a531eb51442,Luminarch Aspirant,94.0,55.0,0.5851063829787234
Season-4,febaaeae-5c0d-45fa-8169-b27b4996f18e,Chrome Host Seedshark,76.0,35.0,0.4605263157894737
Season-4,ff590af2-2d6c-4f16-a9b8-1a6dab6e9ad5,Echo of Eons,37.0,18.0,0.4864864864864865
Season-4,ff84ea71-e477-44f7-a3f8-77fef708efeb,Thieving Skydiver,82.0,41.0,0.5
Season-5,0020c31b-002a-4121-bc61-2c2c16e9afc8,Ornery Tumblewagg,0.0,0.0,0.0
Season-5,0027e5ca-8046-40a0-bd73-79be55f28bff,Remand,112.0,51.0,0.4553571428571428
Season-5,0055ea30-20fb-4324-a632-8fed87628f05,"Boseiju, Who Endures",73.0,37.0,0.5068493150684932
Season-5,005dae9a-dddc-4a11-95bb-cce319edcce4,Skullclamp,100.0,41.0,0.41
Season-5,006d2bf1-20f7-4b09-8d98-8233d91682bd,Flame Slash,101.0,53.0,0.5247524752475248
Season-5,00cb17a0-5a13-4d02-b7fb-f99531bc8ca5,Dark Depths,19.0,8.0,0.4210526315789473
Season-5,00f9955f-a522-47bf-b064-92dd21a76b18,Solemn Simulacrum,0.0,0.0,0.0
Season-5,01006833-6007-4c16-9ebb-20d31c60a57a,Taiga,91.0,43.0,0.4725274725274725
Season-5,01794178-cf41-454c-ac37-1d8b18e42db2,Green Sun's Zenith,76.0,37.0,0.4868421052631579
Season-5,01978fe5-00a9-4add-ae2a-b4c2572ffb9a,Vendilion Clique,53.0,21.0,0.3962264150943396
Season-5,01c6f877-6b00-4d57-8a88-36cd3b16edbc,Llanowar Elves,84.0,41.0,0.4880952380952381
Season-5,01d1e394-1b0c-4b40-ba85-f55973703d41,Smirking Spelljacker,64.0,28.0,0.4375
Season-5,01e7b0bc-1c6c-48f4-8b72-1a809f536c6c,Birds of Paradise,116.0,65.0,0.5603448275862069
Season-5,02138fbb-3962-4348-8d31-faaefba0b8b2,Raugrin Triome,45.0,19.0,0.4222222222222222
Season-5,02551196-ecea-472f-9547-3c9658d0489e,Ravenous Chupacabra,0.0,0.0,0.0
Season-5,026e7167-d665-43d0-a51e-8df2d68cdb5e,"Cecil, Dark Knight // Cecil, Redeemed Paladin",57.0,29.0,0.5087719298245614
Season-5,02c532e8-21f1-4d6f-a931-1ea48a6aeea2,Coalition Relic,49.0,29.0,0.5918367346938775
Season-5,02d6d693-f1f3-4317-bcc0-c21fa8490d38,"Jace, Vryn's Prodigy // Jace, Telepath Unbound",88.0,49.0,0.5568181818181818
Season-5,02e8e540-8aa3-4e6a-9a11-c3949cab5f0f,"Tezzeret, Cruel Captain",39.0,23.0,0.5897435897435898
Season-5,0324641d-af55-4c53-b4dc-c8262e967da5,Volcanic Island,92.0,53.0,0.5760869565217391
Season-5,0359f212-9564-41a9-870b-d2c57455a695,Brainstorm,50.0,31.0,0.62
Season-5,045ce37b-86d2-4e56-84af-b6625b53d13c,Path to Exile,107.0,51.0,0.4766355140186916
Season-5,04fc99dc-bfbe-4567-b791-6b1db96471ec,Reanimate,100.0,52.0,0.52
Season-5,054f2276-2dd5-43da-bb26-c57c560861fe,Steam Vents,87.0,43.0,0.4942528735632184
Season-5,05690d52-06c4-40b1-8360-380418a83250,The Aetherspark,47.0,26.0,0.5531914893617021
Season-5,059e8447-6b1c-4651-a734-a8fea2cbf7b2,Bloodchief's Thirst,27.0,11.0,0.4074074074074074
Season-5,05bd329b-5707-42fc-af1c-084cc604e805,Imperial Recruiter,28.0,7.0,0.25
Season-5,05bdd22c-3e11-4c29-bdfa-d3dfc0e90a9f,Bitter Triumph,103.0,56.0,0.5436893203883495
Season-5,05cf51d8-9f91-42ff-99e9-4397f2251c20,Dark Confidant,71.0,36.0,0.5070422535211268
Season-5,05e8a4ea-8c0d-4284-ac23-80e19fdde11d,Myr Battlesphere,57.0,23.0,0.4035087719298245
Season-5,0645f487-efe5-4764-b361-85e07bb5ccca,"Ulamog, the Infinite Gyre",18.0,8.0,0.4444444444444444
Season-5,064dfdeb-485f-473e-9fa0-8fdb7638cdc6,Dismember,116.0,67.0,0.5775862068965517
Season-5,068bb15a-fc2d-42a2-859b-837b946d23c0,Underground Sea,72.0,44.0,0.6111111111111112
Season-5,06c0c35d-a26e-473a-9206-8fbda7191700,Entomb,73.0,36.0,0.4931506849315068
Season-5,06cb1bd6-73e0-4104-b344-4bc52d7dcedf,Baleful Strix,88.0,56.0,0.6363636363636364
Season-5,071daca8-ccc6-4707-843e-adac40dd1588,Fury,82.0,52.0,0.6341463414634146
Season-5,07246783-d475-4f61-99ac-e2b574072349,Voice of Resurgence,30.0,13.0,0.4333333333333333
Season-5,07313dd3-d0dc-40ca-98a3-fa4d39e5bcae,Oust,93.0,39.0,0.4193548387096774
Season-5,073bfdca-d7b8-4f4b-93f3-6e7c44bc0b0a,Sol Ring,91.0,55.0,0.6043956043956044
Season-5,0783b426-a527-42c1-9271-be28b229e1c6,"Torsten, Founder of Benalia",28.0,16.0,0.5714285714285714
Season-5,079e6263-e54c-4899-a336-5315909b9322,"Magda, Brazen Outlaw",89.0,54.0,0.6067415730337079
Season-5,07a3d9e8-8597-498b-869c-cff79e0df516,"Karn, Scion of Urza",53.0,17.0,0.320754716981132
Season-5,07c17b01-ee5d-491a-8403-b3f819b778c4,Wishclaw Talisman,9.0,2.0,0.2222222222222222
Season-5,07d8ae46-14ec-4878-ba8a-a47d4508c6d7,Zealous Persecution,26.0,13.0,0.5
Season-5,0845f0b0-9413-4ddd-861d-9607636bebc6,Natural Order,75.0,33.0,0.44
Season-5,08f79439-b8f8-418f-9772-26d81844749e,Enduring Innocence,46.0,30.0,0.6521739130434783
Season-5,09521f23-52d6-482d-9f3b-c4d12fcc08cc,Tidehollow Sculler,57.0,26.0,0.4561403508771929
Season-5,09fd2d9c-1793-4beb-a3fb-7a869f660cd4,Bonecrusher Giant // Stomp,108.0,57.0,0.5277777777777778
Season-5,0a26d900-c652-4f9c-8681-a35c5f8b1937,Sacred Foundry,90.0,48.0,0.5333333333333333
Season-5,0a786855-6eb4-42c0-a528-4842db46809d,Stock Up,93.0,53.0,0.5698924731182796
Season-5,0aa3a844-97e6-4f5d-a36f-56fea4e06932,Manglehorn,0.0,0.0,0.0
Season-5,0ad38866-fc5f-4f62-89c1-afc0f50765aa,Novice Inspector,52.0,27.0,0.5192307692307693
Season-5,0adcd4e5-d542-4293-8774-ace2305ef820,Walk-In Closet // Forgotten Cellar,41.0,24.0,0.5853658536585366
Season-5,0c0e7131-db26-448d-afda-f48337a026f0,Pyroclasm,0.0,0.0,0.0
Season-5,0c3bc412-689f-4385-807b-ed60d6276d76,Grim Monolith,58.0,27.0,0.4655172413793103
Season-5,0c3d7e2c-a104-4757-9984-fb31088f92c4,Cryptic Coat,18.0,9.0,0.5
Season-5,0c9a7cb0-5bff-48ff-b620-2838816ac9b5,Counterspell,88.0,48.0,0.5454545454545454
Season-5,0cb33b46-4d1b-4f97-bfdc-d815aee111da,Mana Crypt,105.0,49.0,0.4666666666666667
Season-5,0ce44270-a684-4489-9077-521456e6dfaa,Lórien Revealed,92.0,52.0,0.5652173913043478
Season-5,0d08f5e4-d2d3-4659-86d4-a983d80e3b2c,Tundra,63.0,23.0,0.365079365079365
Season-5,0d16e8e0-31b2-4389-afd6-783c501f6fa0,"Ajani, Nacatl Pariah // Ajani, Nacatl Avenger",95.0,51.0,0.5368421052631579
Season-5,0d60eabe-b281-4eba-9c26-287364ed2067,Earthshaker Khenra,85.0,50.0,0.5882352941176471
Season-5,0da69523-cece-425a-b08a-fb27fac29374,Figure of Destiny,82.0,40.0,0.4878048780487805
Season-5,0e0d989d-7186-40dc-bdfe-cfbb77656bc8,"Emrakul, the Aeons Torn",7.0,7.0,1.0
Season-5,0e51d796-7279-4c06-87f0-37adbdaa41df,Underworld Breach,66.0,31.0,0.4696969696969697
Season-5,0e606072-a3aa-4300-ba90-ec92a721fa76,"Jace, the Mind Sculptor",78.0,43.0,0.5512820512820513
Season-5,0e9aeaa8-9a75-4719-992f-cbb316f72175,Savannah,48.0,26.0,0.5416666666666666
Season-5,0ecbe097-ba51-42e5-957c-382eb66c08f0,Robber of the Rich,0.0,0.0,0.0
Season-5,0eee981e-5d26-4810-90e1-432f3c3107f2,Reclamation Sage,38.0,19.0,0.5
Season-5,0f3c8470-1cc8-4383-8782-c022867d46e8,"Tezzeret, Agent of Bolas",0.0,0.0,0.0
Season-5,0f7585c8-9e21-4eef-afc1-2852de23db2f,Polluted Delta,109.0,50.0,0.4587155963302752
Season-5,0fb4c734-c698-46f2-bc78-5f036f472e5b,Unholy Annex // Ritual Chamber,0.0,0.0,0.0
Season-5,0fe070f4-8877-4280-b8fd-869f3ac34ab6,Sheltering Landscape,55.0,30.0,0.5454545454545454
Season-5,10158a5e-5a03-41ab-85d2-0907ccf32c9b,Dack Fayden,62.0,37.0,0.5967741935483871
Season-5,1066a94a-8e4f-4d77-820b-7a77a18116f0,Wooded Foothills,96.0,59.0,0.6145833333333334
Season-5,106f9629-b3aa-4703-82fb-c1e771bbce72,The Wandering Emperor,76.0,36.0,0.4736842105263157
Season-5,107492bd-b32f-4692-917c-7771986b5bf7,Thespian's Stage,19.0,8.0,0.4210526315789473
Season-5,1103da9c-300c-406b-997d-9e5bb7cd02d6,"Lightning, Army of One",61.0,37.0,0.6065573770491803
Season-5,113f48b9-a972-4e2c-af95-05ab078e01f2,Tranquil Landscape,55.0,24.0,0.4363636363636363
Season-5,117bb5db-4a1c-4704-b0b5-c67b45ac2f52,"Yuffie, Materia Hunter",50.0,23.0,0.46
Season-5,120be808-ff3b-4fca-96a1-4db6b9825856,Quantum Riddler,57.0,35.0,0.6140350877192983
Season-5,139b90cd-8272-457a-be32-1298145345be,Watery Grave,96.0,58.0,0.6041666666666666
Season-5,14065271-d942-42a8-aa38-d8a622c0375d,Scrubland,85.0,44.0,0.5176470588235295
Season-5,1453f92e-df2d-4789-aa1b-a5b5c51567d4,Preordain,83.0,45.0,0.5421686746987951
Season-5,1571b584-9007-45ee-a3c3-6c72f227fee2,Mystical Tutor,75.0,29.0,0.3866666666666666
Season-5,15c34f32-49d9-4a0d-83b2-28172f54fdd1,Crop Rotation,36.0,14.0,0.3888888888888889
Season-5,15faa763-b897-4e86-b094-73f3236291a9,Verdant Catacombs,115.0,52.0,0.4521739130434782
Season-5,162018eb-5483-4fa2-9c5a-abb639eecf91,"Kiki-Jiki, Mirror Breaker",0.0,0.0,0.0
Season-5,162e81d3-6cd4-4cb8-8ed8-cfbd8d34ca71,Mind Stone,59.0,25.0,0.423728813559322
Season-5,16448d95-ee21-4def-b880-26f6f159c213,Metamorphosis Fanatic,90.0,41.0,0.4555555555555555
Season-5,16c8d2fa-54a7-46e8-980c-905258497c90,Arid Mesa,103.0,46.0,0.4466019417475728
Season-5,16e040c3-bf42-4a5b-aeb3-5dc9921151e5,Death's Shadow,28.0,12.0,0.4285714285714285
Season-5,1716b4dd-9045-462b-b053-72de450a8cde,Blood Crypt,100.0,48.0,0.48
Season-5,17260fff-b239-4af4-9306-3236ae3fa5a5,Thundering Falls,77.0,38.0,0.4935064935064935
Season-5,175b3d28-5c74-4972-9b5c-5e39762c78f4,Relic of Sauron,88.0,43.0,0.4886363636363636
Season-5,17824929-f131-4b8d-addb-66c25323155e,Infernal Grasp,28.0,16.0,0.5714285714285714
Season-5,1785cb18-c291-4fd5-b8c7-ace893c32e49,Mesmeric Fiend,83.0,33.0,0.3975903614457831
Season-5,179bd74b-c458-49d6-90ac-6075454e43dd,,0.0,0.0,0.0
Season-5,17db2b6a-eaa8-4a08-9e86-370bbd058574,Bayou,67.0,32.0,0.4776119402985074
Season-5,17f28b16-da65-41a8-ba4f-f1c5e104aad6,Council's Judgment,72.0,36.0,0.5
Season-5,18092f68-b96e-4084-9eba-b240d2195d81,"Adeline, Resplendent Cathar",64.0,34.0,0.53125
Season-5,1834ac92-8b4e-4442-a834-acd580e1ef99,Jack-in-the-Mox,115.0,59.0,0.5130434782608696
Season-5,187b6719-e5ed-4615-a00b-3313ceca055b,Currency Converter,96.0,37.0,0.3854166666666667
Season-5,187e887c-c39d-4d25-a506-cdc95fc70316,"Gideon, Ally of Zendikar",61.0,34.0,0.5573770491803278
Season-5,18a3cca1-e50e-49b6-9e1a-f86640e3b177,Snuff Out,92.0,56.0,0.6086956521739131
Season-5,18adbda4-8d36-47cd-afbc-c785aaa8ed80,Blightsteel Colossus,37.0,17.0,0.4594594594594595
Season-5,18bd50f2-c3ba-4217-a2d5-bb771e199706,Vampiric Tutor,95.0,43.0,0.4526315789473684
Season-5,18f23daa-bc59-456a-8a28-3823e51bc74b,Night's Whisper,26.0,14.0,0.5384615384615384
Season-5,19018f23-b63b-45af-8419-8959f41472d4,Pre-War Formalwear,54.0,26.0,0.4814814814814814
Season-5,19477aca-b8db-4061-9a78-ebb189a9df22,Breeding Pool,50.0,20.0,0.4
Season-5,19557351-b65f-4b04-b971-66abdc07000a,Stoneforge Mystic,46.0,24.0,0.5217391304347826
Season-5,19adde22-e5eb-4815-beb6-c520b3274cc9,Lotus Cobra,105.0,55.0,0.5238095238095238
Season-5,19d6834d-afa3-4747-a62d-0654f4d9729f,"Malcolm, Alluring Scoundrel",89.0,43.0,0.4831460674157303
Season-5,1a55c370-d396-4c73-8ee2-83dc4c124005,The Goose Mother,34.0,14.0,0.4117647058823529
Season-5,1a6f256b-943e-4cfb-9fc9-d1ded68b5f97,Chart a Course,56.0,26.0,0.4642857142857143
Season-5,1ac01fff-4de6-4783-9489-4127e25bc641,Prismatic Vista,109.0,59.0,0.5412844036697247
Season-5,1ac0e78b-0fdd-44f9-8b7b-c4f28a32782e,Amped Raptor,64.0,38.0,0.59375
Season-5,1af92296-455a-425e-9397-a96d09937767,Incinerate,71.0,39.0,0.5492957746478874
Season-5,1b6ef5f5-4058-4f89-a573-9e2da87a9f2e,Steel Seraph,0.0,0.0,0.0
Season-5,1bd3fa8a-6c50-4f7f-9ae3-0810eec5e3db,Reprieve,99.0,46.0,0.4646464646464646
Season-5,1be9d9a4-d7ee-4854-abc2-85cabf993ec9,Archon of Cruelty,84.0,41.0,0.4880952380952381
Season-5,1c0f2873-5849-4cab-855a-2fbbc41dbb6c,Chaos Defiler,97.0,46.0,0.4742268041237113
Season-5,1c603751-1e2b-4c8e-a8d2-5c0876e7254f,Darkstar Augur,56.0,31.0,0.5535714285714286
Season-5,1c7d50d6-b63a-4d8c-88fa-1d78ae693a45,Overgrown Tomb,47.0,26.0,0.5531914893617021
Season-5,1daf4348-05c5-4c55-bcf2-c7bec7988bfc,Plateau,84.0,50.0,0.5952380952380952
Season-5,1dd64b1d-bcef-476c-bf0b-3ac7df7cbed3,"Nissa, Ascended Animist",43.0,24.0,0.5581395348837209
Season-5,1e2fee55-227b-4373-a3f7-b463f220033f,Tinker,76.0,34.0,0.4473684210526316
Season-5,1e3e8085-cfcd-4e88-b441-4d1f8ac63904,Forth Eorlingas!,115.0,61.0,0.5304347826086957
Season-5,1ee98955-4c47-4d45-9377-608dfa755337,Bone Shards,89.0,43.0,0.4831460674157303
Season-5,1f123ad6-fe84-4fed-9c0f-6b41921e9c26,Deceiver Exarch,0.0,0.0,0.0
Season-5,1f2f7d4b-aa65-42ed-a441-8e35be96743c,Orcish Lumberjack,58.0,30.0,0.5172413793103449
Season-5,1f9fb33a-3b39-4aff-93b8-aedafe0ea694,Fanatic of Rhonas,73.0,35.0,0.4794520547945205
Season-5,1fa48620-4c3d-4f75-be1f-c12c4aa59f51,"Golos, Tireless Pilgrim",0.0,0.0,0.0
Season-5,1fc6d14a-1328-4032-ad9e-cd85cd365bd3,Endurance,79.0,41.0,0.5189873417721519
Season-5,1fdcc0c3-4029-4fc3-a486-5d7f45c910bd,Everflowing Chalice,44.0,21.0,0.4772727272727273
Season-5,205df311-a72d-40f1-b2ea-9b30274bc9bd,Knight of the Reliquary,20.0,4.0,0.2
Season-5,207d5f12-fbc6-4c75-9d84-fd2f0023fbd0,Sneak Attack,64.0,37.0,0.578125
Season-5,209c591a-4ab2-4e89-9523-a7b766cf4e51,Ouroboroid,37.0,23.0,0.6216216216216216
Season-5,20c4aae1-7665-4df7-bd51-a1d95bf8a17d,Murktide Regent,54.0,21.0,0.3888888888888889
Season-5,216a8e4e-ea7b-41c7-a982-b5751025ff25,Scrapheap Scrounger,0.0,0.0,0.0
Season-5,21c950d7-b4f6-4902-8c9a-98f2933f9fa5,Adanto Vanguard,74.0,33.0,0.4459459459459459
Season-5,224d904a-5972-4152-878a-9a922e7a55b6,"Titania, Protector of Argoth",66.0,35.0,0.5303030303030303
Season-5,229a0d4a-3777-451d-a2fb-f1a2fdf8019f,Spara's Headquarters,75.0,41.0,0.5466666666666666
Season-5,22c26e44-e129-4c4d-b552-3cc8774ce1a4,Mox Poison,104.0,52.0,0.5
Season-5,2398892d-28e9-4009-81ec-0d544af79d2b,Ancestral Recall,102.0,46.0,0.4509803921568627
Season-5,23b95b26-0bbf-4fa1-80c1-f621f1a1b947,Damn,0.0,0.0,0.0
Season-5,2424f2c4-366b-42cf-bf4b-a8a5bfdd2c4b,Life // Death,48.0,24.0,0.5
Season-5,245cdc59-d560-4c10-b721-f51cc312e370,Mishra's Factory,72.0,31.0,0.4305555555555556
Season-5,2462df62-fc35-47ed-9571-40452074dc6d,Traveling Chocobo,50.0,26.0,0.52
Season-5,247939d9-87e9-4f01-b223-fb4cfa7dbbe1,Mana Leak,90.0,33.0,0.3666666666666666
Season-5,2487d124-210b-4808-888c-cd0a78aebd90,Molten Collapse,47.0,26.0,0.5531914893617021
Season-5,24a5cc2c-0fbf-4a5f-b175-6e0ffd0d0787,Misty Rainforest,104.0,51.0,0.4903846153846153
Season-5,24c0d87b-0049-4beb-b9cb-6f813b7aa7dc,Fable of the Mirror-Breaker // Reflection of Kiki-Jiki,111.0,58.0,0.5225225225225225
Season-5,24da9431-7e52-44f5-bc18-2f2d8a4ca81e,Abrade,75.0,39.0,0.52
Season-5,24e58478-c6a8-4f86-854a-a489c99bd777,Usher of the Fallen,10.0,5.0,0.5
Season-5,25b0b816-0583-44aa-9dc5-f3ff48993a51,Gaea's Cradle,81.0,29.0,0.3580246913580246
Season-5,2616aa0e-8413-4e63-877c-bffd5263f552,Porcelain Legionnaire,46.0,20.0,0.4347826086956521
Season-5,261ac92e-c61a-4c11-aa6a-9ae1cb703e5c,Dreams of Steel and Oil,85.0,47.0,0.5529411764705883
Season-5,265522eb-4f6a-40e7-b374-3833fa63c80b,Formidable Speaker,47.0,22.0,0.4680851063829787
Season-5,26c68473-70ca-40ba-b5c6-71ec30f88a2c,Damnation,20.0,7.0,0.35
Season-5,26d40e03-6de4-4373-9fbf-04c1dd79e995,Jetmir's Garden,55.0,17.0,0.3090909090909091
Season-5,275471e3-ded1-40ac-91ef-369dce5764d9,Inventors' Fair,0.0,0.0,0.0
Season-5,28667c8b-d02c-4e57-a050-1549207b65d1,Thragtusk,20.0,15.0,0.75
Season-5,29148d7e-b398-4e19-a29e-d9a660ad5016,Mirage Mirror,8.0,2.0,0.25
Season-5,29632951-3c3d-478c-8c5a-9a34f30a5c28,Dauthi Voidwalker,64.0,33.0,0.515625
Season-5,2a717b98-cdac-416d-bf6c-f6b6638e65d1,"Tamiyo, Inquisitive Student // Tamiyo, Seasoned Scholar",102.0,51.0,0.5
Season-5,2aa98fca-972b-46c2-bdec-6ace35c988d5,Day of Judgment,0.0,0.0,0.0
Season-5,2ae6828e-ff19-45db-8b59-61616353491f,Deceptive Landscape,59.0,29.0,0.4915254237288136
Season-5,2aef4608-5ba8-4636-b5e7-cac57c5c0608,Windfall,88.0,45.0,0.5113636363636364
Season-5,2b20d3e1-62ef-44db-8109-a33d4fa3e7f1,Exploration,25.0,10.0,0.4
Season-5,2b5315a4-6a78-456f-8d5a-fea9d62f3f0e,Strip Mine,98.0,47.0,0.4795918367346938
Season-5,2b5801fb-2026-4f25-98bc-ebb2f99684b9,Undercity Sewers,75.0,45.0,0.6
Season-5,2b73d294-6ab1-4051-9b0f-d8e335d37674,Unholy Heat,96.0,57.0,0.59375
Season-5,2b74bb81-fb9a-40e5-a941-e517430b52f5,Indatha Triome,56.0,30.0,0.5357142857142857
Season-5,2b9b0195-beda-403e-bc27-7ae3be9f318c,Temple Garden,57.0,28.0,0.4912280701754385
Season-5,2ba70366-b6ae-423a-a8d8-29d2b8afd939,"Ivora, Insatiable Heir",78.0,44.0,0.5641025641025641
Season-5,2be39749-ad6f-4160-99eb-c677eee7f1b2,Thraben Inspector,89.0,48.0,0.5393258426966292
Season-5,2bf2da97-3331-4614-b4ff-f03d061500a7,Fire Covenant,86.0,50.0,0.5813953488372093
Season-5,2c695df6-6bf2-4e6b-8500-e3116137ca27,Jacked Rabbit,83.0,41.0,0.4939759036144578
Season-5,2c723fc9-d5c9-4126-a9a6-f80c247a4b6b,Baloth Prime,63.0,30.0,0.4761904761904761
Season-5,2d9b12cc-f616-4b52-91eb-a430e70f9251,Wrath of God,39.0,17.0,0.4358974358974359
Season-5,2da5f3f8-5eef-498f-ba2c-2f3fbc3745aa,Ephemerate,45.0,15.0,0.3333333333333333
Season-5,2dc16614-5cf8-444d-a5ae-cac25018af68,Burst Lightning,102.0,52.0,0.5098039215686274
Season-5,2e139ad1-1079-49e9-babd-6399c44ad333,Seasoned Pyromancer,74.0,39.0,0.527027027027027
Season-5,2ef878cb-27b6-47d8-ad11-bd20529b0e7e,Cast into the Fire,31.0,17.0,0.5483870967741935
Season-5,2f8f22fb-7291-4517-9b15-e98501f2856b,Splinter Twin,0.0,0.0,0.0
Season-5,3003d481-1b52-4aa9-bbdc-e948fbc8d49d,Sylvan Library,44.0,20.0,0.4545454545454545
Season-5,3028075c-5fc5-4942-a984-1ffcf7a8933d,Knight of Autumn,35.0,16.0,0.4571428571428571
Season-5,30377bf0-d9b1-4c14-8dde-f74b1e02d604,Gilded Goose,87.0,44.0,0.5057471264367817
Season-5,310a1c46-8331-4a09-9fcb-d942f8102364,Thoughtseize,106.0,57.0,0.5377358490566038
Season-5,311a6257-dd77-4bb6-81cb-c8e7862350f3,Necromancy,93.0,44.0,0.4731182795698925
Season-5,31276460-fa9d-47da-85c5-c4baa8074d0d,Rot-Curse Rakshasa,48.0,24.0,0.5
Season-5,31b770cc-09e7-4c0b-b2a4-462ab4f7200d,Expressive Iteration,63.0,26.0,0.4126984126984127
Season-5,3277ad99-5682-4baa-b106-de15721876a6,Glorybringer,58.0,26.0,0.4482758620689655
Season-5,327cf118-cc92-4073-85d0-94d2a0a6989a,Scalding Tarn,103.0,54.0,0.5242718446601942
Season-5,329a8738-3e17-403a-857a-0ba529ce8cd1,Walking Ballista,43.0,20.0,0.4651162790697674
Season-5,32a180dd-9641-4546-8940-9b21084f0c71,Lightning Bolt,90.0,52.0,0.5777777777777777
Season-5,32aa6e33-221f-414c-9b51-850d97a7e051,Galvanic Discharge,83.0,41.0,0.4939759036144578
Season-5,33672990-4860-4aa6-ac1b-f9da66f5da59,Wurmcoil Engine,55.0,30.0,0.5454545454545454
Season-5,33ab05b5-d6f5-439c-9aed-1a58ceb282ad,Flametongue Yearling,38.0,15.0,0.3947368421052631
Season-5,33ca68a6-474e-4d86-bffa-ee4bddb4a3cf,Fellwar Stone,10.0,6.0,0.6
Season-5,340c5799-4964-44dd-8c48-8f3f3aba5211,Badgermole Cub,54.0,27.0,0.5
Season-5,345a1c80-41d6-43b1-83ab-1aa56dd06b1b,Bitter Reunion,28.0,14.0,0.5
Season-5,345a4aee-5846-4ae9-9af1-4c8fe8d692ec,Winds of Abandon,56.0,26.0,0.4642857142857143
Season-5,345fd005-5052-4500-a260-3649500e21f4,Mulldrifter,0.0,0.0,0.0
Season-5,3462a3d0-5552-49fa-9eb7-100960c55891,"Oko, Thief of Crowns",85.0,41.0,0.4823529411764706
Season-5,35f1a6ba-e46f-44fb-93f4-fb883d677b36,Baleful Mastery,81.0,37.0,0.4567901234567901
Season-5,377cee38-e769-47b0-abd5-0f528600f36a,Badlands,126.0,65.0,0.5158730158730159
Season-5,37dbe1a3-3c44-452b-9fb9-37f5d793d0b5,Memory Jar,29.0,12.0,0.4137931034482758
Season-5,396bca07-82ba-49b7-b79e-7784b3a06d48,Sunset Saboteur,70.0,38.0,0.5428571428571428
Season-5,39b41cb3-ca3d-4389-8f66-e1f77f5fb683,Fact or Fiction,0.0,0.0,0.0
Season-5,39c431d7-d94b-46c4-bb89-f3db56214ab4,Elvish Reclaimer,30.0,11.0,0.3666666666666666
Season-5,3a2d7cf9-dddb-4de3-b4f2-c52e3ec8fb4b,Brain Freeze,58.0,29.0,0.5
Season-5,3a9d1082-a862-45d4-9e5e-392e879fead6,Zuran Orb,51.0,19.0,0.3725490196078431
Season-5,3b1e92b4-6e53-4dba-a572-c67e01965ac5,Abrupt Decay,37.0,20.0,0.5405405405405406
Season-5,3b214b6f-4734-4200-8467-92d7e3469b5d,Tezzeret the Seeker,0.0,0.0,0.0
Season-5,3b5233ff-03bc-4053-9b49-c4185c2de38d,Restoration Angel,66.0,30.0,0.4545454545454545
Season-5,3b6e5956-f795-451b-bb24-56462d1ced27,Umezawa's Jitte,101.0,47.0,0.4653465346534653
Season-5,3bd1ec98-8188-4649-899e-b0972509fc7e,Firebolt,66.0,41.0,0.6212121212121212
Season-5,3c02b8ee-84cb-44cb-ba14-9e725a9d03ee,Ponder,100.0,54.0,0.54
Season-5,3c3ac3dd-35db-447f-8674-37b4680a1ef7,Leyline Binding,56.0,23.0,0.4107142857142857
Season-5,3ca1e1de-b916-445f-b3b2-0f4d0cc7ceeb,Stern Scolding,53.0,25.0,0.4716981132075472
Season-5,3d8ca18d-9099-4f1e-95c1-f04da58a26bd,"Gut, True Soul Zealot",104.0,63.0,0.6057692307692307
Season-5,3e7da55c-7f05-46b2-aa3c-17f8d5df46bb,Scion of Draco,0.0,0.0,0.0
Season-5,3ee3945e-5089-4751-b7b3-5961c39d2a33,Nethergoyf,91.0,42.0,0.4615384615384615
Season-5,3f3c77ad-fce8-4506-90e1-7ef71552a71c,Wheel of Fortune,70.0,32.0,0.4571428571428571
Season-5,3faa8c5e-9e1b-4cee-b322-a033bf33dcbc,Hymn to Tourach,55.0,28.0,0.509090909090909
Season-5,400382a4-aea2-4827-b06a-1b0b3745908b,Noble Hierarch,101.0,48.0,0.4752475247524752
Season-5,416d2d51-8f29-4e95-b037-e8c32b081e6c,Mana Drain,98.0,58.0,0.5918367346938775
Season-5,41e108a5-4e2f-42cf-9ea1-87bf3c0a2b7f,"Nissa, Who Shakes the World",72.0,33.0,0.4583333333333333
Season-5,41ff849e-2439-4690-8aa4-769039b6da4c,Talisman of Progress,45.0,15.0,0.3333333333333333
Season-5,4216656e-90e8-45fc-a0f6-0d0d79d0a021,Shelldock Isle,80.0,40.0,0.5
Season-5,43aa7e35-55ee-4e02-a8aa-ea2b267055d1,Woodfall Primus,55.0,28.0,0.509090909090909
Season-5,441f8b2f-c8cb-4340-a92f-116c2276e906,Frantic Search,86.0,36.0,0.4186046511627907
Season-5,44afd414-cc69-4888-ba12-7ea87e60b1f7,Craterhoof Behemoth,59.0,31.0,0.5254237288135594
Season-5,45026d57-0324-4312-8b86-2e7d4f581ee9,Marsh Flats,81.0,37.0,0.4567901234567901
Season-5,453de664-0f09-4772-a626-51d58d1173f3,Cogwork Librarian,0.0,0.0,0.0
Season-5,45fd6e91-df76-497f-b642-33dc3d5f6a5a,Mox Ruby,106.0,55.0,0.5188679245283019
Season-5,4720b4f2-e6af-4223-9250-a0ed21ed5693,Pest Infestation,78.0,34.0,0.4358974358974359
Season-5,47a6234f-309f-4e03-9263-66da48b57153,Solitude,83.0,45.0,0.5421686746987951
Season-5,4820d223-4ea1-4850-931c-3d2ab5eb003b,Birthing Ritual,48.0,19.0,0.3958333333333333
Season-5,486d7edc-d983-41f0-8b78-c99aecd72996,"Otawara, Soaring City",77.0,43.0,0.5584415584415584
Season-5,487116ab-b885-406b-aa54-56cb67eb3ca5,Scavenging Ooze,47.0,23.0,0.4893617021276595
Season-5,490eb213-9ae2-4b45-abec-6f1dfc83792a,Cori-Steel Cutter,83.0,51.0,0.6144578313253012
Season-5,493a5ca7-5f90-4af4-b6db-43ae09a2f2c9,Dark Ritual,95.0,44.0,0.4631578947368421
Season-5,49bb0ad3-1082-41f1-82a4-52a4006cc9b6,"Leovold, Emissary of Trest",60.0,30.0,0.5
Season-5,4a08ca06-58db-4ce6-b490-be4bea8956a1,Sensei's Divining Top,57.0,20.0,0.3508771929824561
Season-5,4a0bb5dc-75a6-4bd6-81f8-611197fb0fba,Nettlecyst,28.0,10.0,0.3571428571428571
Season-5,4a1f905f-1d55-4d02-9d24-e58070793d3f,"Atraxa, Grand Unifier",82.0,50.0,0.6097560975609756
Season-5,4a706ecf-3277-40e3-871c-4ba4ead16e20,Wrenn and Six,43.0,23.0,0.5348837209302325
Season-5,4acaef84-55d1-43dc-b10a-696182e6709b,Repeal,96.0,50.0,0.5208333333333334
Season-5,4acf970d-d2d7-413d-aba7-587ee53d8d5c,Stomping Ground,68.0,36.0,0.5294117647058824
Season-5,4b0bd07e-cf80-4d64-af29-f4cec6632b3e,Perilous Landscape,58.0,30.0,0.5172413793103449
Season-5,4b4956a2-9a39-4152-9c98-70e4b2acfa26,Miscalculation,89.0,46.0,0.5168539325842697
Season-5,4c6cf93a-d073-48ac-88db-c46bf3e10beb,Generous Plunderer,33.0,19.0,0.5757575757575758
Season-5,4c732dc7-dd6b-4cc1-bbe0-ff3b1d2c7419,Animate Dead,112.0,55.0,0.4910714285714285
Season-5,4cbdacc1-7a1b-4633-85f5-eb50c2bf406d,Snapcaster Mage,85.0,46.0,0.5411764705882353
Season-5,4ced112a-e775-4f97-97b3-74877e9dce12,Dragon's Rage Channeler,98.0,52.0,0.5306122448979592
Season-5,4d9dbadd-c1b6-44fe-92ac-6f69d7178342,Talisman of Creativity,75.0,38.0,0.5066666666666667
Season-5,4dea7bcc-3ff8-40b0-8264-0cd678d6ff31,Scourge of the Skyclaves,38.0,15.0,0.3947368421052631
Season-5,4df8aabc-7fcb-4b7b-980b-18f499e6c170,Hullbreacher,66.0,32.0,0.4848484848484848
Season-5,4e117771-5a8b-4812-b487-32ba34b7f724,Giver of Runes,95.0,49.0,0.5157894736842106
Season-5,4e4b6e22-93b2-4896-bba5-0ceaa5d8ea3c,"Yavimaya, Cradle of Growth",87.0,47.0,0.5402298850574713
Season-5,4e4fb50c-a81f-44d3-93c5-fa9a0b37f617,"Omnath, Locus of Creation",39.0,17.0,0.4358974358974359
Season-5,4f84b838-b8f1-4b9a-a19f-479594f9d427,Qasali Pridemage,0.0,0.0,0.0
Season-5,504a69eb-3c2d-4bb1-b117-252b15acf0c2,Mana Confluence,105.0,51.0,0.4857142857142857
Season-5,50bc0f5b-7421-45b9-af85-86dd9821b7d8,Soulherder,35.0,13.0,0.3714285714285714
Season-5,522aa72b-2b8c-484c-872b-f082101cee35,Get Lost,90.0,42.0,0.4666666666666667
Season-5,5260f8ae-805b-4eae-badf-62de0f768867,Hedge Maze,46.0,19.0,0.4130434782608695
Season-5,52d3005f-a1c7-4ef5-911f-ccc0752f4181,Faerie Mastermind,81.0,37.0,0.4567901234567901
Season-5,52eef0d6-24b7-40b7-8403-e8e863d0cd55,"Bristly Bill, Spine Sower",82.0,42.0,0.5121951219512195
Season-5,53d4fd57-74b6-42c7-88b1-110e5a8dfc3c,Spell Pierce,104.0,50.0,0.4807692307692308
Season-5,5427d8a6-ac9e-4e50-bd39-81713b2ade25,Fatal Push,122.0,73.0,0.5983606557377049
Season-5,543d55cb-3a6b-4620-af25-10ae74ed32c4,Worldspine Wurm,10.0,8.0,0.8
Season-5,54a3ea87-005e-4985-b2a5-21711d0b71c0,Springheart Nantuko,84.0,47.0,0.5595238095238095
Season-5,54e0c2cd-fa5f-427d-8e15-6066f002a8e3,Chainsaw,84.0,38.0,0.4523809523809524
Season-5,54f449ff-4025-465e-9ec5-a5cf42c4c9d3,Xander's Lounge,104.0,59.0,0.5673076923076923
Season-5,551c0a45-9515-4e51-84e5-79703832a661,Expedition Map,66.0,37.0,0.5606060606060606
Season-5,55707746-da6e-46e5-a5ca-7ac843fdc38e,"Phelia, Exuberant Shepherd",96.0,45.0,0.46875
Season-5,55a14f30-4ff9-4472-90a6-c3139f1c18e5,"Kaito, Bane of Nightmares",48.0,29.0,0.6041666666666666
Season-5,55d35442-5ca0-4fd7-8ff1-b7347b3e6690,Piggy Bank,38.0,15.0,0.3947368421052631
Season-5,564caf57-4ba5-4993-a35e-945699c94eb7,Toxic Deluge,82.0,43.0,0.524390243902439
Season-5,568dd5a6-86f4-4039-87d7-812120c8ab94,Triplicate Titan,62.0,26.0,0.4193548387096774
Season-5,56995b84-2307-4955-9c7c-dc4f04acdc07,Inquisition of Kozilek,87.0,40.0,0.4597701149425287
Season-5,57fb0fa7-0c5c-4a75-9461-c51403c30282,Foreboding Landscape,58.0,29.0,0.5
Season-5,586a4c31-65c7-4c7f-b5f6-74b105b2a629,Trinket Mage,0.0,0.0,0.0
Season-5,59faa45d-868b-4bc7-934c-0e077642e129,Loran of the Third Path,69.0,31.0,0.4492753623188406
Season-5,5a077de0-1893-40d0-a499-ee2e6e2258f1,Legion Extruder,43.0,18.0,0.4186046511627907
Season-5,5a10b543-d5d4-42a8-9ee8-dada59a2ad7e,"Saheeli, Sublime Artificer",83.0,32.0,0.3855421686746988
Season-5,5ab21006-7f61-49e0-8b6a-0397c5d4c3bd,Imperial Seal,55.0,32.0,0.5818181818181818
Season-5,5ad36fb2-c44e-4085-ba0d-54277841ad3a,Lurrus of the Dream-Den,36.0,16.0,0.4444444444444444
Season-5,5ad67b3c-cd5a-497b-8639-9b844e8d517a,Mind Twist,69.0,30.0,0.4347826086956521
Season-5,5b8ba842-c662-4686-bca3-93ddb7fa11a6,Mother of Runes,111.0,66.0,0.5945945945945946
Season-5,5bb3cb5c-8d66-4f5e-a9a9-917e6045f024,Flickerwisp,73.0,32.0,0.4383561643835616
Season-5,5cb76266-ae50-4bbc-8f96-d98f309b02d3,"Teferi, Time Raveler",70.0,34.0,0.4857142857142857
Season-5,5d10b752-d9cb-419d-a5c4-d4ee1acb655e,"Teferi, Hero of Dominaria",70.0,33.0,0.4714285714285714
Season-5,5da578b8-19e6-4068-9336-e7cd33c585f1,Retrofitter Foundry,74.0,28.0,0.3783783783783784
Season-5,5de097e5-e960-4404-a370-defe93ce892f,Oracle of Mul Daya,37.0,11.0,0.2972972972972973
Season-5,5eccf31d-869d-4003-a92b-71b4f4b479ee,Strix Serenade,72.0,34.0,0.4722222222222222
Season-5,5f1cdcba-a04a-4a2f-8bc1-0dd7fa03754d,Exhume,47.0,21.0,0.4468085106382978
Season-5,5f608efc-0dbc-4cc3-aadd-ed473bfc29ab,Portal to Phyrexia,50.0,25.0,0.5
Season-5,5f6927e1-c580-483a-8e2a-6e2deb74800e,Mox Jet,100.0,52.0,0.52
Season-5,600dca0f-5964-45e7-86df-f16a5b4a0106,General Ferrous Rokiric,0.0,0.0,0.0
Season-5,605c2218-9d12-4ac3-a721-fca590b89847,Karakas,83.0,46.0,0.5542168674698795
Season-5,60d0e6a6-629a-45a7-bfcb-25ba7156788b,Elvish Mystic,79.0,35.0,0.4430379746835443
Season-5,612b2e6e-fe8d-49ad-b845-6fa7fa59ffd1,Concealing Curtains // Revealing Eye,97.0,54.0,0.5567010309278351
Season-5,6151b583-3aa7-4be8-9d05-d5e53f19c6c9,Fastbond,80.0,34.0,0.425
Season-5,6171e136-1167-4329-acb2-6853d3a814e5,Goblin Welder,0.0,0.0,0.0
Season-5,61a28870-cf78-4323-9d82-cee764067764,Lightning Greaves,18.0,6.0,0.3333333333333333
Season-5,62b3f560-262b-4bc3-9aef-535fd7082c28,Vaultborn Tyrant,75.0,45.0,0.6
Season-5,62d37423-3445-412a-9abd-0480da404637,Phyrexian Fleshgorger,0.0,0.0,0.0
Season-5,635245e9-c27f-4a51-a6f1-bae62e696542,Lightstall Inquisitor,37.0,16.0,0.4324324324324324
Season-5,63af3c26-5b1f-46f6-9aa2-036c615bf5ea,Flash,78.0,46.0,0.5897435897435898
Season-5,63c59228-c742-4abd-b4d7-9f7880190e95,Windswept Heath,112.0,55.0,0.4910714285714285
Season-5,641b21e1-9188-4bc3-96e8-cda2acbc5ed5,Time Spiral,45.0,23.0,0.5111111111111111
Season-5,64a5d494-efa1-446b-bebe-2ad36e154376,"Ugin, Eye of the Storms",87.0,46.0,0.5287356321839081
Season-5,64bc9b1d-5818-4d9e-b771-e49af4ff9a5c,The Tabernacle at Pendrell Vale,39.0,14.0,0.358974358974359
Season-5,652236c2-84ef-45e4-b5fc-ed6170bc3d6c,Meticulous Archive,77.0,40.0,0.5194805194805194
Season-5,658cfcb7-81b7-48c6-9dd2-1663d06108cf,Fountainport,0.0,0.0,0.0
Season-5,661fc907-7003-45c6-820c-9616e9a71c30,Seething Landscape,67.0,40.0,0.5970149253731343
Season-5,66d80dd1-b944-4cb2-8578-b4dbcabbbc1e,Ophiomancer,0.0,0.0,0.0
Season-5,671c008a-8ff8-42d7-9e03-6d8a9ddace67,Faithless Looting,52.0,21.0,0.4038461538461538
Season-5,672b9b16-daef-44e6-9a3a-cfd9f3c78bc7,Pentad Prism,59.0,32.0,0.5423728813559322
Season-5,68841ca8-a043-4f30-9a17-e983ed960bc2,Demonic Tutor,94.0,54.0,0.574468085106383
Season-5,68924203-c3d9-41ce-8ca8-c6dd491eb3ca,Psychic Frog,86.0,46.0,0.5348837209302325
Season-5,68c72226-6f52-4322-8b14-18737293dfa0,Bloodstained Mire,106.0,53.0,0.5
Season-5,6920c895-bc98-4871-a53f-219fa27a74e5,Occult Epiphany,68.0,31.0,0.4558823529411764
Season-5,69490262-afc2-4692-8fac-b771a972c8f8,Volcanic Spite,76.0,41.0,0.5394736842105263
Season-5,6982a82c-dd32-40d2-8dd2-ec92d0fc6c2d,Phyrexian Revoker,35.0,14.0,0.4
Season-5,6989018c-37b1-4282-a4af-9cc97f160b4d,Oliphaunt,80.0,47.0,0.5875
Season-5,69af2825-18c2-4463-b6ba-42eaa070ccc1,"Grist, the Hunger Tide",68.0,29.0,0.4264705882352941
Season-5,69c1b656-1d67-499c-bf0f-417682a86c7d,Shadowy Backstreet,34.0,13.0,0.3823529411764705
Season-5,69c68c95-b788-43b1-9f22-1b22c5a00b25,Deep-Cavern Bat,104.0,58.0,0.5576923076923077
Season-5,6a058e68-70af-4a64-859c-c881e5578368,Chrome Mox,103.0,53.0,0.5145631067961165
Season-5,6aa5cc65-f8f1-4f6f-8b4e-2fedccbda684,"Rofellos, Llanowar Emissary",49.0,20.0,0.4081632653061224
Season-5,6ade6918-6d1d-448d-ab56-93996051e9a9,Sage of the Skies,42.0,21.0,0.5
Season-5,6bcafc2e-cef6-412d-8c5d-1658c3337292,Overlord of the Mistmoors,0.0,0.0,0.0
Season-5,6cc73d16-5ed7-4104-91f6-0997a2080e2e,Embereth Shieldbreaker // Battle Display,47.0,19.0,0.4042553191489361
Season-5,6da09e6a-2965-4855-bd41-41b41ba188fb,Through the Breach,25.0,17.0,0.68
Season-5,6efb6a69-562c-4d95-858d-b067444cfd7e,Palantír of Orthanc,61.0,31.0,0.5081967213114754
Season-5,6f26faca-f338-4ce5-a218-6a61d40fc50a,Tendrils of Agony,11.0,5.0,0.4545454545454545
Season-5,6f2cec5d-50ea-4d0f-8925-eba06222d015,"Shelinda, Yevon Acolyte",30.0,18.0,0.6
Season-5,6fd672bb-18cf-44e3-8dda-5310b1e0fffe,Godless Shrine,56.0,25.0,0.4464285714285714
Season-5,70496f16-c4c0-4c03-beef-454eb4824cd1,Deathrite Shaman,66.0,32.0,0.4848484848484848
Season-5,7054012b-4f9d-44a0-aaf9-7fd3bddc7b2d,Slickshot Show-Off,66.0,24.0,0.3636363636363636
Season-5,70e33f45-7d47-423b-a123-8541f1d1afb4,Lingering Souls,62.0,32.0,0.5161290322580645
Season-5,71384418-173a-4f77-adab-56e52fa23692,Delighted Halfling,103.0,53.0,0.5145631067961165
Season-5,729daf0e-b822-41bd-a908-ca8ec34032f0,Tropical Island,55.0,29.0,0.5272727272727272
Season-5,72c6d541-e2cb-4d6e-acac-90a8f53b7006,Elegant Parlor,59.0,31.0,0.5254237288135594
Season-5,73a065e3-b530-4e62-ab3c-4f6f908184ec,"Elspeth, Storm Slayer",61.0,32.0,0.5245901639344263
Season-5,73cc6df4-3564-4ace-bf8a-eac3e62d725a,Ursine Monstrosity,107.0,55.0,0.514018691588785
Season-5,748e6a61-9c1f-4225-9f04-e54002f63ac3,Savai Triome,55.0,27.0,0.4909090909090909
Season-5,74d29b3d-f588-431d-bf4e-f7215683ab39,Tangle Wire,56.0,26.0,0.4642857142857143
Season-5,758f95f8-bcb0-43ae-b474-56ebd855951e,Lion's Eye Diamond,39.0,20.0,0.5128205128205128
Season-5,75cf4eb8-33e7-4dfc-b890-a7e3b5c1b9d5,,0.0,0.0,0.0
Season-5,75fdce80-e338-4a50-bdc6-786511feaeef,Ziatora's Proving Ground,47.0,27.0,0.574468085106383
Season-5,76c3cad2-1e25-4abe-878d-9194de6fcc27,Guide of Souls,94.0,55.0,0.5851063829787234
Season-5,773199f9-c83b-4a77-8342-9f1552ecf595,Intrepid Adversary,73.0,41.0,0.5616438356164384
Season-5,7740ff55-67bb-409e-90f7-2c2c8b8c770a,"Valgavoth, Terror Eater",65.0,24.0,0.3692307692307692
Season-5,777fcc21-2856-4181-8ecd-c272f9769e36,"Wan Shi Tong, All-Knowing",37.0,24.0,0.6486486486486487
Season-5,7832abb5-5107-4603-904e-491b221bd3e3,Smuggler's Copter,104.0,54.0,0.5192307692307693
Season-5,784287c2-43c5-4210-93ae-cdd33b9acb1b,Commune with Beavers,55.0,26.0,0.4727272727272727
Season-5,78cef262-c753-4658-b3ec-fec8db47f944,Palace Jailer,101.0,37.0,0.3663366336633663
Season-5,7aa37f85-5336-4372-97a2-9c8b00798c7a,Tough Cookie,0.0,0.0,0.0
Season-5,7b54447f-1daf-4352-b5c3-3c0ec8b8f4d0,Unwanted Remake,52.0,23.0,0.4423076923076923
Season-5,7c024bae-5631-4e20-ac69-df392ac9e109,Orcish Bowmasters,96.0,53.0,0.5520833333333334
Season-5,7c353e83-4b63-4bc6-b029-273d2eca1f75,Upheaval,48.0,28.0,0.5833333333333334
Season-5,7c59e0cd-10a8-4a32-9c0a-a2c6ef1ed9a6,Unable to Scream,0.0,0.0,0.0
Season-5,7c884e1e-fecb-4330-b3de-5fc2a60f7173,Kolaghan's Command,88.0,50.0,0.5681818181818182
Season-5,7d48d622-f397-4f31-b1a5-0c23f60aa71c,Mana Tithe,84.0,49.0,0.5833333333333334
Season-5,7ea4b5bc-18a4-45db-a56a-ab3f8bd2fb0d,Ledger Shredder,57.0,27.0,0.4736842105263157
Season-5,7eb39e97-53c2-4df0-9fb3-a3d6a24ec41f,Avacyn's Pilgrim,88.0,35.0,0.3977272727272727
Season-5,7f7e780e-fbc5-4dc0-b5c7-efcb8645c7c6,Ertai Resurrected,46.0,21.0,0.4565217391304347
Season-5,80c72839-0fa6-4b5f-83b7-6553ebf09bef,"Otharri, Suns' Glory",62.0,33.0,0.532258064516129
Season-5,80fca8c0-ae3e-439e-b202-228b9f360e9a,Portable Hole,0.0,0.0,0.0
Season-5,819a513c-3be6-4bdc-8ba6-1f7326a8f3ea,Fiery Confluence,116.0,65.0,0.5603448275862069
Season-5,825969b9-3c70-4fca-8cab-696e9ca7cdb2,Prismatic Ending,65.0,34.0,0.5230769230769231
Season-5,85a89077-b384-4fca-9d26-7297962c1541,Kappa Cannoneer,57.0,20.0,0.3508771929824561
Season-5,8616629e-08f9-41ad-bfec-f86c8096f1cb,Enduring Curiosity,0.0,0.0,0.0
Season-5,866b7fd4-86e3-4b42-b1ea-33bad0db1f9f,Prismari Command,104.0,60.0,0.5769230769230769
Season-5,8683a978-1bef-4b01-9361-56b1fc157d26,Courser of Kruphix,52.0,31.0,0.5961538461538461
Season-5,87cc2855-6b14-44dd-a398-7dc2bbae081f,Kaldra Compleat,27.0,11.0,0.4074074074074074
Season-5,8870ef0b-cb1f-463b-8509-fece4743d3d4,Ramunap Excavator,73.0,27.0,0.3698630136986301
Season-5,89175ce1-0746-4ba1-970e-617d134b0527,"Gau, Feral Youth",65.0,28.0,0.4307692307692308
Season-5,89345f55-2b32-4356-945a-d56dded39909,Preacher of the Schism,63.0,28.0,0.4444444444444444
Season-5,89af0f45-c11c-4f13-9950-b1489440ee5b,Chain Lightning,106.0,52.0,0.490566037735849
Season-5,89f5cc05-5d9d-4709-b3c5-a6249c294acc,Hexdrinker,115.0,57.0,0.4956521739130435
Season-5,8a720448-017f-4f4a-9501-678245eaed17,Mishra's Bauble,89.0,48.0,0.5393258426966292
Season-5,8c2996d9-3287-4480-8c04-7a378e37e3cf,Flooded Strand,107.0,63.0,0.5887850467289719
Season-5,8c39f9b4-02b9-4d44-b8d6-4fd02ebbb0c5,"Narset, Parter of Veils",92.0,43.0,0.4673913043478261
Season-5,8ca3c48b-f104-4292-9a4e-2ce87a65893c,Mutavault,72.0,36.0,0.5
Season-5,8db735ea-f9cf-4e3c-9200-4f180df55baa,Fractured Identity,61.0,25.0,0.4098360655737705
Season-5,8e42df9e-95f2-4c79-9274-2d16e3cd91f1,"Thalia, Guardian of Thraben",46.0,18.0,0.391304347826087
Season-5,8ff57c8b-173e-4a72-a0a0-1ad2d5cc6e5e,Spectacular Spider-Man,75.0,35.0,0.4666666666666667
Season-5,900c9dfd-ece1-4b09-a801-0fa05e1994b9,Fallen Shinobi,35.0,22.0,0.6285714285714286
Season-5,90107d10-e2aa-4cb7-a000-039f0c581b47,Simic Signet,0.0,0.0,0.0
Season-5,906b6e99-128f-4c11-8daf-16099d35b0d4,Assassin's Trophy,45.0,21.0,0.4666666666666667
Season-5,907b3d1d-8c85-4707-80b5-c4d832df9846,Tishana's Tidebinder,30.0,8.0,0.2666666666666666
Season-5,926916ed-2f22-4ba9-9427-194886ad6c1e,Urza's Cave,0.0,0.0,0.0
Season-5,928036c9-11b8-493e-b9f2-8fbd3487cd19,"Minsc & Boo, Timeless Heroes",82.0,46.0,0.5609756097560976
Season-5,939c6e19-4b27-4023-bb9c-ae440f91e21c,Shadowspear,44.0,17.0,0.3863636363636363
Season-5,93f99e67-901f-4c8d-8a09-e443b7eb928f,Archangel Elspeth,75.0,43.0,0.5733333333333334
Season-5,9417f14c-a853-42c6-a992-29139484260a,Ignoble Hierarch,87.0,44.0,0.5057471264367817
Season-5,94b67489-5eb0-4406-9bf3-27e50dc632eb,"Nadu, Winged Wisdom",62.0,27.0,0.4354838709677419
Season-5,94c6fdd8-21e7-48ae-aa05-a3666b928c1a,Timetwister,105.0,51.0,0.4857142857142857
Season-5,94d74254-4750-4fb3-9e53-473a5f98b315,,0.0,0.0,0.0
Season-5,952ba126-0915-47f0-9b6a-a0a6dcd22c6f,Moat,18.0,9.0,0.5
Season-5,95be2701-af7c-483e-8165-e8bd4b2774ed,Opposition,45.0,17.0,0.3777777777777777
Season-5,95c14c4d-6c16-4826-8d93-d89ad04aee09,"Etali, Primal Conqueror // Etali, Primal Sickness",73.0,37.0,0.5068493150684932
Season-5,96b6b2e1-c3e6-464c-8a13-b15deb34e862,Aetherflux Reservoir,0.0,0.0,0.0
Season-5,96c5607b-55fe-43c2-93fe-0084d84499d9,Deep Forest Hermit,36.0,14.0,0.3888888888888889
Season-5,9721f8da-39ed-4ada-a571-61e08a86032b,Broadside Bombardiers,105.0,58.0,0.5523809523809524
Season-5,972f3582-ad7c-4fe9-af29-90fa695a623f,Depthshaker Titan,9.0,3.0,0.3333333333333333
Season-5,97b9bab9-12ee-4da5-9d53-d0b82d9279cd,Pyrite Spellbomb,67.0,30.0,0.4477611940298507
Season-5,97d08a15-e61c-4421-a541-c68a4f87cb74,Forensic Gadgeteer,45.0,14.0,0.3111111111111111
Season-5,9814d8e8-c462-41ca-9909-1c659f488543,Lotus Petal,72.0,36.0,0.5
Season-5,985453e7-997e-4d77-a338-cc0290791ebe,Finale of Devastation,17.0,7.0,0.4117647058823529
Season-5,985bdb0c-ce6c-4506-8163-76f3b2fdf5fb,Lose Focus,102.0,52.0,0.5098039215686274
Season-5,98e7bf8f-dba7-4005-8cee-634c9153931d,Phantasmal Image,71.0,38.0,0.5352112676056338
Season-5,991037a2-fea2-49f5-8ace-ebbf9f678cff,Talisman of Dominance,46.0,25.0,0.5434782608695652
Season-5,995486ce-58bb-4753-a812-0ca73ef1a235,Gitaxian Probe,95.0,50.0,0.5263157894736842
Season-5,99ff731b-8399-40c8-b539-ba6ba5783771,Wasteland,64.0,25.0,0.390625
Season-5,9a71531f-d4b6-4cc7-8193-b2f5bce33b21,Night Scythe,10.0,6.0,0.6
Season-5,9a9a1df5-a4e8-49a4-aebe-ca93894ccfcf,Dimir Signet,0.0,0.0,0.0
Season-5,9b32531e-c759-4603-abd0-1724e8df70db,Tribal Flames,18.0,10.0,0.5555555555555556
Season-5,9b76bcd4-580a-4435-afe9-290940b1837f,Spell Queller,28.0,12.0,0.4285714285714285
Season-5,9b911653-7b96-4cf3-a907-13c5c53a14f7,Overlord of the Balemurk,48.0,34.0,0.7083333333333334
Season-5,9bb0ee6a-852a-4f1e-8f03-40b6d505bc82,,0.0,0.0,0.0
Season-5,9cbb7b4e-bd32-44a0-9396-16738c5e4381,The Last Ride,27.0,8.0,0.2962962962962963
Season-5,9d3a7998-ccac-45ad-a4e9-3a2cb057f63b,Elite Spellbinder,95.0,56.0,0.5894736842105263
Season-5,9d48aaff-46ab-411b-9456-171d4709f951,Fear of Missing Out,85.0,47.0,0.5529411764705883
Season-5,9e7fb3c0-5159-4d1f-8490-ce4c9a60f567,"Urza, Lord High Artificer",94.0,44.0,0.4680851063829787
Season-5,9efbfd67-e0f5-43e0-9fff-1eb4a2bed0d8,Marauding Mako,57.0,32.0,0.5614035087719298
Season-5,a0b6a71e-56cb-4d25-8f2b-7a4f1b60900d,"Uro, Titan of Nature's Wrath",33.0,11.0,0.3333333333333333
Season-5,a1176dcf-40ee-4342-aa74-791b8352e99a,Scrawling Crawler,88.0,38.0,0.4318181818181818
Season-5,a15570c0-4210-4959-8584-987ec85f8283,Wight of the Reliquary,11.0,3.0,0.2727272727272727
Season-5,a178cfe8-f9fa-4255-88d0-54a0bed079f5,Malevolent Rumble,86.0,43.0,0.5
Season-5,a1febcf1-afa4-4406-9ac1-5bf98b2765d2,Time Walk,102.0,61.0,0.5980392156862745
Season-5,a211d505-4d40-4914-a9da-220770d6ddbc,Consider,54.0,30.0,0.5555555555555556
Season-5,a249b1f4-2b22-4b67-a207-e0c4ae95d2e1,Ketria Triome,58.0,31.0,0.5344827586206896
Season-5,a24e8dba-5c86-4e32-8a52-61402f7fe9f0,Containment Priest,56.0,29.0,0.5178571428571429
Season-5,a2c56479-4bee-4edb-80d7-4af010b7c793,Raffine's Tower,68.0,33.0,0.4852941176470588
Season-5,a3012af9-621d-4fae-b00d-079a89ae35fe,Harvester of Misery,0.0,0.0,0.0
Season-5,a3b1b58d-b7f1-404f-aec6-b19cef4bebbd,Unruly Krasis,34.0,11.0,0.3235294117647059
Season-5,a3bb2881-e8fb-4fba-a9f9-d93e6ca24378,"Laelia, the Blade Reforged",117.0,67.0,0.5726495726495726
Season-5,a50d79fe-6d37-42f3-b7b0-0c3018282fa2,End-Raze Forerunners,39.0,13.0,0.3333333333333333
Season-5,a55c4d47-5252-40af-961d-c08bc688028a,Goblin Engineer,0.0,0.0,0.0
Season-5,a6539e26-b63b-4725-9407-caaf451de084,Troll of Khazad-dûm,103.0,56.0,0.5436893203883495
Season-5,a6a62aa3-8edb-4000-8ebd-15ec4b00eed7,,0.0,0.0,0.0
Season-5,a6d9b8d6-1e97-4e9c-b0c4-3b71734134a4,"Scarlet Spider, Ben Reilly",30.0,16.0,0.5333333333333333
Season-5,a76fa8d4-923d-4afc-ba47-ba10fc0fe46e,"Comet, Stellar Pup",36.0,15.0,0.4166666666666667
Season-5,a7a8b6b8-b95f-4014-b17a-a6d44d965995,City of Traitors,36.0,14.0,0.3888888888888889
Season-5,a8069994-b103-40dc-9e14-062004914ec8,Cathar Commando,99.0,54.0,0.5454545454545454
Season-5,a87606cc-fbf0-4e2c-9798-f1c935d0573d,Esika's Chariot,48.0,25.0,0.5208333333333334
Season-5,a9225cc3-90f0-448f-a8d9-7c6c2796d077,Sheoldred's Edict,67.0,36.0,0.5373134328358209
Season-5,a93e3406-4e29-4bc0-ae52-cbd2ac1f99a4,"Alesha, Who Laughs at Fate",0.0,0.0,0.0
Season-5,a9738cda-adb1-47fb-9f4c-ecd930228c4d,"Ragavan, Nimble Pilferer",105.0,51.0,0.4857142857142857
Season-5,aaae15dd-11b6-4421-99e9-365c7fe4a5d6,Embercleave,39.0,15.0,0.3846153846153846
Season-5,aac0c8df-f01d-4178-8d66-ee603f814d24,Mishra's Workshop,55.0,27.0,0.4909090909090909
Season-5,ab1d1461-1625-4163-aacd-a939f4871fad,Staff of the Storyteller,74.0,33.0,0.4459459459459459
Season-5,ab9f6a1b-8467-4584-affd-8c71d3e34d2f,"Akal Pakal, First Among Equals",0.0,0.0,0.0
Season-5,abcd0e32-2e6b-419b-9e8a-af38f2b48a66,Monastery Mentor,37.0,17.0,0.4594594594594595
Season-5,aced2c55-7543-4076-bcdd-36c4d649b8ae,Mox Emerald,108.0,54.0,0.5
Season-5,af09af65-0a3b-42df-b0fd-372e2158beac,Academy Ruins,0.0,0.0,0.0
Season-5,af7091c9-5f98-4078-a42b-c9e057346d9b,Hallowed Fountain,93.0,41.0,0.4408602150537634
Season-5,b045c28a-39f9-4cd9-8f3a-a626b697f409,Cathartic Pyre,96.0,50.0,0.5208333333333334
Season-5,b0c5728e-43e7-417a-ba18-5038345cec67,Arcane Denial,83.0,51.0,0.6144578313253012
Season-5,b256ddc8-8b12-434c-a610-1a872e948f2f,White Plume Adventurer,93.0,42.0,0.4516129032258064
Season-5,b277752b-430a-4f09-8a98-b72f813dd52e,Bountiful Landscape,65.0,27.0,0.4153846153846154
Season-5,b2996f07-9dbc-444f-aaae-710866da2b4b,Cosmic Spider-Man,18.0,8.0,0.4444444444444444
Season-5,b34bf7fd-9fe3-43e2-8cfe-7ce7cff08afe,Stonecoil Serpent,65.0,32.0,0.4923076923076923
Season-5,b3c1e5e3-4e6b-456a-958c-7a75c38f8183,Cosmogrand Zenith,45.0,22.0,0.4888888888888889
Season-5,b3da28c7-6e92-439d-a163-91682d4f11dc,Shattered Landscape,65.0,30.0,0.4615384615384615
Season-5,b3dd3c7d-4685-4579-b483-14ddaaaddf5b,Scythecat Cub,81.0,38.0,0.4691358024691358
Season-5,b50e1800-a45c-43bd-8886-8a06145d9346,Recurring Nightmare,45.0,12.0,0.2666666666666666
Season-5,b51666ae-2aef-4cb1-9cd4-44aec81530f8,Griselbrand,64.0,29.0,0.453125
Season-5,b598c93e-dae1-4d71-a9e4-917abf76d2d0,Raucous Theater,49.0,23.0,0.4693877551020408
Season-5,b5aaaee0-9a61-45df-821e-cce516f8de6a,Old One Eye,67.0,26.0,0.3880597014925373
Season-5,b6876d9e-0908-43ac-8542-09c7aa02b5ba,Tarmogoyf,17.0,8.0,0.4705882352941176
Season-5,b689a206-aec3-4a31-95cf-3d4b840db04c,Securitron Squadron,33.0,15.0,0.4545454545454545
Season-5,b6cb2549-e485-44d6-9d65-7605c568909e,Unearth,62.0,31.0,0.5
Season-5,b768efa2-e56b-4a7e-ace8-d673f10e0714,Birthing Pod,32.0,14.0,0.4375
Season-5,b7f16fdf-a3f5-462d-a64a-789d893b6ef5,Batterskull,29.0,17.0,0.5862068965517241
Season-5,b83cfbaa-7890-4f6f-878b-4edb45677371,Skyclave Apparition,93.0,44.0,0.4731182795698925
Season-5,b841bfa8-7c17-4df2-8466-780ab9a4a53a,Fabled Passage,103.0,49.0,0.4757281553398058
Season-5,b8aa7126-5df3-42dd-b4a3-0d0ea59eeebd,Helping Hand,56.0,31.0,0.5535714285714286
Season-5,b90331d4-74f0-43bf-8ed2-f8616d782859,Basalt Monolith,29.0,16.0,0.5517241379310345
Season-5,bb41ff5c-9617-4033-a4fa-99323640b9c3,Duress,103.0,59.0,0.5728155339805825
Season-5,bb9ad57f-cca2-4717-a951-cbe3c7782efe,Recruiter of the Guard,26.0,13.0,0.5
Season-5,bbec97ff-bb84-4496-9e09-d4fc1570c516,Mawloc,78.0,44.0,0.5641025641025641
Season-5,bce84a87-093a-42de-9696-8c3250e0f33b,Goblin Rabblemaster,0.0,0.0,0.0
Season-5,bd3d4b4b-cf31-4f89-8140-9650edb03c7b,Ancient Tomb,74.0,38.0,0.5135135135135135
Season-5,bd8fa327-dd41-4737-8f19-2cf5eb1f7cdd,Black Lotus,114.0,65.0,0.5701754385964912
Season-5,bdb41396-5008-4a5f-92ca-54ecac42e926,Cave of the Frost Dragon,0.0,0.0,0.0
Season-5,be77b98a-dd79-477c-8ab2-7ebf5637a89e,Headliner Scarlett,82.0,47.0,0.573170731707317
Season-5,bf220c06-3cce-4bdd-aa58-83940c223e9c,Commercial District,49.0,23.0,0.4693877551020408
Season-5,bfa4e927-1d6f-4a64-9801-7d168a5ef3f6,Astrologian's Planisphere,65.0,29.0,0.4461538461538462
Season-5,c14098d6-28ae-492f-8ffc-7d115d83ce6a,Summon: Good King Mog XII,36.0,12.0,0.3333333333333333
Season-5,c17816e8-28b1-4295-a637-efb0e5c18873,Lush Portico,66.0,27.0,0.4090909090909091
Season-5,c1e0f201-42cb-46a1-901a-65bb4fc18f6c,Urza's Saga,74.0,43.0,0.581081081081081
Season-5,c2089ec9-0665-448f-bfe9-d181de127814,Brazen Borrower // Petty Theft,90.0,53.0,0.5888888888888889
Season-5,c3896705-bbd2-4ffb-a590-ee78e0eabdc5,Long Goodbye,61.0,25.0,0.4098360655737705
Season-5,c565f8fe-acf7-40dd-8100-8f692d1e232c,Talon Gates of Madara,26.0,12.0,0.4615384615384615
Season-5,c78da035-6b5b-4136-9ab6-f622b64fdc54,Unstoppable Slasher,106.0,53.0,0.5
Season-5,c7bbb911-9de2-455d-9677-e1004db65dbd,"Chandra, Torch of Defiance",88.0,48.0,0.5454545454545454
Season-5,c8090bcf-e17a-4110-a518-77ccd045b18f,Charming Scoundrel,74.0,36.0,0.4864864864864865
Season-5,c86b8a75-9e31-4a44-95b8-c83b9a49646f,Ocelot Pride,98.0,51.0,0.5204081632653061
Season-5,c8f0b123-fdb0-4f3e-ba78-fa155c227e20,Greasewrench Goblin,77.0,44.0,0.5714285714285714
Season-5,ca4c8b04-66af-4cb3-8003-9088d8344b20,Alpha Deathclaw,45.0,20.0,0.4444444444444444
Season-5,cb94a02f-4660-45b6-8a39-941b710cf8f3,Collective Brutality,102.0,51.0,0.5
Season-5,cbac1d27-15e2-4e2f-82ab-625a16e096cb,Enlightened Tutor,0.0,0.0,0.0
Season-5,cc520518-2063-4b57-a0d4-10cf62a7175e,Zagoth Triome,72.0,27.0,0.375
Season-5,cd062615-648f-4cc7-9373-520f3f6a90e3,Spitting Dilophosaurus,0.0,0.0,0.0
Season-5,cdfadb17-76ad-4d4d-9fa7-33c4b88b4c0a,Sowing Mycospawn,44.0,22.0,0.5
Season-5,ce01ff8f-a037-484f-9148-c847ffaabc5a,"Lotho, Corrupt Shirriff",0.0,0.0,0.0
Season-5,ce35e6fb-ff54-44c4-a216-7ddd37f46882,Screaming Nemesis,96.0,52.0,0.5416666666666666
Season-5,ce54c7c1-3401-4414-8da0-5846cb0ae1b4,Channel,0.0,0.0,0.0
Season-5,ce648aa3-098b-4af0-a433-fd290bc85904,Balance,74.0,41.0,0.5540540540540541
Season-5,cea3b218-0e6e-443a-84f7-380f1021e8e1,Barrowgoyf,113.0,56.0,0.495575221238938
Season-5,cf3eb762-6c3f-4b11-a4f9-968f79370217,Mystic Confluence,90.0,53.0,0.5888888888888889
Season-5,d0e3e7b3-7ba9-47a2-b46c-a40bffb445e2,Twisted Landscape,84.0,50.0,0.5952380952380952
Season-5,d13a898e-6a97-4fd9-980e-3bfd8d755386,Tarfire,88.0,40.0,0.4545454545454545
Season-5,d2124603-d20e-40eb-97f0-a66323397ac2,Bolas's Citadel,10.0,3.0,0.3
Season-5,d2507bc2-da17-4e46-b4c5-ba0080ce2c6f,Rishadan Port,56.0,32.0,0.5714285714285714
Season-5,d2e27911-87cb-49a0-a34f-6afe4bddd592,Phyrexian Metamorph,106.0,48.0,0.4528301886792453
Season-5,d40b65c1-b24d-492d-81b9-d8474ebdc08c,Sylvan Caryatid,94.0,40.0,0.425531914893617
Season-5,d51269cf-a333-4a64-94cd-245798d840d2,Elder Gargaroth,66.0,31.0,0.4696969696969697
Season-5,d5806e68-1054-458e-866d-1f2470f682b2,The One Ring,97.0,49.0,0.5051546391752577
Season-5,d67be074-cdd4-41d9-ac89-0a0456c4e4b2,"Sheoldred, the Apocalypse",110.0,54.0,0.4909090909090909
Season-5,d6ec3293-b09e-4931-ac4e-dc5eac0ca004,Mana Vault,98.0,40.0,0.4081632653061224
Season-5,d79b8974-796c-4f88-a0cb-5afbaf26fd24,Digsite Engineer,0.0,0.0,0.0
Season-5,d7a8cc1d-aabb-4eb6-b0f1-6c93ec246f61,Court of Garenbrig,43.0,19.0,0.4418604651162791
Season-5,d91a527d-51f1-4fb1-9016-fc923fd43a6a,Azorius Signet,0.0,0.0,0.0
Season-5,d9482aab-6ddf-48e1-84fa-b13d5ff81e69,Icetill Explorer,63.0,26.0,0.4126984126984127
Season-5,da13a060-36ee-41e9-bab1-af8ddcc893b8,Norman Osborn // Green Goblin,54.0,24.0,0.4444444444444444
Season-5,db2a5e85-6cbc-43c1-9362-4056ad017ef0,Pyrokinesis,37.0,17.0,0.4594594594594595
Season-5,dcb94950-3f3e-4876-84f8-d5e4d9cfecee,Charming Prince,65.0,24.0,0.3692307692307692
Season-5,dd16222e-349c-4a2b-a7c8-8eb35a8ab332,Static Prison,99.0,55.0,0.5555555555555556
Season-5,de0e01e4-e143-47fd-8565-7b48219bb546,Goldvein Hydra,91.0,36.0,0.3956043956043956
Season-5,df3784d4-80cd-4f78-afb3-d61f3bab5b2c,Zealous Conscripts,76.0,32.0,0.4210526315789473
Season-5,df9d9075-2d1e-4848-b661-816d539e05eb,Emperor of Bones,94.0,48.0,0.5106382978723404
Season-5,e16ab44e-4257-4c0c-b705-8ac1e9c1d835,Touch the Spirit Realm,34.0,16.0,0.4705882352941176
Season-5,e20da6b5-1057-4a28-9e85-07de714e262f,"Wan Shi Tong, Librarian",37.0,17.0,0.4594594594594595
Season-5,e2312c49-1627-47ad-8113-78a999a97d8d,Contaminated Landscape,37.0,12.0,0.3243243243243243
Season-5,e41cf82d-3213-47ce-a015-6e51a8b07e4f,Questing Beast,96.0,45.0,0.46875
Season-5,e4775a26-0b66-40e9-8f64-41d9308ca032,"Surrak, Elusive Hunter",90.0,44.0,0.4888888888888889
Season-5,e4e6794a-feeb-4fc8-a2ee-38c75c18aaae,Heartless Act,92.0,45.0,0.4891304347826087
Season-5,e5145f31-a4ac-44ef-8f85-e4d95f2c9ff5,Library of Alexandria,77.0,49.0,0.6363636363636364
Season-5,e58e681e-a069-4414-aafe-634c7987fd0d,Swords to Plowshares,99.0,52.0,0.5252525252525253
Season-5,e6befbc4-1320-4f26-bd9f-b1814fedda10,Grief,85.0,53.0,0.6235294117647059
Season-5,e6d7fba8-a157-4d81-9d6b-bd210a96b248,Gleemox,106.0,55.0,0.5188679245283019
Season-5,e7b3ddca-69ef-4743-897b-57c58077db24,Time Warp,41.0,18.0,0.4390243902439024
Season-5,e7c53ba4-9956-4cd6-85ca-2d6b61a5127c,Dance of the Dead,54.0,26.0,0.4814814814814814
Season-5,e9a268ba-c442-4fe4-90b4-2810c8474f4e,Caustic Bronco,56.0,34.0,0.6071428571428571
Season-5,e9be371c-c688-44ad-ab71-bd4c9f242d58,Force of Negation,73.0,37.0,0.5068493150684932
Season-5,ea1feac0-d3a7-45eb-9719-1cdaf51ea0b6,Mox Sapphire,102.0,54.0,0.5294117647058824
Season-5,ebc01ab4-d89a-4d25-bf54-6aed33772f4b,Force of Will,87.0,46.0,0.5287356321839081
Season-5,ebeafbc2-0399-4335-8f63-76a3e085e8c6,Evolved Sleeper,63.0,28.0,0.4444444444444444
Season-5,ec3de5f4-bb55-4ab9-995f-f3e0dc22c1bb,Voice of Victory,105.0,56.0,0.5333333333333333
Season-5,ec59ed99-ce40-489a-b776-8874bec60393,Trash for Treasure,0.0,0.0,0.0
Season-5,eca8d6f8-c6f1-437c-99e2-4281eae14a6f,Fateful Absence,80.0,42.0,0.525
Season-5,ecc1027a-8c07-44a0-bdde-fa2844cff694,Vivi Ornitier,0.0,0.0,0.0
Season-5,ed0216a0-c5c9-4a99-b869-53e4d0256326,Mox Pearl,101.0,43.0,0.4257425742574257
Season-5,ee8e9928-d9b2-4570-adb8-44b34115decd,Tireless Tracker,94.0,46.0,0.4893617021276595
Season-5,eeeffc0b-dc92-458e-ad58-86ff6077a508,Sentinel of the Nameless City,97.0,46.0,0.4742268041237113
Season-5,efda91fa-03b2-4fb4-ae07-b45f6c6d3eab,Yawgmoth's Will,19.0,10.0,0.5263157894736842
Season-5,f0192cf7-3391-4720-b9c8-72dec5dde01e,Bloodtithe Harvester,85.0,48.0,0.5647058823529412
Season-5,f05e9a3e-8a35-4687-85cb-e31b3927a5e2,Daze,107.0,62.0,0.5794392523364486
Season-5,f1a21287-e244-4960-84fb-c4f6e5c346d9,Third Path Iconoclast,80.0,39.0,0.4875
Season-5,f1b8413f-c9fc-4cea-b416-a1fcf651b009,Sylvan Safekeeper,56.0,25.0,0.4464285714285714
Season-5,f1e5cafb-b0e6-4ee5-8c58-6f8e5ef2b9da,Virtue of Persistence // Locthwain Scorn,76.0,44.0,0.5789473684210527
Season-5,f231caf8-56c0-4719-a90d-5e5efbee3148,Den of the Bugbear,58.0,34.0,0.5862068965517241
Season-5,f252ae53-443c-4a27-b8f0-639a9a2b8598,Pestermite,0.0,0.0,0.0
Season-5,f33d3948-fe7b-4c3b-ab67-1022623fbb2b,"Toby, Beastie Befriender",71.0,34.0,0.4788732394366197
Season-5,f3405184-dcda-4bb6-ade6-c2a87bc3296d,Sleight of Hand,29.0,13.0,0.4482758620689655
Season-5,f3537373-ef54-4578-9d05-6216420ee349,Esper Sentinel,84.0,41.0,0.4880952380952381
Season-5,f44e5128-e146-4e46-b313-a40d82719d1d,Spirit of the Labyrinth,0.0,0.0,0.0
Season-5,f46a9329-7b91-441d-8653-50c1152c9120,"Kellan, Planar Trailblazer",78.0,37.0,0.4743589743589743
Season-5,f5881bbc-8600-464d-9dcd-5a7780918d1d,Galvanic Blast,0.0,0.0,0.0
Season-5,f5fb426a-5618-4dd4-9c51-0cc847be8c1d,Multiversal Passage,71.0,35.0,0.4929577464788732
Season-5,f61693a2-7042-44e0-85ba-9bf12ab94e7e,Suplex,101.0,48.0,0.4752475247524752
Season-5,f62fd592-4910-417d-a500-e7029f3d119f,Kitesail Freebooter,99.0,50.0,0.5050505050505051
Season-5,f632be90-9e7f-41f8-a52e-a2952354d730,Descendant of Storms,76.0,36.0,0.4736842105263157
Season-5,f6ca59cd-8779-4a84-a54b-e863b79c61f0,Underground Mortuary,55.0,17.0,0.3090909090909091
Season-5,f823be95-bef4-4e86-a924-239be62394bf,Izzet Signet,0.0,0.0,0.0
Season-5,f83ed433-fae3-4fa5-acad-bb8a5b535ce3,Coveted Jewel,20.0,11.0,0.55
Season-5,f88d81d9-8ded-4c20-8237-2218046595fb,"Shadow, Mysterious Assassin",47.0,22.0,0.4680851063829787
Season-5,f9246b68-580f-4f53-883d-7900880e4b0d,Six,73.0,34.0,0.4657534246575342
Season-5,f9287151-95df-4f5a-b32a-4b0aea825452,Karn Liberated,0.0,0.0,0.0
Season-5,fa6ac7d2-0127-49a8-b7d2-a38308d3c27b,"Liliana, the Last Hope",0.0,0.0,0.0
Season-5,fa7a55aa-ae61-4933-b7a4-dcc55dac6fcd,"Inti, Seneschal of the Sun",111.0,62.0,0.5585585585585585
Season-5,fa7b7897-36e0-415a-8bb7-602886164852,Show and Tell,53.0,26.0,0.490566037735849
Season-5,fa87bf1e-2062-4983-b1c4-98bffea69a4c,Pyrogoyf,95.0,59.0,0.6210526315789474
Season-5,fadb218d-29e2-42d1-a7a1-1066741d63ad,Mox Diamond,108.0,58.0,0.5370370370370371
Season-5,fc310a26-b6a0-4e42-98ab-bdfd7b06cb63,"Beza, the Bounding Spring",68.0,36.0,0.5294117647058824
Season-5,fc7d1912-7e27-49ef-bd98-375d975a42b0,Starting Town,96.0,47.0,0.4895833333333333
Season-5,fd52688a-39fd-430f-b950-cb56e0004396,Talisman of Curiosity,48.0,25.0,0.5208333333333334
Season-5,fd97b3cf-924e-4f77-bb82-0bf19592389f,Dreadhorde Arcanist,39.0,20.0,0.5128205128205128
Season-5,fd99bce1-ce39-464b-8e61-2631eb3ed6f6,Tolarian Academy,65.0,32.0,0.4923076923076923
Season-5,fe30c0ff-f74b-456a-a61e-3720d84d713f,Parallax Wave,114.0,59.0,0.5175438596491229
Season-5,fe964e7e-e2c5-4263-889d-0a531eb51442,Luminarch Aspirant,93.0,48.0,0.5161290322580645
Season-5,febaaeae-5c0d-45fa-8169-b27b4996f18e,Chrome Host Seedshark,0.0,0.0,0.0
Season-5,ff590af2-2d6c-4f16-a9b8-1a6dab6e9ad5,Echo of Eons,36.0,17.0,0.4722222222222222
Season-5,ff84ea71-e477-44f7-a3f8-77fef708efeb,Thieving Skydiver,69.0,37.0,0.5362318840579711
Season-6,0027e5ca-8046-40a0-bd73-79be55f28bff,Remand,20.0,11.0,0.55
Season-6,0049e68d-0caf-474f-9523-dad343f1250a,"Hogaak, Arisen Necropolis",0.0,0.0,0.0
Season-6,0055ea30-20fb-4324-a632-8fed87628f05,"Boseiju, Who Endures",10.0,7.0,0.7
Season-6,005dae9a-dddc-4a11-95bb-cce319edcce4,Skullclamp,11.0,5.0,0.4545454545454545
Season-6,006d2bf1-20f7-4b09-8d98-8233d91682bd,Flame Slash,20.0,10.0,0.5
Season-6,00cb17a0-5a13-4d02-b7fb-f99531bc8ca5,Dark Depths,0.0,0.0,0.0
Season-6,01006833-6007-4c16-9ebb-20d31c60a57a,Taiga,20.0,13.0,0.65
Season-6,01794178-cf41-454c-ac37-1d8b18e42db2,Green Sun's Zenith,10.0,5.0,0.5
Season-6,019b51b0-e5c6-4208-922b-7736686dddcd,Agatha's Soul Cauldron,11.0,3.0,0.2727272727272727
Season-6,01c6f877-6b00-4d57-8a88-36cd3b16edbc,Llanowar Elves,20.0,11.0,0.55
Season-6,01e7b0bc-1c6c-48f4-8b72-1a809f536c6c,Birds of Paradise,20.0,12.0,0.6
Season-6,02138fbb-3962-4348-8d31-faaefba0b8b2,Raugrin Triome,10.0,6.0,0.6
Season-6,02aea379-b444-46a3-82f4-3038f698d4f4,The Mightstone and Weakstone,0.0,0.0,0.0
Season-6,02c532e8-21f1-4d6f-a931-1ea48a6aeea2,Coalition Relic,10.0,3.0,0.3
Season-6,02d6d693-f1f3-4317-bcc0-c21fa8490d38,"Jace, Vryn's Prodigy // Jace, Telepath Unbound",11.0,6.0,0.5454545454545454
Season-6,02e8e540-8aa3-4e6a-9a11-c3949cab5f0f,"Tezzeret, Cruel Captain",10.0,2.0,0.2
Season-6,0324641d-af55-4c53-b4dc-c8262e967da5,Volcanic Island,20.0,8.0,0.4
Season-6,0359f212-9564-41a9-870b-d2c57455a695,Brainstorm,10.0,2.0,0.2
Season-6,039d62b0-3309-4424-a2ea-5a0d88d4bd72,The Underworld Cookbook,0.0,0.0,0.0
Season-6,045ce37b-86d2-4e56-84af-b6625b53d13c,Path to Exile,10.0,8.0,0.8
Season-6,04fc99dc-bfbe-4567-b791-6b1db96471ec,Reanimate,18.0,8.0,0.4444444444444444
Season-6,054f2276-2dd5-43da-bb26-c57c560861fe,Steam Vents,18.0,5.0,0.2777777777777778
Season-6,05690d52-06c4-40b1-8360-380418a83250,The Aetherspark,10.0,3.0,0.3
Season-6,05bd329b-5707-42fc-af1c-084cc604e805,Imperial Recruiter,0.0,0.0,0.0
Season-6,05bdd22c-3e11-4c29-bdfa-d3dfc0e90a9f,Bitter Triumph,20.0,8.0,0.4
Season-6,05cf51d8-9f91-42ff-99e9-4397f2251c20,Dark Confidant,9.0,4.0,0.4444444444444444
Season-6,0645f487-efe5-4764-b361-85e07bb5ccca,"Ulamog, the Infinite Gyre",8.0,2.0,0.25
Season-6,064dfdeb-485f-473e-9fa0-8fdb7638cdc6,Dismember,11.0,3.0,0.2727272727272727
Season-6,068bb15a-fc2d-42a2-859b-837b946d23c0,Underground Sea,19.0,7.0,0.3684210526315789
Season-6,06c0c35d-a26e-473a-9206-8fbda7191700,Entomb,21.0,10.0,0.4761904761904761
Season-6,06c9e8a7-2840-4cff-90af-c6636e598f78,Hardened Academic,0.0,0.0,0.0
Season-6,06cb1bd6-73e0-4104-b344-4bc52d7dcedf,Baleful Strix,9.0,4.0,0.4444444444444444
Season-6,071daca8-ccc6-4707-843e-adac40dd1588,Fury,8.0,8.0,1.0
Season-6,07313dd3-d0dc-40ca-98a3-fa4d39e5bcae,Oust,31.0,19.0,0.6129032258064516
Season-6,073bfdca-d7b8-4f4b-93f3-6e7c44bc0b0a,Sol Ring,10.0,5.0,0.5
Season-6,0783b426-a527-42c1-9271-be28b229e1c6,"Torsten, Founder of Benalia",8.0,8.0,1.0
Season-6,07a3d9e8-8597-498b-869c-cff79e0df516,"Karn, Scion of Urza",18.0,5.0,0.2777777777777778
Season-6,07c17b01-ee5d-491a-8403-b3f819b778c4,Wishclaw Talisman,8.0,8.0,1.0
Season-6,07d8ae46-14ec-4878-ba8a-a47d4508c6d7,Zealous Persecution,9.0,4.0,0.4444444444444444
Season-6,0845f0b0-9413-4ddd-861d-9607636bebc6,Natural Order,10.0,6.0,0.6
Season-6,08f79439-b8f8-418f-9772-26d81844749e,Enduring Innocence,10.0,8.0,0.8
Season-6,09521f23-52d6-482d-9f3b-c4d12fcc08cc,Tidehollow Sculler,0.0,0.0,0.0
Season-6,09fd2d9c-1793-4beb-a3fb-7a869f660cd4,Bonecrusher Giant // Stomp,20.0,13.0,0.65
Season-6,0a26d900-c652-4f9c-8681-a35c5f8b1937,Sacred Foundry,11.0,5.0,0.4545454545454545
Season-6,0a786855-6eb4-42c0-a528-4842db46809d,Stock Up,8.0,2.0,0.25
Season-6,0ad38866-fc5f-4f62-89c1-afc0f50765aa,Novice Inspector,19.0,10.0,0.5263157894736842
Season-6,0ad4c472-b8ce-4ae0-a6f0-726ea74722c5,Dread Fugue,0.0,0.0,0.0
Season-6,0adcd4e5-d542-4293-8774-ace2305ef820,Walk-In Closet // Forgotten Cellar,0.0,0.0,0.0
Season-6,0c0e7131-db26-448d-afda-f48337a026f0,Pyroclasm,0.0,0.0,0.0
Season-6,0c3bc412-689f-4385-807b-ed60d6276d76,Grim Monolith,0.0,0.0,0.0
Season-6,0c9a7cb0-5bff-48ff-b620-2838816ac9b5,Counterspell,11.0,6.0,0.5454545454545454
Season-6,0cb33b46-4d1b-4f97-bfdc-d815aee111da,Mana Crypt,0.0,0.0,0.0
Season-6,0ce44270-a684-4489-9077-521456e6dfaa,Lórien Revealed,20.0,10.0,0.5
Season-6,0d08f5e4-d2d3-4659-86d4-a983d80e3b2c,Tundra,20.0,10.0,0.5
Season-6,0d16e8e0-31b2-4389-afd6-783c501f6fa0,"Ajani, Nacatl Pariah // Ajani, Nacatl Avenger",10.0,6.0,0.6
Season-6,0e0d989d-7186-40dc-bdfe-cfbb77656bc8,"Emrakul, the Aeons Torn",8.0,2.0,0.25
Season-6,0e51d796-7279-4c06-87f0-37adbdaa41df,Underworld Breach,10.0,2.0,0.2
Season-6,0e9aeaa8-9a75-4719-992f-cbb316f72175,Savannah,0.0,0.0,0.0
Season-6,0ea4a895-19c0-47af-ad9c-5db88ea9ae05,Scuzzback Scrounger,0.0,0.0,0.0
Season-6,0f7585c8-9e21-4eef-afc1-2852de23db2f,Polluted Delta,11.0,5.0,0.4545454545454545
Season-6,0fe070f4-8877-4280-b8fd-869f3ac34ab6,Sheltering Landscape,8.0,8.0,1.0
Season-6,10158a5e-5a03-41ab-85d2-0907ccf32c9b,Dack Fayden,10.0,6.0,0.6
Season-6,1066a94a-8e4f-4d77-820b-7a77a18116f0,Wooded Foothills,11.0,5.0,0.4545454545454545
Season-6,106f9629-b3aa-4703-82fb-c1e771bbce72,The Wandering Emperor,11.0,6.0,0.5454545454545454
Season-6,107492bd-b32f-4692-917c-7771986b5bf7,Thespian's Stage,0.0,0.0,0.0
Season-6,1103da9c-300c-406b-997d-9e5bb7cd02d6,"Lightning, Army of One",20.0,14.0,0.7
Season-6,113f48b9-a972-4e2c-af95-05ab078e01f2,Tranquil Landscape,0.0,0.0,0.0
Season-6,120be808-ff3b-4fca-96a1-4db6b9825856,Quantum Riddler,19.0,7.0,0.3684210526315789
Season-6,139b90cd-8272-457a-be32-1298145345be,Watery Grave,0.0,0.0,0.0
Season-6,13c5a1ce-932a-4b3d-8b86-ed920e646afc,Satyr Wayfinder,10.0,6.0,0.6
Season-6,13f5bcdc-70bb-4d67-99e1-282f166ee4bf,Increasing Confusion,10.0,2.0,0.2
Season-6,14065271-d942-42a8-aa38-d8a622c0375d,Scrubland,0.0,0.0,0.0
Season-6,1453f92e-df2d-4789-aa1b-a5b5c51567d4,Preordain,0.0,0.0,0.0
Season-6,1571b584-9007-45ee-a3c3-6c72f227fee2,Mystical Tutor,8.0,2.0,0.25
Season-6,15c34f32-49d9-4a0d-83b2-28172f54fdd1,Crop Rotation,0.0,0.0,0.0
Season-6,15faa763-b897-4e86-b094-73f3236291a9,Verdant Catacombs,0.0,0.0,0.0
Season-6,162018eb-5483-4fa2-9c5a-abb639eecf91,"Kiki-Jiki, Mirror Breaker",0.0,0.0,0.0
Season-6,162e81d3-6cd4-4cb8-8ed8-cfbd8d34ca71,Mind Stone,0.0,0.0,0.0
Season-6,16448d95-ee21-4def-b880-26f6f159c213,Metamorphosis Fanatic,8.0,8.0,1.0
Season-6,16c8d2fa-54a7-46e8-980c-905258497c90,Arid Mesa,11.0,6.0,0.5454545454545454
Season-6,1716b4dd-9045-462b-b053-72de450a8cde,Blood Crypt,20.0,10.0,0.5
Season-6,17260fff-b239-4af4-9306-3236ae3fa5a5,Thundering Falls,0.0,0.0,0.0
Season-6,175b3d28-5c74-4972-9b5c-5e39762c78f4,Relic of Sauron,20.0,5.0,0.25
Season-6,17824929-f131-4b8d-addb-66c25323155e,Infernal Grasp,19.0,7.0,0.3684210526315789
Season-6,17db2b6a-eaa8-4a08-9e86-370bbd058574,Bayou,8.0,8.0,1.0
Season-6,17f28b16-da65-41a8-ba4f-f1c5e104aad6,Council's Judgment,0.0,0.0,0.0
Season-6,18092f68-b96e-4084-9eba-b240d2195d81,"Adeline, Resplendent Cathar",11.0,5.0,0.4545454545454545
Season-6,1834ac92-8b4e-4442-a834-acd580e1ef99,Jack-in-the-Mox,19.0,9.0,0.4736842105263157
Season-6,187b6719-e5ed-4615-a00b-3313ceca055b,Currency Converter,10.0,7.0,0.7
Season-6,18a3cca1-e50e-49b6-9e1a-f86640e3b177,Snuff Out,0.0,0.0,0.0
Season-6,18bd50f2-c3ba-4217-a2d5-bb771e199706,Vampiric Tutor,18.0,8.0,0.4444444444444444
Season-6,18ee486e-dc25-4de7-a71f-f11fdf100176,"Okoye, Mighty and Adored",10.0,6.0,0.6
Season-6,18f23daa-bc59-456a-8a28-3823e51bc74b,Night's Whisper,17.0,7.0,0.4117647058823529
Season-6,19477aca-b8db-4061-9a78-ebb189a9df22,Breeding Pool,10.0,6.0,0.6
Season-6,19557351-b65f-4b04-b971-66abdc07000a,Stoneforge Mystic,11.0,5.0,0.4545454545454545
Season-6,19adde22-e5eb-4815-beb6-c520b3274cc9,Lotus Cobra,0.0,0.0,0.0
Season-6,19d6834d-afa3-4747-a62d-0654f4d9729f,"Malcolm, Alluring Scoundrel",17.0,7.0,0.4117647058823529
Season-6,1a67768a-6cd9-4163-b941-752f29c87a8d,Basking Rootwalla,0.0,0.0,0.0
Season-6,1ac01fff-4de6-4783-9489-4127e25bc641,Prismatic Vista,20.0,13.0,0.65
Season-6,1af92296-455a-425e-9397-a96d09937767,Incinerate,0.0,0.0,0.0
Season-6,1b0fe46d-08d6-48c3-be0d-650d8d3d66af,Ideas Unbound,8.0,2.0,0.25
Season-6,1b406cc5-75c9-430a-83a2-de0f2a8aeae6,"Mole Man, Moloid Master",11.0,3.0,0.2727272727272727
Season-6,1bd3fa8a-6c50-4f7f-9ae3-0810eec5e3db,Reprieve,0.0,0.0,0.0
Season-6,1be9d9a4-d7ee-4854-abc2-85cabf993ec9,Archon of Cruelty,0.0,0.0,0.0
Season-6,1c0f2873-5849-4cab-855a-2fbbc41dbb6c,Chaos Defiler,8.0,8.0,1.0
Season-6,1c603751-1e2b-4c8e-a8d2-5c0876e7254f,Darkstar Augur,0.0,0.0,0.0
Season-6,1c7d50d6-b63a-4d8c-88fa-1d78ae693a45,Overgrown Tomb,21.0,10.0,0.4761904761904761
Season-6,1d7a1357-debd-49b0-9fd5-560d5b3f589e,Chromatic Star,9.0,4.0,0.4444444444444444
Season-6,1daf4348-05c5-4c55-bcf2-c7bec7988bfc,Plateau,20.0,14.0,0.7
Season-6,1dd64b1d-bcef-476c-bf0b-3ac7df7cbed3,"Nissa, Ascended Animist",10.0,5.0,0.5
Season-6,1e14e677-9bfa-4bcc-9772-8e7758d7538a,Sea Gate Stormcaller,18.0,5.0,0.2777777777777778
Season-6,1e2fee55-227b-4373-a3f7-b463f220033f,Tinker,0.0,0.0,0.0
Season-6,1e3e8085-cfcd-4e88-b441-4d1f8ac63904,Forth Eorlingas!,10.0,6.0,0.6
Season-6,1ee98955-4c47-4d45-9377-608dfa755337,Bone Shards,9.0,4.0,0.4444444444444444
Season-6,1f123ad6-fe84-4fed-9c0f-6b41921e9c26,Deceiver Exarch,0.0,0.0,0.0
Season-6,1f2f7d4b-aa65-42ed-a441-8e35be96743c,Orcish Lumberjack,10.0,6.0,0.6
Season-6,1f9fb33a-3b39-4aff-93b8-aedafe0ea694,Fanatic of Rhonas,0.0,0.0,0.0
Season-6,1fc6d14a-1328-4032-ad9e-cd85cd365bd3,Endurance,10.0,5.0,0.5
Season-6,207d5f12-fbc6-4c75-9d84-fd2f0023fbd0,Sneak Attack,18.0,15.0,0.8333333333333334
Season-6,209c591a-4ab2-4e89-9523-a7b766cf4e51,Ouroboroid,10.0,6.0,0.6
Season-6,21c950d7-b4f6-4902-8c9a-98f2933f9fa5,Adanto Vanguard,10.0,8.0,0.8
Season-6,224d904a-5972-4152-878a-9a922e7a55b6,"Titania, Protector of Argoth",10.0,5.0,0.5
Season-6,22924c44-5551-4a48-a574-dfef91a5d4d7,Anje's Ravager,0.0,0.0,0.0
Season-6,229a0d4a-3777-451d-a2fb-f1a2fdf8019f,Spara's Headquarters,11.0,5.0,0.4545454545454545
Season-6,22c26e44-e129-4c4d-b552-3cc8774ce1a4,Mox Poison,9.0,4.0,0.4444444444444444
Season-6,2398892d-28e9-4009-81ec-0d544af79d2b,Ancestral Recall,8.0,3.0,0.375
Season-6,2424f2c4-366b-42cf-bf4b-a8a5bfdd2c4b,Life // Death,0.0,0.0,0.0
Season-6,245cdc59-d560-4c10-b721-f51cc312e370,Mishra's Factory,20.0,7.0,0.35
Season-6,2462df62-fc35-47ed-9571-40452074dc6d,Traveling Chocobo,0.0,0.0,0.0
Season-6,247939d9-87e9-4f01-b223-fb4cfa7dbbe1,Mana Leak,21.0,8.0,0.3809523809523809
Season-6,24a5cc2c-0fbf-4a5f-b175-6e0ffd0d0787,Misty Rainforest,0.0,0.0,0.0
Season-6,24c0d87b-0049-4beb-b9cb-6f813b7aa7dc,Fable of the Mirror-Breaker // Reflection of Kiki-Jiki,10.0,8.0,0.8
Season-6,24da9431-7e52-44f5-bc18-2f2d8a4ca81e,Abrade,10.0,7.0,0.7
Season-6,2573e694-eaa0-42ca-b470-2ab507cbcec1,Moonshadow,20.0,7.0,0.35
Season-6,25b0b816-0583-44aa-9dc5-f3ff48993a51,Gaea's Cradle,10.0,5.0,0.5
Season-6,261ac92e-c61a-4c11-aa6a-9ae1cb703e5c,Dreams of Steel and Oil,0.0,0.0,0.0
Season-6,265522eb-4f6a-40e7-b374-3833fa63c80b,Formidable Speaker,10.0,7.0,0.7
Season-6,269ddd84-fdc4-4c94-b183-32ecec56967c,Sanguine Evangelist,20.0,9.0,0.45
Season-6,26c68473-70ca-40ba-b5c6-71ec30f88a2c,Damnation,11.0,3.0,0.2727272727272727
Season-6,26d40e03-6de4-4373-9fbf-04c1dd79e995,Jetmir's Garden,10.0,6.0,0.6
Season-6,28667c8b-d02c-4e57-a050-1549207b65d1,Thragtusk,0.0,0.0,0.0
Season-6,29632951-3c3d-478c-8c5a-9a34f30a5c28,Dauthi Voidwalker,9.0,4.0,0.4444444444444444
Season-6,2970683e-e69c-42cb-a067-34abd56fb42b,Elite Interceptor // Rejoinder,19.0,10.0,0.5263157894736842
Season-6,2a717b98-cdac-416d-bf6c-f6b6638e65d1,"Tamiyo, Inquisitive Student // Tamiyo, Seasoned Scholar",0.0,0.0,0.0
Season-6,2ae6828e-ff19-45db-8b59-61616353491f,Deceptive Landscape,9.0,4.0,0.4444444444444444
Season-6,2b20d3e1-62ef-44db-8109-a33d4fa3e7f1,Exploration,0.0,0.0,0.0
Season-6,2b5315a4-6a78-456f-8d5a-fea9d62f3f0e,Strip Mine,18.0,16.0,0.8888888888888888
Season-6,2b5801fb-2026-4f25-98bc-ebb2f99684b9,Undercity Sewers,9.0,4.0,0.4444444444444444
Season-6,2b73d294-6ab1-4051-9b0f-d8e335d37674,Unholy Heat,0.0,0.0,0.0
Season-6,2b74bb81-fb9a-40e5-a941-e517430b52f5,Indatha Triome,0.0,0.0,0.0
Season-6,2b9b0195-beda-403e-bc27-7ae3be9f318c,Temple Garden,10.0,6.0,0.6
Season-6,2ba70366-b6ae-423a-a8d8-29d2b8afd939,"Ivora, Insatiable Heir",0.0,0.0,0.0
Season-6,2be39749-ad6f-4160-99eb-c677eee7f1b2,Thraben Inspector,10.0,6.0,0.6
Season-6,2bf2da97-3331-4614-b4ff-f03d061500a7,Fire Covenant,8.0,8.0,1.0
Season-6,2c695df6-6bf2-4e6b-8500-e3116137ca27,Jacked Rabbit,11.0,5.0,0.4545454545454545
Season-6,2c723fc9-d5c9-4126-a9a6-f80c247a4b6b,Baloth Prime,10.0,5.0,0.5
Season-6,2d9b12cc-f616-4b52-91eb-a430e70f9251,Wrath of God,0.0,0.0,0.0
Season-6,2da5f3f8-5eef-498f-ba2c-2f3fbc3745aa,Ephemerate,0.0,0.0,0.0
Season-6,2dc16614-5cf8-444d-a5ae-cac25018af68,Burst Lightning,0.0,0.0,0.0
Season-6,2e139ad1-1079-49e9-babd-6399c44ad333,Seasoned Pyromancer,10.0,7.0,0.7
Season-6,2ef878cb-27b6-47d8-ad11-bd20529b0e7e,Cast into the Fire,10.0,6.0,0.6
Season-6,2f8f22fb-7291-4517-9b15-e98501f2856b,Splinter Twin,10.0,7.0,0.7
Season-6,30377bf0-d9b1-4c14-8dde-f74b1e02d604,Gilded Goose,10.0,5.0,0.5
Season-6,310a1c46-8331-4a09-9fcb-d942f8102364,Thoughtseize,8.0,8.0,1.0
Season-6,311a6257-dd77-4bb6-81cb-c8e7862350f3,Necromancy,11.0,3.0,0.2727272727272727
Season-6,3199907b-9f24-4554-942a-8ab5a7701717,"Night Nurse, Healer of Heroes",8.0,8.0,1.0
Season-6,3277ad99-5682-4baa-b106-de15721876a6,Glorybringer,0.0,0.0,0.0
Season-6,327cf118-cc92-4073-85d0-94d2a0a6989a,Scalding Tarn,10.0,6.0,0.6
Season-6,329a8738-3e17-403a-857a-0ba529ce8cd1,Walking Ballista,19.0,7.0,0.3684210526315789
Season-6,32a180dd-9641-4546-8940-9b21084f0c71,Lightning Bolt,10.0,7.0,0.7
Season-6,32aa6e33-221f-414c-9b51-850d97a7e051,Galvanic Discharge,10.0,6.0,0.6
Season-6,32e670da-7563-4f6a-a7db-4c126a440eb8,Erode,10.0,6.0,0.6
Season-6,333bf101-14e8-4753-99bc-9174f42c4122,Kinscaer Sentry,20.0,14.0,0.7
Season-6,33672990-4860-4aa6-ac1b-f9da66f5da59,Wurmcoil Engine,16.0,10.0,0.625
Season-6,33c59c04-4c0b-4a60-826e-3a7757d0b2a2,"Loot, the Pathfinder",0.0,0.0,0.0
Season-6,340c5799-4964-44dd-8c48-8f3f3aba5211,Badgermole Cub,20.0,11.0,0.55
Season-6,345a1c80-41d6-43b1-83ab-1aa56dd06b1b,Bitter Reunion,0.0,0.0,0.0
Season-6,345a4aee-5846-4ae9-9af1-4c8fe8d692ec,Winds of Abandon,8.0,8.0,1.0
Season-6,3462a3d0-5552-49fa-9eb7-100960c55891,"Oko, Thief of Crowns",11.0,5.0,0.4545454545454545
Season-6,35f1a6ba-e46f-44fb-93f4-fb883d677b36,Baleful Mastery,21.0,8.0,0.3809523809523809
Season-6,361c2f3b-f04e-446b-a683-9195e238daf0,Iron Man Armor,10.0,3.0,0.3
Season-6,37478625-dd07-476d-bd9b-b2e0d71ac0d1,Abundant Countryside,0.0,0.0,0.0
Season-6,377cee38-e769-47b0-abd5-0f528600f36a,Badlands,10.0,3.0,0.3
Season-6,37a497b8-e908-4ddc-996e-a8470df72afb,Super Shredder,0.0,0.0,0.0
Season-6,37cb5599-7d2c-48e9-978b-902a01a74bde,Sinkhole Surveyor,9.0,4.0,0.4444444444444444
Season-6,37dbe1a3-3c44-452b-9fb9-37f5d793d0b5,Memory Jar,8.0,2.0,0.25
Season-6,39c431d7-d94b-46c4-bb89-f3db56214ab4,Elvish Reclaimer,0.0,0.0,0.0
Season-6,3a2d7cf9-dddb-4de3-b4f2-c52e3ec8fb4b,Brain Freeze,0.0,0.0,0.0
Season-6,3a9d1082-a862-45d4-9e5e-392e879fead6,Zuran Orb,10.0,5.0,0.5
Season-6,3a9df9dd-a480-406c-ba28-94895fbfb574,"Galactus, Devourer of Worlds",11.0,3.0,0.2727272727272727
Season-6,3b1e92b4-6e53-4dba-a572-c67e01965ac5,Abrupt Decay,0.0,0.0,0.0
Season-6,3b5233ff-03bc-4053-9b49-c4185c2de38d,Restoration Angel,8.0,8.0,1.0
Season-6,3b6e5956-f795-451b-bb24-56462d1ced27,Umezawa's Jitte,0.0,0.0,0.0
Season-6,3bd1ec98-8188-4649-899e-b0972509fc7e,Firebolt,10.0,2.0,0.2
Season-6,3c02b8ee-84cb-44cb-ba14-9e725a9d03ee,Ponder,20.0,9.0,0.45
Season-6,3c3ac3dd-35db-447f-8674-37b4680a1ef7,Leyline Binding,11.0,5.0,0.4545454545454545
Season-6,3c7474e1-cfae-4867-a11a-d5cf9ff7ea5f,Mind's Desire,8.0,2.0,0.25
Season-6,3ca1e1de-b916-445f-b3b2-0f4d0cc7ceeb,Stern Scolding,0.0,0.0,0.0
Season-6,3d8ca18d-9099-4f1e-95c1-f04da58a26bd,"Gut, True Soul Zealot",20.0,14.0,0.7
Season-6,3e1766e9-2fa7-4446-a255-7beea1467ece,Lion Sash,10.0,8.0,0.8
Season-6,3ee3945e-5089-4751-b7b3-5961c39d2a33,Nethergoyf,0.0,0.0,0.0
Season-6,3f3c77ad-fce8-4506-90e1-7ef71552a71c,Wheel of Fortune,0.0,0.0,0.0
Season-6,3faa8c5e-9e1b-4cee-b322-a033bf33dcbc,Hymn to Tourach,0.0,0.0,0.0
Season-6,400382a4-aea2-4827-b06a-1b0b3745908b,Noble Hierarch,10.0,5.0,0.5
Season-6,40f0ecf7-f49e-46ff-aa5b-9ff5361b72c5,Genemorph Imago,11.0,5.0,0.4545454545454545
Season-6,415ff6a5-61ef-4b37-ae08-e44476300d4a,Fire Magic,8.0,8.0,1.0
Season-6,416d2d51-8f29-4e95-b037-e8c32b081e6c,Mana Drain,10.0,2.0,0.2
Season-6,41e108a5-4e2f-42cf-9ea1-87bf3c0a2b7f,"Nissa, Who Shakes the World",10.0,5.0,0.5
Season-6,424af0d0-398c-4d78-9ad5-2171bf1bcbd1,Nova Hellkite,0.0,0.0,0.0
Season-6,43aa7e35-55ee-4e02-a8aa-ea2b267055d1,Woodfall Primus,10.0,5.0,0.5
Season-6,43fe9c6d-4fa2-4f9a-9025-1bf12fe7ed9f,Hollow One,0.0,0.0,0.0
Season-6,441f8b2f-c8cb-4340-a92f-116c2276e906,Frantic Search,8.0,2.0,0.25
Season-6,44afd414-cc69-4888-ba12-7ea87e60b1f7,Craterhoof Behemoth,21.0,9.0,0.4285714285714285
Season-6,45026d57-0324-4312-8b86-2e7d4f581ee9,Marsh Flats,20.0,8.0,0.4
Season-6,453de664-0f09-4772-a626-51d58d1173f3,Cogwork Librarian,0.0,0.0,0.0
Season-6,45fd6e91-df76-497f-b642-33dc3d5f6a5a,Mox Ruby,8.0,2.0,0.25
Season-6,4686bbb9-517f-4cce-aa7a-5db41e22c02b,High Tide,8.0,2.0,0.25
Season-6,4720b4f2-e6af-4223-9250-a0ed21ed5693,Pest Infestation,0.0,0.0,0.0
Season-6,47a6234f-309f-4e03-9263-66da48b57153,Solitude,20.0,14.0,0.7
Season-6,47d6093b-b1b6-4956-8bfd-02cce899f832,Flow State,10.0,2.0,0.2
Season-6,490eb213-9ae2-4b45-abec-6f1dfc83792a,Cori-Steel Cutter,10.0,3.0,0.3
Season-6,492b368b-de32-45c1-8459-238aae54f9fc,Unmarked Grave,0.0,0.0,0.0
Season-6,493a5ca7-5f90-4af4-b6db-43ae09a2f2c9,Dark Ritual,0.0,0.0,0.0
Season-6,49bb0ad3-1082-41f1-82a4-52a4006cc9b6,"Leovold, Emissary of Trest",0.0,0.0,0.0
Season-6,49cd4efa-4df4-4257-9a42-60330f7781e2,Town Greeter,0.0,0.0,0.0
Season-6,4a1f905f-1d55-4d02-9d24-e58070793d3f,"Atraxa, Grand Unifier",10.0,7.0,0.7
Season-6,4a706ecf-3277-40e3-871c-4ba4ead16e20,Wrenn and Six,0.0,0.0,0.0
Season-6,4acaef84-55d1-43dc-b10a-696182e6709b,Repeal,0.0,0.0,0.0
Season-6,4acf970d-d2d7-413d-aba7-587ee53d8d5c,Stomping Ground,10.0,5.0,0.5
Season-6,4b0bd07e-cf80-4d64-af29-f4cec6632b3e,Perilous Landscape,11.0,5.0,0.4545454545454545
Season-6,4b4956a2-9a39-4152-9c98-70e4b2acfa26,Miscalculation,20.0,9.0,0.45
Season-6,4ba8325a-1203-4125-9111-94d9e2b1f14b,"Squee, Goblin Nabob",0.0,0.0,0.0
Season-6,4c732dc7-dd6b-4cc1-bbe0-ff3b1d2c7419,Animate Dead,0.0,0.0,0.0
Season-6,4cbdacc1-7a1b-4633-85f5-eb50c2bf406d,Snapcaster Mage,19.0,8.0,0.4210526315789473
Season-6,4ced112a-e775-4f97-97b3-74877e9dce12,Dragon's Rage Channeler,10.0,2.0,0.2
Season-6,4d9dbadd-c1b6-44fe-92ac-6f69d7178342,Talisman of Creativity,10.0,3.0,0.3
Season-6,4df8aabc-7fcb-4b7b-980b-18f499e6c170,Hullbreacher,20.0,10.0,0.5
Season-6,4e117771-5a8b-4812-b487-32ba34b7f724,Giver of Runes,20.0,14.0,0.7
Season-6,4e4fb50c-a81f-44d3-93c5-fa9a0b37f617,"Omnath, Locus of Creation",11.0,5.0,0.4545454545454545
Season-6,4e76d04a-0038-4b5b-a026-3056ee940da9,Cloud of Faeries,8.0,2.0,0.25
Season-6,4ecbca71-9a1d-44c5-b709-d6f565941d5e,Skycoach Conductor // All Aboard,11.0,5.0,0.4545454545454545
Season-6,504a69eb-3c2d-4bb1-b117-252b15acf0c2,Mana Confluence,8.0,3.0,0.375
Season-6,50bc0f5b-7421-45b9-af85-86dd9821b7d8,Soulherder,0.0,0.0,0.0
Season-6,51eb9f05-9d5a-4196-9329-626ce4793c42,Vengevine,11.0,3.0,0.2727272727272727
Season-6,52000066-a8cd-418f-98d2-30354b959b32,Turnabout,0.0,0.0,0.0
Season-6,5260f8ae-805b-4eae-badf-62de0f768867,Hedge Maze,11.0,5.0,0.4545454545454545
Season-6,52eef0d6-24b7-40b7-8403-e8e863d0cd55,"Bristly Bill, Spine Sower",10.0,6.0,0.6
Season-6,53d4fd57-74b6-42c7-88b1-110e5a8dfc3c,Spell Pierce,10.0,3.0,0.3
Season-6,5427d8a6-ac9e-4e50-bd39-81713b2ade25,Fatal Push,10.0,5.0,0.5
Season-6,543d55cb-3a6b-4620-af25-10ae74ed32c4,Worldspine Wurm,11.0,3.0,0.2727272727272727
Season-6,54a3ea87-005e-4985-b2a5-21711d0b71c0,Springheart Nantuko,10.0,5.0,0.5
Season-6,54f449ff-4025-465e-9ec5-a5cf42c4c9d3,Xander's Lounge,16.0,5.0,0.3125
Season-6,551c0a45-9515-4e51-84e5-79703832a661,Expedition Map,0.0,0.0,0.0
Season-6,55707746-da6e-46e5-a5ca-7ac843fdc38e,"Phelia, Exuberant Shepherd",10.0,8.0,0.8
Season-6,55a14f30-4ff9-4472-90a6-c3139f1c18e5,"Kaito, Bane of Nightmares",9.0,4.0,0.4444444444444444
Season-6,564caf57-4ba5-4993-a35e-945699c94eb7,Toxic Deluge,8.0,8.0,1.0
Season-6,568dd5a6-86f4-4039-87d7-812120c8ab94,Triplicate Titan,10.0,5.0,0.5
Season-6,56995b84-2307-4955-9c7c-dc4f04acdc07,Inquisition of Kozilek,8.0,8.0,1.0
Season-6,57fb0fa7-0c5c-4a75-9461-c51403c30282,Foreboding Landscape,0.0,0.0,0.0
Season-6,58c1e824-c8a9-4312-8e4c-a29a26d189a4,"Ugin, the Spirit Dragon",0.0,0.0,0.0
Season-6,58c9e9a7-e170-4361-b7d5-22fc0771c489,Urza's Bauble,10.0,2.0,0.2
Season-6,5a077de0-1893-40d0-a499-ee2e6e2258f1,Legion Extruder,10.0,2.0,0.2
Season-6,5ab21006-7f61-49e0-8b6a-0397c5d4c3bd,Imperial Seal,10.0,5.0,0.5
Season-6,5ad36fb2-c44e-4085-ba0d-54277841ad3a,Lurrus of the Dream-Den,17.0,7.0,0.4117647058823529
Season-6,5b8ba842-c662-4686-bca3-93ddb7fa11a6,Mother of Runes,10.0,6.0,0.6
Season-6,5cb76266-ae50-4bbc-8f96-d98f309b02d3,"Teferi, Time Raveler",11.0,6.0,0.5454545454545454
Season-6,5d10b752-d9cb-419d-a5c4-d4ee1acb655e,"Teferi, Hero of Dominaria",0.0,0.0,0.0
Season-6,5d98073e-2828-4365-a8d6-f631aac0cca9,The Astonishing Ant-Man,0.0,0.0,0.0
Season-6,5da578b8-19e6-4068-9336-e7cd33c585f1,Retrofitter Foundry,0.0,0.0,0.0
Season-6,5dd72697-24be-42c7-a6d9-a837bdbd4662,Grim Lavamancer,0.0,0.0,0.0
Season-6,5f1cdcba-a04a-4a2f-8bc1-0dd7fa03754d,Exhume,10.0,5.0,0.5
Season-6,5f608efc-0dbc-4cc3-aadd-ed473bfc29ab,Portal to Phyrexia,8.0,2.0,0.25
Season-6,5f6927e1-c580-483a-8e2a-6e2deb74800e,Mox Jet,20.0,13.0,0.65
Season-6,605c2218-9d12-4ac3-a721-fca590b89847,Karakas,0.0,0.0,0.0
Season-6,60aed76e-2265-471d-8e41-1d8605603b78,Hildibrand Manderville // Gentleman's Rise,17.0,7.0,0.4117647058823529
Season-6,60d0e6a6-629a-45a7-bfcb-25ba7156788b,Elvish Mystic,10.0,6.0,0.6
Season-6,61237530-ad49-469c-a952-67c92315708e,Jennifer Walters // The Sensational She-Hulk,11.0,5.0,0.4545454545454545
Season-6,612b2e6e-fe8d-49ad-b845-6fa7fa59ffd1,Concealing Curtains // Revealing Eye,0.0,0.0,0.0
Season-6,6151b583-3aa7-4be8-9d05-d5e53f19c6c9,Fastbond,0.0,0.0,0.0
Season-6,6171e136-1167-4329-acb2-6853d3a814e5,Goblin Welder,0.0,0.0,0.0
Season-6,61a28870-cf78-4323-9d82-cee764067764,Lightning Greaves,11.0,5.0,0.4545454545454545
Season-6,62b3f560-262b-4bc3-9aef-535fd7082c28,Vaultborn Tyrant,21.0,8.0,0.3809523809523809
Season-6,63af3c26-5b1f-46f6-9aa2-036c615bf5ea,Flash,10.0,5.0,0.5
Season-6,63c59228-c742-4abd-b4d7-9f7880190e95,Windswept Heath,18.0,9.0,0.5
Season-6,63ce0909-7d7d-410d-ab6c-c87fa3e23877,"Black Widow, Super Spy",8.0,3.0,0.375
Season-6,641b21e1-9188-4bc3-96e8-cda2acbc5ed5,Time Spiral,11.0,6.0,0.5454545454545454
Season-6,64a5d494-efa1-446b-bebe-2ad36e154376,"Ugin, Eye of the Storms",18.0,5.0,0.2777777777777778
Season-6,652236c2-84ef-45e4-b5fc-ed6170bc3d6c,Meticulous Archive,17.0,7.0,0.4117647058823529
Season-6,661fc907-7003-45c6-820c-9616e9a71c30,Seething Landscape,17.0,7.0,0.4117647058823529
Season-6,66d80dd1-b944-4cb2-8578-b4dbcabbbc1e,Ophiomancer,9.0,4.0,0.4444444444444444
Season-6,671c008a-8ff8-42d7-9e03-6d8a9ddace67,Faithless Looting,0.0,0.0,0.0
Season-6,672b9b16-daef-44e6-9a3a-cfd9f3c78bc7,Pentad Prism,8.0,8.0,1.0
Season-6,68841ca8-a043-4f30-9a17-e983ed960bc2,Demonic Tutor,20.0,10.0,0.5
Season-6,68924203-c3d9-41ce-8ca8-c6dd491eb3ca,Psychic Frog,18.0,8.0,0.4444444444444444
Season-6,68c72226-6f52-4322-8b14-18737293dfa0,Bloodstained Mire,18.0,15.0,0.8333333333333334
Season-6,6920c895-bc98-4871-a53f-219fa27a74e5,Occult Epiphany,0.0,0.0,0.0
Season-6,69490262-afc2-4692-8fac-b771a972c8f8,Volcanic Spite,0.0,0.0,0.0
Season-6,6989018c-37b1-4282-a4af-9cc97f160b4d,Oliphaunt,8.0,8.0,1.0
Season-6,69af2825-18c2-4463-b6ba-42eaa070ccc1,"Grist, the Hunger Tide",11.0,3.0,0.2727272727272727
Season-6,69c1b656-1d67-499c-bf0f-417682a86c7d,Shadowy Backstreet,8.0,3.0,0.375
Season-6,69c68c95-b788-43b1-9f22-1b22c5a00b25,Deep-Cavern Bat,0.0,0.0,0.0
Season-6,6a058e68-70af-4a64-859c-c881e5578368,Chrome Mox,10.0,6.0,0.6
Season-6,6ade6918-6d1d-448d-ab56-93996051e9a9,Sage of the Skies,0.0,0.0,0.0
Season-6,6cc73d16-5ed7-4104-91f6-0997a2080e2e,Embereth Shieldbreaker // Battle Display,0.0,0.0,0.0
Season-6,6da09e6a-2965-4855-bd41-41b41ba188fb,Through the Breach,0.0,0.0,0.0
Season-6,6efb6a69-562c-4d95-858d-b067444cfd7e,Palantír of Orthanc,0.0,0.0,0.0
Season-6,6f26faca-f338-4ce5-a218-6a61d40fc50a,Tendrils of Agony,0.0,0.0,0.0
Season-6,6f2cec5d-50ea-4d0f-8925-eba06222d015,"Shelinda, Yevon Acolyte",10.0,6.0,0.6
Season-6,6fd672bb-18cf-44e3-8dda-5310b1e0fffe,Godless Shrine,9.0,4.0,0.4444444444444444
Season-6,70e33f45-7d47-423b-a123-8541f1d1afb4,Lingering Souls,9.0,4.0,0.4444444444444444
Season-6,70e64028-ae96-4950-aa6c-9d347409fad3,Force Spike,17.0,7.0,0.4117647058823529
Season-6,7127164d-f2a3-4d79-b6db-93507ff5ab47,Bitterbloom Bearer,9.0,4.0,0.4444444444444444
Season-6,71384418-173a-4f77-adab-56e52fa23692,Delighted Halfling,20.0,12.0,0.6
Season-6,71a6701f-40f1-43ef-bff5-a5907fd67cd6,"Lorehold, the Historian",0.0,0.0,0.0
Season-6,729daf0e-b822-41bd-a908-ca8ec34032f0,Tropical Island,11.0,5.0,0.4545454545454545
Season-6,72c6d541-e2cb-4d6e-acac-90a8f53b7006,Elegant Parlor,0.0,0.0,0.0
Season-6,73a065e3-b530-4e62-ab3c-4f6f908184ec,"Elspeth, Storm Slayer",20.0,14.0,0.7
Season-6,73cc6df4-3564-4ace-bf8a-eac3e62d725a,Ursine Monstrosity,10.0,5.0,0.5
Season-6,748e6a61-9c1f-4225-9f04-e54002f63ac3,Savai Triome,20.0,13.0,0.65
Season-6,74d29b3d-f588-431d-bf4e-f7215683ab39,Tangle Wire,10.0,5.0,0.5
Season-6,758f95f8-bcb0-43ae-b474-56ebd855951e,Lion's Eye Diamond,10.0,2.0,0.2
Season-6,75fdce80-e338-4a50-bdc6-786511feaeef,Ziatora's Proving Ground,0.0,0.0,0.0
Season-6,76c3cad2-1e25-4abe-878d-9194de6fcc27,Guide of Souls,10.0,8.0,0.8
Season-6,773199f9-c83b-4a77-8342-9f1552ecf595,Intrepid Adversary,10.0,8.0,0.8
Season-6,777fcc21-2856-4181-8ecd-c272f9769e36,"Wan Shi Tong, All-Knowing",10.0,5.0,0.5
Season-6,7832abb5-5107-4603-904e-491b221bd3e3,Smuggler's Copter,10.0,3.0,0.3
Season-6,784287c2-43c5-4210-93ae-cdd33b9acb1b,Commune with Beavers,20.0,11.0,0.55
Season-6,78cef262-c753-4658-b3ec-fec8db47f944,Palace Jailer,18.0,11.0,0.6111111111111112
Season-6,7ac16d09-8bc7-407c-a757-666f4707bc90,Life from the Loam,0.0,0.0,0.0
Season-6,7c024bae-5631-4e20-ac69-df392ac9e109,Orcish Bowmasters,9.0,4.0,0.4444444444444444
Season-6,7c884e1e-fecb-4330-b3de-5fc2a60f7173,Kolaghan's Command,8.0,8.0,1.0
Season-6,7d48d622-f397-4f31-b1a5-0c23f60aa71c,Mana Tithe,10.0,6.0,0.6
Season-6,7f7e780e-fbc5-4dc0-b5c7-efcb8645c7c6,Ertai Resurrected,0.0,0.0,0.0
Season-6,7fb99a26-beeb-4aca-bb02-b2d2ce0595f9,Mana Flare,0.0,0.0,0.0
Season-6,80c72839-0fa6-4b5f-83b7-6553ebf09bef,"Otharri, Suns' Glory",0.0,0.0,0.0
Season-6,80fca8c0-ae3e-439e-b202-228b9f360e9a,Portable Hole,19.0,10.0,0.5263157894736842
Season-6,819a513c-3be6-4bdc-8ba6-1f7326a8f3ea,Fiery Confluence,20.0,8.0,0.4
Season-6,825969b9-3c70-4fca-8cab-696e9ca7cdb2,Prismatic Ending,11.0,6.0,0.5454545454545454
Season-6,85a89077-b384-4fca-9d26-7297962c1541,Kappa Cannoneer,10.0,3.0,0.3
Season-6,85d22d5d-3875-42ff-b51e-c6e21db201f5,Generous Ent,10.0,3.0,0.3
Season-6,8616629e-08f9-41ad-bfec-f86c8096f1cb,Enduring Curiosity,0.0,0.0,0.0
Season-6,866b7fd4-86e3-4b42-b1ea-33bad0db1f9f,Prismari Command,18.0,8.0,0.4444444444444444
Season-6,8683a978-1bef-4b01-9361-56b1fc157d26,Courser of Kruphix,0.0,0.0,0.0
Season-6,87cc2855-6b14-44dd-a398-7dc2bbae081f,Kaldra Compleat,11.0,5.0,0.4545454545454545
Season-6,88bf1ebb-9d85-4b9b-a614-c7f965c0893d,Thought Scour,0.0,0.0,0.0
Season-6,88d36c32-d6f9-46e4-9cc8-08e6c0ff05d2,"Krang, Utrom Warlord",0.0,0.0,0.0
Season-6,89af0f45-c11c-4f13-9950-b1489440ee5b,Chain Lightning,10.0,2.0,0.2
Season-6,89f5cc05-5d9d-4709-b3c5-a6249c294acc,Hexdrinker,10.0,6.0,0.6
Season-6,8a720448-017f-4f4a-9501-678245eaed17,Mishra's Bauble,16.0,5.0,0.3125
Season-6,8ac39c01-127f-4471-bc74-11a90c48e306,Ghost Vacuum,0.0,0.0,0.0
Season-6,8b1e10e8-ea14-4761-910b-4072e2a18456,Grave Researcher // Reanimate,21.0,10.0,0.4761904761904761
Season-6,8c2996d9-3287-4480-8c04-7a378e37e3cf,Flooded Strand,0.0,0.0,0.0
Season-6,8c39f9b4-02b9-4d44-b8d6-4fd02ebbb0c5,"Narset, Parter of Veils",11.0,6.0,0.5454545454545454
Season-6,8ca3c48b-f104-4292-9a4e-2ce87a65893c,Mutavault,10.0,6.0,0.6
Season-6,8db735ea-f9cf-4e3c-9200-4f180df55baa,Fractured Identity,11.0,6.0,0.5454545454545454
Season-6,8ff57c8b-173e-4a72-a0a0-1ad2d5cc6e5e,Spectacular Spider-Man,19.0,10.0,0.5263157894736842
Season-6,920cd17f-9274-443e-906f-c9904f0658d5,Chromatic Sphere,0.0,0.0,0.0
Season-6,928036c9-11b8-493e-b9f2-8fbd3487cd19,"Minsc & Boo, Timeless Heroes",10.0,6.0,0.6
Season-6,93f99e67-901f-4c8d-8a09-e443b7eb928f,Archangel Elspeth,10.0,6.0,0.6
Season-6,9417f14c-a853-42c6-a992-29139484260a,Ignoble Hierarch,10.0,5.0,0.5
Season-6,94b67489-5eb0-4406-9bf3-27e50dc632eb,"Nadu, Winged Wisdom",11.0,5.0,0.4545454545454545
Season-6,94c6fdd8-21e7-48ae-aa05-a3666b928c1a,Timetwister,20.0,10.0,0.5
Season-6,95be2701-af7c-483e-8165-e8bd4b2774ed,Opposition,0.0,0.0,0.0
Season-6,95c14c4d-6c16-4826-8d93-d89ad04aee09,"Etali, Primal Conqueror // Etali, Primal Sickness",18.0,13.0,0.7222222222222222
Season-6,96b6b2e1-c3e6-464c-8a13-b15deb34e862,Aetherflux Reservoir,21.0,5.0,0.238095238095238
Season-6,96c5607b-55fe-43c2-93fe-0084d84499d9,Deep Forest Hermit,11.0,5.0,0.4545454545454545
Season-6,9721f8da-39ed-4ada-a571-61e08a86032b,Broadside Bombardiers,18.0,7.0,0.3888888888888889
Season-6,9814d8e8-c462-41ca-9909-1c659f488543,Lotus Petal,20.0,5.0,0.25
Season-6,985453e7-997e-4d77-a338-cc0290791ebe,Finale of Devastation,11.0,5.0,0.4545454545454545
Season-6,995486ce-58bb-4753-a812-0ca73ef1a235,Gitaxian Probe,19.0,8.0,0.4210526315789473
Season-6,99e96b34-b1c4-4647-a38e-2cf1aedaaace,Tersa Lightshatter,20.0,13.0,0.65
Season-6,99fd1cd5-4740-4a0f-b773-3d3b66861d77,The Warring Triad,10.0,3.0,0.3
Season-6,99ff731b-8399-40c8-b539-ba6ba5783771,Wasteland,10.0,5.0,0.5
Season-6,9b911653-7b96-4cf3-a907-13c5c53a14f7,Overlord of the Balemurk,18.0,10.0,0.5555555555555556
Season-6,9c0433f9-8f1e-4a19-a83f-a41925f1b1a9,Abandoned Air Temple,11.0,6.0,0.5454545454545454
Season-6,9c769202-178c-442a-a9e2-aa08b5ae5c9a,"Agent Bishop, Man in Black",10.0,6.0,0.6
Season-6,9d3a7998-ccac-45ad-a4e9-3a2cb057f63b,Elite Spellbinder,10.0,6.0,0.6
Season-6,9d48aaff-46ab-411b-9456-171d4709f951,Fear of Missing Out,20.0,13.0,0.65
Season-6,9e7fb3c0-5159-4d1f-8490-ce4c9a60f567,"Urza, Lord High Artificer",20.0,5.0,0.25
Season-6,9efbfd67-e0f5-43e0-9fff-1eb4a2bed0d8,Marauding Mako,0.0,0.0,0.0
Season-6,a1176dcf-40ee-4342-aa74-791b8352e99a,Scrawling Crawler,0.0,0.0,0.0
Season-6,a16a6555-2e3a-4587-aacd-0307d696b26c,Consult the Star Charts,10.0,5.0,0.5
Season-6,a178cfe8-f9fa-4255-88d0-54a0bed079f5,Malevolent Rumble,10.0,7.0,0.7
Season-6,a1febcf1-afa4-4406-9ac1-5bf98b2765d2,Time Walk,20.0,10.0,0.5
Season-6,a249b1f4-2b22-4b67-a207-e0c4ae95d2e1,Ketria Triome,11.0,5.0,0.4545454545454545
Season-6,a24e8dba-5c86-4e32-8a52-61402f7fe9f0,Containment Priest,21.0,14.0,0.6666666666666666
Season-6,a2c56479-4bee-4edb-80d7-4af010b7c793,Raffine's Tower,0.0,0.0,0.0
Season-6,a3bb2881-e8fb-4fba-a9f9-d93e6ca24378,"Laelia, the Blade Reforged",20.0,14.0,0.7
Season-6,a50d79fe-6d37-42f3-b7b0-0c3018282fa2,End-Raze Forerunners,10.0,6.0,0.6
Season-6,a55c4d47-5252-40af-961d-c08bc688028a,Goblin Engineer,0.0,0.0,0.0
Season-6,a6539e26-b63b-4725-9407-caaf451de084,Troll of Khazad-dûm,0.0,0.0,0.0
Season-6,a7072412-4aa2-40ef-a267-bd717551a42b,"Rhys, the Evermore",17.0,12.0,0.7058823529411765
Season-6,a7a8b6b8-b95f-4014-b17a-a6d44d965995,City of Traitors,0.0,0.0,0.0
Season-6,a8069994-b103-40dc-9e14-062004914ec8,Cathar Commando,19.0,10.0,0.5263157894736842
Season-6,a87606cc-fbf0-4e2c-9798-f1c935d0573d,Esika's Chariot,10.0,6.0,0.6
Season-6,a9225cc3-90f0-448f-a8d9-7c6c2796d077,Sheoldred's Edict,8.0,3.0,0.375
Season-6,a9738cda-adb1-47fb-9f4c-ecd930228c4d,"Ragavan, Nimble Pilferer",20.0,14.0,0.7
Season-6,aac0c8df-f01d-4178-8d66-ee603f814d24,Mishra's Workshop,10.0,3.0,0.3
Season-6,ac095763-6f4e-4d4e-9c99-414646368f8d,Emeritus of Abundance // Regrowth,11.0,3.0,0.2727272727272727
Season-6,aced2c55-7543-4076-bcdd-36c4d649b8ae,Mox Emerald,20.0,9.0,0.45
Season-6,ade32396-8841-4ba4-8852-d11146607f21,Mockingbird,19.0,10.0,0.5263157894736842
Season-6,aeb4612c-758b-4492-ba03-eb6741b4176e,Sear,10.0,5.0,0.5
Season-6,af7091c9-5f98-4078-a42b-c9e057346d9b,Hallowed Fountain,11.0,6.0,0.5454545454545454
Season-6,b045c28a-39f9-4cd9-8f3a-a626b697f409,Cathartic Pyre,0.0,0.0,0.0
Season-6,b0c5728e-43e7-417a-ba18-5038345cec67,Arcane Denial,10.0,5.0,0.5
Season-6,b256ddc8-8b12-434c-a610-1a872e948f2f,White Plume Adventurer,10.0,6.0,0.6
Season-6,b277752b-430a-4f09-8a98-b72f813dd52e,Bountiful Landscape,10.0,6.0,0.6
Season-6,b293d4cb-0920-46ef-bf4e-fc6a796df290,Sail into the West,0.0,0.0,0.0
Season-6,b3da28c7-6e92-439d-a163-91682d4f11dc,Shattered Landscape,0.0,0.0,0.0
Season-6,b3dd3c7d-4685-4579-b483-14ddaaaddf5b,Scythecat Cub,10.0,5.0,0.5
Season-6,b51666ae-2aef-4cb1-9cd4-44aec81530f8,Griselbrand,10.0,5.0,0.5
Season-6,b598c93e-dae1-4d71-a9e4-917abf76d2d0,Raucous Theater,8.0,8.0,1.0
Season-6,b5aaaee0-9a61-45df-821e-cce516f8de6a,Old One Eye,0.0,0.0,0.0
Season-6,b6cb2549-e485-44d6-9d65-7605c568909e,Unearth,18.0,10.0,0.5555555555555556
Season-6,b768efa2-e56b-4a7e-ace8-d673f10e0714,Birthing Pod,11.0,5.0,0.4545454545454545
Season-6,b7f16fdf-a3f5-462d-a64a-789d893b6ef5,Batterskull,0.0,0.0,0.0
Season-6,b83cfbaa-7890-4f6f-878b-4edb45677371,Skyclave Apparition,11.0,5.0,0.4545454545454545
Season-6,b841bfa8-7c17-4df2-8466-780ab9a4a53a,Fabled Passage,0.0,0.0,0.0
Season-6,b8aa7126-5df3-42dd-b4a3-0d0ea59eeebd,Helping Hand,9.0,4.0,0.4444444444444444
Season-6,b90331d4-74f0-43bf-8ed2-f8616d782859,Basalt Monolith,0.0,0.0,0.0
Season-6,b9775175-6763-4826-afc8-dc520a235c36,Master of Death,0.0,0.0,0.0
Season-6,ba934866-efd0-4126-b1ff-9c7e82b73bd6,Summon: Kujata,10.0,7.0,0.7
Season-6,bb41ff5c-9617-4033-a4fa-99323640b9c3,Duress,0.0,0.0,0.0
Season-6,bb9ad57f-cca2-4717-a951-cbe3c7782efe,Recruiter of the Guard,9.0,4.0,0.4444444444444444
Season-6,bbec97ff-bb84-4496-9e09-d4fc1570c516,Mawloc,10.0,6.0,0.6
Season-6,bc9b2a76-3cce-4fd0-a4ef-932747cb11b2,"Spider-Woman, Stunning Savior",0.0,0.0,0.0
Season-6,bd3d4b4b-cf31-4f89-8140-9650edb03c7b,Ancient Tomb,9.0,4.0,0.4444444444444444
Season-6,bd8fa327-dd41-4737-8f19-2cf5eb1f7cdd,Black Lotus,18.0,15.0,0.8333333333333334
Season-6,be77b98a-dd79-477c-8ab2-7ebf5637a89e,Headliner Scarlett,10.0,6.0,0.6
Season-6,bf220c06-3cce-4bdd-aa58-83940c223e9c,Commercial District,0.0,0.0,0.0
Season-6,c060c178-3c0e-493f-b6f0-ead5b1d6f191,Survival of the Fittest,11.0,3.0,0.2727272727272727
Season-6,c17816e8-28b1-4295-a637-efb0e5c18873,Lush Portico,10.0,6.0,0.6
Season-6,c1bd3bc0-77bd-40fe-b4f1-835a04cb6e41,Eagles of the North,19.0,10.0,0.5263157894736842
Season-6,c1c7aa22-51b0-45ee-9a8e-5493a1820d8c,"Wolverine, Fierce Fighter",10.0,6.0,0.6
Season-6,c1e0f201-42cb-46a1-901a-65bb4fc18f6c,Urza's Saga,8.0,8.0,1.0
Season-6,c2089ec9-0665-448f-bfe9-d181de127814,Brazen Borrower // Petty Theft,10.0,5.0,0.5
Season-6,c375a022-5b57-496d-a802-e4ea8376e9e4,"Eiganjo, Seat of the Empire",10.0,6.0,0.6
Season-6,c3896705-bbd2-4ffb-a590-ee78e0eabdc5,Long Goodbye,8.0,3.0,0.375
Season-6,c78da035-6b5b-4136-9ab6-f622b64fdc54,Unstoppable Slasher,20.0,7.0,0.35
Season-6,c7bbb911-9de2-455d-9677-e1004db65dbd,"Chandra, Torch of Defiance",10.0,6.0,0.6
Season-6,c8090bcf-e17a-4110-a518-77ccd045b18f,Charming Scoundrel,0.0,0.0,0.0
Season-6,c86b8a75-9e31-4a44-95b8-c83b9a49646f,Ocelot Pride,10.0,8.0,0.8
Season-6,c8f0b123-fdb0-4f3e-ba78-fa155c227e20,Greasewrench Goblin,0.0,0.0,0.0
Season-6,ca4c8b04-66af-4cb3-8003-9088d8344b20,Alpha Deathclaw,10.0,7.0,0.7
Season-6,cb94a02f-4660-45b6-8a39-941b710cf8f3,Collective Brutality,0.0,0.0,0.0
Season-6,cbac1d27-15e2-4e2f-82ab-625a16e096cb,Enlightened Tutor,0.0,0.0,0.0
Season-6,cc3063ec-5ea6-46c1-8331-c740cbaf6c76,Great Divide Guide,11.0,3.0,0.2727272727272727
Season-6,cc4bb871-cde9-43a9-8089-5987fa0dd4ef,Mutated Cultist,0.0,0.0,0.0
Season-6,cc520518-2063-4b57-a0d4-10cf62a7175e,Zagoth Triome,10.0,5.0,0.5
Season-6,cdfadb17-76ad-4d4d-9fa7-33c4b88b4c0a,Sowing Mycospawn,10.0,5.0,0.5
Season-6,ce295f1e-fb31-4275-a5d3-8c6f29afff40,Serra Paragon,0.0,0.0,0.0
Season-6,ce35e6fb-ff54-44c4-a216-7ddd37f46882,Screaming Nemesis,10.0,6.0,0.6
Season-6,ce5dd2c1-b6e0-4914-b5c9-7dd451c29e22,Chthonian Nightmare,9.0,4.0,0.4444444444444444
Season-6,ce648aa3-098b-4af0-a433-fd290bc85904,Balance,8.0,3.0,0.375
Season-6,cea3b218-0e6e-443a-84f7-380f1021e8e1,Barrowgoyf,17.0,7.0,0.4117647058823529
Season-6,cf3eb762-6c3f-4b11-a4f9-968f79370217,Mystic Confluence,0.0,0.0,0.0
Season-6,d0e3e7b3-7ba9-47a2-b46c-a40bffb445e2,Twisted Landscape,10.0,5.0,0.5
Season-6,d2119f3f-27d2-4d43-a5ef-35c1b73d182a,"The Reaper, King No More",11.0,3.0,0.2727272727272727
Season-6,d2124603-d20e-40eb-97f0-a66323397ac2,Bolas's Citadel,0.0,0.0,0.0
Season-6,d21433ba-0a14-42bc-ad0b-a4ef823a3295,Monument to Endurance,10.0,2.0,0.2
Season-6,d2507bc2-da17-4e46-b4c5-ba0080ce2c6f,Rishadan Port,10.0,6.0,0.6
Season-6,d2705b43-a94a-44c0-8740-82e0b296820c,Abhorrent Oculus,8.0,3.0,0.375
Season-6,d53b20b0-67bc-4587-817b-efbf21cb2512,Land Tax,0.0,0.0,0.0
Season-6,d5806e68-1054-458e-866d-1f2470f682b2,The One Ring,0.0,0.0,0.0
Season-6,d67be074-cdd4-41d9-ac89-0a0456c4e4b2,"Sheoldred, the Apocalypse",20.0,7.0,0.35
Season-6,d6ec3293-b09e-4931-ac4e-dc5eac0ca004,Mana Vault,10.0,8.0,0.8
Season-6,d7a8cc1d-aabb-4eb6-b0f1-6c93ec246f61,Court of Garenbrig,0.0,0.0,0.0
Season-6,d9482aab-6ddf-48e1-84fa-b13d5ff81e69,Icetill Explorer,20.0,11.0,0.55
Season-6,d99a9a7d-d9ca-4c11-80ab-e39d5943a315,Asmoranomardicadaistinaculdacar,0.0,0.0,0.0
Season-6,d99fd073-c249-4cd2-9d71-be417c88c493,Molten Vortex,0.0,0.0,0.0
Season-6,da13a060-36ee-41e9-bab1-af8ddcc893b8,Norman Osborn // Green Goblin,9.0,4.0,0.4444444444444444
Season-6,dcb79f39-5ef3-4ad6-9a43-04beb27d8480,Eladamri's Call,0.0,0.0,0.0
Season-6,dd16222e-349c-4a2b-a7c8-8eb35a8ab332,Static Prison,11.0,6.0,0.5454545454545454
Season-6,dda6b4d0-1b60-46b0-b321-b9ffe15afff4,Sazh's Chocobo,0.0,0.0,0.0
Season-6,de0e01e4-e143-47fd-8565-7b48219bb546,Goldvein Hydra,10.0,6.0,0.6
Season-6,dea15b53-2940-40e7-8d48-8ec11341da83,Careful Study,8.0,2.0,0.25
Season-6,df3784d4-80cd-4f78-afb3-d61f3bab5b2c,Zealous Conscripts,10.0,6.0,0.6
Season-6,df9d9075-2d1e-4848-b661-816d539e05eb,Emperor of Bones,10.0,7.0,0.7
Season-6,e0ef33dd-5f6d-48fa-8ef6-a8092868d50f,Figure of Fable,19.0,9.0,0.4736842105263157
Season-6,e1332480-4986-421f-9a31-1d597d597c65,"Carnage, Crimson Chaos",0.0,0.0,0.0
Season-6,e16ab44e-4257-4c0c-b705-8ac1e9c1d835,Touch the Spirit Realm,0.0,0.0,0.0
Season-6,e20da6b5-1057-4a28-9e85-07de714e262f,"Wan Shi Tong, Librarian",21.0,11.0,0.5238095238095238
Season-6,e2312c49-1627-47ad-8113-78a999a97d8d,Contaminated Landscape,9.0,4.0,0.4444444444444444
Season-6,e41cf82d-3213-47ce-a015-6e51a8b07e4f,Questing Beast,10.0,6.0,0.6
Season-6,e4e6794a-feeb-4fc8-a2ee-38c75c18aaae,Heartless Act,10.0,5.0,0.5
Season-6,e5145f31-a4ac-44ef-8f85-e4d95f2c9ff5,Library of Alexandria,8.0,8.0,1.0
Season-6,e58e681e-a069-4414-aafe-634c7987fd0d,Swords to Plowshares,11.0,6.0,0.5454545454545454
Season-6,e674aa8a-668a-4345-95ee-73a0b87bbcb1,Firestorm,0.0,0.0,0.0
Season-6,e6befbc4-1320-4f26-bd9f-b1814fedda10,Grief,10.0,5.0,0.5
Season-6,e6d7fba8-a157-4d81-9d6b-bd210a96b248,Gleemox,18.0,10.0,0.5555555555555556
Season-6,e7b3ddca-69ef-4743-897b-57c58077db24,Time Warp,11.0,6.0,0.5454545454545454
Season-6,e7c53ba4-9956-4cd6-85ca-2d6b61a5127c,Dance of the Dead,10.0,7.0,0.7
Season-6,e94da91d-6c76-4909-91e3-2f8d97398654,Royal Talon Fighter Jet,0.0,0.0,0.0
Season-6,e9a268ba-c442-4fe4-90b4-2810c8474f4e,Caustic Bronco,20.0,7.0,0.35
Season-6,e9be371c-c688-44ad-ab71-bd4c9f242d58,Force of Negation,21.0,8.0,0.3809523809523809
Season-6,ea1feac0-d3a7-45eb-9719-1cdaf51ea0b6,Mox Sapphire,8.0,3.0,0.375
Season-6,ebc01ab4-d89a-4d25-bf54-6aed33772f4b,Force of Will,21.0,11.0,0.5238095238095238
Season-6,ec3de5f4-bb55-4ab9-995f-f3e0dc22c1bb,Voice of Victory,10.0,6.0,0.6
Season-6,eca8d6f8-c6f1-437c-99e2-4281eae14a6f,Fateful Absence,0.0,0.0,0.0
Season-6,ecc1027a-8c07-44a0-bdde-fa2844cff694,Vivi Ornitier,20.0,5.0,0.25
Season-6,ed0216a0-c5c9-4a99-b869-53e4d0256326,Mox Pearl,21.0,11.0,0.5238095238095238
Season-6,ed0beb69-8441-4104-9990-81bd82f81f9a,The Fantasticar,10.0,3.0,0.3
Season-6,ee8e9928-d9b2-4570-adb8-44b34115decd,Tireless Tracker,10.0,6.0,0.6
Season-6,eeeffc0b-dc92-458e-ad58-86ff6077a508,Sentinel of the Nameless City,20.0,11.0,0.55
Season-6,efda91fa-03b2-4fb4-ae07-b45f6c6d3eab,Yawgmoth's Will,0.0,0.0,0.0
Season-6,f0192cf7-3391-4720-b9c8-72dec5dde01e,Bloodtithe Harvester,0.0,0.0,0.0
Season-6,f05e9a3e-8a35-4687-85cb-e31b3927a5e2,Daze,9.0,4.0,0.4444444444444444
Season-6,f1a21287-e244-4960-84fb-c4f6e5c346d9,Third Path Iconoclast,10.0,3.0,0.3
Season-6,f1b8413f-c9fc-4cea-b416-a1fcf651b009,Sylvan Safekeeper,11.0,3.0,0.2727272727272727
Season-6,f1e5cafb-b0e6-4ee5-8c58-6f8e5ef2b9da,Virtue of Persistence // Locthwain Scorn,17.0,12.0,0.7058823529411765
Season-6,f1eb50a6-07e2-41de-b948-8075bba197ee,Game Over,11.0,3.0,0.2727272727272727
Season-6,f21b0fb7-91b6-403f-a81a-562665961276,Requiting Hex,0.0,0.0,0.0
Season-6,f252ae53-443c-4a27-b8f0-639a9a2b8598,Pestermite,0.0,0.0,0.0
Season-6,f33d3948-fe7b-4c3b-ab67-1022623fbb2b,"Toby, Beastie Befriender",0.0,0.0,0.0
Season-6,f3405184-dcda-4bb6-ade6-c2a87bc3296d,Sleight of Hand,16.0,5.0,0.3125
Season-6,f3537373-ef54-4578-9d05-6216420ee349,Esper Sentinel,20.0,10.0,0.5
Season-6,f486df00-7c4a-4ff0-bb0b-c8b5432ac742,Sylvan Library,21.0,9.0,0.4285714285714285
Season-6,f5fb426a-5618-4dd4-9c51-0cc847be8c1d,Multiversal Passage,8.0,8.0,1.0
Season-6,f61693a2-7042-44e0-85ba-9bf12ab94e7e,Suplex,20.0,12.0,0.6
Season-6,f62fd592-4910-417d-a500-e7029f3d119f,Kitesail Freebooter,9.0,4.0,0.4444444444444444
Season-6,f6ca59cd-8779-4a84-a54b-e863b79c61f0,Underground Mortuary,0.0,0.0,0.0
Season-6,f7e0549e-2d23-4ea8-b8d1-ae21af2c9091,Snap,8.0,2.0,0.25
Season-6,f83ed433-fae3-4fa5-acad-bb8a5b535ce3,Coveted Jewel,0.0,0.0,0.0
Season-6,f9246b68-580f-4f53-883d-7900880e4b0d,Six,0.0,0.0,0.0
Season-6,f9ba68ef-6efc-4249-8b74-e33f47173902,Vibrant Outburst,0.0,0.0,0.0
Season-6,fa2920af-e6a1-4939-ab59-67af4430e5b8,Anger,0.0,0.0,0.0
Season-6,fa3b415f-7901-4ab4-84fe-60b90d40ac90,Pillage the Bog,0.0,0.0,0.0
Season-6,fa7a55aa-ae61-4933-b7a4-dcc55dac6fcd,"Inti, Seneschal of the Sun",20.0,14.0,0.7
Season-6,fa7b7897-36e0-415a-8bb7-602886164852,Show and Tell,8.0,2.0,0.25
Season-6,fa87bf1e-2062-4983-b1c4-98bffea69a4c,Pyrogoyf,8.0,8.0,1.0
Season-6,fadb218d-29e2-42d1-a7a1-1066741d63ad,Mox Diamond,18.0,5.0,0.2777777777777778
Season-6,fc310a26-b6a0-4e42-98ab-bdfd7b06cb63,"Beza, the Bounding Spring",11.0,5.0,0.4545454545454545
Season-6,fc7d1912-7e27-49ef-bd98-375d975a42b0,Starting Town,19.0,10.0,0.5263157894736842
Season-6,fd97b3cf-924e-4f77-bb82-0bf19592389f,Dreadhorde Arcanist,0.0,0.0,0.0
Season-6,fd99bce1-ce39-464b-8e61-2631eb3ed6f6,Tolarian Academy,20.0,5.0,0.25
Season-6,fe30c0ff-f74b-456a-a61e-3720d84d713f,Parallax Wave,10.0,8.0,0.8
Season-6,fe964e7e-e2c5-4263-889d-0a531eb51442,Luminarch Aspirant,10.0,8.0,0.8
Season-6,ff37b863-f8c4-4584-8cc2-ac0e096e583f,Bazaar of Baghdad,10.0,2.0,0.2
Season-6,ff590af2-2d6c-4f16-a9b8-1a6dab6e9ad5,Echo of Eons,0.0,0.0,0.0
Season-6,ff84ea71-e477-44f7-a3f8-77fef708efeb,Thieving Skydiver,11.0,6.0,0.5454545454545454
Season-All,0020c31b-002a-4121-bc61-2c2c16e9afc8,Ornery Tumblewagg,37.0,19.0,0.5135135135135135
Season-All,0027e5ca-8046-40a0-bd73-79be55f28bff,Remand,218.0,106.0,0.4862385321100917
Season-All,0049e68d-0caf-474f-9523-dad343f1250a,"Hogaak, Arisen Necropolis",0.0,0.0,0.0
Season-All,0055ea30-20fb-4324-a632-8fed87628f05,"Boseiju, Who Endures",174.0,89.0,0.5114942528735632
Season-All,005dae9a-dddc-4a11-95bb-cce319edcce4,Skullclamp,184.0,94.0,0.5108695652173914
Season-All,006d2bf1-20f7-4b09-8d98-8233d91682bd,Flame Slash,206.0,112.0,0.5436893203883495
Season-All,00cb17a0-5a13-4d02-b7fb-f99531bc8ca5,Dark Depths,89.0,42.0,0.4719101123595505
Season-All,00f9955f-a522-47bf-b064-92dd21a76b18,Solemn Simulacrum,39.0,15.0,0.3846153846153846
Season-All,01006833-6007-4c16-9ebb-20d31c60a57a,Taiga,188.0,96.0,0.5106382978723404
Season-All,0135ada3-e5ae-4382-a717-872839bf1d5a,Garruk Wildspeaker,0.0,0.0,0.0
Season-All,014bf3c6-e46f-48f8-902f-82deeba260b2,,0.0,0.0,0.0
Season-All,01794178-cf41-454c-ac37-1d8b18e42db2,Green Sun's Zenith,198.0,92.0,0.4646464646464646
Season-All,01978fe5-00a9-4add-ae2a-b4c2572ffb9a,Vendilion Clique,79.0,33.0,0.4177215189873418
Season-All,019b51b0-e5c6-4208-922b-7736686dddcd,Agatha's Soul Cauldron,11.0,3.0,0.2727272727272727
Season-All,01c6f877-6b00-4d57-8a88-36cd3b16edbc,Llanowar Elves,198.0,93.0,0.4696969696969697
Season-All,01d1e394-1b0c-4b40-ba85-f55973703d41,Smirking Spelljacker,114.0,51.0,0.4473684210526316
Season-All,01e7b0bc-1c6c-48f4-8b72-1a809f536c6c,Birds of Paradise,240.0,130.0,0.5416666666666666
Season-All,02138fbb-3962-4348-8d31-faaefba0b8b2,Raugrin Triome,127.0,59.0,0.4645669291338583
Season-All,02551196-ecea-472f-9547-3c9658d0489e,Ravenous Chupacabra,29.0,13.0,0.4482758620689655
Season-All,0263c742-345b-4425-8326-75bfa60e08ea,Sundering Titan,0.0,0.0,0.0
Season-All,026e7167-d665-43d0-a51e-8df2d68cdb5e,"Cecil, Dark Knight // Cecil, Redeemed Paladin",57.0,29.0,0.5087719298245614
Season-All,02902fcc-eefc-4e81-aafd-59fa203a71d7,Eternal Witness,21.0,8.0,0.3809523809523809
Season-All,02aea379-b444-46a3-82f4-3038f698d4f4,The Mightstone and Weakstone,0.0,0.0,0.0
Season-All,02c532e8-21f1-4d6f-a931-1ea48a6aeea2,Coalition Relic,124.0,58.0,0.4677419354838709
Season-All,02d6d693-f1f3-4317-bcc0-c21fa8490d38,"Jace, Vryn's Prodigy // Jace, Telepath Unbound",216.0,115.0,0.5324074074074074
Season-All,02e8e540-8aa3-4e6a-9a11-c3949cab5f0f,"Tezzeret, Cruel Captain",49.0,25.0,0.5102040816326531
Season-All,030e46a1-64a7-47e3-9b9f-82a22fe3734b,Consecrated Sphinx,0.0,0.0,0.0
Season-All,0324641d-af55-4c53-b4dc-c8262e967da5,Volcanic Island,179.0,92.0,0.5139664804469274
Season-All,0359f212-9564-41a9-870b-d2c57455a695,Brainstorm,121.0,63.0,0.5206611570247934
Season-All,039d62b0-3309-4424-a2ea-5a0d88d4bd72,The Underworld Cookbook,0.0,0.0,0.0
Season-All,045ce37b-86d2-4e56-84af-b6625b53d13c,Path to Exile,222.0,104.0,0.4684684684684684
Season-All,0463e989-ba32-4a46-a82f-e0d6daf3cd51,Sulfuric Vortex,29.0,11.0,0.3793103448275862
Season-All,04fc99dc-bfbe-4567-b791-6b1db96471ec,Reanimate,212.0,109.0,0.5141509433962265
Season-All,054f2276-2dd5-43da-bb26-c57c560861fe,Steam Vents,199.0,90.0,0.4522613065326633
Season-All,05690d52-06c4-40b1-8360-380418a83250,The Aetherspark,57.0,29.0,0.5087719298245614
Season-All,05812009-d1b8-4775-8188-f05cfdb4feed,Worn Powerstone,0.0,0.0,0.0
Season-All,059164e1-894d-4586-9800-e60d6fbd6eb6,Shifting Woodland,39.0,18.0,0.4615384615384615
Season-All,0596155d-8f83-40ca-be31-9a0df1ced65e,Wall of Omens,37.0,11.0,0.2972972972972973
Season-All,059e8447-6b1c-4651-a734-a8fea2cbf7b2,Bloodchief's Thirst,27.0,11.0,0.4074074074074074
Season-All,05bd329b-5707-42fc-af1c-084cc604e805,Imperial Recruiter,65.0,29.0,0.4461538461538462
Season-All,05bdd22c-3e11-4c29-bdfa-d3dfc0e90a9f,Bitter Triumph,209.0,103.0,0.492822966507177
Season-All,05cf51d8-9f91-42ff-99e9-4397f2251c20,Dark Confidant,156.0,84.0,0.5384615384615384
Season-All,05e8a4ea-8c0d-4284-ac23-80e19fdde11d,Myr Battlesphere,112.0,46.0,0.4107142857142857
Season-All,0645f487-efe5-4764-b361-85e07bb5ccca,"Ulamog, the Infinite Gyre",46.0,21.0,0.4565217391304347
Season-All,064dfdeb-485f-473e-9fa0-8fdb7638cdc6,Dismember,209.0,114.0,0.5454545454545454
Season-All,068bb15a-fc2d-42a2-859b-837b946d23c0,Underground Sea,164.0,85.0,0.5182926829268293
Season-All,06c0c35d-a26e-473a-9206-8fbda7191700,Entomb,180.0,91.0,0.5055555555555555
Season-All,06c9e8a7-2840-4cff-90af-c6636e598f78,Hardened Academic,0.0,0.0,0.0
Season-All,06cb1bd6-73e0-4104-b344-4bc52d7dcedf,Baleful Strix,171.0,103.0,0.6023391812865497
Season-All,071daca8-ccc6-4707-843e-adac40dd1588,Fury,176.0,105.0,0.5965909090909091
Season-All,07246783-d475-4f61-99ac-e2b574072349,Voice of Resurgence,69.0,26.0,0.3768115942028985
Season-All,07313dd3-d0dc-40ca-98a3-fa4d39e5bcae,Oust,219.0,108.0,0.4931506849315068
Season-All,073bfdca-d7b8-4f4b-93f3-6e7c44bc0b0a,Sol Ring,198.0,110.0,0.5555555555555556
Season-All,0783b426-a527-42c1-9271-be28b229e1c6,"Torsten, Founder of Benalia",55.0,30.0,0.5454545454545454
Season-All,079e6263-e54c-4899-a336-5315909b9322,"Magda, Brazen Outlaw",185.0,107.0,0.5783783783783784
Season-All,07a3d9e8-8597-498b-869c-cff79e0df516,"Karn, Scion of Urza",128.0,51.0,0.3984375
Season-All,07c17b01-ee5d-491a-8403-b3f819b778c4,Wishclaw Talisman,86.0,48.0,0.5581395348837209
Season-All,07d8ae46-14ec-4878-ba8a-a47d4508c6d7,Zealous Persecution,35.0,17.0,0.4857142857142857
Season-All,0845f0b0-9413-4ddd-861d-9607636bebc6,Natural Order,171.0,85.0,0.4970760233918128
Season-All,086f97e9-8b62-44f3-b467-149c2ac5ca78,Opposition Agent,0.0,0.0,0.0
Season-All,08f79439-b8f8-418f-9772-26d81844749e,Enduring Innocence,56.0,38.0,0.6785714285714286
Season-All,09521f23-52d6-482d-9f3b-c4d12fcc08cc,Tidehollow Sculler,125.0,69.0,0.552
Season-All,09b792b3-ed87-4360-a392-506e5f8140a1,Regrowth,0.0,0.0,0.0
Season-All,09fd2d9c-1793-4beb-a3fb-7a869f660cd4,Bonecrusher Giant // Stomp,214.0,117.0,0.5467289719626168
Season-All,0a26d900-c652-4f9c-8681-a35c5f8b1937,Sacred Foundry,170.0,91.0,0.5352941176470588
Season-All,0a786855-6eb4-42c0-a528-4842db46809d,Stock Up,101.0,55.0,0.5445544554455446
Season-All,0aa3a844-97e6-4f5d-a36f-56fea4e06932,Manglehorn,16.0,6.0,0.375
Season-All,0ab6bfbd-d2e1-4c4c-9f91-6f69c5b8e3bb,Waterlogged Grove,0.0,0.0,0.0
Season-All,0ad38866-fc5f-4f62-89c1-afc0f50765aa,Novice Inspector,175.0,95.0,0.5428571428571428
Season-All,0ad4c472-b8ce-4ae0-a6f0-726ea74722c5,Dread Fugue,0.0,0.0,0.0
Season-All,0adcd4e5-d542-4293-8774-ace2305ef820,Walk-In Closet // Forgotten Cellar,115.0,62.0,0.5391304347826087
Season-All,0c0e7131-db26-448d-afda-f48337a026f0,Pyroclasm,20.0,12.0,0.6
Season-All,0c3bc412-689f-4385-807b-ed60d6276d76,Grim Monolith,120.0,51.0,0.425
Season-All,0c3d7e2c-a104-4757-9984-fb31088f92c4,Cryptic Coat,97.0,45.0,0.4639175257731959
Season-All,0c9a7cb0-5bff-48ff-b620-2838816ac9b5,Counterspell,183.0,98.0,0.5355191256830601
Season-All,0cb33b46-4d1b-4f97-bfdc-d815aee111da,Mana Crypt,210.0,114.0,0.5428571428571428
Season-All,0ce44270-a684-4489-9077-521456e6dfaa,Lórien Revealed,211.0,112.0,0.5308056872037915
Season-All,0d08f5e4-d2d3-4659-86d4-a983d80e3b2c,Tundra,148.0,69.0,0.4662162162162162
Season-All,0d16e8e0-31b2-4389-afd6-783c501f6fa0,"Ajani, Nacatl Pariah // Ajani, Nacatl Avenger",218.0,122.0,0.5596330275229358
Season-All,0d60eabe-b281-4eba-9c26-287364ed2067,Earthshaker Khenra,122.0,66.0,0.5409836065573771
Season-All,0da69523-cece-425a-b08a-fb27fac29374,Figure of Destiny,138.0,70.0,0.5072463768115942
Season-All,0e0d989d-7186-40dc-bdfe-cfbb77656bc8,"Emrakul, the Aeons Torn",71.0,37.0,0.5211267605633803
Season-All,0e51d796-7279-4c06-87f0-37adbdaa41df,Underworld Breach,147.0,71.0,0.4829931972789115
Season-All,0e606072-a3aa-4300-ba90-ec92a721fa76,"Jace, the Mind Sculptor",133.0,70.0,0.5263157894736842
Season-All,0e9aeaa8-9a75-4719-992f-cbb316f72175,Savannah,123.0,68.0,0.5528455284552846
Season-All,0ea4a895-19c0-47af-ad9c-5db88ea9ae05,Scuzzback Scrounger,0.0,0.0,0.0
Season-All,0ecbe097-ba51-42e5-957c-382eb66c08f0,Robber of the Rich,102.0,56.0,0.5490196078431373
Season-All,0eee981e-5d26-4810-90e1-432f3c3107f2,Reclamation Sage,91.0,44.0,0.4835164835164835
Season-All,0f3c8470-1cc8-4383-8782-c022867d46e8,"Tezzeret, Agent of Bolas",9.0,3.0,0.3333333333333333
Season-All,0f427f0b-034c-4821-8758-e395c0042d8a,Creeping Tar Pit,0.0,0.0,0.0
Season-All,0f7585c8-9e21-4eef-afc1-2852de23db2f,Polluted Delta,206.0,97.0,0.470873786407767
Season-All,0fb4c734-c698-46f2-bc78-5f036f472e5b,Unholy Annex // Ritual Chamber,28.0,10.0,0.3571428571428571
Season-All,0fe070f4-8877-4280-b8fd-869f3ac34ab6,Sheltering Landscape,80.0,45.0,0.5625
Season-All,10158a5e-5a03-41ab-85d2-0907ccf32c9b,Dack Fayden,146.0,78.0,0.5342465753424658
Season-All,1066a94a-8e4f-4d77-820b-7a77a18116f0,Wooded Foothills,188.0,108.0,0.574468085106383
Season-All,106f9629-b3aa-4703-82fb-c1e771bbce72,The Wandering Emperor,140.0,68.0,0.4857142857142857
Season-All,107492bd-b32f-4692-917c-7771986b5bf7,Thespian's Stage,90.0,44.0,0.4888888888888889
Season-All,1103da9c-300c-406b-997d-9e5bb7cd02d6,"Lightning, Army of One",81.0,51.0,0.6296296296296297
Season-All,1132218d-56cd-441e-9006-df3c50344491,Joraga Treespeaker,96.0,38.0,0.3958333333333333
Season-All,113f48b9-a972-4e2c-af95-05ab078e01f2,Tranquil Landscape,74.0,33.0,0.4459459459459459
Season-All,1163fe84-c5d5-42c8-b7cd-d206a9b0bd3f,Tireless Provisioner,66.0,34.0,0.5151515151515151
Season-All,117bb5db-4a1c-4704-b0b5-c67b45ac2f52,"Yuffie, Materia Hunter",50.0,23.0,0.46
Season-All,1192f7a9-102e-4b3a-b154-18c8eb332217,"Ulamog, the Ceaseless Hunger",0.0,0.0,0.0
Season-All,120be808-ff3b-4fca-96a1-4db6b9825856,Quantum Riddler,76.0,42.0,0.5526315789473685
Season-All,1290e00b-c41b-4e30-8b65-a7fd4356d462,Mind's Desire,0.0,0.0,0.0
Season-All,139b90cd-8272-457a-be32-1298145345be,Watery Grave,181.0,104.0,0.574585635359116
Season-All,13c5a1ce-932a-4b3d-8b86-ed920e646afc,Satyr Wayfinder,10.0,6.0,0.6
Season-All,13f5bcdc-70bb-4d67-99e1-282f166ee4bf,Increasing Confusion,10.0,2.0,0.2
Season-All,14065271-d942-42a8-aa38-d8a622c0375d,Scrubland,149.0,75.0,0.5033557046979866
Season-All,1453f92e-df2d-4789-aa1b-a5b5c51567d4,Preordain,199.0,98.0,0.4924623115577889
Season-All,1571b584-9007-45ee-a3c3-6c72f227fee2,Mystical Tutor,174.0,73.0,0.4195402298850574
Season-All,158c000e-7960-4518-b034-a529622b7bf1,,0.0,0.0,0.0
Season-All,15c34f32-49d9-4a0d-83b2-28172f54fdd1,Crop Rotation,94.0,39.0,0.4148936170212766
Season-All,15db4353-9c46-4fe4-b22e-0cf024aa9dfc,Grim Lavamancer,47.0,25.0,0.5319148936170213
Season-All,15faa763-b897-4e86-b094-73f3236291a9,Verdant Catacombs,210.0,102.0,0.4857142857142857
Season-All,162018eb-5483-4fa2-9c5a-abb639eecf91,"Kiki-Jiki, Mirror Breaker",47.0,25.0,0.5319148936170213
Season-All,162e81d3-6cd4-4cb8-8ed8-cfbd8d34ca71,Mind Stone,108.0,48.0,0.4444444444444444
Season-All,16448d95-ee21-4def-b880-26f6f159c213,Metamorphosis Fanatic,98.0,49.0,0.5
Season-All,1658f12b-8ac5-4d29-86d5-f20c4d5f7e48,Vindicate,19.0,6.0,0.3157894736842105
Season-All,16c8d2fa-54a7-46e8-980c-905258497c90,Arid Mesa,223.0,117.0,0.5246636771300448
Season-All,16e040c3-bf42-4a5b-aeb3-5dc9921151e5,Death's Shadow,28.0,12.0,0.4285714285714285
Season-All,1716b4dd-9045-462b-b053-72de450a8cde,Blood Crypt,197.0,100.0,0.5076142131979695
Season-All,17260fff-b239-4af4-9306-3236ae3fa5a5,Thundering Falls,142.0,70.0,0.4929577464788732
Season-All,175b3d28-5c74-4972-9b5c-5e39762c78f4,Relic of Sauron,171.0,72.0,0.4210526315789473
Season-All,17824929-f131-4b8d-addb-66c25323155e,Infernal Grasp,47.0,23.0,0.4893617021276595
Season-All,1785cb18-c291-4fd5-b8c7-ace893c32e49,Mesmeric Fiend,165.0,73.0,0.4424242424242424
Season-All,179bd74b-c458-49d6-90ac-6075454e43dd,,0.0,0.0,0.0
Season-All,17db2b6a-eaa8-4a08-9e86-370bbd058574,Bayou,170.0,92.0,0.5411764705882353
Season-All,17f28b16-da65-41a8-ba4f-f1c5e104aad6,Council's Judgment,157.0,84.0,0.535031847133758
Season-All,18092f68-b96e-4084-9eba-b240d2195d81,"Adeline, Resplendent Cathar",141.0,70.0,0.4964539007092198
Season-All,1834ac92-8b4e-4442-a834-acd580e1ef99,Jack-in-the-Mox,134.0,68.0,0.5074626865671642
Season-All,187b6719-e5ed-4615-a00b-3313ceca055b,Currency Converter,143.0,62.0,0.4335664335664335
Season-All,187e887c-c39d-4d25-a506-cdc95fc70316,"Gideon, Ally of Zendikar",116.0,58.0,0.5
Season-All,18a3cca1-e50e-49b6-9e1a-f86640e3b177,Snuff Out,188.0,109.0,0.5797872340425532
Season-All,18adbda4-8d36-47cd-afbc-c785aaa8ed80,Blightsteel Colossus,83.0,32.0,0.3855421686746988
Season-All,18bd50f2-c3ba-4217-a2d5-bb771e199706,Vampiric Tutor,219.0,98.0,0.4474885844748858
Season-All,18ee486e-dc25-4de7-a71f-f11fdf100176,"Okoye, Mighty and Adored",10.0,6.0,0.6
Season-All,18f23daa-bc59-456a-8a28-3823e51bc74b,Night's Whisper,121.0,64.0,0.5289256198347108
Season-All,19018f23-b63b-45af-8419-8959f41472d4,Pre-War Formalwear,54.0,26.0,0.4814814814814814
Season-All,19316cbb-d1af-4ab7-b588-78637503e986,,0.0,0.0,0.0
Season-All,19477aca-b8db-4061-9a78-ebb189a9df22,Breeding Pool,139.0,66.0,0.4748201438848921
Season-All,19557351-b65f-4b04-b971-66abdc07000a,Stoneforge Mystic,113.0,63.0,0.5575221238938053
Season-All,19adde22-e5eb-4815-beb6-c520b3274cc9,Lotus Cobra,195.0,97.0,0.4974358974358974
Season-All,19d6834d-afa3-4747-a62d-0654f4d9729f,"Malcolm, Alluring Scoundrel",106.0,50.0,0.4716981132075472
Season-All,1a55c370-d396-4c73-8ee2-83dc4c124005,The Goose Mother,87.0,35.0,0.4022988505747126
Season-All,1a67768a-6cd9-4163-b941-752f29c87a8d,Basking Rootwalla,0.0,0.0,0.0
Season-All,1a6f256b-943e-4cfb-9fc9-d1ded68b5f97,Chart a Course,102.0,49.0,0.4803921568627451
Season-All,1ac01fff-4de6-4783-9489-4127e25bc641,Prismatic Vista,215.0,116.0,0.5395348837209303
Season-All,1ac0e78b-0fdd-44f9-8b7b-c4f28a32782e,Amped Raptor,64.0,38.0,0.59375
Season-All,1af92296-455a-425e-9397-a96d09937767,Incinerate,141.0,71.0,0.5035460992907801
Season-All,1b0fe46d-08d6-48c3-be0d-650d8d3d66af,Ideas Unbound,8.0,2.0,0.25
Season-All,1b2ecf55-c1cc-4b28-b7ce-e1b25305155e,Lightning Helix,0.0,0.0,0.0
Season-All,1b406cc5-75c9-430a-83a2-de0f2a8aeae6,"Mole Man, Moloid Master",11.0,3.0,0.2727272727272727
Season-All,1b6ef5f5-4058-4f89-a573-9e2da87a9f2e,Steel Seraph,42.0,16.0,0.3809523809523809
Season-All,1bd3fa8a-6c50-4f7f-9ae3-0810eec5e3db,Reprieve,183.0,89.0,0.4863387978142076
Season-All,1be9d9a4-d7ee-4854-abc2-85cabf993ec9,Archon of Cruelty,140.0,67.0,0.4785714285714286
Season-All,1c0f2873-5849-4cab-855a-2fbbc41dbb6c,Chaos Defiler,174.0,96.0,0.5517241379310345
Season-All,1c603751-1e2b-4c8e-a8d2-5c0876e7254f,Darkstar Augur,56.0,31.0,0.5535714285714286
Season-All,1c7d50d6-b63a-4d8c-88fa-1d78ae693a45,Overgrown Tomb,138.0,75.0,0.5434782608695652
Season-All,1d7a1357-debd-49b0-9fd5-560d5b3f589e,Chromatic Star,9.0,4.0,0.4444444444444444
Season-All,1daf4348-05c5-4c55-bcf2-c7bec7988bfc,Plateau,184.0,110.0,0.5978260869565217
Season-All,1dd64b1d-bcef-476c-bf0b-3ac7df7cbed3,"Nissa, Ascended Animist",93.0,53.0,0.5698924731182796
Season-All,1e0c695d-62f9-4805-9e2f-7032e8464136,No More Lies,36.0,14.0,0.3888888888888889
Season-All,1e14e677-9bfa-4bcc-9772-8e7758d7538a,Sea Gate Stormcaller,18.0,5.0,0.2777777777777778
Season-All,1e2fee55-227b-4373-a3f7-b463f220033f,Tinker,165.0,69.0,0.4181818181818181
Season-All,1e3259f8-ee93-4b02-b8e1-a7bd6dd698ca,"Uro, Titan of Nature's Wrath",0.0,0.0,0.0
Season-All,1e3e8085-cfcd-4e88-b441-4d1f8ac63904,Forth Eorlingas!,235.0,130.0,0.5531914893617021
Season-All,1ea179e9-9c0d-46c1-9ee8-60be68e1f79c,Thirst for Discovery,54.0,23.0,0.4259259259259259
Season-All,1ee98955-4c47-4d45-9377-608dfa755337,Bone Shards,179.0,88.0,0.4916201117318435
Season-All,1f123ad6-fe84-4fed-9c0f-6b41921e9c26,Deceiver Exarch,20.0,12.0,0.6
Season-All,1f2f7d4b-aa65-42ed-a441-8e35be96743c,Orcish Lumberjack,99.0,54.0,0.5454545454545454
Season-All,1f9fb33a-3b39-4aff-93b8-aedafe0ea694,Fanatic of Rhonas,150.0,65.0,0.4333333333333333
Season-All,1fa48620-4c3d-4f75-be1f-c12c4aa59f51,"Golos, Tireless Pilgrim",11.0,4.0,0.3636363636363636
Season-All,1fc6d14a-1328-4032-ad9e-cd85cd365bd3,Endurance,148.0,73.0,0.4932432432432432
Season-All,1fdcc0c3-4029-4fc3-a486-5d7f45c910bd,Everflowing Chalice,111.0,40.0,0.3603603603603603
Season-All,205df311-a72d-40f1-b2ea-9b30274bc9bd,Knight of the Reliquary,50.0,17.0,0.34
Season-All,207d5f12-fbc6-4c75-9d84-fd2f0023fbd0,Sneak Attack,168.0,97.0,0.5773809523809523
Season-All,209c591a-4ab2-4e89-9523-a7b766cf4e51,Ouroboroid,47.0,29.0,0.6170212765957447
Season-All,20c4aae1-7665-4df7-bd51-a1d95bf8a17d,Murktide Regent,54.0,21.0,0.3888888888888889
Season-All,216a8e4e-ea7b-41c7-a982-b5751025ff25,Scrapheap Scrounger,35.0,21.0,0.6
Season-All,21c950d7-b4f6-4902-8c9a-98f2933f9fa5,Adanto Vanguard,181.0,93.0,0.5138121546961326
Season-All,224d904a-5972-4152-878a-9a922e7a55b6,"Titania, Protector of Argoth",127.0,68.0,0.5354330708661418
Season-All,22924c44-5551-4a48-a574-dfef91a5d4d7,Anje's Ravager,0.0,0.0,0.0
Season-All,229a0d4a-3777-451d-a2fb-f1a2fdf8019f,Spara's Headquarters,144.0,68.0,0.4722222222222222
Season-All,22c26e44-e129-4c4d-b552-3cc8774ce1a4,Mox Poison,113.0,56.0,0.495575221238938
Season-All,2398892d-28e9-4009-81ec-0d544af79d2b,Ancestral Recall,221.0,107.0,0.4841628959276018
Season-All,23b95b26-0bbf-4fa1-80c1-f621f1a1b947,Damn,38.0,13.0,0.3421052631578947
Season-All,2424f2c4-366b-42cf-bf4b-a8a5bfdd2c4b,Life // Death,108.0,58.0,0.5370370370370371
Season-All,245cdc59-d560-4c10-b721-f51cc312e370,Mishra's Factory,137.0,60.0,0.437956204379562
Season-All,2462df62-fc35-47ed-9571-40452074dc6d,Traveling Chocobo,50.0,26.0,0.52
Season-All,247939d9-87e9-4f01-b223-fb4cfa7dbbe1,Mana Leak,196.0,87.0,0.4438775510204081
Season-All,2487d124-210b-4808-888c-cd0a78aebd90,Molten Collapse,76.0,44.0,0.5789473684210527
Season-All,24a5cc2c-0fbf-4a5f-b175-6e0ffd0d0787,Misty Rainforest,210.0,117.0,0.5571428571428572
Season-All,24a76568-a2d4-41a6-88b8-fa5ed4093930,Celestial Colonnade,0.0,0.0,0.0
Season-All,24c0d87b-0049-4beb-b9cb-6f813b7aa7dc,Fable of the Mirror-Breaker // Reflection of Kiki-Jiki,207.0,117.0,0.5652173913043478
Season-All,24da9431-7e52-44f5-bc18-2f2d8a4ca81e,Abrade,168.0,87.0,0.5178571428571429
Season-All,24e58478-c6a8-4f86-854a-a489c99bd777,Usher of the Fallen,94.0,51.0,0.5425531914893617
Season-All,2573e694-eaa0-42ca-b470-2ab507cbcec1,Moonshadow,20.0,7.0,0.35
Season-All,25b0b816-0583-44aa-9dc5-f3ff48993a51,Gaea's Cradle,177.0,84.0,0.4745762711864407
Season-All,2605df98-0b02-4aab-bc36-01e93c693743,Territorial Kavu,48.0,27.0,0.5625
Season-All,2616aa0e-8413-4e63-877c-bffd5263f552,Porcelain Legionnaire,138.0,60.0,0.4347826086956521
Season-All,261ac92e-c61a-4c11-aa6a-9ae1cb703e5c,Dreams of Steel and Oil,142.0,81.0,0.5704225352112676
Season-All,265522eb-4f6a-40e7-b374-3833fa63c80b,Formidable Speaker,57.0,29.0,0.5087719298245614
Season-All,269ddd84-fdc4-4c94-b183-32ecec56967c,Sanguine Evangelist,20.0,9.0,0.45
Season-All,26c68473-70ca-40ba-b5c6-71ec30f88a2c,Damnation,99.0,47.0,0.4747474747474747
Season-All,26d40e03-6de4-4373-9fbf-04c1dd79e995,Jetmir's Garden,154.0,78.0,0.5064935064935064
Season-All,2744ac83-a79f-4042-8720-688b5adda382,Nurturing Peatland,0.0,0.0,0.0
Season-All,275471e3-ded1-40ac-91ef-369dce5764d9,Inventors' Fair,0.0,0.0,0.0
Season-All,277bc4e5-f43a-4f1e-a7e9-11796e78fcdf,Blade Splicer,0.0,0.0,0.0
Season-All,28667c8b-d02c-4e57-a050-1549207b65d1,Thragtusk,70.0,43.0,0.6142857142857143
Season-All,28bb8ec0-9729-4aa1-8ce4-a3a5598b0d70,Soul Partition,0.0,0.0,0.0
Season-All,28f1d784-f286-418d-a712-bc07ad10d4a2,Copperline Gorge,0.0,0.0,0.0
Season-All,29148d7e-b398-4e19-a29e-d9a660ad5016,Mirage Mirror,57.0,22.0,0.3859649122807017
Season-All,29632951-3c3d-478c-8c5a-9a34f30a5c28,Dauthi Voidwalker,169.0,92.0,0.5443786982248521
Season-All,296574c6-3933-4ab3-b591-72514b244da9,,0.0,0.0,0.0
Season-All,2970683e-e69c-42cb-a067-34abd56fb42b,Elite Interceptor // Rejoinder,19.0,10.0,0.5263157894736842
Season-All,299f1f93-ecee-4ed8-a77e-6ebc4b85328d,Beast Within,0.0,0.0,0.0
Season-All,2a717b98-cdac-416d-bf6c-f6b6638e65d1,"Tamiyo, Inquisitive Student // Tamiyo, Seasoned Scholar",196.0,97.0,0.4948979591836734
Season-All,2aa98fca-972b-46c2-bdec-6ace35c988d5,Day of Judgment,0.0,0.0,0.0
Season-All,2adea3ee-138f-455b-a001-586883c44758,,0.0,0.0,0.0
Season-All,2ae6828e-ff19-45db-8b59-61616353491f,Deceptive Landscape,97.0,42.0,0.4329896907216495
Season-All,2aef4608-5ba8-4636-b5e7-cac57c5c0608,Windfall,88.0,45.0,0.5113636363636364
Season-All,2b20d3e1-62ef-44db-8109-a33d4fa3e7f1,Exploration,88.0,41.0,0.4659090909090909
Season-All,2b5315a4-6a78-456f-8d5a-fea9d62f3f0e,Strip Mine,214.0,112.0,0.5233644859813084
Season-All,2b5801fb-2026-4f25-98bc-ebb2f99684b9,Undercity Sewers,139.0,84.0,0.60431654676259
Season-All,2b73d294-6ab1-4051-9b0f-d8e335d37674,Unholy Heat,180.0,104.0,0.5777777777777777
Season-All,2b74bb81-fb9a-40e5-a941-e517430b52f5,Indatha Triome,118.0,57.0,0.4830508474576271
Season-All,2b9b0195-beda-403e-bc27-7ae3be9f318c,Temple Garden,155.0,80.0,0.5161290322580645
Season-All,2ba70366-b6ae-423a-a8d8-29d2b8afd939,"Ivora, Insatiable Heir",78.0,44.0,0.5641025641025641
Season-All,2be39749-ad6f-4160-99eb-c677eee7f1b2,Thraben Inspector,194.0,104.0,0.5360824742268041
Season-All,2bf2da97-3331-4614-b4ff-f03d061500a7,Fire Covenant,176.0,102.0,0.5795454545454546
Season-All,2c695df6-6bf2-4e6b-8500-e3116137ca27,Jacked Rabbit,183.0,83.0,0.453551912568306
Season-All,2c723fc9-d5c9-4126-a9a6-f80c247a4b6b,Baloth Prime,73.0,35.0,0.4794520547945205
Season-All,2d9b12cc-f616-4b52-91eb-a430e70f9251,Wrath of God,66.0,29.0,0.4393939393939394
Season-All,2da5f3f8-5eef-498f-ba2c-2f3fbc3745aa,Ephemerate,91.0,34.0,0.3736263736263736
Season-All,2dc16614-5cf8-444d-a5ae-cac25018af68,Burst Lightning,177.0,97.0,0.5480225988700564
Season-All,2e139ad1-1079-49e9-babd-6399c44ad333,Seasoned Pyromancer,122.0,73.0,0.5983606557377049
Season-All,2ef878cb-27b6-47d8-ad11-bd20529b0e7e,Cast into the Fire,88.0,52.0,0.5909090909090909
Season-All,2f8f22fb-7291-4517-9b15-e98501f2856b,Splinter Twin,49.0,29.0,0.5918367346938775
Season-All,3003d481-1b52-4aa9-bbdc-e948fbc8d49d,Sylvan Library,113.0,61.0,0.5398230088495575
Season-All,3027e6c5-eed3-44e7-bb12-67569721af99,Goryo's Vengeance,19.0,9.0,0.4736842105263157
Season-All,3028075c-5fc5-4942-a984-1ffcf7a8933d,Knight of Autumn,115.0,57.0,0.4956521739130435
Season-All,30377bf0-d9b1-4c14-8dde-f74b1e02d604,Gilded Goose,210.0,102.0,0.4857142857142857
Season-All,307543ca-8e17-433f-9758-4c77da6c0870,Thief of Sanity,0.0,0.0,0.0
Season-All,310a1c46-8331-4a09-9fcb-d942f8102364,Thoughtseize,214.0,132.0,0.616822429906542
Season-All,311a6257-dd77-4bb6-81cb-c8e7862350f3,Necromancy,179.0,92.0,0.5139664804469274
Season-All,31276460-fa9d-47da-85c5-c4baa8074d0d,Rot-Curse Rakshasa,48.0,24.0,0.5
Season-All,312a6058-de08-487d-95bd-b3c56807fdd6,Crucible of Worlds,0.0,0.0,0.0
Season-All,3199907b-9f24-4554-942a-8ab5a7701717,"Night Nurse, Healer of Heroes",8.0,8.0,1.0
Season-All,31b770cc-09e7-4c0b-b2a4-462ab4f7200d,Expressive Iteration,139.0,59.0,0.4244604316546763
Season-All,32126592-a988-4171-b52e-cca80b881aff,,0.0,0.0,0.0
Season-All,3277ad99-5682-4baa-b106-de15721876a6,Glorybringer,117.0,62.0,0.5299145299145299
Season-All,327cf118-cc92-4073-85d0-94d2a0a6989a,Scalding Tarn,209.0,112.0,0.5358851674641149
Season-All,329a8738-3e17-403a-857a-0ba529ce8cd1,Walking Ballista,158.0,67.0,0.4240506329113924
Season-All,329f3aca-6db7-41d3-95b2-c479d14b7fa3,"Trostani, Three Whispers",0.0,0.0,0.0
Season-All,32a180dd-9641-4546-8940-9b21084f0c71,Lightning Bolt,191.0,107.0,0.5602094240837696
Season-All,32aa6e33-221f-414c-9b51-850d97a7e051,Galvanic Discharge,162.0,85.0,0.5246913580246914
Season-All,32e29c7d-ed4b-4eff-b3c2-d99e5b63ef8d,Sunfall,27.0,10.0,0.3703703703703703
Season-All,32e670da-7563-4f6a-a7db-4c126a440eb8,Erode,10.0,6.0,0.6
Season-All,333bf101-14e8-4753-99bc-9174f42c4122,Kinscaer Sentry,20.0,14.0,0.7
Season-All,33672990-4860-4aa6-ac1b-f9da66f5da59,Wurmcoil Engine,138.0,72.0,0.5217391304347826
Season-All,33ab05b5-d6f5-439c-9aed-1a58ceb282ad,Flametongue Yearling,95.0,49.0,0.5157894736842106
Season-All,33c59c04-4c0b-4a60-826e-3a7757d0b2a2,"Loot, the Pathfinder",0.0,0.0,0.0
Season-All,33ca68a6-474e-4d86-bffa-ee4bddb4a3cf,Fellwar Stone,63.0,28.0,0.4444444444444444
Season-All,340c5799-4964-44dd-8c48-8f3f3aba5211,Badgermole Cub,74.0,38.0,0.5135135135135135
Season-All,345a1c80-41d6-43b1-83ab-1aa56dd06b1b,Bitter Reunion,39.0,18.0,0.4615384615384615
Season-All,345a4aee-5846-4ae9-9af1-4c8fe8d692ec,Winds of Abandon,155.0,75.0,0.4838709677419355
Season-All,345e053a-3178-485c-8602-1624bbf2f064,Razorverge Thicket,0.0,0.0,0.0
Season-All,345fd005-5052-4500-a260-3649500e21f4,Mulldrifter,18.0,11.0,0.6111111111111112
Season-All,3462a3d0-5552-49fa-9eb7-100960c55891,"Oko, Thief of Crowns",171.0,75.0,0.4385964912280701
Season-All,35f1a6ba-e46f-44fb-93f4-fb883d677b36,Baleful Mastery,167.0,79.0,0.4730538922155688
Season-All,361c2f3b-f04e-446b-a683-9195e238daf0,Iron Man Armor,10.0,3.0,0.3
Season-All,37478625-dd07-476d-bd9b-b2e0d71ac0d1,Abundant Countryside,0.0,0.0,0.0
Season-All,377cee38-e769-47b0-abd5-0f528600f36a,Badlands,224.0,116.0,0.5178571428571429
Season-All,37a497b8-e908-4ddc-996e-a8470df72afb,Super Shredder,0.0,0.0,0.0
Season-All,37cb5599-7d2c-48e9-978b-902a01a74bde,Sinkhole Surveyor,9.0,4.0,0.4444444444444444
Season-All,37dbe1a3-3c44-452b-9fb9-37f5d793d0b5,Memory Jar,102.0,47.0,0.4607843137254901
Season-All,396bca07-82ba-49b7-b79e-7784b3a06d48,Sunset Saboteur,70.0,38.0,0.5428571428571428
Season-All,39b41cb3-ca3d-4389-8f66-e1f77f5fb683,Fact or Fiction,39.0,20.0,0.5128205128205128
Season-All,39c431d7-d94b-46c4-bb89-f3db56214ab4,Elvish Reclaimer,80.0,37.0,0.4625
Season-All,3a2d7cf9-dddb-4de3-b4f2-c52e3ec8fb4b,Brain Freeze,138.0,75.0,0.5434782608695652
Season-All,3a9d1082-a862-45d4-9e5e-392e879fead6,Zuran Orb,112.0,51.0,0.4553571428571428
Season-All,3a9df9dd-a480-406c-ba28-94895fbfb574,"Galactus, Devourer of Worlds",11.0,3.0,0.2727272727272727
Season-All,3b1e92b4-6e53-4dba-a572-c67e01965ac5,Abrupt Decay,37.0,20.0,0.5405405405405406
Season-All,3b214b6f-4734-4200-8467-92d7e3469b5d,Tezzeret the Seeker,64.0,24.0,0.375
Season-All,3b5233ff-03bc-4053-9b49-c4185c2de38d,Restoration Angel,140.0,68.0,0.4857142857142857
Season-All,3b6e5956-f795-451b-bb24-56462d1ced27,Umezawa's Jitte,177.0,76.0,0.4293785310734463
Season-All,3ba95ffa-990a-4013-98b7-5d8c0b34e9c4,Fyndhorn Elves,0.0,0.0,0.0
Season-All,3bd1ec98-8188-4649-899e-b0972509fc7e,Firebolt,128.0,71.0,0.5546875
Season-All,3c02b8ee-84cb-44cb-ba14-9e725a9d03ee,Ponder,210.0,105.0,0.5
Season-All,3c0f5411-1940-410f-96ce-6f92513f753a,Goblin Guide,0.0,0.0,0.0
Season-All,3c1bf210-ecdb-4b49-8504-51360c269e66,Rolling Earthquake,0.0,0.0,0.0
Season-All,3c3ac3dd-35db-447f-8674-37b4680a1ef7,Leyline Binding,126.0,60.0,0.4761904761904761
Season-All,3c7474e1-cfae-4867-a11a-d5cf9ff7ea5f,Mind's Desire,8.0,2.0,0.25
Season-All,3ca1e1de-b916-445f-b3b2-0f4d0cc7ceeb,Stern Scolding,119.0,55.0,0.4621848739495798
Season-All,3d3025a2-4a17-4137-ba0b-bd676c6f5f88,"Tinybones, the Pickpocket",68.0,34.0,0.5
Season-All,3d71be5f-0fd7-4a88-8041-f4d6bc4cc9ac,Blackcleave Cliffs,0.0,0.0,0.0
Season-All,3d8ca18d-9099-4f1e-95c1-f04da58a26bd,"Gut, True Soul Zealot",226.0,140.0,0.6194690265486725
Season-All,3e1766e9-2fa7-4446-a255-7beea1467ece,Lion Sash,10.0,8.0,0.8
Season-All,3e7da55c-7f05-46b2-aa3c-17f8d5df46bb,Scion of Draco,22.0,11.0,0.5
Season-All,3ee3945e-5089-4751-b7b3-5961c39d2a33,Nethergoyf,154.0,76.0,0.4935064935064935
Season-All,3f3c77ad-fce8-4506-90e1-7ef71552a71c,Wheel of Fortune,156.0,73.0,0.4679487179487179
Season-All,3faa8c5e-9e1b-4cee-b322-a033bf33dcbc,Hymn to Tourach,93.0,51.0,0.5483870967741935
Season-All,400382a4-aea2-4827-b06a-1b0b3745908b,Noble Hierarch,225.0,114.0,0.5066666666666667
Season-All,40f0ecf7-f49e-46ff-aa5b-9ff5361b72c5,Genemorph Imago,11.0,5.0,0.4545454545454545
Season-All,415ff6a5-61ef-4b37-ae08-e44476300d4a,Fire Magic,8.0,8.0,1.0
Season-All,416d2d51-8f29-4e95-b037-e8c32b081e6c,Mana Drain,182.0,102.0,0.5604395604395604
Season-All,41e108a5-4e2f-42cf-9ea1-87bf3c0a2b7f,"Nissa, Who Shakes the World",151.0,70.0,0.4635761589403973
Season-All,41ff849e-2439-4690-8aa4-769039b6da4c,Talisman of Progress,45.0,15.0,0.3333333333333333
Season-All,4216656e-90e8-45fc-a0f6-0d0d79d0a021,Shelldock Isle,155.0,75.0,0.4838709677419355
Season-All,424af0d0-398c-4d78-9ad5-2171bf1bcbd1,Nova Hellkite,0.0,0.0,0.0
Season-All,425bff89-ad15-4d22-bce9-a4a07dbafd87,Bomat Courier,0.0,0.0,0.0
Season-All,43aa7e35-55ee-4e02-a8aa-ea2b267055d1,Woodfall Primus,144.0,74.0,0.5138888888888888
Season-All,43fe9c6d-4fa2-4f9a-9025-1bf12fe7ed9f,Hollow One,0.0,0.0,0.0
Season-All,441f8b2f-c8cb-4340-a92f-116c2276e906,Frantic Search,162.0,72.0,0.4444444444444444
Season-All,44afd414-cc69-4888-ba12-7ea87e60b1f7,Craterhoof Behemoth,140.0,72.0,0.5142857142857142
Season-All,45026d57-0324-4312-8b86-2e7d4f581ee9,Marsh Flats,210.0,104.0,0.4952380952380952
Season-All,453de664-0f09-4772-a626-51d58d1173f3,Cogwork Librarian,0.0,0.0,0.0
Season-All,45fd6e91-df76-497f-b642-33dc3d5f6a5a,Mox Ruby,219.0,114.0,0.5205479452054794
Season-All,4686bbb9-517f-4cce-aa7a-5db41e22c02b,High Tide,8.0,2.0,0.25
Season-All,470ca3f4-29aa-4c4c-8ff2-8cdd70c69943,Field of the Dead,0.0,0.0,0.0
Season-All,4720b4f2-e6af-4223-9250-a0ed21ed5693,Pest Infestation,163.0,69.0,0.4233128834355828
Season-All,4742800a-4872-4c2d-b884-01e0ba16950c,,0.0,0.0,0.0
Season-All,47a6234f-309f-4e03-9263-66da48b57153,Solitude,199.0,119.0,0.5979899497487438
Season-All,47c8e6c4-450b-4f8b-b897-5808fe935a90,Vampire Hexmage,37.0,18.0,0.4864864864864865
Season-All,47d6093b-b1b6-4956-8bfd-02cce899f832,Flow State,10.0,2.0,0.2
Season-All,4820d223-4ea1-4850-931c-3d2ab5eb003b,Birthing Ritual,79.0,35.0,0.4430379746835443
Season-All,486d7edc-d983-41f0-8b78-c99aecd72996,"Otawara, Soaring City",117.0,63.0,0.5384615384615384
Season-All,487116ab-b885-406b-aa54-56cb67eb3ca5,Scavenging Ooze,108.0,52.0,0.4814814814814814
Season-All,490eb213-9ae2-4b45-abec-6f1dfc83792a,Cori-Steel Cutter,93.0,54.0,0.5806451612903226
Season-All,492b368b-de32-45c1-8459-238aae54f9fc,Unmarked Grave,55.0,23.0,0.4181818181818181
Season-All,493a5ca7-5f90-4af4-b6db-43ae09a2f2c9,Dark Ritual,180.0,91.0,0.5055555555555555
Season-All,49bb0ad3-1082-41f1-82a4-52a4006cc9b6,"Leovold, Emissary of Trest",110.0,60.0,0.5454545454545454
Season-All,49cd4efa-4df4-4257-9a42-60330f7781e2,Town Greeter,0.0,0.0,0.0
Season-All,4a08ca06-58db-4ce6-b490-be4bea8956a1,Sensei's Divining Top,109.0,47.0,0.4311926605504587
Season-All,4a0bb5dc-75a6-4bd6-81f8-611197fb0fba,Nettlecyst,76.0,27.0,0.3552631578947368
Season-All,4a1f905f-1d55-4d02-9d24-e58070793d3f,"Atraxa, Grand Unifier",189.0,110.0,0.582010582010582
Season-All,4a706ecf-3277-40e3-871c-4ba4ead16e20,Wrenn and Six,120.0,60.0,0.5
Season-All,4acaef84-55d1-43dc-b10a-696182e6709b,Repeal,163.0,80.0,0.4907975460122699
Season-All,4acf970d-d2d7-413d-aba7-587ee53d8d5c,Stomping Ground,182.0,106.0,0.5824175824175825
Season-All,4b0bd07e-cf80-4d64-af29-f4cec6632b3e,Perilous Landscape,97.0,52.0,0.5360824742268041
Season-All,4b4956a2-9a39-4152-9c98-70e4b2acfa26,Miscalculation,229.0,116.0,0.5065502183406113
Season-All,4ba8325a-1203-4125-9111-94d9e2b1f14b,"Squee, Goblin Nabob",0.0,0.0,0.0
Season-All,4c6cf93a-d073-48ac-88db-c46bf3e10beb,Generous Plunderer,97.0,50.0,0.5154639175257731
Season-All,4c732dc7-dd6b-4cc1-bbe0-ff3b1d2c7419,Animate Dead,205.0,106.0,0.5170731707317073
Season-All,4cbdacc1-7a1b-4633-85f5-eb50c2bf406d,Snapcaster Mage,176.0,88.0,0.5
Season-All,4ced112a-e775-4f97-97b3-74877e9dce12,Dragon's Rage Channeler,162.0,86.0,0.5308641975308642
Season-All,4d9dbadd-c1b6-44fe-92ac-6f69d7178342,Talisman of Creativity,85.0,41.0,0.4823529411764706
Season-All,4dea7bcc-3ff8-40b0-8264-0cd678d6ff31,Scourge of the Skyclaves,38.0,15.0,0.3947368421052631
Season-All,4df8aabc-7fcb-4b7b-980b-18f499e6c170,Hullbreacher,177.0,85.0,0.480225988700565
Season-All,4e117771-5a8b-4812-b487-32ba34b7f724,Giver of Runes,214.0,117.0,0.5467289719626168
Season-All,4e4b6e22-93b2-4896-bba5-0ceaa5d8ea3c,"Yavimaya, Cradle of Growth",97.0,54.0,0.5567010309278351
Season-All,4e4fb50c-a81f-44d3-93c5-fa9a0b37f617,"Omnath, Locus of Creation",123.0,61.0,0.4959349593495935
Season-All,4e76d04a-0038-4b5b-a026-3056ee940da9,Cloud of Faeries,8.0,2.0,0.25
Season-All,4ecbca71-9a1d-44c5-b709-d6f565941d5e,Skycoach Conductor // All Aboard,11.0,5.0,0.4545454545454545
Season-All,4f84b838-b8f1-4b9a-a19f-479594f9d427,Qasali Pridemage,47.0,20.0,0.425531914893617
Season-All,504a69eb-3c2d-4bb1-b117-252b15acf0c2,Mana Confluence,200.0,100.0,0.5
Season-All,508a8735-642c-4f22-bbd9-4a189d93e7b7,Thran Dynamo,0.0,0.0,0.0
Season-All,50bc0f5b-7421-45b9-af85-86dd9821b7d8,Soulherder,65.0,28.0,0.4307692307692308
Season-All,51eb9f05-9d5a-4196-9329-626ce4793c42,Vengevine,11.0,3.0,0.2727272727272727
Season-All,52000066-a8cd-418f-98d2-30354b959b32,Turnabout,0.0,0.0,0.0
Season-All,522aa72b-2b8c-484c-872b-f082101cee35,Get Lost,192.0,87.0,0.453125
Season-All,5260f8ae-805b-4eae-badf-62de0f768867,Hedge Maze,88.0,39.0,0.4431818181818182
Season-All,52d3005f-a1c7-4ef5-911f-ccc0752f4181,Faerie Mastermind,182.0,83.0,0.456043956043956
Season-All,52eef0d6-24b7-40b7-8403-e8e863d0cd55,"Bristly Bill, Spine Sower",200.0,102.0,0.51
Season-All,53d4fd57-74b6-42c7-88b1-110e5a8dfc3c,Spell Pierce,170.0,82.0,0.4823529411764706
Season-All,5427d8a6-ac9e-4e50-bd39-81713b2ade25,Fatal Push,220.0,131.0,0.5954545454545455
Season-All,543d55cb-3a6b-4620-af25-10ae74ed32c4,Worldspine Wurm,21.0,11.0,0.5238095238095238
Season-All,54a3ea87-005e-4985-b2a5-21711d0b71c0,Springheart Nantuko,181.0,96.0,0.5303867403314917
Season-All,54e0c2cd-fa5f-427d-8e15-6066f002a8e3,Chainsaw,84.0,38.0,0.4523809523809524
Season-All,54f449ff-4025-465e-9ec5-a5cf42c4c9d3,Xander's Lounge,216.0,116.0,0.5370370370370371
Season-All,551c0a45-9515-4e51-84e5-79703832a661,Expedition Map,126.0,67.0,0.5317460317460317
Season-All,553fb946-2706-475b-89f9-e4355ec9ea2b,March of Otherworldly Light,65.0,22.0,0.3384615384615385
Season-All,55707746-da6e-46e5-a5ca-7ac843fdc38e,"Phelia, Exuberant Shepherd",209.0,106.0,0.507177033492823
Season-All,55a14f30-4ff9-4472-90a6-c3139f1c18e5,"Kaito, Bane of Nightmares",57.0,33.0,0.5789473684210527
Season-All,55d35442-5ca0-4fd7-8ff1-b7347b3e6690,Piggy Bank,95.0,50.0,0.5263157894736842
Season-All,564caf57-4ba5-4993-a35e-945699c94eb7,Toxic Deluge,149.0,78.0,0.5234899328859061
Season-All,568dd5a6-86f4-4039-87d7-812120c8ab94,Triplicate Titan,135.0,66.0,0.4888888888888889
Season-All,56995b84-2307-4955-9c7c-dc4f04acdc07,Inquisition of Kozilek,214.0,116.0,0.5420560747663551
Season-All,57fb0fa7-0c5c-4a75-9461-c51403c30282,Foreboding Landscape,78.0,38.0,0.4871794871794871
Season-All,586a4c31-65c7-4c7f-b5f6-74b105b2a629,Trinket Mage,48.0,23.0,0.4791666666666667
Season-All,58c1e824-c8a9-4312-8e4c-a29a26d189a4,"Ugin, the Spirit Dragon",21.0,12.0,0.5714285714285714
Season-All,58c9e9a7-e170-4361-b7d5-22fc0771c489,Urza's Bauble,10.0,2.0,0.2
Season-All,59faa45d-868b-4bc7-934c-0e077642e129,Loran of the Third Path,109.0,57.0,0.5229357798165137
Season-All,5a077de0-1893-40d0-a499-ee2e6e2258f1,Legion Extruder,98.0,47.0,0.4795918367346938
Season-All,5a10b543-d5d4-42a8-9ee8-dada59a2ad7e,"Saheeli, Sublime Artificer",138.0,53.0,0.3840579710144927
Season-All,5ab21006-7f61-49e0-8b6a-0397c5d4c3bd,Imperial Seal,164.0,91.0,0.5548780487804879
Season-All,5ad36fb2-c44e-4085-ba0d-54277841ad3a,Lurrus of the Dream-Den,128.0,62.0,0.484375
Season-All,5ad67b3c-cd5a-497b-8639-9b844e8d517a,Mind Twist,148.0,68.0,0.4594594594594595
Season-All,5b8127b5-3a65-411a-84bc-54e5c1be1477,Anointed Peacekeeper,0.0,0.0,0.0
Season-All,5b8ba842-c662-4686-bca3-93ddb7fa11a6,Mother of Runes,218.0,123.0,0.5642201834862385
Season-All,5bb3cb5c-8d66-4f5e-a9a9-917e6045f024,Flickerwisp,129.0,55.0,0.4263565891472868
Season-All,5c70da33-ce5d-4b8b-9c1d-9a356a7e196f,Grave Titan,66.0,32.0,0.4848484848484848
Season-All,5c8a8dbb-cba7-4e1d-8888-73ab6f4aff07,Devoted Druid,0.0,0.0,0.0
Season-All,5cb76266-ae50-4bbc-8f96-d98f309b02d3,"Teferi, Time Raveler",131.0,67.0,0.5114503816793893
Season-All,5d10b752-d9cb-419d-a5c4-d4ee1acb655e,"Teferi, Hero of Dominaria",132.0,60.0,0.4545454545454545
Season-All,5d98073e-2828-4365-a8d6-f631aac0cca9,The Astonishing Ant-Man,0.0,0.0,0.0
Season-All,5da578b8-19e6-4068-9336-e7cd33c585f1,Retrofitter Foundry,137.0,53.0,0.3868613138686131
Season-All,5dd72697-24be-42c7-a6d9-a837bdbd4662,Grim Lavamancer,0.0,0.0,0.0
Season-All,5de097e5-e960-4404-a370-defe93ce892f,Oracle of Mul Daya,94.0,41.0,0.4361702127659574
Season-All,5eccf31d-869d-4003-a92b-71b4f4b479ee,Strix Serenade,129.0,65.0,0.5038759689922481
Season-All,5f1cdcba-a04a-4a2f-8bc1-0dd7fa03754d,Exhume,114.0,60.0,0.5263157894736842
Season-All,5f608efc-0dbc-4cc3-aadd-ed473bfc29ab,Portal to Phyrexia,116.0,48.0,0.4137931034482758
Season-All,5f6927e1-c580-483a-8e2a-6e2deb74800e,Mox Jet,214.0,120.0,0.5607476635514018
Season-All,5f7687b1-630a-4e95-89c7-eaf456d8cb68,,0.0,0.0,0.0
Season-All,600dca0f-5964-45e7-86df-f16a5b4a0106,General Ferrous Rokiric,0.0,0.0,0.0
Season-All,605c2218-9d12-4ac3-a721-fca590b89847,Karakas,186.0,105.0,0.5645161290322581
Season-All,60aed76e-2265-471d-8e41-1d8605603b78,Hildibrand Manderville // Gentleman's Rise,17.0,7.0,0.4117647058823529
Season-All,60d0e6a6-629a-45a7-bfcb-25ba7156788b,Elvish Mystic,196.0,98.0,0.5
Season-All,61237530-ad49-469c-a952-67c92315708e,Jennifer Walters // The Sensational She-Hulk,11.0,5.0,0.4545454545454545
Season-All,612b2e6e-fe8d-49ad-b845-6fa7fa59ffd1,Concealing Curtains // Revealing Eye,175.0,101.0,0.5771428571428572
Season-All,6151b583-3aa7-4be8-9d05-d5e53f19c6c9,Fastbond,183.0,77.0,0.4207650273224044
Season-All,6171e136-1167-4329-acb2-6853d3a814e5,Goblin Welder,30.0,11.0,0.3666666666666666
Season-All,61a28870-cf78-4323-9d82-cee764067764,Lightning Greaves,69.0,32.0,0.463768115942029
Season-All,62b3f560-262b-4bc3-9aef-535fd7082c28,Vaultborn Tyrant,145.0,77.0,0.5310344827586206
Season-All,62d37423-3445-412a-9abd-0480da404637,Phyrexian Fleshgorger,77.0,39.0,0.5064935064935064
Season-All,635245e9-c27f-4a51-a6f1-bae62e696542,Lightstall Inquisitor,37.0,16.0,0.4324324324324324
Season-All,63af3c26-5b1f-46f6-9aa2-036c615bf5ea,Flash,138.0,77.0,0.5579710144927537
Season-All,63c59228-c742-4abd-b4d7-9f7880190e95,Windswept Heath,238.0,116.0,0.4873949579831932
Season-All,63ce0909-7d7d-410d-ab6c-c87fa3e23877,"Black Widow, Super Spy",8.0,3.0,0.375
Season-All,641b21e1-9188-4bc3-96e8-cda2acbc5ed5,Time Spiral,150.0,78.0,0.52
Season-All,64a5d494-efa1-446b-bebe-2ad36e154376,"Ugin, Eye of the Storms",105.0,51.0,0.4857142857142857
Season-All,64bc9b1d-5818-4d9e-b771-e49af4ff9a5c,The Tabernacle at Pendrell Vale,39.0,14.0,0.358974358974359
Season-All,652236c2-84ef-45e4-b5fc-ed6170bc3d6c,Meticulous Archive,135.0,66.0,0.4888888888888889
Season-All,658cfcb7-81b7-48c6-9dd2-1663d06108cf,Fountainport,9.0,4.0,0.4444444444444444
Season-All,661fc907-7003-45c6-820c-9616e9a71c30,Seething Landscape,105.0,63.0,0.6
Season-All,66386fe8-9d3c-47f7-9cd3-4cd30051535f,Restless Spire,0.0,0.0,0.0
Season-All,66d80dd1-b944-4cb2-8578-b4dbcabbbc1e,Ophiomancer,68.0,35.0,0.5147058823529411
Season-All,671c008a-8ff8-42d7-9e03-6d8a9ddace67,Faithless Looting,109.0,45.0,0.4128440366972477
Season-All,672b9b16-daef-44e6-9a3a-cfd9f3c78bc7,Pentad Prism,156.0,84.0,0.5384615384615384
Season-All,68841ca8-a043-4f30-9a17-e983ed960bc2,Demonic Tutor,221.0,127.0,0.5746606334841629
Season-All,68924203-c3d9-41ce-8ca8-c6dd491eb3ca,Psychic Frog,209.0,112.0,0.5358851674641149
Season-All,68c72226-6f52-4322-8b14-18737293dfa0,Bloodstained Mire,203.0,106.0,0.5221674876847291
Season-All,6920c895-bc98-4871-a53f-219fa27a74e5,Occult Epiphany,164.0,81.0,0.4939024390243902
Season-All,69490262-afc2-4692-8fac-b771a972c8f8,Volcanic Spite,76.0,41.0,0.5394736842105263
Season-All,6982a82c-dd32-40d2-8dd2-ec92d0fc6c2d,Phyrexian Revoker,90.0,39.0,0.4333333333333333
Season-All,6989018c-37b1-4282-a4af-9cc97f160b4d,Oliphaunt,197.0,120.0,0.6091370558375635
Season-All,69af2825-18c2-4463-b6ba-42eaa070ccc1,"Grist, the Hunger Tide",138.0,65.0,0.4710144927536231
Season-All,69c1b656-1d67-499c-bf0f-417682a86c7d,Shadowy Backstreet,75.0,28.0,0.3733333333333333
Season-All,69c53264-1cf7-4147-b553-4863f0dda08f,Horizon Canopy,0.0,0.0,0.0
Season-All,69c68c95-b788-43b1-9f22-1b22c5a00b25,Deep-Cavern Bat,210.0,110.0,0.5238095238095238
Season-All,6a058e68-70af-4a64-859c-c881e5578368,Chrome Mox,207.0,110.0,0.5314009661835749
Season-All,6aa5cc65-f8f1-4f6f-8b4e-2fedccbda684,"Rofellos, Llanowar Emissary",87.0,38.0,0.4367816091954023
Season-All,6ade6918-6d1d-448d-ab56-93996051e9a9,Sage of the Skies,42.0,21.0,0.5
Season-All,6bbf7394-9b17-45f8-a25b-d865e8452b2c,Steamcore Scholar,83.0,33.0,0.3975903614457831
Season-All,6bcafc2e-cef6-412d-8c5d-1658c3337292,Overlord of the Mistmoors,29.0,15.0,0.5172413793103449
Season-All,6be9b1d5-9ab8-4adb-ba54-2c0117e842fa,Mox Opal,74.0,26.0,0.3513513513513513
Season-All,6cc73d16-5ed7-4104-91f6-0997a2080e2e,Embereth Shieldbreaker // Battle Display,98.0,42.0,0.4285714285714285
Season-All,6d964876-194b-49f1-8e74-cfe9269f2c62,Dryad of the Ilysian Grove,0.0,0.0,0.0
Season-All,6da09e6a-2965-4855-bd41-41b41ba188fb,Through the Breach,65.0,43.0,0.6615384615384615
Season-All,6efb6a69-562c-4d95-858d-b067444cfd7e,Palantír of Orthanc,127.0,66.0,0.5196850393700787
Season-All,6f11029a-b24d-4248-834f-b852b56857f6,Biogenic Ooze,76.0,35.0,0.4605263157894737
Season-All,6f26faca-f338-4ce5-a218-6a61d40fc50a,Tendrils of Agony,41.0,25.0,0.6097560975609756
Season-All,6f2cec5d-50ea-4d0f-8925-eba06222d015,"Shelinda, Yevon Acolyte",40.0,24.0,0.6
Season-All,6fd672bb-18cf-44e3-8dda-5310b1e0fffe,Godless Shrine,145.0,73.0,0.503448275862069
Season-All,70496f16-c4c0-4c03-beef-454eb4824cd1,Deathrite Shaman,85.0,38.0,0.4470588235294118
Season-All,7054012b-4f9d-44a0-aaf9-7fd3bddc7b2d,Slickshot Show-Off,133.0,63.0,0.4736842105263157
Season-All,70719e7b-6f02-4c1a-9f11-79b2b0d9846a,Dust Animus,64.0,26.0,0.40625
Season-All,70d8fd1a-8756-4e11-9235-ca119bd11dab,Cabal Ritual,0.0,0.0,0.0
Season-All,70e33f45-7d47-423b-a123-8541f1d1afb4,Lingering Souls,152.0,83.0,0.5460526315789473
Season-All,70e64028-ae96-4950-aa6c-9d347409fad3,Force Spike,17.0,7.0,0.4117647058823529
Season-All,7127164d-f2a3-4d79-b6db-93507ff5ab47,Bitterbloom Bearer,9.0,4.0,0.4444444444444444
Season-All,71384418-173a-4f77-adab-56e52fa23692,Delighted Halfling,200.0,101.0,0.505
Season-All,716a44b4-f6b0-4f14-a270-6442aed3251f,"Raffine, Scheming Seer",20.0,10.0,0.5
Season-All,71a6701f-40f1-43ef-bff5-a5907fd67cd6,"Lorehold, the Historian",0.0,0.0,0.0
Season-All,729daf0e-b822-41bd-a908-ca8ec34032f0,Tropical Island,131.0,66.0,0.5038167938931297
Season-All,72c6d541-e2cb-4d6e-acac-90a8f53b7006,Elegant Parlor,148.0,82.0,0.5540540540540541
Season-All,73a065e3-b530-4e62-ab3c-4f6f908184ec,"Elspeth, Storm Slayer",81.0,46.0,0.5679012345679012
Season-All,73cc6df4-3564-4ace-bf8a-eac3e62d725a,Ursine Monstrosity,164.0,84.0,0.5121951219512195
Season-All,748e6a61-9c1f-4225-9f04-e54002f63ac3,Savai Triome,125.0,65.0,0.52
Season-All,74b4c336-5d4c-4bc5-b82a-35084a6ad808,Spellseeker,39.0,18.0,0.4615384615384615
Season-All,74d29b3d-f588-431d-bf4e-f7215683ab39,Tangle Wire,149.0,66.0,0.4429530201342282
Season-All,758f95f8-bcb0-43ae-b474-56ebd855951e,Lion's Eye Diamond,147.0,74.0,0.5034013605442177
Season-All,75cf4eb8-33e7-4dfc-b890-a7e3b5c1b9d5,,0.0,0.0,0.0
Season-All,75fdce80-e338-4a50-bdc6-786511feaeef,Ziatora's Proving Ground,105.0,59.0,0.5619047619047619
Season-All,76ae81ea-13e3-4ab8-b956-4c7b139a5e9c,Corpse Dance,10.0,3.0,0.3
Season-All,76c3cad2-1e25-4abe-878d-9194de6fcc27,Guide of Souls,136.0,82.0,0.6029411764705882
Season-All,773199f9-c83b-4a77-8342-9f1552ecf595,Intrepid Adversary,150.0,84.0,0.56
Season-All,7740ff55-67bb-409e-90f7-2c2c8b8c770a,"Valgavoth, Terror Eater",101.0,43.0,0.4257425742574257
Season-All,777fcc21-2856-4181-8ecd-c272f9769e36,"Wan Shi Tong, All-Knowing",47.0,29.0,0.6170212765957447
Season-All,7832abb5-5107-4603-904e-491b221bd3e3,Smuggler's Copter,183.0,93.0,0.5081967213114754
Season-All,784287c2-43c5-4210-93ae-cdd33b9acb1b,Commune with Beavers,75.0,37.0,0.4933333333333333
Season-All,78cef262-c753-4658-b3ec-fec8db47f944,Palace Jailer,221.0,104.0,0.4705882352941176
Season-All,79e6b8fc-6627-47ab-bfd1-7300e13debec,Raging Ravine,0.0,0.0,0.0
Season-All,7a4e1580-dd26-4f4b-ac98-3e6fa7b879d5,Patchwork Automaton,19.0,8.0,0.4210526315789473
Season-All,7aa37f85-5336-4372-97a2-9c8b00798c7a,Tough Cookie,39.0,15.0,0.3846153846153846
Season-All,7ac16d09-8bc7-407c-a757-666f4707bc90,Life from the Loam,0.0,0.0,0.0
Season-All,7b54447f-1daf-4352-b5c3-3c0ec8b8f4d0,Unwanted Remake,89.0,41.0,0.4606741573033708
Season-All,7c024bae-5631-4e20-ac69-df392ac9e109,Orcish Bowmasters,199.0,112.0,0.5628140703517588
Season-All,7c353e83-4b63-4bc6-b029-273d2eca1f75,Upheaval,85.0,42.0,0.4941176470588235
Season-All,7c59e0cd-10a8-4a32-9c0a-a2c6ef1ed9a6,Unable to Scream,43.0,20.0,0.4651162790697674
Season-All,7c884e1e-fecb-4330-b3de-5fc2a60f7173,Kolaghan's Command,183.0,107.0,0.5846994535519126
Season-All,7d48d622-f397-4f31-b1a5-0c23f60aa71c,Mana Tithe,182.0,105.0,0.5769230769230769
Season-All,7ea4b5bc-18a4-45db-a56a-ab3f8bd2fb0d,Ledger Shredder,57.0,27.0,0.4736842105263157
Season-All,7eb39e97-53c2-4df0-9fb3-a3d6a24ec41f,Avacyn's Pilgrim,158.0,78.0,0.4936708860759494
Season-All,7f7e780e-fbc5-4dc0-b5c7-efcb8645c7c6,Ertai Resurrected,87.0,43.0,0.4942528735632184
Season-All,7fb99a26-beeb-4aca-bb02-b2d2ce0595f9,Mana Flare,0.0,0.0,0.0
Season-All,7fbdba12-1369-41ae-b0e9-c405c0f0a2e5,"Syr Ginger, the Meal Ender",0.0,0.0,0.0
Season-All,80c72839-0fa6-4b5f-83b7-6553ebf09bef,"Otharri, Suns' Glory",163.0,88.0,0.5398773006134969
Season-All,80fca8c0-ae3e-439e-b202-228b9f360e9a,Portable Hole,97.0,53.0,0.5463917525773195
Season-All,819a513c-3be6-4bdc-8ba6-1f7326a8f3ea,Fiery Confluence,209.0,119.0,0.569377990430622
Season-All,82512813-8618-483b-a7f0-e6a611d9d487,,0.0,0.0,0.0
Season-All,825969b9-3c70-4fca-8cab-696e9ca7cdb2,Prismatic Ending,155.0,91.0,0.5870967741935483
Season-All,847a175e-ead1-4596-baf3-5f7f57859e0b,,0.0,0.0,0.0
Season-All,85a89077-b384-4fca-9d26-7297962c1541,Kappa Cannoneer,133.0,49.0,0.3684210526315789
Season-All,85d22d5d-3875-42ff-b51e-c6e21db201f5,Generous Ent,10.0,3.0,0.3
Season-All,8616629e-08f9-41ad-bfec-f86c8096f1cb,Enduring Curiosity,0.0,0.0,0.0
Season-All,866b7fd4-86e3-4b42-b1ea-33bad0db1f9f,Prismari Command,171.0,93.0,0.543859649122807
Season-All,8683a978-1bef-4b01-9361-56b1fc157d26,Courser of Kruphix,142.0,68.0,0.4788732394366197
Season-All,86ecaedc-08f1-4de7-aae8-056df57940e0,Goblin Cratermaker,34.0,11.0,0.3235294117647059
Season-All,87cc2855-6b14-44dd-a398-7dc2bbae081f,Kaldra Compleat,92.0,49.0,0.532608695652174
Season-All,87d5e94b-0b35-4efd-9158-1767dcaea38c,Witherbloom Command,49.0,18.0,0.3673469387755102
Season-All,8870ef0b-cb1f-463b-8509-fece4743d3d4,Ramunap Excavator,158.0,69.0,0.4367088607594936
Season-All,88bf1ebb-9d85-4b9b-a614-c7f965c0893d,Thought Scour,0.0,0.0,0.0
Season-All,88d36c32-d6f9-46e4-9cc8-08e6c0ff05d2,"Krang, Utrom Warlord",0.0,0.0,0.0
Season-All,89175ce1-0746-4ba1-970e-617d134b0527,"Gau, Feral Youth",65.0,28.0,0.4307692307692308
Season-All,89345f55-2b32-4356-945a-d56dded39909,Preacher of the Schism,63.0,28.0,0.4444444444444444
Season-All,89af0f45-c11c-4f13-9950-b1489440ee5b,Chain Lightning,205.0,100.0,0.4878048780487805
Season-All,89f5cc05-5d9d-4709-b3c5-a6249c294acc,Hexdrinker,243.0,122.0,0.5020576131687243
Season-All,8a720448-017f-4f4a-9501-678245eaed17,Mishra's Bauble,168.0,88.0,0.5238095238095238
Season-All,8ac39c01-127f-4471-bc74-11a90c48e306,Ghost Vacuum,0.0,0.0,0.0
Season-All,8b1e10e8-ea14-4761-910b-4072e2a18456,Grave Researcher // Reanimate,21.0,10.0,0.4761904761904761
Season-All,8c2996d9-3287-4480-8c04-7a378e37e3cf,Flooded Strand,195.0,111.0,0.5692307692307692
Season-All,8c39f9b4-02b9-4d44-b8d6-4fd02ebbb0c5,"Narset, Parter of Veils",157.0,78.0,0.4968152866242038
Season-All,8ca3c48b-f104-4292-9a4e-2ce87a65893c,Mutavault,121.0,62.0,0.512396694214876
Season-All,8d74a469-c71d-4773-99d3-5456b31df424,"Emrakul, the Promised End",0.0,0.0,0.0
Season-All,8db735ea-f9cf-4e3c-9200-4f180df55baa,Fractured Identity,143.0,65.0,0.4545454545454545
Season-All,8e42df9e-95f2-4c79-9274-2d16e3cd91f1,"Thalia, Guardian of Thraben",133.0,59.0,0.4436090225563909
Season-All,8ff57c8b-173e-4a72-a0a0-1ad2d5cc6e5e,Spectacular Spider-Man,94.0,45.0,0.4787234042553192
Season-All,900c9dfd-ece1-4b09-a801-0fa05e1994b9,Fallen Shinobi,62.0,31.0,0.5
Season-All,90107d10-e2aa-4cb7-a000-039f0c581b47,Simic Signet,58.0,22.0,0.3793103448275862
Season-All,906b6e99-128f-4c11-8daf-16099d35b0d4,Assassin's Trophy,45.0,21.0,0.4666666666666667
Season-All,907b3d1d-8c85-4707-80b5-c4d832df9846,Tishana's Tidebinder,84.0,36.0,0.4285714285714285
Season-All,90da33d4-fe9c-42fe-b326-2fe337dc3ecd,Blooming Marsh,0.0,0.0,0.0
Season-All,920cd17f-9274-443e-906f-c9904f0658d5,Chromatic Sphere,0.0,0.0,0.0
Season-All,924a24e7-91b8-4ceb-a136-7a765d98c994,Mystic Forge,35.0,15.0,0.4285714285714285
Season-All,926916ed-2f22-4ba9-9427-194886ad6c1e,Urza's Cave,50.0,27.0,0.54
Season-All,928036c9-11b8-493e-b9f2-8fbd3487cd19,"Minsc & Boo, Timeless Heroes",183.0,99.0,0.5409836065573771
Season-All,939c6e19-4b27-4023-bb9c-ae440f91e21c,Shadowspear,44.0,17.0,0.3863636363636363
Season-All,93f99e67-901f-4c8d-8a09-e443b7eb928f,Archangel Elspeth,164.0,85.0,0.5182926829268293
Season-All,9417f14c-a853-42c6-a992-29139484260a,Ignoble Hierarch,176.0,87.0,0.4943181818181818
Season-All,94b67489-5eb0-4406-9bf3-27e50dc632eb,"Nadu, Winged Wisdom",119.0,54.0,0.453781512605042
Season-All,94c6fdd8-21e7-48ae-aa05-a3666b928c1a,Timetwister,200.0,101.0,0.505
Season-All,94d74254-4750-4fb3-9e53-473a5f98b315,,0.0,0.0,0.0
Season-All,9503a1e6-f0bf-44d0-a28b-56fbfcff1ff2,Guardian of Ghirapur,43.0,10.0,0.2325581395348837
Season-All,952ba126-0915-47f0-9b6a-a0a6dcd22c6f,Moat,18.0,9.0,0.5
Season-All,95be2701-af7c-483e-8165-e8bd4b2774ed,Opposition,45.0,17.0,0.3777777777777777
Season-All,95c14c4d-6c16-4826-8d93-d89ad04aee09,"Etali, Primal Conqueror // Etali, Primal Sickness",187.0,105.0,0.5614973262032086
Season-All,96b6b2e1-c3e6-464c-8a13-b15deb34e862,Aetherflux Reservoir,69.0,30.0,0.4347826086956521
Season-All,96c5607b-55fe-43c2-93fe-0084d84499d9,Deep Forest Hermit,84.0,39.0,0.4642857142857143
Season-All,9721f8da-39ed-4ada-a571-61e08a86032b,Broadside Bombardiers,218.0,119.0,0.5458715596330275
Season-All,972f3582-ad7c-4fe9-af29-90fa695a623f,Depthshaker Titan,9.0,3.0,0.3333333333333333
Season-All,97b9bab9-12ee-4da5-9d53-d0b82d9279cd,Pyrite Spellbomb,124.0,57.0,0.4596774193548387
Season-All,97d08a15-e61c-4421-a541-c68a4f87cb74,Forensic Gadgeteer,81.0,28.0,0.345679012345679
Season-All,9814d8e8-c462-41ca-9909-1c659f488543,Lotus Petal,176.0,83.0,0.4715909090909091
Season-All,985453e7-997e-4d77-a338-cc0290791ebe,Finale of Devastation,88.0,39.0,0.4431818181818182
Season-All,985bdb0c-ce6c-4506-8163-76f3b2fdf5fb,Lose Focus,207.0,101.0,0.4879227053140096
Season-All,98e7bf8f-dba7-4005-8cee-634c9153931d,Phantasmal Image,143.0,68.0,0.4755244755244755
Season-All,98fb1eaa-2871-491a-a4f5-3e358778ba40,Mindslaver,20.0,10.0,0.5
Season-All,991037a2-fea2-49f5-8ace-ebbf9f678cff,Talisman of Dominance,46.0,25.0,0.5434782608695652
Season-All,995486ce-58bb-4753-a812-0ca73ef1a235,Gitaxian Probe,206.0,97.0,0.470873786407767
Season-All,99939b90-e88c-4c2f-ba78-56d455611703,Seachrome Coast,0.0,0.0,0.0
Season-All,99e96b34-b1c4-4647-a38e-2cf1aedaaace,Tersa Lightshatter,20.0,13.0,0.65
Season-All,99fd1cd5-4740-4a0f-b773-3d3b66861d77,The Warring Triad,10.0,3.0,0.3
Season-All,99ff731b-8399-40c8-b539-ba6ba5783771,Wasteland,144.0,66.0,0.4583333333333333
Season-All,9a71531f-d4b6-4cc7-8193-b2f5bce33b21,Night Scythe,85.0,47.0,0.5529411764705883
Season-All,9a9a1df5-a4e8-49a4-aebe-ca93894ccfcf,Dimir Signet,56.0,27.0,0.4821428571428571
Season-All,9b32531e-c759-4603-abd0-1724e8df70db,Tribal Flames,26.0,11.0,0.4230769230769231
Season-All,9b76bcd4-580a-4435-afe9-290940b1837f,Spell Queller,28.0,12.0,0.4285714285714285
Season-All,9b911653-7b96-4cf3-a907-13c5c53a14f7,Overlord of the Balemurk,66.0,44.0,0.6666666666666666
Season-All,9bb0ee6a-852a-4f1e-8f03-40b6d505bc82,,0.0,0.0,0.0
Season-All,9c0433f9-8f1e-4a19-a83f-a41925f1b1a9,Abandoned Air Temple,11.0,6.0,0.5454545454545454
Season-All,9c769202-178c-442a-a9e2-aa08b5ae5c9a,"Agent Bishop, Man in Black",10.0,6.0,0.6
Season-All,9cbb7b4e-bd32-44a0-9396-16738c5e4381,The Last Ride,27.0,8.0,0.2962962962962963
Season-All,9d3a7998-ccac-45ad-a4e9-3a2cb057f63b,Elite Spellbinder,207.0,124.0,0.5990338164251208
Season-All,9d48aaff-46ab-411b-9456-171d4709f951,Fear of Missing Out,181.0,101.0,0.5580110497237569
Season-All,9e7fb3c0-5159-4d1f-8490-ce4c9a60f567,"Urza, Lord High Artificer",191.0,77.0,0.4031413612565445
Season-All,9efbfd67-e0f5-43e0-9fff-1eb4a2bed0d8,Marauding Mako,57.0,32.0,0.5614035087719298
Season-All,a0b6a71e-56cb-4d25-8f2b-7a4f1b60900d,"Uro, Titan of Nature's Wrath",33.0,11.0,0.3333333333333333
Season-All,a1176dcf-40ee-4342-aa74-791b8352e99a,Scrawling Crawler,88.0,38.0,0.4318181818181818
Season-All,a15570c0-4210-4959-8584-987ec85f8283,Wight of the Reliquary,22.0,10.0,0.4545454545454545
Season-All,a16a6555-2e3a-4587-aacd-0307d696b26c,Consult the Star Charts,10.0,5.0,0.5
Season-All,a178cfe8-f9fa-4255-88d0-54a0bed079f5,Malevolent Rumble,96.0,50.0,0.5208333333333334
Season-All,a1febcf1-afa4-4406-9ac1-5bf98b2765d2,Time Walk,204.0,108.0,0.5294117647058824
Season-All,a211d505-4d40-4914-a9da-220770d6ddbc,Consider,54.0,30.0,0.5555555555555556
Season-All,a249b1f4-2b22-4b67-a207-e0c4ae95d2e1,Ketria Triome,151.0,74.0,0.4900662251655629
Season-All,a24e8dba-5c86-4e32-8a52-61402f7fe9f0,Containment Priest,123.0,71.0,0.5772357723577236
Season-All,a2c56479-4bee-4edb-80d7-4af010b7c793,Raffine's Tower,141.0,64.0,0.4539007092198581
Season-All,a3012af9-621d-4fae-b00d-079a89ae35fe,Harvester of Misery,40.0,20.0,0.5
Season-All,a3aab13c-9d9d-4507-ae5d-da979990ae1b,Fiery Islet,0.0,0.0,0.0
Season-All,a3b1b58d-b7f1-404f-aec6-b19cef4bebbd,Unruly Krasis,62.0,24.0,0.3870967741935484
Season-All,a3bb2881-e8fb-4fba-a9f9-d93e6ca24378,"Laelia, the Blade Reforged",233.0,138.0,0.592274678111588
Season-All,a50d79fe-6d37-42f3-b7b0-0c3018282fa2,End-Raze Forerunners,118.0,55.0,0.4661016949152542
Season-All,a55c4d47-5252-40af-961d-c08bc688028a,Goblin Engineer,30.0,10.0,0.3333333333333333
Season-All,a6539e26-b63b-4725-9407-caaf451de084,Troll of Khazad-dûm,210.0,121.0,0.5761904761904761
Season-All,a6a62aa3-8edb-4000-8ebd-15ec4b00eed7,,0.0,0.0,0.0
Season-All,a6d9b8d6-1e97-4e9c-b0c4-3b71734134a4,"Scarlet Spider, Ben Reilly",30.0,16.0,0.5333333333333333
Season-All,a7072412-4aa2-40ef-a267-bd717551a42b,"Rhys, the Evermore",17.0,12.0,0.7058823529411765
Season-All,a76fa8d4-923d-4afc-ba47-ba10fc0fe46e,"Comet, Stellar Pup",36.0,15.0,0.4166666666666667
Season-All,a7a8b6b8-b95f-4014-b17a-a6d44d965995,City of Traitors,118.0,54.0,0.4576271186440678
Season-All,a8069994-b103-40dc-9e14-062004914ec8,Cathar Commando,191.0,101.0,0.5287958115183246
Season-All,a87606cc-fbf0-4e2c-9798-f1c935d0573d,Esika's Chariot,58.0,31.0,0.5344827586206896
Season-All,a9225cc3-90f0-448f-a8d9-7c6c2796d077,Sheoldred's Edict,135.0,72.0,0.5333333333333333
Season-All,a93e3406-4e29-4bc0-ae52-cbd2ac1f99a4,"Alesha, Who Laughs at Fate",10.0,6.0,0.6
Season-All,a9738cda-adb1-47fb-9f4c-ecd930228c4d,"Ragavan, Nimble Pilferer",211.0,118.0,0.5592417061611374
Season-All,aaae15dd-11b6-4421-99e9-365c7fe4a5d6,Embercleave,111.0,50.0,0.4504504504504504
Season-All,aac0c8df-f01d-4178-8d66-ee603f814d24,Mishra's Workshop,104.0,46.0,0.4423076923076923
Season-All,ab1d1461-1625-4163-aacd-a939f4871fad,Staff of the Storyteller,129.0,56.0,0.4341085271317829
Season-All,ab9f6a1b-8467-4584-affd-8c71d3e34d2f,"Akal Pakal, First Among Equals",56.0,20.0,0.3571428571428571
Season-All,abcd0e32-2e6b-419b-9e8a-af38f2b48a66,Monastery Mentor,37.0,17.0,0.4594594594594595
Season-All,ac07e230-0297-4e1d-bdfe-119010e0ad8e,Silent Clearing,0.0,0.0,0.0
Season-All,ac095763-6f4e-4d4e-9c99-414646368f8d,Emeritus of Abundance // Regrowth,11.0,3.0,0.2727272727272727
Season-All,aced2c55-7543-4076-bcdd-36c4d649b8ae,Mox Emerald,235.0,118.0,0.502127659574468
Season-All,ad30aec2-cb67-4c92-9694-d33bef1884ee,"Daretti, Ingenious Iconoclast",0.0,0.0,0.0
Season-All,ade32396-8841-4ba4-8852-d11146607f21,Mockingbird,19.0,10.0,0.5263157894736842
Season-All,aeb4612c-758b-4492-ba03-eb6741b4176e,Sear,10.0,5.0,0.5
Season-All,af09af65-0a3b-42df-b0fd-372e2158beac,Academy Ruins,45.0,18.0,0.4
Season-All,af7091c9-5f98-4078-a42b-c9e057346d9b,Hallowed Fountain,160.0,73.0,0.45625
Season-All,b045c28a-39f9-4cd9-8f3a-a626b697f409,Cathartic Pyre,175.0,92.0,0.5257142857142857
Season-All,b0c5728e-43e7-417a-ba18-5038345cec67,Arcane Denial,93.0,56.0,0.6021505376344086
Season-All,b0f61742-522c-4b36-97db-41d0c412a072,Nexus of Becoming,20.0,12.0,0.6
Season-All,b256ddc8-8b12-434c-a610-1a872e948f2f,White Plume Adventurer,196.0,103.0,0.5255102040816326
Season-All,b277752b-430a-4f09-8a98-b72f813dd52e,Bountiful Landscape,94.0,45.0,0.4787234042553192
Season-All,b293d4cb-0920-46ef-bf4e-fc6a796df290,Sail into the West,0.0,0.0,0.0
Season-All,b2996f07-9dbc-444f-aaae-710866da2b4b,Cosmic Spider-Man,18.0,8.0,0.4444444444444444
Season-All,b34bf7fd-9fe3-43e2-8cfe-7ce7cff08afe,Stonecoil Serpent,140.0,65.0,0.4642857142857143
Season-All,b3c1e5e3-4e6b-456a-958c-7a75c38f8183,Cosmogrand Zenith,45.0,22.0,0.4888888888888889
Season-All,b3da28c7-6e92-439d-a163-91682d4f11dc,Shattered Landscape,84.0,41.0,0.4880952380952381
Season-All,b3dd3c7d-4685-4579-b483-14ddaaaddf5b,Scythecat Cub,129.0,63.0,0.4883720930232558
Season-All,b50e1800-a45c-43bd-8886-8a06145d9346,Recurring Nightmare,113.0,41.0,0.3628318584070796
Season-All,b51666ae-2aef-4cb1-9cd4-44aec81530f8,Griselbrand,74.0,34.0,0.4594594594594595
Season-All,b598c93e-dae1-4d71-a9e4-917abf76d2d0,Raucous Theater,116.0,65.0,0.5603448275862069
Season-All,b5aaaee0-9a61-45df-821e-cce516f8de6a,Old One Eye,126.0,56.0,0.4444444444444444
Season-All,b6876d9e-0908-43ac-8542-09c7aa02b5ba,Tarmogoyf,17.0,8.0,0.4705882352941176
Season-All,b689a206-aec3-4a31-95cf-3d4b840db04c,Securitron Squadron,105.0,46.0,0.4380952380952381
Season-All,b6cb2549-e485-44d6-9d65-7605c568909e,Unearth,144.0,78.0,0.5416666666666666
Season-All,b768efa2-e56b-4a7e-ace8-d673f10e0714,Birthing Pod,83.0,44.0,0.5301204819277109
Season-All,b7f16fdf-a3f5-462d-a64a-789d893b6ef5,Batterskull,84.0,48.0,0.5714285714285714
Season-All,b83cfbaa-7890-4f6f-878b-4edb45677371,Skyclave Apparition,191.0,102.0,0.5340314136125655
Season-All,b841bfa8-7c17-4df2-8466-780ab9a4a53a,Fabled Passage,180.0,88.0,0.4888888888888889
Season-All,b85e0aed-bfb2-4aa8-a754-849c4d9a6a58,Restless Bivouac,0.0,0.0,0.0
Season-All,b8aa7126-5df3-42dd-b4a3-0d0ea59eeebd,Helping Hand,65.0,35.0,0.5384615384615384
Season-All,b90331d4-74f0-43bf-8ed2-f8616d782859,Basalt Monolith,65.0,28.0,0.4307692307692308
Season-All,b9775175-6763-4826-afc8-dc520a235c36,Master of Death,0.0,0.0,0.0
Season-All,ba934866-efd0-4126-b1ff-9c7e82b73bd6,Summon: Kujata,10.0,7.0,0.7
Season-All,bb078448-9e9f-4994-8aff-7e7c4fb62efc,,0.0,0.0,0.0
Season-All,bb142d99-b210-47c8-897c-be62f90d2192,Mishra's Research Desk,30.0,7.0,0.2333333333333333
Season-All,bb41ff5c-9617-4033-a4fa-99323640b9c3,Duress,202.0,121.0,0.599009900990099
Season-All,bb9ad57f-cca2-4717-a951-cbe3c7782efe,Recruiter of the Guard,113.0,65.0,0.5752212389380531
Season-All,bbac6d75-59ab-4d7d-87ae-46875abf8cc7,Zurgo Bellstriker,0.0,0.0,0.0
Season-All,bbec97ff-bb84-4496-9e09-d4fc1570c516,Mawloc,167.0,96.0,0.5748502994011976
Season-All,bc9b2a76-3cce-4fd0-a4ef-932747cb11b2,"Spider-Woman, Stunning Savior",0.0,0.0,0.0
Season-All,bce84a87-093a-42de-9696-8c3250e0f33b,Goblin Rabblemaster,55.0,33.0,0.6
Season-All,bd3d4b4b-cf31-4f89-8140-9650edb03c7b,Ancient Tomb,148.0,81.0,0.5472972972972973
Season-All,bd8fa327-dd41-4737-8f19-2cf5eb1f7cdd,Black Lotus,233.0,143.0,0.6137339055793991
Season-All,bdb41396-5008-4a5f-92ca-54ecac42e926,Cave of the Frost Dragon,37.0,18.0,0.4864864864864865
Season-All,be77b98a-dd79-477c-8ab2-7ebf5637a89e,Headliner Scarlett,170.0,93.0,0.5470588235294118
Season-All,bf220c06-3cce-4bdd-aa58-83940c223e9c,Commercial District,95.0,49.0,0.5157894736842106
Season-All,bf4b9a8a-b42a-46fb-b0d0-9cf800f63c8a,"Emry, Lurker of the Loch",63.0,21.0,0.3333333333333333
Season-All,bfa4e927-1d6f-4a64-9801-7d168a5ef3f6,Astrologian's Planisphere,65.0,29.0,0.4461538461538462
Season-All,c060c178-3c0e-493f-b6f0-ead5b1d6f191,Survival of the Fittest,11.0,3.0,0.2727272727272727
Season-All,c14098d6-28ae-492f-8ffc-7d115d83ce6a,Summon: Good King Mog XII,36.0,12.0,0.3333333333333333
Season-All,c17816e8-28b1-4295-a637-efb0e5c18873,Lush Portico,150.0,61.0,0.4066666666666667
Season-All,c1bd3bc0-77bd-40fe-b4f1-835a04cb6e41,Eagles of the North,19.0,10.0,0.5263157894736842
Season-All,c1c7aa22-51b0-45ee-9a8e-5493a1820d8c,"Wolverine, Fierce Fighter",10.0,6.0,0.6
Season-All,c1e0f201-42cb-46a1-901a-65bb4fc18f6c,Urza's Saga,153.0,84.0,0.5490196078431373
Season-All,c2089ec9-0665-448f-bfe9-d181de127814,Brazen Borrower // Petty Theft,194.0,102.0,0.5257731958762887
Season-All,c36820fa-ee86-4206-9a0d-737a67cf5208,Sunbaked Canyon,0.0,0.0,0.0
Season-All,c375a022-5b57-496d-a802-e4ea8376e9e4,"Eiganjo, Seat of the Empire",10.0,6.0,0.6
Season-All,c3896705-bbd2-4ffb-a590-ee78e0eabdc5,Long Goodbye,144.0,64.0,0.4444444444444444
Season-All,c3b92caa-3401-4b11-9515-152f3e057c05,"Koma, World-Eater",16.0,3.0,0.1875
Season-All,c4fffacd-81c7-44b8-9b59-2c7210022c14,Augur of Autumn,67.0,21.0,0.3134328358208955
Season-All,c565f8fe-acf7-40dd-8100-8f692d1e232c,Talon Gates of Madara,26.0,12.0,0.4615384615384615
Season-All,c78da035-6b5b-4136-9ab6-f622b64fdc54,Unstoppable Slasher,207.0,96.0,0.463768115942029
Season-All,c7bbb911-9de2-455d-9677-e1004db65dbd,"Chandra, Torch of Defiance",193.0,103.0,0.533678756476684
Season-All,c8090bcf-e17a-4110-a518-77ccd045b18f,Charming Scoundrel,157.0,82.0,0.5222929936305732
Season-All,c86b8a75-9e31-4a44-95b8-c83b9a49646f,Ocelot Pride,224.0,124.0,0.5535714285714286
Season-All,c8769e97-aee8-4466-a9d7-0f4245ae4a97,Concealed Courtyard,0.0,0.0,0.0
Season-All,c8f0b123-fdb0-4f3e-ba78-fa155c227e20,Greasewrench Goblin,77.0,44.0,0.5714285714285714
Season-All,ca4c8b04-66af-4cb3-8003-9088d8344b20,Alpha Deathclaw,74.0,35.0,0.4729729729729729
Season-All,cb7b6fb5-4d38-4734-b46f-923322cff24e,,0.0,0.0,0.0
Season-All,cb94a02f-4660-45b6-8a39-941b710cf8f3,Collective Brutality,193.0,100.0,0.5181347150259067
Season-All,cbac1d27-15e2-4e2f-82ab-625a16e096cb,Enlightened Tutor,28.0,12.0,0.4285714285714285
Season-All,cc3063ec-5ea6-46c1-8331-c740cbaf6c76,Great Divide Guide,11.0,3.0,0.2727272727272727
Season-All,cc4bb871-cde9-43a9-8089-5987fa0dd4ef,Mutated Cultist,0.0,0.0,0.0
Season-All,cc520518-2063-4b57-a0d4-10cf62a7175e,Zagoth Triome,179.0,78.0,0.435754189944134
Season-All,cc5338e1-26a6-466e-9393-788f69370e15,,0.0,0.0,0.0
Season-All,cd062615-648f-4cc7-9373-520f3f6a90e3,Spitting Dilophosaurus,34.0,16.0,0.4705882352941176
Season-All,cda40e31-ba99-4565-ad92-7c687ff44bd9,"Daretti, Scrap Savant",17.0,7.0,0.4117647058823529
Season-All,cdfadb17-76ad-4d4d-9fa7-33c4b88b4c0a,Sowing Mycospawn,54.0,27.0,0.5
Season-All,ce01ff8f-a037-484f-9148-c847ffaabc5a,"Lotho, Corrupt Shirriff",0.0,0.0,0.0
Season-All,ce295f1e-fb31-4275-a5d3-8c6f29afff40,Serra Paragon,0.0,0.0,0.0
Season-All,ce35e6fb-ff54-44c4-a216-7ddd37f46882,Screaming Nemesis,106.0,58.0,0.5471698113207547
Season-All,ce54c7c1-3401-4414-8da0-5846cb0ae1b4,Channel,39.0,18.0,0.4615384615384615
Season-All,ce5dd2c1-b6e0-4914-b5c9-7dd451c29e22,Chthonian Nightmare,9.0,4.0,0.4444444444444444
Season-All,ce648aa3-098b-4af0-a433-fd290bc85904,Balance,111.0,63.0,0.5675675675675675
Season-All,cea3b218-0e6e-443a-84f7-380f1021e8e1,Barrowgoyf,235.0,117.0,0.4978723404255319
Season-All,cf14de50-d123-400c-862e-2c95fd2aa23f,Oath of Druids,0.0,0.0,0.0
Season-All,cf3eb762-6c3f-4b11-a4f9-968f79370217,Mystic Confluence,149.0,83.0,0.5570469798657718
Season-All,d0e3e7b3-7ba9-47a2-b46c-a40bffb445e2,Twisted Landscape,102.0,56.0,0.5490196078431373
Season-All,d13a898e-6a97-4fd9-980e-3bfd8d755386,Tarfire,88.0,40.0,0.4545454545454545
Season-All,d1ee8ead-df6a-4c02-83f7-2902d97132b8,,0.0,0.0,0.0
Season-All,d2119f3f-27d2-4d43-a5ef-35c1b73d182a,"The Reaper, King No More",11.0,3.0,0.2727272727272727
Season-All,d2124603-d20e-40eb-97f0-a66323397ac2,Bolas's Citadel,40.0,20.0,0.5
Season-All,d21433ba-0a14-42bc-ad0b-a4ef823a3295,Monument to Endurance,10.0,2.0,0.2
Season-All,d2507bc2-da17-4e46-b4c5-ba0080ce2c6f,Rishadan Port,117.0,63.0,0.5384615384615384
Season-All,d2705b43-a94a-44c0-8740-82e0b296820c,Abhorrent Oculus,8.0,3.0,0.375
Season-All,d2e27911-87cb-49a0-a34f-6afe4bddd592,Phyrexian Metamorph,196.0,91.0,0.4642857142857143
Season-All,d40b65c1-b24d-492d-81b9-d8474ebdc08c,Sylvan Caryatid,187.0,83.0,0.4438502673796791
Season-All,d51269cf-a333-4a64-94cd-245798d840d2,Elder Gargaroth,156.0,80.0,0.5128205128205128
Season-All,d53b20b0-67bc-4587-817b-efbf21cb2512,Land Tax,0.0,0.0,0.0
Season-All,d5806e68-1054-458e-866d-1f2470f682b2,The One Ring,191.0,92.0,0.4816753926701571
Season-All,d58d3545-043a-457a-8324-facc3c2363ec,Overlord of the Boilerbilges,28.0,14.0,0.5
Season-All,d5c782cc-c951-4c6f-a93f-774ae6c1c214,Shallow Grave,56.0,25.0,0.4464285714285714
Season-All,d5dfc25d-a17b-4ead-9484-e8a18b8fa176,,0.0,0.0,0.0
Season-All,d67be074-cdd4-41d9-ac89-0a0456c4e4b2,"Sheoldred, the Apocalypse",214.0,111.0,0.5186915887850467
Season-All,d6ec3293-b09e-4931-ac4e-dc5eac0ca004,Mana Vault,212.0,104.0,0.490566037735849
Season-All,d79b8974-796c-4f88-a0cb-5afbaf26fd24,Digsite Engineer,0.0,0.0,0.0
Season-All,d7a8cc1d-aabb-4eb6-b0f1-6c93ec246f61,Court of Garenbrig,120.0,57.0,0.475
Season-All,d91a527d-51f1-4fb1-9016-fc923fd43a6a,Azorius Signet,25.0,14.0,0.56
Season-All,d9482aab-6ddf-48e1-84fa-b13d5ff81e69,Icetill Explorer,83.0,37.0,0.4457831325301205
Season-All,d99a9a7d-d9ca-4c11-80ab-e39d5943a315,Asmoranomardicadaistinaculdacar,0.0,0.0,0.0
Season-All,d99fd073-c249-4cd2-9d71-be417c88c493,Molten Vortex,0.0,0.0,0.0
Season-All,da13a060-36ee-41e9-bab1-af8ddcc893b8,Norman Osborn // Green Goblin,63.0,28.0,0.4444444444444444
Season-All,db2a5e85-6cbc-43c1-9362-4056ad017ef0,Pyrokinesis,37.0,17.0,0.4594594594594595
Season-All,dcb79f39-5ef3-4ad6-9a43-04beb27d8480,Eladamri's Call,0.0,0.0,0.0
Season-All,dcb94950-3f3e-4876-84f8-d5e4d9cfecee,Charming Prince,135.0,59.0,0.437037037037037
Season-All,dd16222e-349c-4a2b-a7c8-8eb35a8ab332,Static Prison,110.0,61.0,0.5545454545454546
Season-All,dda6b4d0-1b60-46b0-b321-b9ffe15afff4,Sazh's Chocobo,0.0,0.0,0.0
Season-All,de0e01e4-e143-47fd-8565-7b48219bb546,Goldvein Hydra,169.0,73.0,0.4319526627218935
Season-All,dea15b53-2940-40e7-8d48-8ec11341da83,Careful Study,8.0,2.0,0.25
Season-All,df3784d4-80cd-4f78-afb3-d61f3bab5b2c,Zealous Conscripts,189.0,99.0,0.5238095238095238
Season-All,df9d9075-2d1e-4848-b661-816d539e05eb,Emperor of Bones,202.0,114.0,0.5643564356435643
Season-All,dfdabdda-bd46-4ea2-8b37-5d7f6cec6aff,,0.0,0.0,0.0
Season-All,e0ef33dd-5f6d-48fa-8ef6-a8092868d50f,Figure of Fable,19.0,9.0,0.4736842105263157
Season-All,e1332480-4986-421f-9a31-1d597d597c65,"Carnage, Crimson Chaos",0.0,0.0,0.0
Season-All,e16ab44e-4257-4c0c-b705-8ac1e9c1d835,Touch the Spirit Realm,60.0,28.0,0.4666666666666667
Season-All,e20da6b5-1057-4a28-9e85-07de714e262f,"Wan Shi Tong, Librarian",58.0,28.0,0.4827586206896552
Season-All,e2312c49-1627-47ad-8113-78a999a97d8d,Contaminated Landscape,90.0,34.0,0.3777777777777777
Season-All,e419cd0b-2449-4cc5-9ead-b9e45e271700,"Phlage, Titan of Fire's Fury",46.0,19.0,0.4130434782608695
Season-All,e41cf82d-3213-47ce-a015-6e51a8b07e4f,Questing Beast,206.0,99.0,0.4805825242718446
Season-All,e4775a26-0b66-40e9-8f64-41d9308ca032,"Surrak, Elusive Hunter",90.0,44.0,0.4888888888888889
Season-All,e4e6794a-feeb-4fc8-a2ee-38c75c18aaae,Heartless Act,182.0,86.0,0.4725274725274725
Season-All,e5145f31-a4ac-44ef-8f85-e4d95f2c9ff5,Library of Alexandria,198.0,113.0,0.5707070707070707
Season-All,e530388b-eb19-4211-abd8-8a4c3c38c3af,Darkslick Shores,0.0,0.0,0.0
Season-All,e58e681e-a069-4414-aafe-634c7987fd0d,Swords to Plowshares,215.0,107.0,0.4976744186046511
Season-All,e5f3161d-3f69-4b06-ab73-c31fc0c1520c,Restless Vinestalk,0.0,0.0,0.0
Season-All,e628e89b-bee9-408d-bb05-1784fda6b8a1,Restless Vents,0.0,0.0,0.0
Season-All,e674aa8a-668a-4345-95ee-73a0b87bbcb1,Firestorm,0.0,0.0,0.0
Season-All,e6befbc4-1320-4f26-bd9f-b1814fedda10,Grief,198.0,109.0,0.5505050505050505
Season-All,e6d7fba8-a157-4d81-9d6b-bd210a96b248,Gleemox,124.0,65.0,0.5241935483870968
Season-All,e7b3ddca-69ef-4743-897b-57c58077db24,Time Warp,131.0,66.0,0.5038167938931297
Season-All,e7c53ba4-9956-4cd6-85ca-2d6b61a5127c,Dance of the Dead,64.0,33.0,0.515625
Season-All,e94da91d-6c76-4909-91e3-2f8d97398654,Royal Talon Fighter Jet,0.0,0.0,0.0
Season-All,e9a268ba-c442-4fe4-90b4-2810c8474f4e,Caustic Bronco,76.0,41.0,0.5394736842105263
Season-All,e9be371c-c688-44ad-ab71-bd4c9f242d58,Force of Negation,158.0,71.0,0.4493670886075949
Season-All,ea1feac0-d3a7-45eb-9719-1cdaf51ea0b6,Mox Sapphire,204.0,113.0,0.553921568627451
Season-All,ea7e7daf-7c06-4c74-8bcf-e42c1f611861,Virtue of Loyalty // Ardenvale Fealty,36.0,14.0,0.3888888888888889
Season-All,ebc01ab4-d89a-4d25-bf54-6aed33772f4b,Force of Will,209.0,103.0,0.492822966507177
Season-All,ebeafbc2-0399-4335-8f63-76a3e085e8c6,Evolved Sleeper,126.0,58.0,0.4603174603174603
Season-All,ec3de5f4-bb55-4ab9-995f-f3e0dc22c1bb,Voice of Victory,115.0,62.0,0.5391304347826087
Season-All,ec59ed99-ce40-489a-b776-8874bec60393,Trash for Treasure,38.0,12.0,0.3157894736842105
Season-All,eca092fc-7c67-4a73-989e-5297bbaaea76,Demand Answers,0.0,0.0,0.0
Season-All,eca8d6f8-c6f1-437c-99e2-4281eae14a6f,Fateful Absence,124.0,67.0,0.5403225806451613
Season-All,ecc1027a-8c07-44a0-bdde-fa2844cff694,Vivi Ornitier,20.0,5.0,0.25
Season-All,ed0216a0-c5c9-4a99-b869-53e4d0256326,Mox Pearl,225.0,110.0,0.4888888888888889
Season-All,ed0beb69-8441-4104-9990-81bd82f81f9a,The Fantasticar,10.0,3.0,0.3
Season-All,ed557e51-32bd-476f-99f8-d7b1738495c5,Bloodthirsty Adversary,0.0,0.0,0.0
Season-All,ee8e9928-d9b2-4570-adb8-44b34115decd,Tireless Tracker,179.0,91.0,0.5083798882681564
Season-All,eeeffc0b-dc92-458e-ad58-86ff6077a508,Sentinel of the Nameless City,176.0,92.0,0.5227272727272727
Season-All,efda91fa-03b2-4fb4-ae07-b45f6c6d3eab,Yawgmoth's Will,59.0,36.0,0.6101694915254238
Season-All,f0192cf7-3391-4720-b9c8-72dec5dde01e,Bloodtithe Harvester,85.0,48.0,0.5647058823529412
Season-All,f05e9a3e-8a35-4687-85cb-e31b3927a5e2,Daze,212.0,114.0,0.5377358490566038
Season-All,f1a21287-e244-4960-84fb-c4f6e5c346d9,Third Path Iconoclast,119.0,56.0,0.4705882352941176
Season-All,f1b8413f-c9fc-4cea-b416-a1fcf651b009,Sylvan Safekeeper,67.0,28.0,0.417910447761194
Season-All,f1e5cafb-b0e6-4ee5-8c58-6f8e5ef2b9da,Virtue of Persistence // Locthwain Scorn,133.0,79.0,0.5939849624060151
Season-All,f1eb50a6-07e2-41de-b948-8075bba197ee,Game Over,11.0,3.0,0.2727272727272727
Season-All,f20015ad-8fda-498f-ac28-1ffb824ab480,Caldaia Guardian,74.0,34.0,0.4594594594594595
Season-All,f21b0fb7-91b6-403f-a81a-562665961276,Requiting Hex,0.0,0.0,0.0
Season-All,f231caf8-56c0-4719-a90d-5e5efbee3148,Den of the Bugbear,126.0,66.0,0.5238095238095238
Season-All,f252ae53-443c-4a27-b8f0-639a9a2b8598,Pestermite,38.0,20.0,0.5263157894736842
Season-All,f33d3948-fe7b-4c3b-ab67-1022623fbb2b,"Toby, Beastie Befriender",119.0,58.0,0.4873949579831932
Season-All,f3405184-dcda-4bb6-ade6-c2a87bc3296d,Sleight of Hand,45.0,18.0,0.4
Season-All,f3537373-ef54-4578-9d05-6216420ee349,Esper Sentinel,192.0,98.0,0.5104166666666666
Season-All,f44e5128-e146-4e46-b313-a40d82719d1d,Spirit of the Labyrinth,40.0,21.0,0.525
Season-All,f46a9329-7b91-441d-8653-50c1152c9120,"Kellan, Planar Trailblazer",107.0,53.0,0.4953271028037383
Season-All,f486df00-7c4a-4ff0-bb0b-c8b5432ac742,Sylvan Library,21.0,9.0,0.4285714285714285
Season-All,f5881bbc-8600-464d-9dcd-5a7780918d1d,Galvanic Blast,63.0,36.0,0.5714285714285714
Season-All,f5fb426a-5618-4dd4-9c51-0cc847be8c1d,Multiversal Passage,79.0,43.0,0.5443037974683544
Season-All,f61693a2-7042-44e0-85ba-9bf12ab94e7e,Suplex,121.0,60.0,0.4958677685950413
Season-All,f62fd592-4910-417d-a500-e7029f3d119f,Kitesail Freebooter,108.0,54.0,0.5
Season-All,f632be90-9e7f-41f8-a52e-a2952354d730,Descendant of Storms,76.0,36.0,0.4736842105263157
Season-All,f6929259-2903-4f6f-9b06-42048fd55c6a,,0.0,0.0,0.0
Season-All,f6ca59cd-8779-4a84-a54b-e863b79c61f0,Underground Mortuary,92.0,39.0,0.4239130434782608
Season-All,f6fb576e-a4a4-496b-b553-3f81cc651210,,0.0,0.0,0.0
Season-All,f7e0549e-2d23-4ea8-b8d1-ae21af2c9091,Snap,8.0,2.0,0.25
Season-All,f823be95-bef4-4e86-a924-239be62394bf,Izzet Signet,56.0,29.0,0.5178571428571429
Season-All,f83ed433-fae3-4fa5-acad-bb8a5b535ce3,Coveted Jewel,70.0,35.0,0.5
Season-All,f88d81d9-8ded-4c20-8237-2218046595fb,"Shadow, Mysterious Assassin",47.0,22.0,0.4680851063829787
Season-All,f9246b68-580f-4f53-883d-7900880e4b0d,Six,115.0,54.0,0.4695652173913043
Season-All,f9287151-95df-4f5a-b32a-4b0aea825452,Karn Liberated,19.0,9.0,0.4736842105263157
Season-All,f9ba68ef-6efc-4249-8b74-e33f47173902,Vibrant Outburst,0.0,0.0,0.0
Season-All,fa2920af-e6a1-4939-ab59-67af4430e5b8,Anger,0.0,0.0,0.0
Season-All,fa3b415f-7901-4ab4-84fe-60b90d40ac90,Pillage the Bog,0.0,0.0,0.0
Season-All,fa6ac7d2-0127-49a8-b7d2-a38308d3c27b,"Liliana, the Last Hope",46.0,23.0,0.5
Season-All,fa7a55aa-ae61-4933-b7a4-dcc55dac6fcd,"Inti, Seneschal of the Sun",227.0,130.0,0.5726872246696035
Season-All,fa7b7897-36e0-415a-8bb7-602886164852,Show and Tell,99.0,44.0,0.4444444444444444
Season-All,fa87bf1e-2062-4983-b1c4-98bffea69a4c,Pyrogoyf,207.0,124.0,0.5990338164251208
Season-All,fadb218d-29e2-42d1-a7a1-1066741d63ad,Mox Diamond,199.0,97.0,0.4874371859296482
Season-All,fc310a26-b6a0-4e42-98ab-bdfd7b06cb63,"Beza, the Bounding Spring",139.0,72.0,0.5179856115107914
Season-All,fc7d1912-7e27-49ef-bd98-375d975a42b0,Starting Town,115.0,57.0,0.4956521739130435
Season-All,fd52688a-39fd-430f-b950-cb56e0004396,Talisman of Curiosity,48.0,25.0,0.5208333333333334
Season-All,fd6ddbca-b943-49d6-b341-509bb72dd5a6,Primeval Titan,39.0,19.0,0.4871794871794871
Season-All,fd97b3cf-924e-4f77-bb82-0bf19592389f,Dreadhorde Arcanist,90.0,50.0,0.5555555555555556
Season-All,fd99bce1-ce39-464b-8e61-2631eb3ed6f6,Tolarian Academy,150.0,61.0,0.4066666666666667
Season-All,fe30c0ff-f74b-456a-a61e-3720d84d713f,Parallax Wave,216.0,120.0,0.5555555555555556
Season-All,fe964e7e-e2c5-4263-889d-0a531eb51442,Luminarch Aspirant,197.0,111.0,0.5634517766497462
Season-All,febaaeae-5c0d-45fa-8169-b27b4996f18e,Chrome Host Seedshark,76.0,35.0,0.4605263157894737
Season-All,ff37b863-f8c4-4584-8cc2-ac0e096e583f,Bazaar of Baghdad,10.0,2.0,0.2
Season-All,ff590af2-2d6c-4f16-a9b8-1a6dab6e9ad5,Echo of Eons,73.0,35.0,0.4794520547945205
Season-All,ff84ea71-e477-44f7-a3f8-77fef708efeb,Thieving Skydiver,162.0,84.0,0.5185185185185185
