scryfall_id,card_name,cmc,type_line,is_creature,is_land,image_url,image_url_small,local_path
24da9431-7e52-44f5-bc18-2f2d8a4ca81e,Abrade,2.0,Instant,False,False,https://cards.scryfall.io/normal/front/2/4/24da9431-7e52-44f5-bc18-2f2d8a4ca81e.jpg?1783930170,https://cards.scryfall.io/small/front/2/4/24da9431-7e52-44f5-bc18-2f2d8a4ca81e.jpg?1783930170,
3b1e92b4-6e53-4dba-a572-c67e01965ac5,Abrupt Decay,2.0,Instant,False,False,https://cards.scryfall.io/normal/front/3/b/3b1e92b4-6e53-4dba-a572-c67e01965ac5.jpg?1783940344,https://cards.scryfall.io/small/front/3/b/3b1e92b4-6e53-4dba-a572-c67e01965ac5.jpg?1783940344,
5ad86b17-3fed-418a-938c-c49adb409531,Abundant Harvest,1.0,Sorcery,False,False,https://cards.scryfall.io/normal/front/5/a/5ad86b17-3fed-418a-938c-c49adb409531.jpg?1783926837,https://cards.scryfall.io/small/front/5/a/5ad86b17-3fed-418a-938c-c49adb409531.jpg?1783926837,
af09af65-0a3b-42df-b0fd-372e2158beac,Academy Ruins,0.0,Legendary Land,False,True,https://cards.scryfall.io/normal/front/a/f/af09af65-0a3b-42df-b0fd-372e2158beac.jpg?1783943196,https://cards.scryfall.io/small/front/a/f/af09af65-0a3b-42df-b0fd-372e2158beac.jpg?1783943196,
21c950d7-b4f6-4902-8c9a-98f2933f9fa5,Adanto Vanguard,2.0,Creature — Vampire Soldier,True,False,https://cards.scryfall.io/normal/front/2/1/21c950d7-b4f6-4902-8c9a-98f2933f9fa5.jpg?1783935808,https://cards.scryfall.io/small/front/2/1/21c950d7-b4f6-4902-8c9a-98f2933f9fa5.jpg?1783935808,
18092f68-b96e-4084-9eba-b240d2195d81,"Adeline, Resplendent Cathar",3.0,Legendary Creature — Human Knight,True,False,https://cards.scryfall.io/normal/front/1/8/18092f68-b96e-4084-9eba-b240d2195d81.jpg?1783925668,https://cards.scryfall.io/small/front/1/8/18092f68-b96e-4084-9eba-b240d2195d81.jpg?1783925668,
96b6b2e1-c3e6-464c-8a13-b15deb34e862,Aetherflux Reservoir,4.0,Artifact,False,False,https://cards.scryfall.io/normal/front/9/6/96b6b2e1-c3e6-464c-8a13-b15deb34e862.jpg?1783937164,https://cards.scryfall.io/small/front/9/6/96b6b2e1-c3e6-464c-8a13-b15deb34e862.jpg?1783937164,
0d16e8e0-31b2-4389-afd6-783c501f6fa0,"Ajani, Nacatl Pariah // Ajani, Nacatl Avenger",2.0,Legendary Creature — Cat Warrior // Legendary Planeswalker — Ajani,True,False,https://cards.scryfall.io/normal/front/0/d/0d16e8e0-31b2-4389-afd6-783c501f6fa0.jpg?1783911238,https://cards.scryfall.io/small/front/0/d/0d16e8e0-31b2-4389-afd6-783c501f6fa0.jpg?1783911238,
ab9f6a1b-8467-4584-affd-8c71d3e34d2f,"Akal Pakal, First Among Equals",3.0,Legendary Creature — Human Advisor,True,False,https://cards.scryfall.io/normal/front/a/b/ab9f6a1b-8467-4584-affd-8c71d3e34d2f.jpg?1783913800,https://cards.scryfall.io/small/front/a/b/ab9f6a1b-8467-4584-affd-8c71d3e34d2f.jpg?1783913800,
a93e3406-4e29-4bc0-ae52-cbd2ac1f99a4,"Alesha, Who Laughs at Fate",3.0,Legendary Creature — Human Warrior,True,False,https://cards.scryfall.io/normal/front/a/9/a93e3406-4e29-4bc0-ae52-cbd2ac1f99a4.jpg?1783909093,https://cards.scryfall.io/small/front/a/9/a93e3406-4e29-4bc0-ae52-cbd2ac1f99a4.jpg?1783909093,
ca4c8b04-66af-4cb3-8003-9088d8344b20,Alpha Deathclaw,6.0,Creature — Lizard Mutant,True,False,https://cards.scryfall.io/normal/front/c/a/ca4c8b04-66af-4cb3-8003-9088d8344b20.jpg?1783912392,https://cards.scryfall.io/small/front/c/a/ca4c8b04-66af-4cb3-8003-9088d8344b20.jpg?1783912392,
1ac0e78b-0fdd-44f9-8b7b-c4f28a32782e,Amped Raptor,2.0,Creature — Dinosaur,True,False,https://cards.scryfall.io/normal/front/1/a/1ac0e78b-0fdd-44f9-8b7b-c4f28a32782e.jpg?1783911274,https://cards.scryfall.io/small/front/1/a/1ac0e78b-0fdd-44f9-8b7b-c4f28a32782e.jpg?1783911274,
2398892d-28e9-4009-81ec-0d544af79d2b,Ancestral Recall,1.0,Instant,False,False,https://cards.scryfall.io/normal/front/2/3/2398892d-28e9-4009-81ec-0d544af79d2b.jpg?1783939333,https://cards.scryfall.io/small/front/2/3/2398892d-28e9-4009-81ec-0d544af79d2b.jpg?1783939333,
bd3d4b4b-cf31-4f89-8140-9650edb03c7b,Ancient Tomb,0.0,Land,False,True,https://cards.scryfall.io/normal/front/b/d/bd3d4b4b-cf31-4f89-8140-9650edb03c7b.jpg?1783933762,https://cards.scryfall.io/small/front/b/d/bd3d4b4b-cf31-4f89-8140-9650edb03c7b.jpg?1783933762,
4c732dc7-dd6b-4cc1-bbe0-ff3b1d2c7419,Animate Dead,2.0,Enchantment — Aura,False,False,https://cards.scryfall.io/normal/front/4/c/4c732dc7-dd6b-4cc1-bbe0-ff3b1d2c7419.jpg?1783926581,https://cards.scryfall.io/small/front/4/c/4c732dc7-dd6b-4cc1-bbe0-ff3b1d2c7419.jpg?1783926581,
b0c5728e-43e7-417a-ba18-5038345cec67,Arcane Denial,2.0,Instant,False,False,https://cards.scryfall.io/normal/front/b/0/b0c5728e-43e7-417a-ba18-5038345cec67.jpg?1783947197,https://cards.scryfall.io/small/front/b/0/b0c5728e-43e7-417a-ba18-5038345cec67.jpg?1783947197,
93f99e67-901f-4c8d-8a09-e443b7eb928f,Archangel Elspeth,4.0,Legendary Planeswalker — Elspeth,False,False,https://cards.scryfall.io/normal/front/9/3/93f99e67-901f-4c8d-8a09-e443b7eb928f.jpg?1783916908,https://cards.scryfall.io/small/front/9/3/93f99e67-901f-4c8d-8a09-e443b7eb928f.jpg?1783916908,
1be9d9a4-d7ee-4854-abc2-85cabf993ec9,Archon of Cruelty,8.0,Creature — Archon,True,False,https://cards.scryfall.io/normal/front/1/b/1be9d9a4-d7ee-4854-abc2-85cabf993ec9.jpg?1783926865,https://cards.scryfall.io/small/front/1/b/1be9d9a4-d7ee-4854-abc2-85cabf993ec9.jpg?1783926865,
16c8d2fa-54a7-46e8-980c-905258497c90,Arid Mesa,0.0,Land,False,True,https://cards.scryfall.io/normal/front/1/6/16c8d2fa-54a7-46e8-980c-905258497c90.jpg?1783942125,https://cards.scryfall.io/small/front/1/6/16c8d2fa-54a7-46e8-980c-905258497c90.jpg?1783942125,
906b6e99-128f-4c11-8daf-16099d35b0d4,Assassin's Trophy,2.0,Instant,False,False,https://cards.scryfall.io/normal/front/9/0/906b6e99-128f-4c11-8daf-16099d35b0d4.jpg?1783934143,https://cards.scryfall.io/small/front/9/0/906b6e99-128f-4c11-8daf-16099d35b0d4.jpg?1783934143,
bfa4e927-1d6f-4a64-9801-7d168a5ef3f6,Astrologian's Planisphere,2.0,Artifact — Equipment,False,False,https://cards.scryfall.io/normal/front/b/f/bfa4e927-1d6f-4a64-9801-7d168a5ef3f6.jpg?1783906640,https://cards.scryfall.io/small/front/b/f/bfa4e927-1d6f-4a64-9801-7d168a5ef3f6.jpg?1783906640,
4a1f905f-1d55-4d02-9d24-e58070793d3f,"Atraxa, Grand Unifier",7.0,Legendary Creature — Phyrexian Angel,True,False,https://cards.scryfall.io/normal/front/4/a/4a1f905f-1d55-4d02-9d24-e58070793d3f.jpg?1783918003,https://cards.scryfall.io/small/front/4/a/4a1f905f-1d55-4d02-9d24-e58070793d3f.jpg?1783918003,
c4fffacd-81c7-44b8-9b59-2c7210022c14,Augur of Autumn,3.0,Creature — Human Druid,True,False,https://cards.scryfall.io/normal/front/c/4/c4fffacd-81c7-44b8-9b59-2c7210022c14.jpg?1783905179,https://cards.scryfall.io/small/front/c/4/c4fffacd-81c7-44b8-9b59-2c7210022c14.jpg?1783905179,
7eb39e97-53c2-4df0-9fb3-a3d6a24ec41f,Avacyn's Pilgrim,1.0,Creature — Human Monk,True,False,https://cards.scryfall.io/normal/front/7/e/7eb39e97-53c2-4df0-9fb3-a3d6a24ec41f.jpg?1783940925,https://cards.scryfall.io/small/front/7/e/7eb39e97-53c2-4df0-9fb3-a3d6a24ec41f.jpg?1783940925,
d91a527d-51f1-4fb1-9016-fc923fd43a6a,Azorius Signet,2.0,Artifact,False,False,https://cards.scryfall.io/normal/front/d/9/d91a527d-51f1-4fb1-9016-fc923fd43a6a.jpg?1783943383,https://cards.scryfall.io/small/front/d/9/d91a527d-51f1-4fb1-9016-fc923fd43a6a.jpg?1783943383,
340c5799-4964-44dd-8c48-8f3f3aba5211,Badgermole Cub,2.0,Creature — Badger Mole,True,False,https://cards.scryfall.io/normal/front/3/4/340c5799-4964-44dd-8c48-8f3f3aba5211.jpg?1786399172,https://cards.scryfall.io/small/front/3/4/340c5799-4964-44dd-8c48-8f3f3aba5211.jpg?1786399172,
377cee38-e769-47b0-abd5-0f528600f36a,Badlands,0.0,Land — Swamp Mountain,False,True,https://cards.scryfall.io/normal/front/3/7/377cee38-e769-47b0-abd5-0f528600f36a.jpg?1783947955,https://cards.scryfall.io/small/front/3/7/377cee38-e769-47b0-abd5-0f528600f36a.jpg?1783947955,
ce648aa3-098b-4af0-a433-fd290bc85904,Balance,2.0,Sorcery,False,False,https://cards.scryfall.io/normal/front/c/e/ce648aa3-098b-4af0-a433-fd290bc85904.jpg?1783937636,https://cards.scryfall.io/small/front/c/e/ce648aa3-098b-4af0-a433-fd290bc85904.jpg?1783937636,
35f1a6ba-e46f-44fb-93f4-fb883d677b36,Baleful Mastery,4.0,Instant,False,False,https://cards.scryfall.io/normal/front/3/5/35f1a6ba-e46f-44fb-93f4-fb883d677b36.jpg?1783927370,https://cards.scryfall.io/small/front/3/5/35f1a6ba-e46f-44fb-93f4-fb883d677b36.jpg?1783927370,
06cb1bd6-73e0-4104-b344-4bc52d7dcedf,Baleful Strix,2.0,Artifact Creature — Bird,True,False,https://cards.scryfall.io/normal/front/0/6/06cb1bd6-73e0-4104-b344-4bc52d7dcedf.jpg?1783936138,https://cards.scryfall.io/small/front/0/6/06cb1bd6-73e0-4104-b344-4bc52d7dcedf.jpg?1783936138,
2c723fc9-d5c9-4126-a9a6-f80c247a4b6b,Baloth Prime,4.0,Creature — Beast,True,False,https://cards.scryfall.io/normal/front/2/c/2c723fc9-d5c9-4126-a9a6-f80c247a4b6b.jpg?1783906064,https://cards.scryfall.io/small/front/2/c/2c723fc9-d5c9-4126-a9a6-f80c247a4b6b.jpg?1783906064,
cea3b218-0e6e-443a-84f7-380f1021e8e1,Barrowgoyf,3.0,Creature — Lhurgoyf,True,False,https://cards.scryfall.io/normal/front/c/e/cea3b218-0e6e-443a-84f7-380f1021e8e1.jpg?1783911410,https://cards.scryfall.io/small/front/c/e/cea3b218-0e6e-443a-84f7-380f1021e8e1.jpg?1783911410,
b90331d4-74f0-43bf-8ed2-f8616d782859,Basalt Monolith,3.0,Artifact,False,False,https://cards.scryfall.io/normal/front/b/9/b90331d4-74f0-43bf-8ed2-f8616d782859.jpg?1783936219,https://cards.scryfall.io/small/front/b/9/b90331d4-74f0-43bf-8ed2-f8616d782859.jpg?1783936219,
b7f16fdf-a3f5-462d-a64a-789d893b6ef5,Batterskull,5.0,Artifact — Equipment,False,False,https://cards.scryfall.io/normal/front/b/7/b7f16fdf-a3f5-462d-a64a-789d893b6ef5.jpg?1783930118,https://cards.scryfall.io/small/front/b/7/b7f16fdf-a3f5-462d-a64a-789d893b6ef5.jpg?1783930118,
17db2b6a-eaa8-4a08-9e86-370bbd058574,Bayou,0.0,Land — Swamp Forest,False,True,https://cards.scryfall.io/normal/front/1/7/17db2b6a-eaa8-4a08-9e86-370bbd058574.jpg?1783948597,https://cards.scryfall.io/small/front/1/7/17db2b6a-eaa8-4a08-9e86-370bbd058574.jpg?1783948597,
ff37b863-f8c4-4584-8cc2-ac0e096e583f,Bazaar of Baghdad,0.0,Land,False,True,https://cards.scryfall.io/normal/front/f/f/ff37b863-f8c4-4584-8cc2-ac0e096e583f.jpg?1783948377,https://cards.scryfall.io/small/front/f/f/ff37b863-f8c4-4584-8cc2-ac0e096e583f.jpg?1783948377,
fc310a26-b6a0-4e42-98ab-bdfd7b06cb63,"Beza, the Bounding Spring",4.0,Legendary Creature — Elemental Elk,True,False,https://cards.scryfall.io/normal/front/f/c/fc310a26-b6a0-4e42-98ab-bdfd7b06cb63.jpg?1783910866,https://cards.scryfall.io/small/front/f/c/fc310a26-b6a0-4e42-98ab-bdfd7b06cb63.jpg?1783910866,
6f11029a-b24d-4248-834f-b852b56857f6,Biogenic Ooze,5.0,Creature — Ooze,True,False,https://cards.scryfall.io/normal/front/6/f/6f11029a-b24d-4248-834f-b852b56857f6.jpg?1783933671,https://cards.scryfall.io/small/front/6/f/6f11029a-b24d-4248-834f-b852b56857f6.jpg?1783933671,
01e7b0bc-1c6c-48f4-8b72-1a809f536c6c,Birds of Paradise,1.0,Creature — Bird,True,False,https://cards.scryfall.io/normal/front/0/1/01e7b0bc-1c6c-48f4-8b72-1a809f536c6c.jpg?1783948304,https://cards.scryfall.io/small/front/0/1/01e7b0bc-1c6c-48f4-8b72-1a809f536c6c.jpg?1783948304,
b768efa2-e56b-4a7e-ace8-d673f10e0714,Birthing Pod,4.0,Artifact,False,False,https://cards.scryfall.io/normal/front/b/7/b768efa2-e56b-4a7e-ace8-d673f10e0714.jpg?1783941303,https://cards.scryfall.io/small/front/b/7/b768efa2-e56b-4a7e-ace8-d673f10e0714.jpg?1783941303,
4820d223-4ea1-4850-931c-3d2ab5eb003b,Birthing Ritual,2.0,Enchantment,False,False,https://cards.scryfall.io/normal/front/4/8/4820d223-4ea1-4850-931c-3d2ab5eb003b.jpg?1783911264,https://cards.scryfall.io/small/front/4/8/4820d223-4ea1-4850-931c-3d2ab5eb003b.jpg?1783911264,
345a1c80-41d6-43b1-83ab-1aa56dd06b1b,Bitter Reunion,2.0,Enchantment,False,False,https://cards.scryfall.io/normal/front/3/4/345a1c80-41d6-43b1-83ab-1aa56dd06b1b.jpg?1783920075,https://cards.scryfall.io/small/front/3/4/345a1c80-41d6-43b1-83ab-1aa56dd06b1b.jpg?1783920075,
05bdd22c-3e11-4c29-bdfa-d3dfc0e90a9f,Bitter Triumph,2.0,Instant,False,False,https://cards.scryfall.io/normal/front/0/5/05bdd22c-3e11-4c29-bdfa-d3dfc0e90a9f.jpg?1783913783,https://cards.scryfall.io/small/front/0/5/05bdd22c-3e11-4c29-bdfa-d3dfc0e90a9f.jpg?1783913783,
7127164d-f2a3-4d79-b6db-93507ff5ab47,Bitterbloom Bearer,2.0,Creature — Faerie Rogue,True,False,https://cards.scryfall.io/normal/front/7/1/7127164d-f2a3-4d79-b6db-93507ff5ab47.jpg?1783904470,https://cards.scryfall.io/small/front/7/1/7127164d-f2a3-4d79-b6db-93507ff5ab47.jpg?1783904470,
bd8fa327-dd41-4737-8f19-2cf5eb1f7cdd,Black Lotus,0.0,Artifact,False,False,https://cards.scryfall.io/normal/front/b/d/bd8fa327-dd41-4737-8f19-2cf5eb1f7cdd.jpg?1783939332,https://cards.scryfall.io/small/front/b/d/bd8fa327-dd41-4737-8f19-2cf5eb1f7cdd.jpg?1783939332,
18adbda4-8d36-47cd-afbc-c785aaa8ed80,Blightsteel Colossus,12.0,Artifact Creature — Phyrexian Golem,True,False,https://cards.scryfall.io/normal/front/1/8/18adbda4-8d36-47cd-afbc-c785aaa8ed80.jpg?1783930118,https://cards.scryfall.io/small/front/1/8/18adbda4-8d36-47cd-afbc-c785aaa8ed80.jpg?1783930118,
1716b4dd-9045-462b-b053-72de450a8cde,Blood Crypt,0.0,Land — Swamp Mountain,False,True,https://cards.scryfall.io/normal/front/1/7/1716b4dd-9045-462b-b053-72de450a8cde.jpg?1783927084,https://cards.scryfall.io/small/front/1/7/1716b4dd-9045-462b-b053-72de450a8cde.jpg?1783927084,
059e8447-6b1c-4651-a734-a8fea2cbf7b2,Bloodchief's Thirst,1.0,Sorcery,False,False,https://cards.scryfall.io/normal/front/0/5/059e8447-6b1c-4651-a734-a8fea2cbf7b2.jpg?1783929380,https://cards.scryfall.io/small/front/0/5/059e8447-6b1c-4651-a734-a8fea2cbf7b2.jpg?1783929380,
68c72226-6f52-4322-8b14-18737293dfa0,Bloodstained Mire,0.0,Land,False,True,https://cards.scryfall.io/normal/front/6/8/68c72226-6f52-4322-8b14-18737293dfa0.jpg?1783945030,https://cards.scryfall.io/small/front/6/8/68c72226-6f52-4322-8b14-18737293dfa0.jpg?1783945030,
f0192cf7-3391-4720-b9c8-72dec5dde01e,Bloodtithe Harvester,2.0,Creature — Vampire,True,False,https://cards.scryfall.io/normal/front/f/0/f0192cf7-3391-4720-b9c8-72dec5dde01e.jpg?1783924794,https://cards.scryfall.io/small/front/f/0/f0192cf7-3391-4720-b9c8-72dec5dde01e.jpg?1783924794,
d2124603-d20e-40eb-97f0-a66323397ac2,Bolas's Citadel,6.0,Legendary Artifact,False,False,https://cards.scryfall.io/normal/front/d/2/d2124603-d20e-40eb-97f0-a66323397ac2.jpg?1783933451,https://cards.scryfall.io/small/front/d/2/d2124603-d20e-40eb-97f0-a66323397ac2.jpg?1783933451,
1ee98955-4c47-4d45-9377-608dfa755337,Bone Shards,1.0,Sorcery,False,False,https://cards.scryfall.io/normal/front/1/e/1ee98955-4c47-4d45-9377-608dfa755337.jpg?1783926865,https://cards.scryfall.io/small/front/1/e/1ee98955-4c47-4d45-9377-608dfa755337.jpg?1783926865,
09fd2d9c-1793-4beb-a3fb-7a869f660cd4,Bonecrusher Giant // Stomp,3.0,Creature — Giant // Instant — Adventure,True,False,https://cards.scryfall.io/normal/front/0/9/09fd2d9c-1793-4beb-a3fb-7a869f660cd4.jpg?1783932628,https://cards.scryfall.io/small/front/0/9/09fd2d9c-1793-4beb-a3fb-7a869f660cd4.jpg?1783932628,
0055ea30-20fb-4324-a632-8fed87628f05,"Boseiju, Who Endures",0.0,Legendary Land,False,True,https://cards.scryfall.io/normal/front/0/0/0055ea30-20fb-4324-a632-8fed87628f05.jpg?1783923761,https://cards.scryfall.io/small/front/0/0/0055ea30-20fb-4324-a632-8fed87628f05.jpg?1783923761,
b277752b-430a-4f09-8a98-b72f813dd52e,Bountiful Landscape,0.0,Land,False,True,https://cards.scryfall.io/normal/front/b/2/b277752b-430a-4f09-8a98-b72f813dd52e.jpg?1783911240,https://cards.scryfall.io/small/front/b/2/b277752b-430a-4f09-8a98-b72f813dd52e.jpg?1783911240,
3a2d7cf9-dddb-4de3-b4f2-c52e3ec8fb4b,Brain Freeze,2.0,Instant,False,False,https://cards.scryfall.io/normal/front/3/a/3a2d7cf9-dddb-4de3-b4f2-c52e3ec8fb4b.jpg?1783939313,https://cards.scryfall.io/small/front/3/a/3a2d7cf9-dddb-4de3-b4f2-c52e3ec8fb4b.jpg?1783939313,
0359f212-9564-41a9-870b-d2c57455a695,Brainstorm,1.0,Instant,False,False,https://cards.scryfall.io/normal/front/0/3/0359f212-9564-41a9-870b-d2c57455a695.jpg?1783927566,https://cards.scryfall.io/small/front/0/3/0359f212-9564-41a9-870b-d2c57455a695.jpg?1783927566,
c2089ec9-0665-448f-bfe9-d181de127814,Brazen Borrower // Petty Theft,3.0,Creature — Faerie Rogue // Instant — Adventure,True,False,https://cards.scryfall.io/normal/front/c/2/c2089ec9-0665-448f-bfe9-d181de127814.jpg?1783932663,https://cards.scryfall.io/small/front/c/2/c2089ec9-0665-448f-bfe9-d181de127814.jpg?1783932663,
19477aca-b8db-4061-9a78-ebb189a9df22,Breeding Pool,0.0,Land — Forest Island,False,True,https://cards.scryfall.io/normal/front/1/9/19477aca-b8db-4061-9a78-ebb189a9df22.jpg?1783927082,https://cards.scryfall.io/small/front/1/9/19477aca-b8db-4061-9a78-ebb189a9df22.jpg?1783927082,
52eef0d6-24b7-40b7-8403-e8e863d0cd55,"Bristly Bill, Spine Sower",2.0,Legendary Creature — Plant Druid,True,False,https://cards.scryfall.io/normal/front/5/2/52eef0d6-24b7-40b7-8403-e8e863d0cd55.jpg?1783911810,https://cards.scryfall.io/small/front/5/2/52eef0d6-24b7-40b7-8403-e8e863d0cd55.jpg?1783911810,
9721f8da-39ed-4ada-a571-61e08a86032b,Broadside Bombardiers,3.0,Creature — Goblin Pirate,True,False,https://cards.scryfall.io/normal/front/9/7/9721f8da-39ed-4ada-a571-61e08a86032b.jpg?1783913908,https://cards.scryfall.io/small/front/9/7/9721f8da-39ed-4ada-a571-61e08a86032b.jpg?1783913908,
2dc16614-5cf8-444d-a5ae-cac25018af68,Burst Lightning,1.0,Instant,False,False,https://cards.scryfall.io/normal/front/2/d/2dc16614-5cf8-444d-a5ae-cac25018af68.jpg?1783942147,https://cards.scryfall.io/small/front/2/d/2dc16614-5cf8-444d-a5ae-cac25018af68.jpg?1783942147,
f20015ad-8fda-498f-ac28-1ffb824ab480,Caldaia Guardian,4.0,Creature — Human Soldier,True,False,https://cards.scryfall.io/normal/front/f/2/f20015ad-8fda-498f-ac28-1ffb824ab480.jpg?1783923357,https://cards.scryfall.io/small/front/f/2/f20015ad-8fda-498f-ac28-1ffb824ab480.jpg?1783923357,
dea15b53-2940-40e7-8d48-8ec11341da83,Careful Study,1.0,Sorcery,False,False,https://cards.scryfall.io/normal/front/d/e/dea15b53-2940-40e7-8d48-8ec11341da83.jpg?1783945264,https://cards.scryfall.io/small/front/d/e/dea15b53-2940-40e7-8d48-8ec11341da83.jpg?1783945264,
2ef878cb-27b6-47d8-ad11-bd20529b0e7e,Cast into the Fire,2.0,Instant,False,False,https://cards.scryfall.io/normal/front/2/e/2ef878cb-27b6-47d8-ad11-bd20529b0e7e.jpg?1783916289,https://cards.scryfall.io/small/front/2/e/2ef878cb-27b6-47d8-ad11-bd20529b0e7e.jpg?1783916289,
a8069994-b103-40dc-9e14-062004914ec8,Cathar Commando,2.0,Creature — Human Soldier,True,False,https://cards.scryfall.io/normal/front/a/8/a8069994-b103-40dc-9e14-062004914ec8.jpg?1783924473,https://cards.scryfall.io/small/front/a/8/a8069994-b103-40dc-9e14-062004914ec8.jpg?1783924473,
b045c28a-39f9-4cd9-8f3a-a626b697f409,Cathartic Pyre,2.0,Instant,False,False,https://cards.scryfall.io/normal/front/b/0/b045c28a-39f9-4cd9-8f3a-a626b697f409.jpg?1783925603,https://cards.scryfall.io/small/front/b/0/b045c28a-39f9-4cd9-8f3a-a626b697f409.jpg?1783925603,
e9a268ba-c442-4fe4-90b4-2810c8474f4e,Caustic Bronco,2.0,Creature — Snake Horse Mount,True,False,https://cards.scryfall.io/normal/front/e/9/e9a268ba-c442-4fe4-90b4-2810c8474f4e.jpg?1783911835,https://cards.scryfall.io/small/front/e/9/e9a268ba-c442-4fe4-90b4-2810c8474f4e.jpg?1783911835,
bdb41396-5008-4a5f-92ca-54ecac42e926,Cave of the Frost Dragon,0.0,Land,False,True,https://cards.scryfall.io/normal/front/b/d/bdb41396-5008-4a5f-92ca-54ecac42e926.jpg?1783926436,https://cards.scryfall.io/small/front/b/d/bdb41396-5008-4a5f-92ca-54ecac42e926.jpg?1783926436,
026e7167-d665-43d0-a51e-8df2d68cdb5e,"Cecil, Dark Knight // Cecil, Redeemed Paladin",1.0,Legendary Creature — Human Knight // Legendary Creature — Human Knight,True,False,https://cards.scryfall.io/normal/front/0/2/026e7167-d665-43d0-a51e-8df2d68cdb5e.jpg?1783906631,https://cards.scryfall.io/small/front/0/2/026e7167-d665-43d0-a51e-8df2d68cdb5e.jpg?1783906631,
89af0f45-c11c-4f13-9950-b1489440ee5b,Chain Lightning,1.0,Sorcery,False,False,https://cards.scryfall.io/normal/front/8/9/89af0f45-c11c-4f13-9950-b1489440ee5b.jpg?1783937583,https://cards.scryfall.io/small/front/8/9/89af0f45-c11c-4f13-9950-b1489440ee5b.jpg?1783937583,
54e0c2cd-fa5f-427d-8e15-6066f002a8e3,Chainsaw,2.0,Artifact — Equipment,False,False,https://cards.scryfall.io/normal/front/5/4/54e0c2cd-fa5f-427d-8e15-6066f002a8e3.jpg?1783909471,https://cards.scryfall.io/small/front/5/4/54e0c2cd-fa5f-427d-8e15-6066f002a8e3.jpg?1783909471,
c7bbb911-9de2-455d-9677-e1004db65dbd,"Chandra, Torch of Defiance",4.0,Legendary Planeswalker — Chandra,False,False,https://cards.scryfall.io/normal/front/c/7/c7bbb911-9de2-455d-9677-e1004db65dbd.jpg?1783930751,https://cards.scryfall.io/small/front/c/7/c7bbb911-9de2-455d-9677-e1004db65dbd.jpg?1783930751,
ce54c7c1-3401-4414-8da0-5846cb0ae1b4,Channel,2.0,Sorcery,False,False,https://cards.scryfall.io/normal/front/c/e/ce54c7c1-3401-4414-8da0-5846cb0ae1b4.jpg?1783935522,https://cards.scryfall.io/small/front/c/e/ce54c7c1-3401-4414-8da0-5846cb0ae1b4.jpg?1783935522,
1c0f2873-5849-4cab-855a-2fbbc41dbb6c,Chaos Defiler,5.0,Artifact Creature — Demon Construct,True,False,https://cards.scryfall.io/normal/front/1/c/1c0f2873-5849-4cab-855a-2fbbc41dbb6c.jpg?1783920860,https://cards.scryfall.io/small/front/1/c/1c0f2873-5849-4cab-855a-2fbbc41dbb6c.jpg?1783920860,
dcb94950-3f3e-4876-84f8-d5e4d9cfecee,Charming Prince,2.0,Creature — Human Noble,True,False,https://cards.scryfall.io/normal/front/d/c/dcb94950-3f3e-4876-84f8-d5e4d9cfecee.jpg?1783932677,https://cards.scryfall.io/small/front/d/c/dcb94950-3f3e-4876-84f8-d5e4d9cfecee.jpg?1783932677,
c8090bcf-e17a-4110-a518-77ccd045b18f,Charming Scoundrel,2.0,Creature — Human Rogue,True,False,https://cards.scryfall.io/normal/front/c/8/c8090bcf-e17a-4110-a518-77ccd045b18f.jpg?1783915097,https://cards.scryfall.io/small/front/c/8/c8090bcf-e17a-4110-a518-77ccd045b18f.jpg?1783915097,
1a6f256b-943e-4cfb-9fc9-d1ded68b5f97,Chart a Course,2.0,Sorcery,False,False,https://cards.scryfall.io/normal/front/1/a/1a6f256b-943e-4cfb-9fc9-d1ded68b5f97.jpg?1783930458,https://cards.scryfall.io/small/front/1/a/1a6f256b-943e-4cfb-9fc9-d1ded68b5f97.jpg?1783930458,
1d7a1357-debd-49b0-9fd5-560d5b3f589e,Chromatic Star,1.0,Artifact,False,False,https://cards.scryfall.io/normal/front/1/d/1d7a1357-debd-49b0-9fd5-560d5b3f589e.jpg?1783943199,https://cards.scryfall.io/small/front/1/d/1d7a1357-debd-49b0-9fd5-560d5b3f589e.jpg?1783943199,
febaaeae-5c0d-45fa-8169-b27b4996f18e,Chrome Host Seedshark,3.0,Creature — Phyrexian Shark,True,False,https://cards.scryfall.io/normal/front/f/e/febaaeae-5c0d-45fa-8169-b27b4996f18e.jpg?1783917040,https://cards.scryfall.io/small/front/f/e/febaaeae-5c0d-45fa-8169-b27b4996f18e.jpg?1783917040,
6a058e68-70af-4a64-859c-c881e5578368,Chrome Mox,0.0,Artifact,False,False,https://cards.scryfall.io/normal/front/6/a/6a058e68-70af-4a64-859c-c881e5578368.jpg?1783944526,https://cards.scryfall.io/small/front/6/a/6a058e68-70af-4a64-859c-c881e5578368.jpg?1783944526,
ce5dd2c1-b6e0-4914-b5c9-7dd451c29e22,Chthonian Nightmare,2.0,Enchantment,False,False,https://cards.scryfall.io/normal/front/c/e/ce5dd2c1-b6e0-4914-b5c9-7dd451c29e22.jpg?1783911283,https://cards.scryfall.io/small/front/c/e/ce5dd2c1-b6e0-4914-b5c9-7dd451c29e22.jpg?1783911283,
a7a8b6b8-b95f-4014-b17a-a6d44d965995,City of Traitors,0.0,Land,False,True,https://cards.scryfall.io/normal/front/a/7/a7a8b6b8-b95f-4014-b17a-a6d44d965995.jpg?1783946497,https://cards.scryfall.io/small/front/a/7/a7a8b6b8-b95f-4014-b17a-a6d44d965995.jpg?1783946497,
4e76d04a-0038-4b5b-a026-3056ee940da9,Cloud of Faeries,2.0,Creature — Faerie,True,False,https://cards.scryfall.io/normal/front/4/e/4e76d04a-0038-4b5b-a026-3056ee940da9.jpg?1783946247,https://cards.scryfall.io/small/front/4/e/4e76d04a-0038-4b5b-a026-3056ee940da9.jpg?1783946247,
5d8690ec-fded-4801-8eaf-5e5fe3d444ec,"Cloud, Midgar Mercenary",2.0,Legendary Creature — Human Soldier Mercenary,True,False,https://cards.scryfall.io/normal/front/5/d/5d8690ec-fded-4801-8eaf-5e5fe3d444ec.jpg?1783906513,https://cards.scryfall.io/small/front/5/d/5d8690ec-fded-4801-8eaf-5e5fe3d444ec.jpg?1783906513,
02c532e8-21f1-4d6f-a931-1ea48a6aeea2,Coalition Relic,3.0,Artifact,False,False,https://cards.scryfall.io/normal/front/0/2/02c532e8-21f1-4d6f-a931-1ea48a6aeea2.jpg?1783935108,https://cards.scryfall.io/small/front/0/2/02c532e8-21f1-4d6f-a931-1ea48a6aeea2.jpg?1783935108,
cb94a02f-4660-45b6-8a39-941b710cf8f3,Collective Brutality,2.0,Sorcery,False,False,https://cards.scryfall.io/normal/front/c/b/cb94a02f-4660-45b6-8a39-941b710cf8f3.jpg?1783937489,https://cards.scryfall.io/small/front/c/b/cb94a02f-4660-45b6-8a39-941b710cf8f3.jpg?1783937489,
a76fa8d4-923d-4afc-ba47-ba10fc0fe46e,"Comet, Stellar Pup",4.0,Legendary Planeswalker — Comet,False,False,https://cards.scryfall.io/normal/front/a/7/a76fa8d4-923d-4afc-ba47-ba10fc0fe46e.jpg?1783920542,https://cards.scryfall.io/small/front/a/7/a76fa8d4-923d-4afc-ba47-ba10fc0fe46e.jpg?1783920542,
bf220c06-3cce-4bdd-aa58-83940c223e9c,Commercial District,0.0,Land — Mountain Forest,False,True,https://cards.scryfall.io/normal/front/b/f/bf220c06-3cce-4bdd-aa58-83940c223e9c.jpg?1783912825,https://cards.scryfall.io/small/front/b/f/bf220c06-3cce-4bdd-aa58-83940c223e9c.jpg?1783912825,
784287c2-43c5-4210-93ae-cdd33b9acb1b,Commune with Beavers,1.0,Sorcery,False,False,https://cards.scryfall.io/normal/front/7/8/784287c2-43c5-4210-93ae-cdd33b9acb1b.jpg?1783906588,https://cards.scryfall.io/small/front/7/8/784287c2-43c5-4210-93ae-cdd33b9acb1b.jpg?1783906588,
612b2e6e-fe8d-49ad-b845-6fa7fa59ffd1,Concealing Curtains // Revealing Eye,1.0,Creature — Wall // Creature — Eye Horror,True,False,https://cards.scryfall.io/normal/front/6/1/612b2e6e-fe8d-49ad-b845-6fa7fa59ffd1.jpg?1783924877,https://cards.scryfall.io/small/front/6/1/612b2e6e-fe8d-49ad-b845-6fa7fa59ffd1.jpg?1783924877,
a211d505-4d40-4914-a9da-220770d6ddbc,Consider,1.0,Instant,False,False,https://cards.scryfall.io/normal/front/a/2/a211d505-4d40-4914-a9da-220770d6ddbc.jpg?1783925647,https://cards.scryfall.io/small/front/a/2/a211d505-4d40-4914-a9da-220770d6ddbc.jpg?1783925647,
a16a6555-2e3a-4587-aacd-0307d696b26c,Consult the Star Charts,2.0,Instant,False,False,https://cards.scryfall.io/normal/front/a/1/a16a6555-2e3a-4587-aacd-0307d696b26c.jpg?1783905984,https://cards.scryfall.io/small/front/a/1/a16a6555-2e3a-4587-aacd-0307d696b26c.jpg?1783905984,
a24e8dba-5c86-4e32-8a52-61402f7fe9f0,Containment Priest,2.0,Creature — Human Cleric,True,False,https://cards.scryfall.io/normal/front/a/2/a24e8dba-5c86-4e32-8a52-61402f7fe9f0.jpg?1783930743,https://cards.scryfall.io/small/front/a/2/a24e8dba-5c86-4e32-8a52-61402f7fe9f0.jpg?1783930743,
e2312c49-1627-47ad-8113-78a999a97d8d,Contaminated Landscape,0.0,Land,False,True,https://cards.scryfall.io/normal/front/e/2/e2312c49-1627-47ad-8113-78a999a97d8d.jpg?1783911240,https://cards.scryfall.io/small/front/e/2/e2312c49-1627-47ad-8113-78a999a97d8d.jpg?1783911240,
490eb213-9ae2-4b45-abec-6f1dfc83792a,Cori-Steel Cutter,2.0,Artifact — Equipment,False,False,https://cards.scryfall.io/normal/front/4/9/490eb213-9ae2-4b45-abec-6f1dfc83792a.jpg?1783907363,https://cards.scryfall.io/small/front/4/9/490eb213-9ae2-4b45-abec-6f1dfc83792a.jpg?1783907363,
76ae81ea-13e3-4ab8-b956-4c7b139a5e9c,Corpse Dance,3.0,Instant,False,False,https://cards.scryfall.io/normal/front/7/6/76ae81ea-13e3-4ab8-b956-4c7b139a5e9c.jpg?1783946643,https://cards.scryfall.io/small/front/7/6/76ae81ea-13e3-4ab8-b956-4c7b139a5e9c.jpg?1783946643,
b2996f07-9dbc-444f-aaae-710866da2b4b,Cosmic Spider-Man,5.0,Legendary Creature — Spider Human Hero,True,False,https://cards.scryfall.io/normal/front/b/2/b2996f07-9dbc-444f-aaae-710866da2b4b.jpg?1783905456,https://cards.scryfall.io/small/front/b/2/b2996f07-9dbc-444f-aaae-710866da2b4b.jpg?1783905456,
b3c1e5e3-4e6b-456a-958c-7a75c38f8183,Cosmogrand Zenith,3.0,Creature — Human Soldier,True,False,https://cards.scryfall.io/normal/front/b/3/b3c1e5e3-4e6b-456a-958c-7a75c38f8183.jpg?1783905999,https://cards.scryfall.io/small/front/b/3/b3c1e5e3-4e6b-456a-958c-7a75c38f8183.jpg?1783905999,
17f28b16-da65-41a8-ba4f-f1c5e104aad6,Council's Judgment,3.0,Sorcery,False,False,https://cards.scryfall.io/normal/front/1/7/17f28b16-da65-41a8-ba4f-f1c5e104aad6.jpg?1783939378,https://cards.scryfall.io/small/front/1/7/17f28b16-da65-41a8-ba4f-f1c5e104aad6.jpg?1783939378,
0c9a7cb0-5bff-48ff-b620-2838816ac9b5,Counterspell,2.0,Instant,False,False,https://cards.scryfall.io/normal/front/0/c/0c9a7cb0-5bff-48ff-b620-2838816ac9b5.jpg?1783937618,https://cards.scryfall.io/small/front/0/c/0c9a7cb0-5bff-48ff-b620-2838816ac9b5.jpg?1783937618,
8683a978-1bef-4b01-9361-56b1fc157d26,Courser of Kruphix,3.0,Enchantment Creature — Centaur,True,False,https://cards.scryfall.io/normal/front/8/6/8683a978-1bef-4b01-9361-56b1fc157d26.jpg?1783935137,https://cards.scryfall.io/small/front/8/6/8683a978-1bef-4b01-9361-56b1fc157d26.jpg?1783935137,
d7a8cc1d-aabb-4eb6-b0f1-6c93ec246f61,Court of Garenbrig,3.0,Enchantment,False,False,https://cards.scryfall.io/normal/front/d/7/d7a8cc1d-aabb-4eb6-b0f1-6c93ec246f61.jpg?1783914983,https://cards.scryfall.io/small/front/d/7/d7a8cc1d-aabb-4eb6-b0f1-6c93ec246f61.jpg?1783914983,
f83ed433-fae3-4fa5-acad-bb8a5b535ce3,Coveted Jewel,6.0,Artifact,False,False,https://cards.scryfall.io/normal/front/f/8/f83ed433-fae3-4fa5-acad-bb8a5b535ce3.jpg?1783934324,https://cards.scryfall.io/small/front/f/8/f83ed433-fae3-4fa5-acad-bb8a5b535ce3.jpg?1783934324,
44afd414-cc69-4888-ba12-7ea87e60b1f7,Craterhoof Behemoth,8.0,Creature — Beast,True,False,https://cards.scryfall.io/normal/front/4/4/44afd414-cc69-4888-ba12-7ea87e60b1f7.jpg?1783930369,https://cards.scryfall.io/small/front/4/4/44afd414-cc69-4888-ba12-7ea87e60b1f7.jpg?1783930369,
15c34f32-49d9-4a0d-83b2-28172f54fdd1,Crop Rotation,1.0,Instant,False,False,https://cards.scryfall.io/normal/front/1/5/15c34f32-49d9-4a0d-83b2-28172f54fdd1.jpg?1783937272,https://cards.scryfall.io/small/front/1/5/15c34f32-49d9-4a0d-83b2-28172f54fdd1.jpg?1783937272,
0c3d7e2c-a104-4757-9984-fb31088f92c4,Cryptic Coat,3.0,Artifact — Equipment,False,False,https://cards.scryfall.io/normal/front/0/c/0c3d7e2c-a104-4757-9984-fb31088f92c4.jpg?1783912915,https://cards.scryfall.io/small/front/0/c/0c3d7e2c-a104-4757-9984-fb31088f92c4.jpg?1783912915,
187b6719-e5ed-4615-a00b-3313ceca055b,Currency Converter,1.0,Artifact,False,False,https://cards.scryfall.io/normal/front/1/8/187b6719-e5ed-4615-a00b-3313ceca055b.jpg?1783923344,https://cards.scryfall.io/small/front/1/8/187b6719-e5ed-4615-a00b-3313ceca055b.jpg?1783923344,
10158a5e-5a03-41ab-85d2-0907ccf32c9b,Dack Fayden,3.0,Legendary Planeswalker — Dack,False,False,https://cards.scryfall.io/normal/front/1/0/10158a5e-5a03-41ab-85d2-0907ccf32c9b.jpg?1783937555,https://cards.scryfall.io/small/front/1/0/10158a5e-5a03-41ab-85d2-0907ccf32c9b.jpg?1783937555,
23b95b26-0bbf-4fa1-80c1-f621f1a1b947,Damn,2.0,Sorcery,False,False,https://cards.scryfall.io/normal/front/2/3/23b95b26-0bbf-4fa1-80c1-f621f1a1b947.jpg?1783926735,https://cards.scryfall.io/small/front/2/3/23b95b26-0bbf-4fa1-80c1-f621f1a1b947.jpg?1783926735,
26c68473-70ca-40ba-b5c6-71ec30f88a2c,Damnation,4.0,Sorcery,False,False,https://cards.scryfall.io/normal/front/2/6/26c68473-70ca-40ba-b5c6-71ec30f88a2c.jpg?1783943151,https://cards.scryfall.io/small/front/2/6/26c68473-70ca-40ba-b5c6-71ec30f88a2c.jpg?1783943151,
e7c53ba4-9956-4cd6-85ca-2d6b61a5127c,Dance of the Dead,2.0,Enchantment — Aura,False,False,https://cards.scryfall.io/normal/front/e/7/e7c53ba4-9956-4cd6-85ca-2d6b61a5127c.jpg?1783947505,https://cards.scryfall.io/small/front/e/7/e7c53ba4-9956-4cd6-85ca-2d6b61a5127c.jpg?1783947505,
cda40e31-ba99-4565-ad92-7c687ff44bd9,"Daretti, Scrap Savant",4.0,Legendary Planeswalker — Daretti,False,False,https://cards.scryfall.io/normal/front/c/d/cda40e31-ba99-4565-ad92-7c687ff44bd9.jpg?1783938867,https://cards.scryfall.io/small/front/c/d/cda40e31-ba99-4565-ad92-7c687ff44bd9.jpg?1783938867,
05cf51d8-9f91-42ff-99e9-4397f2251c20,Dark Confidant,2.0,Creature — Human Wizard,True,False,https://cards.scryfall.io/normal/front/0/5/05cf51d8-9f91-42ff-99e9-4397f2251c20.jpg?1783938414,https://cards.scryfall.io/small/front/0/5/05cf51d8-9f91-42ff-99e9-4397f2251c20.jpg?1783938414,
00cb17a0-5a13-4d02-b7fb-f99531bc8ca5,Dark Depths,0.0,Legendary Snow Land,False,True,https://cards.scryfall.io/normal/front/0/0/00cb17a0-5a13-4d02-b7fb-f99531bc8ca5.jpg?1783930085,https://cards.scryfall.io/small/front/0/0/00cb17a0-5a13-4d02-b7fb-f99531bc8ca5.jpg?1783930085,
493a5ca7-5f90-4af4-b6db-43ae09a2f2c9,Dark Ritual,1.0,Instant,False,False,https://cards.scryfall.io/normal/front/4/9/493a5ca7-5f90-4af4-b6db-43ae09a2f2c9.jpg?1783931816,https://cards.scryfall.io/small/front/4/9/493a5ca7-5f90-4af4-b6db-43ae09a2f2c9.jpg?1783931816,
1c603751-1e2b-4c8e-a8d2-5c0876e7254f,Darkstar Augur,3.0,Creature — Bat Warlock,True,False,https://cards.scryfall.io/normal/front/1/c/1c603751-1e2b-4c8e-a8d2-5c0876e7254f.jpg?1783910836,https://cards.scryfall.io/small/front/1/c/1c603751-1e2b-4c8e-a8d2-5c0876e7254f.jpg?1783910836,
29632951-3c3d-478c-8c5a-9a34f30a5c28,Dauthi Voidwalker,2.0,Creature — Dauthi Rogue,True,False,https://cards.scryfall.io/normal/front/2/9/29632951-3c3d-478c-8c5a-9a34f30a5c28.jpg?1783926713,https://cards.scryfall.io/small/front/2/9/29632951-3c3d-478c-8c5a-9a34f30a5c28.jpg?1783926713,
f05e9a3e-8a35-4687-85cb-e31b3927a5e2,Daze,2.0,Instant,False,False,https://cards.scryfall.io/normal/front/f/0/f05e9a3e-8a35-4687-85cb-e31b3927a5e2.jpg?1783937617,https://cards.scryfall.io/small/front/f/0/f05e9a3e-8a35-4687-85cb-e31b3927a5e2.jpg?1783937617,
16e040c3-bf42-4a5b-aeb3-5dc9921151e5,Death's Shadow,1.0,Creature — Avatar,True,False,https://cards.scryfall.io/normal/front/1/6/16e040c3-bf42-4a5b-aeb3-5dc9921151e5.jpg?1783942056,https://cards.scryfall.io/small/front/1/6/16e040c3-bf42-4a5b-aeb3-5dc9921151e5.jpg?1783942056,
70496f16-c4c0-4c03-beef-454eb4824cd1,Deathrite Shaman,1.0,Creature — Elf Shaman,True,False,https://cards.scryfall.io/normal/front/7/0/70496f16-c4c0-4c03-beef-454eb4824cd1.jpg?1783940328,https://cards.scryfall.io/small/front/7/0/70496f16-c4c0-4c03-beef-454eb4824cd1.jpg?1783940328,
1f123ad6-fe84-4fed-9c0f-6b41921e9c26,Deceiver Exarch,3.0,Creature — Phyrexian Cleric,True,False,https://cards.scryfall.io/normal/front/1/f/1f123ad6-fe84-4fed-9c0f-6b41921e9c26.jpg?1783941320,https://cards.scryfall.io/small/front/1/f/1f123ad6-fe84-4fed-9c0f-6b41921e9c26.jpg?1783941320,
2ae6828e-ff19-45db-8b59-61616353491f,Deceptive Landscape,0.0,Land,False,True,https://cards.scryfall.io/normal/front/2/a/2ae6828e-ff19-45db-8b59-61616353491f.jpg?1783911239,https://cards.scryfall.io/small/front/2/a/2ae6828e-ff19-45db-8b59-61616353491f.jpg?1783911239,
96c5607b-55fe-43c2-93fe-0084d84499d9,Deep Forest Hermit,5.0,Creature — Elf Druid,True,False,https://cards.scryfall.io/normal/front/9/6/96c5607b-55fe-43c2-93fe-0084d84499d9.jpg?1783926906,https://cards.scryfall.io/small/front/9/6/96c5607b-55fe-43c2-93fe-0084d84499d9.jpg?1783926906,
69c68c95-b788-43b1-9f22-1b22c5a00b25,Deep-Cavern Bat,2.0,Creature — Bat,True,False,https://cards.scryfall.io/normal/front/6/9/69c68c95-b788-43b1-9f22-1b22c5a00b25.jpg?1783913780,https://cards.scryfall.io/small/front/6/9/69c68c95-b788-43b1-9f22-1b22c5a00b25.jpg?1783913780,
71384418-173a-4f77-adab-56e52fa23692,Delighted Halfling,1.0,Creature — Halfling Citizen,True,False,https://cards.scryfall.io/normal/front/7/1/71384418-173a-4f77-adab-56e52fa23692.jpg?1783916276,https://cards.scryfall.io/small/front/7/1/71384418-173a-4f77-adab-56e52fa23692.jpg?1783916276,
68841ca8-a043-4f30-9a17-e983ed960bc2,Demonic Tutor,2.0,Sorcery,False,False,https://cards.scryfall.io/normal/front/6/8/68841ca8-a043-4f30-9a17-e983ed960bc2.jpg?1783938778,https://cards.scryfall.io/small/front/6/8/68841ca8-a043-4f30-9a17-e983ed960bc2.jpg?1783938778,
f231caf8-56c0-4719-a90d-5e5efbee3148,Den of the Bugbear,0.0,Land,False,True,https://cards.scryfall.io/normal/front/f/2/f231caf8-56c0-4719-a90d-5e5efbee3148.jpg?1783926435,https://cards.scryfall.io/small/front/f/2/f231caf8-56c0-4719-a90d-5e5efbee3148.jpg?1783926435,
972f3582-ad7c-4fe9-af29-90fa695a623f,Depthshaker Titan,7.0,Artifact Creature — Robot,True,False,https://cards.scryfall.io/normal/front/9/7/972f3582-ad7c-4fe9-af29-90fa695a623f.jpg?1783906065,https://cards.scryfall.io/small/front/9/7/972f3582-ad7c-4fe9-af29-90fa695a623f.jpg?1783906065,
f632be90-9e7f-41f8-a52e-a2952354d730,Descendant of Storms,1.0,Creature — Human Soldier,True,False,https://cards.scryfall.io/normal/front/f/6/f632be90-9e7f-41f8-a52e-a2952354d730.jpg?1783907415,https://cards.scryfall.io/small/front/f/6/f632be90-9e7f-41f8-a52e-a2952354d730.jpg?1783907415,
9a9a1df5-a4e8-49a4-aebe-ca93894ccfcf,Dimir Signet,2.0,Artifact,False,False,https://cards.scryfall.io/normal/front/9/a/9a9a1df5-a4e8-49a4-aebe-ca93894ccfcf.jpg?1783943598,https://cards.scryfall.io/small/front/9/a/9a9a1df5-a4e8-49a4-aebe-ca93894ccfcf.jpg?1783943598,
064dfdeb-485f-473e-9fa0-8fdb7638cdc6,Dismember,3.0,Instant,False,False,https://cards.scryfall.io/normal/front/0/6/064dfdeb-485f-473e-9fa0-8fdb7638cdc6.jpg?1783941314,https://cards.scryfall.io/small/front/0/6/064dfdeb-485f-473e-9fa0-8fdb7638cdc6.jpg?1783941314,
4ced112a-e775-4f97-97b3-74877e9dce12,Dragon's Rage Channeler,1.0,Creature — Human Shaman,True,False,https://cards.scryfall.io/normal/front/4/c/4ced112a-e775-4f97-97b3-74877e9dce12.jpg?1783926848,https://cards.scryfall.io/small/front/4/c/4ced112a-e775-4f97-97b3-74877e9dce12.jpg?1783926848,
fd97b3cf-924e-4f77-bb82-0bf19592389f,Dreadhorde Arcanist,2.0,Creature — Zombie Wizard,True,False,https://cards.scryfall.io/normal/front/f/d/fd97b3cf-924e-4f77-bb82-0bf19592389f.jpg?1783933429,https://cards.scryfall.io/small/front/f/d/fd97b3cf-924e-4f77-bb82-0bf19592389f.jpg?1783933429,
261ac92e-c61a-4c11-aa6a-9ae1cb703e5c,Dreams of Steel and Oil,1.0,Sorcery,False,False,https://cards.scryfall.io/normal/front/2/6/261ac92e-c61a-4c11-aa6a-9ae1cb703e5c.jpg?1783920092,https://cards.scryfall.io/small/front/2/6/261ac92e-c61a-4c11-aa6a-9ae1cb703e5c.jpg?1783920092,
bb41ff5c-9617-4033-a4fa-99323640b9c3,Duress,1.0,Sorcery,False,False,https://cards.scryfall.io/normal/front/b/b/bb41ff5c-9617-4033-a4fa-99323640b9c3.jpg?1783932994,https://cards.scryfall.io/small/front/b/b/bb41ff5c-9617-4033-a4fa-99323640b9c3.jpg?1783932994,
70719e7b-6f02-4c1a-9f11-79b2b0d9846a,Dust Animus,2.0,Creature — Spirit,True,False,https://cards.scryfall.io/normal/front/7/0/70719e7b-6f02-4c1a-9f11-79b2b0d9846a.jpg?1783911858,https://cards.scryfall.io/small/front/7/0/70719e7b-6f02-4c1a-9f11-79b2b0d9846a.jpg?1783911858,
c1bd3bc0-77bd-40fe-b4f1-835a04cb6e41,Eagles of the North,6.0,Creature — Bird Soldier,True,False,https://cards.scryfall.io/normal/front/c/1/c1bd3bc0-77bd-40fe-b4f1-835a04cb6e41.jpg?1783916335,https://cards.scryfall.io/small/front/c/1/c1bd3bc0-77bd-40fe-b4f1-835a04cb6e41.jpg?1783916335,
0d60eabe-b281-4eba-9c26-287364ed2067,Earthshaker Khenra,2.0,Creature — Jackal Warrior,True,False,https://cards.scryfall.io/normal/front/0/d/0d60eabe-b281-4eba-9c26-287364ed2067.jpg?1783936030,https://cards.scryfall.io/small/front/0/d/0d60eabe-b281-4eba-9c26-287364ed2067.jpg?1783936030,
ff590af2-2d6c-4f16-a9b8-1a6dab6e9ad5,Echo of Eons,6.0,Sorcery,False,False,https://cards.scryfall.io/normal/front/f/f/ff590af2-2d6c-4f16-a9b8-1a6dab6e9ad5.jpg?1783933147,https://cards.scryfall.io/small/front/f/f/ff590af2-2d6c-4f16-a9b8-1a6dab6e9ad5.jpg?1783933147,
d51269cf-a333-4a64-94cd-245798d840d2,Elder Gargaroth,5.0,Creature — Beast,True,False,https://cards.scryfall.io/normal/front/d/5/d51269cf-a333-4a64-94cd-245798d840d2.jpg?1783930678,https://cards.scryfall.io/small/front/d/5/d51269cf-a333-4a64-94cd-245798d840d2.jpg?1783930678,
72c6d541-e2cb-4d6e-acac-90a8f53b7006,Elegant Parlor,0.0,Land — Mountain Plains,False,True,https://cards.scryfall.io/normal/front/7/2/72c6d541-e2cb-4d6e-acac-90a8f53b7006.jpg?1783912824,https://cards.scryfall.io/small/front/7/2/72c6d541-e2cb-4d6e-acac-90a8f53b7006.jpg?1783912824,
2970683e-e69c-42cb-a067-34abd56fb42b,Elite Interceptor // Rejoinder,1.0,Creature — Human Wizard // Sorcery,True,False,https://cards.scryfall.io/normal/front/2/9/2970683e-e69c-42cb-a067-34abd56fb42b.jpg?1783903706,https://cards.scryfall.io/small/front/2/9/2970683e-e69c-42cb-a067-34abd56fb42b.jpg?1783903706,
9d3a7998-ccac-45ad-a4e9-3a2cb057f63b,Elite Spellbinder,3.0,Creature — Human Cleric,True,False,https://cards.scryfall.io/normal/front/9/d/9d3a7998-ccac-45ad-a4e9-3a2cb057f63b.jpg?1783927390,https://cards.scryfall.io/small/front/9/d/9d3a7998-ccac-45ad-a4e9-3a2cb057f63b.jpg?1783927390,
73a065e3-b530-4e62-ab3c-4f6f908184ec,"Elspeth, Storm Slayer",5.0,Legendary Planeswalker — Elspeth,False,False,https://cards.scryfall.io/normal/front/7/3/73a065e3-b530-4e62-ab3c-4f6f908184ec.jpg?1783907414,https://cards.scryfall.io/small/front/7/3/73a065e3-b530-4e62-ab3c-4f6f908184ec.jpg?1783907414,
60d0e6a6-629a-45a7-bfcb-25ba7156788b,Elvish Mystic,1.0,Creature — Elf Druid,True,False,https://cards.scryfall.io/normal/front/6/0/60d0e6a6-629a-45a7-bfcb-25ba7156788b.jpg?1783939906,https://cards.scryfall.io/small/front/6/0/60d0e6a6-629a-45a7-bfcb-25ba7156788b.jpg?1783939906,
39c431d7-d94b-46c4-bb89-f3db56214ab4,Elvish Reclaimer,1.0,Creature — Elf Warrior,True,False,https://cards.scryfall.io/normal/front/3/9/39c431d7-d94b-46c4-bb89-f3db56214ab4.jpg?1783932966,https://cards.scryfall.io/small/front/3/9/39c431d7-d94b-46c4-bb89-f3db56214ab4.jpg?1783932966,
aaae15dd-11b6-4421-99e9-365c7fe4a5d6,Embercleave,6.0,Legendary Artifact — Equipment,False,False,https://cards.scryfall.io/normal/front/a/a/aaae15dd-11b6-4421-99e9-365c7fe4a5d6.jpg?1783932625,https://cards.scryfall.io/small/front/a/a/aaae15dd-11b6-4421-99e9-365c7fe4a5d6.jpg?1783932625,
6cc73d16-5ed7-4104-91f6-0997a2080e2e,Embereth Shieldbreaker // Battle Display,2.0,Creature — Human Knight // Sorcery — Adventure,True,False,https://cards.scryfall.io/normal/front/6/c/6cc73d16-5ed7-4104-91f6-0997a2080e2e.jpg?1783932628,https://cards.scryfall.io/small/front/6/c/6cc73d16-5ed7-4104-91f6-0997a2080e2e.jpg?1783932628,
df9d9075-2d1e-4848-b661-816d539e05eb,Emperor of Bones,2.0,Creature — Skeleton Noble,True,False,https://cards.scryfall.io/normal/front/d/f/df9d9075-2d1e-4848-b661-816d539e05eb.jpg?1783911281,https://cards.scryfall.io/small/front/d/f/df9d9075-2d1e-4848-b661-816d539e05eb.jpg?1783911281,
0e0d989d-7186-40dc-bdfe-cfbb77656bc8,"Emrakul, the Aeons Torn",15.0,Legendary Creature — Eldrazi,True,False,https://cards.scryfall.io/normal/front/0/e/0e0d989d-7186-40dc-bdfe-cfbb77656bc8.jpg?1783933873,https://cards.scryfall.io/small/front/0/e/0e0d989d-7186-40dc-bdfe-cfbb77656bc8.jpg?1783933873,
bf4b9a8a-b42a-46fb-b0d0-9cf800f63c8a,"Emry, Lurker of the Loch",3.0,Legendary Creature — Merfolk Wizard,True,False,https://cards.scryfall.io/normal/front/b/f/bf4b9a8a-b42a-46fb-b0d0-9cf800f63c8a.jpg?1783932660,https://cards.scryfall.io/small/front/b/f/bf4b9a8a-b42a-46fb-b0d0-9cf800f63c8a.jpg?1783932660,
a50d79fe-6d37-42f3-b7b0-0c3018282fa2,End-Raze Forerunners,8.0,Creature — Boar,True,False,https://cards.scryfall.io/normal/front/a/5/a50d79fe-6d37-42f3-b7b0-0c3018282fa2.jpg?1783933671,https://cards.scryfall.io/small/front/a/5/a50d79fe-6d37-42f3-b7b0-0c3018282fa2.jpg?1783933671,
1fc6d14a-1328-4032-ad9e-cd85cd365bd3,Endurance,3.0,Creature — Elemental Incarnation,True,False,https://cards.scryfall.io/normal/front/1/f/1fc6d14a-1328-4032-ad9e-cd85cd365bd3.jpg?1783926768,https://cards.scryfall.io/small/front/1/f/1fc6d14a-1328-4032-ad9e-cd85cd365bd3.jpg?1783926768,
08f79439-b8f8-418f-9772-26d81844749e,Enduring Innocence,3.0,Enchantment Creature — Sheep Glimmer,True,False,https://cards.scryfall.io/normal/front/0/8/08f79439-b8f8-418f-9772-26d81844749e.jpg?1783909512,https://cards.scryfall.io/small/front/0/8/08f79439-b8f8-418f-9772-26d81844749e.jpg?1783909512,
cbac1d27-15e2-4e2f-82ab-625a16e096cb,Enlightened Tutor,1.0,Instant,False,False,https://cards.scryfall.io/normal/front/c/b/cbac1d27-15e2-4e2f-82ab-625a16e096cb.jpg?1783947123,https://cards.scryfall.io/small/front/c/b/cbac1d27-15e2-4e2f-82ab-625a16e096cb.jpg?1783947123,
06c0c35d-a26e-473a-9206-8fbda7191700,Entomb,1.0,Instant,False,False,https://cards.scryfall.io/normal/front/0/6/06c0c35d-a26e-473a-9206-8fbda7191700.jpg?1783940876,https://cards.scryfall.io/small/front/0/6/06c0c35d-a26e-473a-9206-8fbda7191700.jpg?1783940876,
2da5f3f8-5eef-498f-ba2c-2f3fbc3745aa,Ephemerate,1.0,Instant,False,False,https://cards.scryfall.io/normal/front/2/d/2da5f3f8-5eef-498f-ba2c-2f3fbc3745aa.jpg?1783933164,https://cards.scryfall.io/small/front/2/d/2da5f3f8-5eef-498f-ba2c-2f3fbc3745aa.jpg?1783933164,
7f7e780e-fbc5-4dc0-b5c7-efcb8645c7c6,Ertai Resurrected,4.0,Legendary Creature — Phyrexian Human Wizard,True,False,https://cards.scryfall.io/normal/front/7/f/7f7e780e-fbc5-4dc0-b5c7-efcb8645c7c6.jpg?1783921288,https://cards.scryfall.io/small/front/7/f/7f7e780e-fbc5-4dc0-b5c7-efcb8645c7c6.jpg?1783921288,
a87606cc-fbf0-4e2c-9798-f1c935d0573d,Esika's Chariot,4.0,Legendary Artifact — Vehicle,False,False,https://cards.scryfall.io/normal/front/a/8/a87606cc-fbf0-4e2c-9798-f1c935d0573d.jpg?1783928215,https://cards.scryfall.io/small/front/a/8/a87606cc-fbf0-4e2c-9798-f1c935d0573d.jpg?1783928215,
f3537373-ef54-4578-9d05-6216420ee349,Esper Sentinel,1.0,Artifact Creature — Human Soldier,True,False,https://cards.scryfall.io/normal/front/f/3/f3537373-ef54-4578-9d05-6216420ee349.jpg?1783926893,https://cards.scryfall.io/small/front/f/3/f3537373-ef54-4578-9d05-6216420ee349.jpg?1783926893,
95c14c4d-6c16-4826-8d93-d89ad04aee09,"Etali, Primal Conqueror // Etali, Primal Sickness",7.0,Legendary Creature — Elder Dinosaur // Legendary Creature — Phyrexian Elder Dinosaur,True,False,https://cards.scryfall.io/normal/front/9/5/95c14c4d-6c16-4826-8d93-d89ad04aee09.jpg?1783916997,https://cards.scryfall.io/small/front/9/5/95c14c4d-6c16-4826-8d93-d89ad04aee09.jpg?1783916997,
02902fcc-eefc-4e81-aafd-59fa203a71d7,Eternal Witness,3.0,Creature — Human Shaman,True,False,https://cards.scryfall.io/normal/front/0/2/02902fcc-eefc-4e81-aafd-59fa203a71d7.jpg?1783939975,https://cards.scryfall.io/small/front/0/2/02902fcc-eefc-4e81-aafd-59fa203a71d7.jpg?1783939975,
1fdcc0c3-4029-4fc3-a486-5d7f45c910bd,Everflowing Chalice,0.0,Artifact,False,False,https://cards.scryfall.io/normal/front/1/f/1fdcc0c3-4029-4fc3-a486-5d7f45c910bd.jpg?1783942040,https://cards.scryfall.io/small/front/1/f/1fdcc0c3-4029-4fc3-a486-5d7f45c910bd.jpg?1783942040,
ebeafbc2-0399-4335-8f63-76a3e085e8c6,Evolved Sleeper,1.0,Creature — Human,True,False,https://cards.scryfall.io/normal/front/e/b/ebeafbc2-0399-4335-8f63-76a3e085e8c6.jpg?1783921332,https://cards.scryfall.io/small/front/e/b/ebeafbc2-0399-4335-8f63-76a3e085e8c6.jpg?1783921332,
5f1cdcba-a04a-4a2f-8bc1-0dd7fa03754d,Exhume,2.0,Sorcery,False,False,https://cards.scryfall.io/normal/front/5/f/5f1cdcba-a04a-4a2f-8bc1-0dd7fa03754d.jpg?1783930426,https://cards.scryfall.io/small/front/5/f/5f1cdcba-a04a-4a2f-8bc1-0dd7fa03754d.jpg?1783930426,
551c0a45-9515-4e51-84e5-79703832a661,Expedition Map,1.0,Artifact,False,False,https://cards.scryfall.io/normal/front/5/5/551c0a45-9515-4e51-84e5-79703832a661.jpg?1783930109,https://cards.scryfall.io/small/front/5/5/551c0a45-9515-4e51-84e5-79703832a661.jpg?1783930109,
2b20d3e1-62ef-44db-8109-a33d4fa3e7f1,Exploration,1.0,Enchantment,False,False,https://cards.scryfall.io/normal/front/2/b/2b20d3e1-62ef-44db-8109-a33d4fa3e7f1.jpg?1783939345,https://cards.scryfall.io/small/front/2/b/2b20d3e1-62ef-44db-8109-a33d4fa3e7f1.jpg?1783939345,
31b770cc-09e7-4c0b-b2a4-462ab4f7200d,Expressive Iteration,2.0,Sorcery,False,False,https://cards.scryfall.io/normal/front/3/1/31b770cc-09e7-4c0b-b2a4-462ab4f7200d.jpg?1783927314,https://cards.scryfall.io/small/front/3/1/31b770cc-09e7-4c0b-b2a4-462ab4f7200d.jpg?1783927314,
24c0d87b-0049-4beb-b9cb-6f813b7aa7dc,Fable of the Mirror-Breaker // Reflection of Kiki-Jiki,3.0,Enchantment — Saga // Enchantment Creature — Goblin Shaman,True,False,https://cards.scryfall.io/normal/front/2/4/24c0d87b-0049-4beb-b9cb-6f813b7aa7dc.jpg?1783923875,https://cards.scryfall.io/small/front/2/4/24c0d87b-0049-4beb-b9cb-6f813b7aa7dc.jpg?1783923875,
b841bfa8-7c17-4df2-8466-780ab9a4a53a,Fabled Passage,0.0,Land,False,True,https://cards.scryfall.io/normal/front/b/8/b841bfa8-7c17-4df2-8466-780ab9a4a53a.jpg?1783932578,https://cards.scryfall.io/small/front/b/8/b841bfa8-7c17-4df2-8466-780ab9a4a53a.jpg?1783932578,
39b41cb3-ca3d-4389-8f66-e1f77f5fb683,Fact or Fiction,4.0,Instant,False,False,https://cards.scryfall.io/normal/front/3/9/39b41cb3-ca3d-4389-8f66-e1f77f5fb683.jpg?1783928720,https://cards.scryfall.io/small/front/3/9/39b41cb3-ca3d-4389-8f66-e1f77f5fb683.jpg?1783928720,
52d3005f-a1c7-4ef5-911f-ccc0752f4181,Faerie Mastermind,2.0,Creature — Faerie Rogue,True,False,https://cards.scryfall.io/normal/front/5/2/52d3005f-a1c7-4ef5-911f-ccc0752f4181.jpg?1783917037,https://cards.scryfall.io/small/front/5/2/52d3005f-a1c7-4ef5-911f-ccc0752f4181.jpg?1783917037,
671c008a-8ff8-42d7-9e03-6d8a9ddace67,Faithless Looting,1.0,Sorcery,False,False,https://cards.scryfall.io/normal/front/6/7/671c008a-8ff8-42d7-9e03-6d8a9ddace67.jpg?1783931901,https://cards.scryfall.io/small/front/6/7/671c008a-8ff8-42d7-9e03-6d8a9ddace67.jpg?1783931901,
900c9dfd-ece1-4b09-a801-0fa05e1994b9,Fallen Shinobi,5.0,Creature — Zombie Ninja,True,False,https://cards.scryfall.io/normal/front/9/0/900c9dfd-ece1-4b09-a801-0fa05e1994b9.jpg?1783933085,https://cards.scryfall.io/small/front/9/0/900c9dfd-ece1-4b09-a801-0fa05e1994b9.jpg?1783933085,
1f9fb33a-3b39-4aff-93b8-aedafe0ea694,Fanatic of Rhonas,2.0,Creature — Snake Druid,True,False,https://cards.scryfall.io/normal/front/1/f/1f9fb33a-3b39-4aff-93b8-aedafe0ea694.jpg?1783911261,https://cards.scryfall.io/small/front/1/f/1f9fb33a-3b39-4aff-93b8-aedafe0ea694.jpg?1783911261,
6151b583-3aa7-4be8-9d05-d5e53f19c6c9,Fastbond,1.0,Enchantment,False,False,https://cards.scryfall.io/normal/front/6/1/6151b583-3aa7-4be8-9d05-d5e53f19c6c9.jpg?1783948418,https://cards.scryfall.io/small/front/6/1/6151b583-3aa7-4be8-9d05-d5e53f19c6c9.jpg?1783948418,
5427d8a6-ac9e-4e50-bd39-81713b2ade25,Fatal Push,1.0,Instant,False,False,https://cards.scryfall.io/normal/front/5/4/5427d8a6-ac9e-4e50-bd39-81713b2ade25.jpg?1783929583,https://cards.scryfall.io/small/front/5/4/5427d8a6-ac9e-4e50-bd39-81713b2ade25.jpg?1783929583,
eca8d6f8-c6f1-437c-99e2-4281eae14a6f,Fateful Absence,2.0,Instant,False,False,https://cards.scryfall.io/normal/front/e/c/eca8d6f8-c6f1-437c-99e2-4281eae14a6f.jpg?1783925659,https://cards.scryfall.io/small/front/e/c/eca8d6f8-c6f1-437c-99e2-4281eae14a6f.jpg?1783925659,
9d48aaff-46ab-411b-9456-171d4709f951,Fear of Missing Out,2.0,Enchantment Creature — Nightmare,True,False,https://cards.scryfall.io/normal/front/9/d/9d48aaff-46ab-411b-9456-171d4709f951.jpg?1783909470,https://cards.scryfall.io/small/front/9/d/9d48aaff-46ab-411b-9456-171d4709f951.jpg?1783909470,
33ca68a6-474e-4d86-bffa-ee4bddb4a3cf,Fellwar Stone,2.0,Artifact,False,False,https://cards.scryfall.io/normal/front/3/3/33ca68a6-474e-4d86-bffa-ee4bddb4a3cf.jpg?1783911890,https://cards.scryfall.io/small/front/3/3/33ca68a6-474e-4d86-bffa-ee4bddb4a3cf.jpg?1783911890,
819a513c-3be6-4bdc-8ba6-1f7326a8f3ea,Fiery Confluence,4.0,Sorcery,False,False,https://cards.scryfall.io/normal/front/8/1/819a513c-3be6-4bdc-8ba6-1f7326a8f3ea.jpg?1783934745,https://cards.scryfall.io/small/front/8/1/819a513c-3be6-4bdc-8ba6-1f7326a8f3ea.jpg?1783934745,
0da69523-cece-425a-b08a-fb27fac29374,Figure of Destiny,1.0,Creature — Kithkin,True,False,https://cards.scryfall.io/normal/front/0/d/0da69523-cece-425a-b08a-fb27fac29374.jpg?1783942664,https://cards.scryfall.io/small/front/0/d/0da69523-cece-425a-b08a-fb27fac29374.jpg?1783942664,
e0ef33dd-5f6d-48fa-8ef6-a8092868d50f,Figure of Fable,1.0,Creature — Kithkin,True,False,https://cards.scryfall.io/normal/front/e/0/e0ef33dd-5f6d-48fa-8ef6-a8092868d50f.jpg?1783904409,https://cards.scryfall.io/small/front/e/0/e0ef33dd-5f6d-48fa-8ef6-a8092868d50f.jpg?1783904409,
985453e7-997e-4d77-a338-cc0290791ebe,Finale of Devastation,2.0,Sorcery,False,False,https://cards.scryfall.io/normal/front/9/8/985453e7-997e-4d77-a338-cc0290791ebe.jpg?1783933415,https://cards.scryfall.io/small/front/9/8/985453e7-997e-4d77-a338-cc0290791ebe.jpg?1783933415,
2bf2da97-3331-4614-b4ff-f03d061500a7,Fire Covenant,3.0,Instant,False,False,https://cards.scryfall.io/normal/front/2/b/2bf2da97-3331-4614-b4ff-f03d061500a7.jpg?1783927076,https://cards.scryfall.io/small/front/2/b/2bf2da97-3331-4614-b4ff-f03d061500a7.jpg?1783927076,
3bd1ec98-8188-4649-899e-b0972509fc7e,Firebolt,1.0,Sorcery,False,False,https://cards.scryfall.io/normal/front/3/b/3bd1ec98-8188-4649-899e-b0972509fc7e.jpg?1783942511,https://cards.scryfall.io/small/front/3/b/3bd1ec98-8188-4649-899e-b0972509fc7e.jpg?1783942511,
006d2bf1-20f7-4b09-8d98-8233d91682bd,Flame Slash,1.0,Sorcery,False,False,https://cards.scryfall.io/normal/front/0/0/006d2bf1-20f7-4b09-8d98-8233d91682bd.jpg?1783941976,https://cards.scryfall.io/small/front/0/0/006d2bf1-20f7-4b09-8d98-8233d91682bd.jpg?1783941976,
33ab05b5-d6f5-439c-9aed-1a58ceb282ad,Flametongue Yearling,2.0,Creature — Kavu,True,False,https://cards.scryfall.io/normal/front/3/3/33ab05b5-d6f5-439c-9aed-1a58ceb282ad.jpg?1783926845,https://cards.scryfall.io/small/front/3/3/33ab05b5-d6f5-439c-9aed-1a58ceb282ad.jpg?1783926845,
63af3c26-5b1f-46f6-9aa2-036c615bf5ea,Flash,2.0,Instant,False,False,https://cards.scryfall.io/normal/front/6/3/63af3c26-5b1f-46f6-9aa2-036c615bf5ea.jpg?1783947110,https://cards.scryfall.io/small/front/6/3/63af3c26-5b1f-46f6-9aa2-036c615bf5ea.jpg?1783947110,
5bb3cb5c-8d66-4f5e-a9a9-917e6045f024,Flickerwisp,3.0,Creature — Elemental,True,False,https://cards.scryfall.io/normal/front/5/b/5bb3cb5c-8d66-4f5e-a9a9-917e6045f024.jpg?1783942694,https://cards.scryfall.io/small/front/5/b/5bb3cb5c-8d66-4f5e-a9a9-917e6045f024.jpg?1783942694,
8c2996d9-3287-4480-8c04-7a378e37e3cf,Flooded Strand,0.0,Land,False,True,https://cards.scryfall.io/normal/front/8/c/8c2996d9-3287-4480-8c04-7a378e37e3cf.jpg?1783939046,https://cards.scryfall.io/small/front/8/c/8c2996d9-3287-4480-8c04-7a378e37e3cf.jpg?1783939046,
47d6093b-b1b6-4956-8bfd-02cce899f832,Flow State,2.0,Sorcery,False,False,https://cards.scryfall.io/normal/front/4/7/47d6093b-b1b6-4956-8bfd-02cce899f832.jpg?1783903694,https://cards.scryfall.io/small/front/4/7/47d6093b-b1b6-4956-8bfd-02cce899f832.jpg?1783903694,
70e64028-ae96-4950-aa6c-9d347409fad3,Force Spike,1.0,Instant,False,False,https://cards.scryfall.io/normal/front/7/0/70e64028-ae96-4950-aa6c-9d347409fad3.jpg?1783948076,https://cards.scryfall.io/small/front/7/0/70e64028-ae96-4950-aa6c-9d347409fad3.jpg?1783948076,
e9be371c-c688-44ad-ab71-bd4c9f242d58,Force of Negation,3.0,Instant,False,False,https://cards.scryfall.io/normal/front/e/9/e9be371c-c688-44ad-ab71-bd4c9f242d58.jpg?1783933144,https://cards.scryfall.io/small/front/e/9/e9be371c-c688-44ad-ab71-bd4c9f242d58.jpg?1783933144,
ebc01ab4-d89a-4d25-bf54-6aed33772f4b,Force of Will,5.0,Instant,False,False,https://cards.scryfall.io/normal/front/e/b/ebc01ab4-d89a-4d25-bf54-6aed33772f4b.jpg?1783937616,https://cards.scryfall.io/small/front/e/b/ebc01ab4-d89a-4d25-bf54-6aed33772f4b.jpg?1783937616,
57fb0fa7-0c5c-4a75-9461-c51403c30282,Foreboding Landscape,0.0,Land,False,True,https://cards.scryfall.io/normal/front/5/7/57fb0fa7-0c5c-4a75-9461-c51403c30282.jpg?1783911239,https://cards.scryfall.io/small/front/5/7/57fb0fa7-0c5c-4a75-9461-c51403c30282.jpg?1783911239,
97d08a15-e61c-4421-a541-c68a4f87cb74,Forensic Gadgeteer,3.0,Creature — Vedalken Artificer Detective,True,False,https://cards.scryfall.io/normal/front/9/7/97d08a15-e61c-4421-a541-c68a4f87cb74.jpg?1783912910,https://cards.scryfall.io/small/front/9/7/97d08a15-e61c-4421-a541-c68a4f87cb74.jpg?1783912910,
265522eb-4f6a-40e7-b374-3833fa63c80b,Formidable Speaker,3.0,Creature — Elf Druid,True,False,https://cards.scryfall.io/normal/front/2/6/265522eb-4f6a-40e7-b374-3833fa63c80b.jpg?1783904430,https://cards.scryfall.io/small/front/2/6/265522eb-4f6a-40e7-b374-3833fa63c80b.jpg?1783904430,
1e3e8085-cfcd-4e88-b441-4d1f8ac63904,Forth Eorlingas!,2.0,Sorcery,False,False,https://cards.scryfall.io/normal/front/1/e/1e3e8085-cfcd-4e88-b441-4d1f8ac63904.jpg?1783915979,https://cards.scryfall.io/small/front/1/e/1e3e8085-cfcd-4e88-b441-4d1f8ac63904.jpg?1783915979,
658cfcb7-81b7-48c6-9dd2-1663d06108cf,Fountainport,0.0,Land,False,True,https://cards.scryfall.io/normal/front/6/5/658cfcb7-81b7-48c6-9dd2-1663d06108cf.jpg?1783910785,https://cards.scryfall.io/small/front/6/5/658cfcb7-81b7-48c6-9dd2-1663d06108cf.jpg?1783910785,
8db735ea-f9cf-4e3c-9200-4f180df55baa,Fractured Identity,5.0,Sorcery,False,False,https://cards.scryfall.io/normal/front/8/d/8db735ea-f9cf-4e3c-9200-4f180df55baa.jpg?1783927076,https://cards.scryfall.io/small/front/8/d/8db735ea-f9cf-4e3c-9200-4f180df55baa.jpg?1783927076,
441f8b2f-c8cb-4340-a92f-116c2276e906,Frantic Search,3.0,Instant,False,False,https://cards.scryfall.io/normal/front/4/4/441f8b2f-c8cb-4340-a92f-116c2276e906.jpg?1783939308,https://cards.scryfall.io/small/front/4/4/441f8b2f-c8cb-4340-a92f-116c2276e906.jpg?1783939308,
071daca8-ccc6-4707-843e-adac40dd1588,Fury,5.0,Creature — Elemental Incarnation,True,False,https://cards.scryfall.io/normal/front/0/7/071daca8-ccc6-4707-843e-adac40dd1588.jpg?1783926770,https://cards.scryfall.io/small/front/0/7/071daca8-ccc6-4707-843e-adac40dd1588.jpg?1783926770,
25b0b816-0583-44aa-9dc5-f3ff48993a51,Gaea's Cradle,0.0,Legendary Land,False,True,https://cards.scryfall.io/normal/front/2/5/25b0b816-0583-44aa-9dc5-f3ff48993a51.jpg?1783946299,https://cards.scryfall.io/small/front/2/5/25b0b816-0583-44aa-9dc5-f3ff48993a51.jpg?1783946299,
f5881bbc-8600-464d-9dcd-5a7780918d1d,Galvanic Blast,1.0,Instant,False,False,https://cards.scryfall.io/normal/front/f/5/f5881bbc-8600-464d-9dcd-5a7780918d1d.jpg?1783941725,https://cards.scryfall.io/small/front/f/5/f5881bbc-8600-464d-9dcd-5a7780918d1d.jpg?1783941725,
32aa6e33-221f-414c-9b51-850d97a7e051,Galvanic Discharge,1.0,Instant,False,False,https://cards.scryfall.io/normal/front/3/2/32aa6e33-221f-414c-9b51-850d97a7e051.jpg?1783911272,https://cards.scryfall.io/small/front/3/2/32aa6e33-221f-414c-9b51-850d97a7e051.jpg?1783911272,
89175ce1-0746-4ba1-970e-617d134b0527,"Gau, Feral Youth",2.0,Legendary Creature — Human Berserker,True,False,https://cards.scryfall.io/normal/front/8/9/89175ce1-0746-4ba1-970e-617d134b0527.jpg?1783906357,https://cards.scryfall.io/small/front/8/9/89175ce1-0746-4ba1-970e-617d134b0527.jpg?1783906357,
4c6cf93a-d073-48ac-88db-c46bf3e10beb,Generous Plunderer,2.0,Creature — Human Rogue,True,False,https://cards.scryfall.io/normal/front/4/c/4c6cf93a-d073-48ac-88db-c46bf3e10beb.jpg?1783912000,https://cards.scryfall.io/small/front/4/c/4c6cf93a-d073-48ac-88db-c46bf3e10beb.jpg?1783912000,
522aa72b-2b8c-484c-872b-f082101cee35,Get Lost,2.0,Instant,False,False,https://cards.scryfall.io/normal/front/5/2/522aa72b-2b8c-484c-872b-f082101cee35.jpg?1783913812,https://cards.scryfall.io/small/front/5/2/522aa72b-2b8c-484c-872b-f082101cee35.jpg?1783913812,
187e887c-c39d-4d25-a506-cdc95fc70316,"Gideon, Ally of Zendikar",4.0,Legendary Planeswalker — Gideon,False,False,https://cards.scryfall.io/normal/front/1/8/187e887c-c39d-4d25-a506-cdc95fc70316.jpg?1783938219,https://cards.scryfall.io/small/front/1/8/187e887c-c39d-4d25-a506-cdc95fc70316.jpg?1783938219,
30377bf0-d9b1-4c14-8dde-f74b1e02d604,Gilded Goose,1.0,Creature — Bird,True,False,https://cards.scryfall.io/normal/front/3/0/30377bf0-d9b1-4c14-8dde-f74b1e02d604.jpg?1783932611,https://cards.scryfall.io/small/front/3/0/30377bf0-d9b1-4c14-8dde-f74b1e02d604.jpg?1783932611,
995486ce-58bb-4753-a812-0ca73ef1a235,Gitaxian Probe,1.0,Sorcery,False,False,https://cards.scryfall.io/normal/front/9/9/995486ce-58bb-4753-a812-0ca73ef1a235.jpg?1783941320,https://cards.scryfall.io/small/front/9/9/995486ce-58bb-4753-a812-0ca73ef1a235.jpg?1783941320,
4e117771-5a8b-4812-b487-32ba34b7f724,Giver of Runes,1.0,Creature — Kor Cleric,True,False,https://cards.scryfall.io/normal/front/4/e/4e117771-5a8b-4812-b487-32ba34b7f724.jpg?1783933162,https://cards.scryfall.io/small/front/4/e/4e117771-5a8b-4812-b487-32ba34b7f724.jpg?1783933162,
2c76f7e0-37e7-4e87-93a3-a25ba0674645,"Gix, Yawgmoth Praetor",3.0,Legendary Creature — Phyrexian Praetor,True,False,https://cards.scryfall.io/normal/front/2/c/2c76f7e0-37e7-4e87-93a3-a25ba0674645.jpg?1783920090,https://cards.scryfall.io/small/front/2/c/2c76f7e0-37e7-4e87-93a3-a25ba0674645.jpg?1783920090,
e6d7fba8-a157-4d81-9d6b-bd210a96b248,Gleemox,0.0,Artifact,False,False,https://cards.scryfall.io/normal/front/e/6/e6d7fba8-a157-4d81-9d6b-bd210a96b248.jpg?1783941672,https://cards.scryfall.io/small/front/e/6/e6d7fba8-a157-4d81-9d6b-bd210a96b248.jpg?1783941672,
3277ad99-5682-4baa-b106-de15721876a6,Glorybringer,5.0,Creature — Dragon,True,False,https://cards.scryfall.io/normal/front/3/2/3277ad99-5682-4baa-b106-de15721876a6.jpg?1783936489,https://cards.scryfall.io/small/front/3/2/3277ad99-5682-4baa-b106-de15721876a6.jpg?1783936489,
86ecaedc-08f1-4de7-aae8-056df57940e0,Goblin Cratermaker,2.0,Creature — Goblin Warrior,True,False,https://cards.scryfall.io/normal/front/8/6/86ecaedc-08f1-4de7-aae8-056df57940e0.jpg?1783934162,https://cards.scryfall.io/small/front/8/6/86ecaedc-08f1-4de7-aae8-056df57940e0.jpg?1783934162,
a55c4d47-5252-40af-961d-c08bc688028a,Goblin Engineer,2.0,Creature — Goblin Artificer,True,False,https://cards.scryfall.io/normal/front/a/5/a55c4d47-5252-40af-961d-c08bc688028a.jpg?1783933112,https://cards.scryfall.io/small/front/a/5/a55c4d47-5252-40af-961d-c08bc688028a.jpg?1783933112,
bce84a87-093a-42de-9696-8c3250e0f33b,Goblin Rabblemaster,3.0,Creature — Goblin Warrior,True,False,https://cards.scryfall.io/normal/front/b/c/bce84a87-093a-42de-9696-8c3250e0f33b.jpg?1783935602,https://cards.scryfall.io/small/front/b/c/bce84a87-093a-42de-9696-8c3250e0f33b.jpg?1783935602,
6171e136-1167-4329-acb2-6853d3a814e5,Goblin Welder,1.0,Creature — Goblin Artificer,True,False,https://cards.scryfall.io/normal/front/6/1/6171e136-1167-4329-acb2-6853d3a814e5.jpg?1783946236,https://cards.scryfall.io/small/front/6/1/6171e136-1167-4329-acb2-6853d3a814e5.jpg?1783946236,
6fd672bb-18cf-44e3-8dda-5310b1e0fffe,Godless Shrine,0.0,Land — Plains Swamp,False,True,https://cards.scryfall.io/normal/front/6/f/6fd672bb-18cf-44e3-8dda-5310b1e0fffe.jpg?1783940089,https://cards.scryfall.io/small/front/6/f/6fd672bb-18cf-44e3-8dda-5310b1e0fffe.jpg?1783940089,
de0e01e4-e143-47fd-8565-7b48219bb546,Goldvein Hydra,1.0,Creature — Hydra,True,False,https://cards.scryfall.io/normal/front/d/e/de0e01e4-e143-47fd-8565-7b48219bb546.jpg?1783911807,https://cards.scryfall.io/small/front/d/e/de0e01e4-e143-47fd-8565-7b48219bb546.jpg?1783911807,
1fa48620-4c3d-4f75-be1f-c12c4aa59f51,"Golos, Tireless Pilgrim",5.0,Legendary Artifact Creature — Scout,True,False,https://cards.scryfall.io/normal/front/1/f/1fa48620-4c3d-4f75-be1f-c12c4aa59f51.jpg?1783932945,https://cards.scryfall.io/small/front/1/f/1fa48620-4c3d-4f75-be1f-c12c4aa59f51.jpg?1783932945,
3027e6c5-eed3-44e7-bb12-67569721af99,Goryo's Vengeance,2.0,Instant — Arcane,False,False,https://cards.scryfall.io/normal/front/3/0/3027e6c5-eed3-44e7-bb12-67569721af99.jpg?1783944199,https://cards.scryfall.io/small/front/3/0/3027e6c5-eed3-44e7-bb12-67569721af99.jpg?1783944199,
8b1e10e8-ea14-4761-910b-4072e2a18456,Grave Researcher // Reanimate,3.0,Creature — Troll Warlock // Sorcery,True,False,https://cards.scryfall.io/normal/front/8/b/8b1e10e8-ea14-4761-910b-4072e2a18456.jpg?1783903680,https://cards.scryfall.io/small/front/8/b/8b1e10e8-ea14-4761-910b-4072e2a18456.jpg?1783903680,
5c70da33-ce5d-4b8b-9c1d-9a356a7e196f,Grave Titan,6.0,Creature — Giant,True,False,https://cards.scryfall.io/normal/front/5/c/5c70da33-ce5d-4b8b-9c1d-9a356a7e196f.jpg?1783941080,https://cards.scryfall.io/small/front/5/c/5c70da33-ce5d-4b8b-9c1d-9a356a7e196f.jpg?1783941080,
c8f0b123-fdb0-4f3e-ba78-fa155c227e20,Greasewrench Goblin,1.0,Creature — Goblin Artificer,True,False,https://cards.scryfall.io/normal/front/c/8/c8f0b123-fdb0-4f3e-ba78-fa155c227e20.jpg?1783907881,https://cards.scryfall.io/small/front/c/8/c8f0b123-fdb0-4f3e-ba78-fa155c227e20.jpg?1783907881,
01794178-cf41-454c-ac37-1d8b18e42db2,Green Sun's Zenith,1.0,Sorcery,False,False,https://cards.scryfall.io/normal/front/0/1/01794178-cf41-454c-ac37-1d8b18e42db2.jpg?1783937567,https://cards.scryfall.io/small/front/0/1/01794178-cf41-454c-ac37-1d8b18e42db2.jpg?1783937567,
e6befbc4-1320-4f26-bd9f-b1814fedda10,Grief,4.0,Creature — Elemental Incarnation,True,False,https://cards.scryfall.io/normal/front/e/6/e6befbc4-1320-4f26-bd9f-b1814fedda10.jpg?1783926861,https://cards.scryfall.io/small/front/e/6/e6befbc4-1320-4f26-bd9f-b1814fedda10.jpg?1783926861,
15db4353-9c46-4fe4-b22e-0cf024aa9dfc,Grim Lavamancer,1.0,Creature — Human Wizard,True,False,https://cards.scryfall.io/normal/front/1/5/15db4353-9c46-4fe4-b22e-0cf024aa9dfc.jpg?1783941575,https://cards.scryfall.io/small/front/1/5/15db4353-9c46-4fe4-b22e-0cf024aa9dfc.jpg?1783941575,
0c3bc412-689f-4385-807b-ed60d6276d76,Grim Monolith,2.0,Artifact,False,False,https://cards.scryfall.io/normal/front/0/c/0c3bc412-689f-4385-807b-ed60d6276d76.jpg?1783936952,https://cards.scryfall.io/small/front/0/c/0c3bc412-689f-4385-807b-ed60d6276d76.jpg?1783936952,
b51666ae-2aef-4cb1-9cd4-44aec81530f8,Griselbrand,8.0,Legendary Creature — Demon,True,False,https://cards.scryfall.io/normal/front/b/5/b51666ae-2aef-4cb1-9cd4-44aec81530f8.jpg?1783940699,https://cards.scryfall.io/small/front/b/5/b51666ae-2aef-4cb1-9cd4-44aec81530f8.jpg?1783940699,
69af2825-18c2-4463-b6ba-42eaa070ccc1,"Grist, the Hunger Tide",3.0,Legendary Planeswalker — Grist,False,False,https://cards.scryfall.io/normal/front/6/9/69af2825-18c2-4463-b6ba-42eaa070ccc1.jpg?1783926814,https://cards.scryfall.io/small/front/6/9/69af2825-18c2-4463-b6ba-42eaa070ccc1.jpg?1783926814,
9503a1e6-f0bf-44d0-a28b-56fbfcff1ff2,Guardian of Ghirapur,3.0,Creature — Angel,True,False,https://cards.scryfall.io/normal/front/9/5/9503a1e6-f0bf-44d0-a28b-56fbfcff1ff2.jpg?1783917062,https://cards.scryfall.io/small/front/9/5/9503a1e6-f0bf-44d0-a28b-56fbfcff1ff2.jpg?1783917062,
76c3cad2-1e25-4abe-878d-9194de6fcc27,Guide of Souls,1.0,Creature — Human Cleric,True,False,https://cards.scryfall.io/normal/front/7/6/76c3cad2-1e25-4abe-878d-9194de6fcc27.jpg?1783911300,https://cards.scryfall.io/small/front/7/6/76c3cad2-1e25-4abe-878d-9194de6fcc27.jpg?1783911300,
3d8ca18d-9099-4f1e-95c1-f04da58a26bd,"Gut, True Soul Zealot",3.0,Legendary Creature — Goblin Shaman,True,False,https://cards.scryfall.io/normal/front/3/d/3d8ca18d-9099-4f1e-95c1-f04da58a26bd.jpg?1783922736,https://cards.scryfall.io/small/front/3/d/3d8ca18d-9099-4f1e-95c1-f04da58a26bd.jpg?1783922736,
af7091c9-5f98-4078-a42b-c9e057346d9b,Hallowed Fountain,0.0,Land — Plains Island,False,True,https://cards.scryfall.io/normal/front/a/f/af7091c9-5f98-4078-a42b-c9e057346d9b.jpg?1783940321,https://cards.scryfall.io/small/front/a/f/af7091c9-5f98-4078-a42b-c9e057346d9b.jpg?1783940321,
a3012af9-621d-4fae-b00d-079a89ae35fe,Harvester of Misery,5.0,Creature — Spirit,True,False,https://cards.scryfall.io/normal/front/a/3/a3012af9-621d-4fae-b00d-079a89ae35fe.jpg?1783912001,https://cards.scryfall.io/small/front/a/3/a3012af9-621d-4fae-b00d-079a89ae35fe.jpg?1783912001,
be77b98a-dd79-477c-8ab2-7ebf5637a89e,Headliner Scarlett,4.0,Legendary Creature — Human Warlock,True,False,https://cards.scryfall.io/normal/front/b/e/be77b98a-dd79-477c-8ab2-7ebf5637a89e.jpg?1783912584,https://cards.scryfall.io/small/front/b/e/be77b98a-dd79-477c-8ab2-7ebf5637a89e.jpg?1783912584,
e4e6794a-feeb-4fc8-a2ee-38c75c18aaae,Heartless Act,2.0,Instant,False,False,https://cards.scryfall.io/normal/front/e/4/e4e6794a-feeb-4fc8-a2ee-38c75c18aaae.jpg?1783931060,https://cards.scryfall.io/small/front/e/4/e4e6794a-feeb-4fc8-a2ee-38c75c18aaae.jpg?1783931060,
5260f8ae-805b-4eae-badf-62de0f768867,Hedge Maze,0.0,Land — Forest Island,False,True,https://cards.scryfall.io/normal/front/5/2/5260f8ae-805b-4eae-badf-62de0f768867.jpg?1783912824,https://cards.scryfall.io/small/front/5/2/5260f8ae-805b-4eae-badf-62de0f768867.jpg?1783912824,
b8aa7126-5df3-42dd-b4a3-0d0ea59eeebd,Helping Hand,1.0,Sorcery,False,False,https://cards.scryfall.io/normal/front/b/8/b8aa7126-5df3-42dd-b4a3-0d0ea59eeebd.jpg?1783913811,https://cards.scryfall.io/small/front/b/8/b8aa7126-5df3-42dd-b4a3-0d0ea59eeebd.jpg?1783913811,
89f5cc05-5d9d-4709-b3c5-a6249c294acc,Hexdrinker,1.0,Creature — Snake,True,False,https://cards.scryfall.io/normal/front/8/9/89f5cc05-5d9d-4709-b3c5-a6249c294acc.jpg?1783933097,https://cards.scryfall.io/small/front/8/9/89f5cc05-5d9d-4709-b3c5-a6249c294acc.jpg?1783933097,
4686bbb9-517f-4cce-aa7a-5db41e22c02b,High Tide,1.0,Instant,False,False,https://cards.scryfall.io/normal/front/4/6/4686bbb9-517f-4cce-aa7a-5db41e22c02b.jpg?1783947913,https://cards.scryfall.io/small/front/4/6/4686bbb9-517f-4cce-aa7a-5db41e22c02b.jpg?1783947913,
60aed76e-2265-471d-8e41-1d8605603b78,Hildibrand Manderville // Gentleman's Rise,2.0,Legendary Creature — Human Detective // Instant — Adventure,True,False,https://cards.scryfall.io/normal/front/6/0/60aed76e-2265-471d-8e41-1d8605603b78.jpg?1783906347,https://cards.scryfall.io/small/front/6/0/60aed76e-2265-471d-8e41-1d8605603b78.jpg?1783906347,
4df8aabc-7fcb-4b7b-980b-18f499e6c170,Hullbreacher,3.0,Creature — Merfolk Pirate,True,False,https://cards.scryfall.io/normal/front/4/d/4df8aabc-7fcb-4b7b-980b-18f499e6c170.jpg?1783928862,https://cards.scryfall.io/small/front/4/d/4df8aabc-7fcb-4b7b-980b-18f499e6c170.jpg?1783928862,
3faa8c5e-9e1b-4cee-b322-a033bf33dcbc,Hymn to Tourach,2.0,Sorcery,False,False,https://cards.scryfall.io/normal/front/3/f/3faa8c5e-9e1b-4cee-b322-a033bf33dcbc.jpg?1783937597,https://cards.scryfall.io/small/front/3/f/3faa8c5e-9e1b-4cee-b322-a033bf33dcbc.jpg?1783937597,
d9482aab-6ddf-48e1-84fa-b13d5ff81e69,Icetill Explorer,4.0,Creature — Insect Scout,True,False,https://cards.scryfall.io/normal/front/d/9/d9482aab-6ddf-48e1-84fa-b13d5ff81e69.jpg?1783905935,https://cards.scryfall.io/small/front/d/9/d9482aab-6ddf-48e1-84fa-b13d5ff81e69.jpg?1783905935,
1b0fe46d-08d6-48c3-be0d-650d8d3d66af,Ideas Unbound,2.0,Sorcery — Arcane,False,False,https://cards.scryfall.io/normal/front/1/b/1b0fe46d-08d6-48c3-be0d-650d8d3d66af.jpg?1783944164,https://cards.scryfall.io/small/front/1/b/1b0fe46d-08d6-48c3-be0d-650d8d3d66af.jpg?1783944164,
9417f14c-a853-42c6-a992-29139484260a,Ignoble Hierarch,1.0,Creature — Goblin Shaman,True,False,https://cards.scryfall.io/normal/front/9/4/9417f14c-a853-42c6-a992-29139484260a.jpg?1783926728,https://cards.scryfall.io/small/front/9/4/9417f14c-a853-42c6-a992-29139484260a.jpg?1783926728,
05bd329b-5707-42fc-af1c-084cc604e805,Imperial Recruiter,3.0,Creature — Human Advisor,True,False,https://cards.scryfall.io/normal/front/0/5/05bd329b-5707-42fc-af1c-084cc604e805.jpg?1783926783,https://cards.scryfall.io/small/front/0/5/05bd329b-5707-42fc-af1c-084cc604e805.jpg?1783926783,
5ab21006-7f61-49e0-8b6a-0397c5d4c3bd,Imperial Seal,1.0,Sorcery,False,False,https://cards.scryfall.io/normal/front/5/a/5ab21006-7f61-49e0-8b6a-0397c5d4c3bd.jpg?1783937937,https://cards.scryfall.io/small/front/5/a/5ab21006-7f61-49e0-8b6a-0397c5d4c3bd.jpg?1783937937,
1af92296-455a-425e-9397-a96d09937767,Incinerate,2.0,Instant,False,False,https://cards.scryfall.io/normal/front/1/a/1af92296-455a-425e-9397-a96d09937767.jpg?1783941067,https://cards.scryfall.io/small/front/1/a/1af92296-455a-425e-9397-a96d09937767.jpg?1783941067,
13f5bcdc-70bb-4d67-99e1-282f166ee4bf,Increasing Confusion,1.0,Sorcery,False,False,https://cards.scryfall.io/normal/front/1/3/13f5bcdc-70bb-4d67-99e1-282f166ee4bf.jpg?1783940839,https://cards.scryfall.io/small/front/1/3/13f5bcdc-70bb-4d67-99e1-282f166ee4bf.jpg?1783940839,
2b74bb81-fb9a-40e5-a941-e517430b52f5,Indatha Triome,0.0,Land — Plains Swamp Forest,False,True,https://cards.scryfall.io/normal/front/2/b/2b74bb81-fb9a-40e5-a941-e517430b52f5.jpg?1783931001,https://cards.scryfall.io/small/front/2/b/2b74bb81-fb9a-40e5-a941-e517430b52f5.jpg?1783931001,
17824929-f131-4b8d-addb-66c25323155e,Infernal Grasp,2.0,Instant,False,False,https://cards.scryfall.io/normal/front/1/7/17824929-f131-4b8d-addb-66c25323155e.jpg?1783925615,https://cards.scryfall.io/small/front/1/7/17824929-f131-4b8d-addb-66c25323155e.jpg?1783925615,
56995b84-2307-4955-9c7c-dc4f04acdc07,Inquisition of Kozilek,1.0,Sorcery,False,False,https://cards.scryfall.io/normal/front/5/6/56995b84-2307-4955-9c7c-dc4f04acdc07.jpg?1783937313,https://cards.scryfall.io/small/front/5/6/56995b84-2307-4955-9c7c-dc4f04acdc07.jpg?1783937313,
fa7a55aa-ae61-4933-b7a4-dcc55dac6fcd,"Inti, Seneschal of the Sun",2.0,Legendary Creature — Human Knight,True,False,https://cards.scryfall.io/normal/front/f/a/fa7a55aa-ae61-4933-b7a4-dcc55dac6fcd.jpg?1783913759,https://cards.scryfall.io/small/front/f/a/fa7a55aa-ae61-4933-b7a4-dcc55dac6fcd.jpg?1783913759,
773199f9-c83b-4a77-8342-9f1552ecf595,Intrepid Adversary,2.0,Creature — Human Scout,True,False,https://cards.scryfall.io/normal/front/7/7/773199f9-c83b-4a77-8342-9f1552ecf595.jpg?1783925657,https://cards.scryfall.io/small/front/7/7/773199f9-c83b-4a77-8342-9f1552ecf595.jpg?1783925657,
2ba70366-b6ae-423a-a8d8-29d2b8afd939,"Ivora, Insatiable Heir",2.0,Legendary Creature — Vampire Warrior,True,False,https://cards.scryfall.io/normal/front/2/b/2ba70366-b6ae-423a-a8d8-29d2b8afd939.jpg?1783908854,https://cards.scryfall.io/small/front/2/b/2ba70366-b6ae-423a-a8d8-29d2b8afd939.jpg?1783908854,
f823be95-bef4-4e86-a924-239be62394bf,Izzet Signet,2.0,Artifact,False,False,https://cards.scryfall.io/normal/front/f/8/f823be95-bef4-4e86-a924-239be62394bf.jpg?1783943458,https://cards.scryfall.io/small/front/f/8/f823be95-bef4-4e86-a924-239be62394bf.jpg?1783943458,
02d6d693-f1f3-4317-bcc0-c21fa8490d38,"Jace, Vryn's Prodigy // Jace, Telepath Unbound",2.0,Legendary Creature — Human Wizard // Legendary Planeswalker — Jace,True,False,https://cards.scryfall.io/normal/front/0/2/02d6d693-f1f3-4317-bcc0-c21fa8490d38.jpg?1783938353,https://cards.scryfall.io/small/front/0/2/02d6d693-f1f3-4317-bcc0-c21fa8490d38.jpg?1783938353,
0e606072-a3aa-4300-ba90-ec92a721fa76,"Jace, the Mind Sculptor",4.0,Legendary Planeswalker — Jace,False,False,https://cards.scryfall.io/normal/front/0/e/0e606072-a3aa-4300-ba90-ec92a721fa76.jpg?1783942061,https://cards.scryfall.io/small/front/0/e/0e606072-a3aa-4300-ba90-ec92a721fa76.jpg?1783942061,
1834ac92-8b4e-4442-a834-acd580e1ef99,Jack-in-the-Mox,0.0,Artifact,False,False,https://cards.scryfall.io/normal/front/1/8/1834ac92-8b4e-4442-a834-acd580e1ef99.jpg?1783946419,https://cards.scryfall.io/small/front/1/8/1834ac92-8b4e-4442-a834-acd580e1ef99.jpg?1783946419,
2c695df6-6bf2-4e6b-8500-e3116137ca27,Jacked Rabbit,2.0,Creature — Rabbit Warrior,True,False,https://cards.scryfall.io/normal/front/2/c/2c695df6-6bf2-4e6b-8500-e3116137ca27.jpg?1783910736,https://cards.scryfall.io/small/front/2/c/2c695df6-6bf2-4e6b-8500-e3116137ca27.jpg?1783910736,
26d40e03-6de4-4373-9fbf-04c1dd79e995,Jetmir's Garden,0.0,Land — Mountain Forest Plains,False,True,https://cards.scryfall.io/normal/front/2/6/26d40e03-6de4-4373-9fbf-04c1dd79e995.jpg?1783923058,https://cards.scryfall.io/small/front/2/6/26d40e03-6de4-4373-9fbf-04c1dd79e995.jpg?1783923058,
1132218d-56cd-441e-9006-df3c50344491,Joraga Treespeaker,1.0,Creature — Elf Druid,True,False,https://cards.scryfall.io/normal/front/1/1/1132218d-56cd-441e-9006-df3c50344491.jpg?1783941963,https://cards.scryfall.io/small/front/1/1/1132218d-56cd-441e-9006-df3c50344491.jpg?1783941963,
55a14f30-4ff9-4472-90a6-c3139f1c18e5,"Kaito, Bane of Nightmares",4.0,Legendary Planeswalker — Kaito,False,False,https://cards.scryfall.io/normal/front/5/5/55a14f30-4ff9-4472-90a6-c3139f1c18e5.jpg?1784963190,https://cards.scryfall.io/small/front/5/5/55a14f30-4ff9-4472-90a6-c3139f1c18e5.jpg?1784963190,
87cc2855-6b14-44dd-a398-7dc2bbae081f,Kaldra Compleat,7.0,Legendary Artifact — Equipment,False,False,https://cards.scryfall.io/normal/front/8/7/87cc2855-6b14-44dd-a398-7dc2bbae081f.jpg?1783926807,https://cards.scryfall.io/small/front/8/7/87cc2855-6b14-44dd-a398-7dc2bbae081f.jpg?1783926807,
85a89077-b384-4fca-9d26-7297962c1541,Kappa Cannoneer,6.0,Artifact Creature — Turtle Warrior,True,False,https://cards.scryfall.io/normal/front/8/5/85a89077-b384-4fca-9d26-7297962c1541.jpg?1783923994,https://cards.scryfall.io/small/front/8/5/85a89077-b384-4fca-9d26-7297962c1541.jpg?1783923994,
605c2218-9d12-4ac3-a721-fca590b89847,Karakas,0.0,Legendary Land,False,True,https://cards.scryfall.io/normal/front/6/0/605c2218-9d12-4ac3-a721-fca590b89847.jpg?1783937538,https://cards.scryfall.io/small/front/6/0/605c2218-9d12-4ac3-a721-fca590b89847.jpg?1783937538,
f9287151-95df-4f5a-b32a-4b0aea825452,Karn Liberated,7.0,Legendary Planeswalker — Karn,False,False,https://cards.scryfall.io/normal/front/f/9/f9287151-95df-4f5a-b32a-4b0aea825452.jpg?1783941329,https://cards.scryfall.io/small/front/f/9/f9287151-95df-4f5a-b32a-4b0aea825452.jpg?1783941329,
07a3d9e8-8597-498b-869c-cff79e0df516,"Karn, Scion of Urza",4.0,Legendary Planeswalker — Karn,False,False,https://cards.scryfall.io/normal/front/0/7/07a3d9e8-8597-498b-869c-cff79e0df516.jpg?1783935054,https://cards.scryfall.io/small/front/0/7/07a3d9e8-8597-498b-869c-cff79e0df516.jpg?1783935054,
f46a9329-7b91-441d-8653-50c1152c9120,"Kellan, Planar Trailblazer",1.0,Legendary Creature — Human Faerie Scout,True,False,https://cards.scryfall.io/normal/front/f/4/f46a9329-7b91-441d-8653-50c1152c9120.jpg?1783909101,https://cards.scryfall.io/small/front/f/4/f46a9329-7b91-441d-8653-50c1152c9120.jpg?1783909101,
a249b1f4-2b22-4b67-a207-e0c4ae95d2e1,Ketria Triome,0.0,Land — Forest Island Mountain,False,True,https://cards.scryfall.io/normal/front/a/2/a249b1f4-2b22-4b67-a207-e0c4ae95d2e1.jpg?1783931001,https://cards.scryfall.io/small/front/a/2/a249b1f4-2b22-4b67-a207-e0c4ae95d2e1.jpg?1783931001,
162018eb-5483-4fa2-9c5a-abb639eecf91,"Kiki-Jiki, Mirror Breaker",5.0,Legendary Creature — Goblin Shaman,True,False,https://cards.scryfall.io/normal/front/1/6/162018eb-5483-4fa2-9c5a-abb639eecf91.jpg?1783944301,https://cards.scryfall.io/small/front/1/6/162018eb-5483-4fa2-9c5a-abb639eecf91.jpg?1783944301,
333bf101-14e8-4753-99bc-9174f42c4122,Kinscaer Sentry,2.0,Creature — Kithkin Soldier,True,False,https://cards.scryfall.io/normal/front/3/3/333bf101-14e8-4753-99bc-9174f42c4122.jpg?1783904507,https://cards.scryfall.io/small/front/3/3/333bf101-14e8-4753-99bc-9174f42c4122.jpg?1783904507,
f62fd592-4910-417d-a500-e7029f3d119f,Kitesail Freebooter,2.0,Creature — Human Pirate,True,False,https://cards.scryfall.io/normal/front/f/6/f62fd592-4910-417d-a500-e7029f3d119f.jpg?1783935759,https://cards.scryfall.io/small/front/f/6/f62fd592-4910-417d-a500-e7029f3d119f.jpg?1783935759,
3028075c-5fc5-4942-a984-1ffcf7a8933d,Knight of Autumn,3.0,Creature — Dryad Knight,True,False,https://cards.scryfall.io/normal/front/3/0/3028075c-5fc5-4942-a984-1ffcf7a8933d.jpg?1783934130,https://cards.scryfall.io/small/front/3/0/3028075c-5fc5-4942-a984-1ffcf7a8933d.jpg?1783934130,
205df311-a72d-40f1-b2ea-9b30274bc9bd,Knight of the Reliquary,3.0,Creature — Human Knight,True,False,https://cards.scryfall.io/normal/front/2/0/205df311-a72d-40f1-b2ea-9b30274bc9bd.jpg?1783935511,https://cards.scryfall.io/small/front/2/0/205df311-a72d-40f1-b2ea-9b30274bc9bd.jpg?1783935511,
7c884e1e-fecb-4330-b3de-5fc2a60f7173,Kolaghan's Command,3.0,Instant,False,False,https://cards.scryfall.io/normal/front/7/c/7c884e1e-fecb-4330-b3de-5fc2a60f7173.jpg?1783938571,https://cards.scryfall.io/small/front/7/c/7c884e1e-fecb-4330-b3de-5fc2a60f7173.jpg?1783938571,
c3b92caa-3401-4b11-9515-152f3e057c05,"Koma, World-Eater",7.0,Legendary Creature — Serpent,True,False,https://cards.scryfall.io/normal/front/c/3/c3b92caa-3401-4b11-9515-152f3e057c05.jpg?1783909091,https://cards.scryfall.io/small/front/c/3/c3b92caa-3401-4b11-9515-152f3e057c05.jpg?1783909091,
a3bb2881-e8fb-4fba-a9f9-d93e6ca24378,"Laelia, the Blade Reforged",3.0,Legendary Creature — Spirit Warrior,True,False,https://cards.scryfall.io/normal/front/a/3/a3bb2881-e8fb-4fba-a9f9-d93e6ca24378.jpg?1783927592,https://cards.scryfall.io/small/front/a/3/a3bb2881-e8fb-4fba-a9f9-d93e6ca24378.jpg?1783927592,
7ea4b5bc-18a4-45db-a56a-ab3f8bd2fb0d,Ledger Shredder,2.0,Creature — Bird Advisor,True,False,https://cards.scryfall.io/normal/front/7/e/7ea4b5bc-18a4-45db-a56a-ab3f8bd2fb0d.jpg?1783923147,https://cards.scryfall.io/small/front/7/e/7ea4b5bc-18a4-45db-a56a-ab3f8bd2fb0d.jpg?1783923147,
5a077de0-1893-40d0-a499-ee2e6e2258f1,Legion Extruder,2.0,Artifact,False,False,https://cards.scryfall.io/normal/front/5/a/5a077de0-1893-40d0-a499-ee2e6e2258f1.jpg?1783912001,https://cards.scryfall.io/small/front/5/a/5a077de0-1893-40d0-a499-ee2e6e2258f1.jpg?1783912001,
49bb0ad3-1082-41f1-82a4-52a4006cc9b6,"Leovold, Emissary of Trest",3.0,Legendary Creature — Elf Advisor,True,False,https://cards.scryfall.io/normal/front/4/9/49bb0ad3-1082-41f1-82a4-52a4006cc9b6.jpg?1783937339,https://cards.scryfall.io/small/front/4/9/49bb0ad3-1082-41f1-82a4-52a4006cc9b6.jpg?1783937339,
3c3ac3dd-35db-447f-8674-37b4680a1ef7,Leyline Binding,6.0,Enchantment,False,False,https://cards.scryfall.io/normal/front/3/c/3c3ac3dd-35db-447f-8674-37b4680a1ef7.jpg?1783921363,https://cards.scryfall.io/small/front/3/c/3c3ac3dd-35db-447f-8674-37b4680a1ef7.jpg?1783921363,
e5145f31-a4ac-44ef-8f85-e4d95f2c9ff5,Library of Alexandria,0.0,Land,False,True,https://cards.scryfall.io/normal/front/e/5/e5145f31-a4ac-44ef-8f85-e4d95f2c9ff5.jpg?1783939222,https://cards.scryfall.io/small/front/e/5/e5145f31-a4ac-44ef-8f85-e4d95f2c9ff5.jpg?1783939222,
2424f2c4-366b-42cf-bf4b-a8a5bfdd2c4b,Life // Death,3.0,Sorcery // Sorcery,False,False,https://cards.scryfall.io/normal/front/2/4/2424f2c4-366b-42cf-bf4b-a8a5bfdd2c4b.jpg?1783940390,https://cards.scryfall.io/small/front/2/4/2424f2c4-366b-42cf-bf4b-a8a5bfdd2c4b.jpg?1783940390,
32a180dd-9641-4546-8940-9b21084f0c71,Lightning Bolt,1.0,Instant,False,False,https://cards.scryfall.io/normal/front/3/2/32a180dd-9641-4546-8940-9b21084f0c71.jpg?1783932042,https://cards.scryfall.io/small/front/3/2/32a180dd-9641-4546-8940-9b21084f0c71.jpg?1783932042,
61a28870-cf78-4323-9d82-cee764067764,Lightning Greaves,2.0,Artifact — Equipment,False,False,https://cards.scryfall.io/normal/front/6/1/61a28870-cf78-4323-9d82-cee764067764.jpg?1783944514,https://cards.scryfall.io/small/front/6/1/61a28870-cf78-4323-9d82-cee764067764.jpg?1783944514,
1103da9c-300c-406b-997d-9e5bb7cd02d6,"Lightning, Army of One",3.0,Legendary Creature — Human Soldier,True,False,https://cards.scryfall.io/normal/front/1/1/1103da9c-300c-406b-997d-9e5bb7cd02d6.jpg?1783906566,https://cards.scryfall.io/small/front/1/1/1103da9c-300c-406b-997d-9e5bb7cd02d6.jpg?1783906566,
635245e9-c27f-4a51-a6f1-bae62e696542,Lightstall Inquisitor,1.0,Creature — Angel Wizard,True,False,https://cards.scryfall.io/normal/front/6/3/635245e9-c27f-4a51-a6f1-bae62e696542.jpg?1783905994,https://cards.scryfall.io/small/front/6/3/635245e9-c27f-4a51-a6f1-bae62e696542.jpg?1783905994,
fa6ac7d2-0127-49a8-b7d2-a38308d3c27b,"Liliana, the Last Hope",3.0,Legendary Planeswalker — Liliana,False,False,https://cards.scryfall.io/normal/front/f/a/fa6ac7d2-0127-49a8-b7d2-a38308d3c27b.jpg?1783937482,https://cards.scryfall.io/small/front/f/a/fa6ac7d2-0127-49a8-b7d2-a38308d3c27b.jpg?1783937482,
70e33f45-7d47-423b-a123-8541f1d1afb4,Lingering Souls,3.0,Sorcery,False,False,https://cards.scryfall.io/normal/front/7/0/70e33f45-7d47-423b-a123-8541f1d1afb4.jpg?1783939386,https://cards.scryfall.io/small/front/7/0/70e33f45-7d47-423b-a123-8541f1d1afb4.jpg?1783939386,
3e1766e9-2fa7-4446-a255-7beea1467ece,Lion Sash,2.0,Artifact Creature — Equipment Cat,True,False,https://cards.scryfall.io/normal/front/3/e/3e1766e9-2fa7-4446-a255-7beea1467ece.jpg?1783923917,https://cards.scryfall.io/small/front/3/e/3e1766e9-2fa7-4446-a255-7beea1467ece.jpg?1783923917,
758f95f8-bcb0-43ae-b474-56ebd855951e,Lion's Eye Diamond,0.0,Artifact,False,False,https://cards.scryfall.io/normal/front/7/5/758f95f8-bcb0-43ae-b474-56ebd855951e.jpg?1783939234,https://cards.scryfall.io/small/front/7/5/758f95f8-bcb0-43ae-b474-56ebd855951e.jpg?1783939234,
01c6f877-6b00-4d57-8a88-36cd3b16edbc,Llanowar Elves,1.0,Creature — Elf Druid,True,False,https://cards.scryfall.io/normal/front/0/1/01c6f877-6b00-4d57-8a88-36cd3b16edbc.jpg?1783941058,https://cards.scryfall.io/small/front/0/1/01c6f877-6b00-4d57-8a88-36cd3b16edbc.jpg?1783941058,
c3896705-bbd2-4ffb-a590-ee78e0eabdc5,Long Goodbye,2.0,Instant,False,False,https://cards.scryfall.io/normal/front/c/3/c3896705-bbd2-4ffb-a590-ee78e0eabdc5.jpg?1783912896,https://cards.scryfall.io/small/front/c/3/c3896705-bbd2-4ffb-a590-ee78e0eabdc5.jpg?1783912896,
59faa45d-868b-4bc7-934c-0e077642e129,Loran of the Third Path,3.0,Legendary Creature — Human Artificer,True,False,https://cards.scryfall.io/normal/front/5/9/59faa45d-868b-4bc7-934c-0e077642e129.jpg?1783920128,https://cards.scryfall.io/small/front/5/9/59faa45d-868b-4bc7-934c-0e077642e129.jpg?1783920128,
985bdb0c-ce6c-4506-8163-76f3b2fdf5fb,Lose Focus,2.0,Instant,False,False,https://cards.scryfall.io/normal/front/9/8/985bdb0c-ce6c-4506-8163-76f3b2fdf5fb.jpg?1783926877,https://cards.scryfall.io/small/front/9/8/985bdb0c-ce6c-4506-8163-76f3b2fdf5fb.jpg?1783926877,
19adde22-e5eb-4815-beb6-c520b3274cc9,Lotus Cobra,2.0,Creature — Snake,True,False,https://cards.scryfall.io/normal/front/1/9/19adde22-e5eb-4815-beb6-c520b3274cc9.jpg?1783942134,https://cards.scryfall.io/small/front/1/9/19adde22-e5eb-4815-beb6-c520b3274cc9.jpg?1783942134,
9814d8e8-c462-41ca-9909-1c659f488543,Lotus Petal,0.0,Artifact,False,False,https://cards.scryfall.io/normal/front/9/8/9814d8e8-c462-41ca-9909-1c659f488543.jpg?1783942342,https://cards.scryfall.io/small/front/9/8/9814d8e8-c462-41ca-9909-1c659f488543.jpg?1783942342,
fe964e7e-e2c5-4263-889d-0a531eb51442,Luminarch Aspirant,2.0,Creature — Human Cleric,True,False,https://cards.scryfall.io/normal/front/f/e/fe964e7e-e2c5-4263-889d-0a531eb51442.jpg?1783929413,https://cards.scryfall.io/small/front/f/e/fe964e7e-e2c5-4263-889d-0a531eb51442.jpg?1783929413,
5ad36fb2-c44e-4085-ba0d-54277841ad3a,Lurrus of the Dream-Den,3.0,Legendary Creature — Cat Nightmare,True,False,https://cards.scryfall.io/normal/front/5/a/5ad36fb2-c44e-4085-ba0d-54277841ad3a.jpg?1783931010,https://cards.scryfall.io/small/front/5/a/5ad36fb2-c44e-4085-ba0d-54277841ad3a.jpg?1783931010,
c17816e8-28b1-4295-a637-efb0e5c18873,Lush Portico,0.0,Land — Forest Plains,False,True,https://cards.scryfall.io/normal/front/c/1/c17816e8-28b1-4295-a637-efb0e5c18873.jpg?1783912824,https://cards.scryfall.io/small/front/c/1/c17816e8-28b1-4295-a637-efb0e5c18873.jpg?1783912824,
0ce44270-a684-4489-9077-521456e6dfaa,Lórien Revealed,5.0,Sorcery,False,False,https://cards.scryfall.io/normal/front/0/c/0ce44270-a684-4489-9077-521456e6dfaa.jpg?1783916314,https://cards.scryfall.io/small/front/0/c/0ce44270-a684-4489-9077-521456e6dfaa.jpg?1783916314,
079e6263-e54c-4899-a336-5315909b9322,"Magda, Brazen Outlaw",2.0,Legendary Creature — Dwarf Berserker,True,False,https://cards.scryfall.io/normal/front/0/7/079e6263-e54c-4899-a336-5315909b9322.jpg?1783928229,https://cards.scryfall.io/small/front/0/7/079e6263-e54c-4899-a336-5315909b9322.jpg?1783928229,
19d6834d-afa3-4747-a62d-0654f4d9729f,"Malcolm, Alluring Scoundrel",2.0,Legendary Creature — Siren Pirate,True,False,https://cards.scryfall.io/normal/front/1/9/19d6834d-afa3-4747-a62d-0654f4d9729f.jpg?1783913793,https://cards.scryfall.io/small/front/1/9/19d6834d-afa3-4747-a62d-0654f4d9729f.jpg?1783913793,
a178cfe8-f9fa-4255-88d0-54a0bed079f5,Malevolent Rumble,2.0,Sorcery,False,False,https://cards.scryfall.io/normal/front/a/1/a178cfe8-f9fa-4255-88d0-54a0bed079f5.jpg?1783911259,https://cards.scryfall.io/small/front/a/1/a178cfe8-f9fa-4255-88d0-54a0bed079f5.jpg?1783911259,
504a69eb-3c2d-4bb1-b117-252b15acf0c2,Mana Confluence,0.0,Land,False,True,https://cards.scryfall.io/normal/front/5/0/504a69eb-3c2d-4bb1-b117-252b15acf0c2.jpg?1783939402,https://cards.scryfall.io/small/front/5/0/504a69eb-3c2d-4bb1-b117-252b15acf0c2.jpg?1783939402,
0cb33b46-4d1b-4f97-bfdc-d815aee111da,Mana Crypt,0.0,Artifact,False,False,https://cards.scryfall.io/normal/front/0/c/0cb33b46-4d1b-4f97-bfdc-d815aee111da.jpg?1783937544,https://cards.scryfall.io/small/front/0/c/0cb33b46-4d1b-4f97-bfdc-d815aee111da.jpg?1783937544,
416d2d51-8f29-4e95-b037-e8c32b081e6c,Mana Drain,2.0,Instant,False,False,https://cards.scryfall.io/normal/front/4/1/416d2d51-8f29-4e95-b037-e8c32b081e6c.jpg?1783935545,https://cards.scryfall.io/small/front/4/1/416d2d51-8f29-4e95-b037-e8c32b081e6c.jpg?1783935545,
247939d9-87e9-4f01-b223-fb4cfa7dbbe1,Mana Leak,2.0,Instant,False,False,https://cards.scryfall.io/normal/front/2/4/247939d9-87e9-4f01-b223-fb4cfa7dbbe1.jpg?1783935544,https://cards.scryfall.io/small/front/2/4/247939d9-87e9-4f01-b223-fb4cfa7dbbe1.jpg?1783935544,
7d48d622-f397-4f31-b1a5-0c23f60aa71c,Mana Tithe,1.0,Instant,False,False,https://cards.scryfall.io/normal/front/7/d/7d48d622-f397-4f31-b1a5-0c23f60aa71c.jpg?1783943165,https://cards.scryfall.io/small/front/7/d/7d48d622-f397-4f31-b1a5-0c23f60aa71c.jpg?1783943165,
d6ec3293-b09e-4931-ac4e-dc5eac0ca004,Mana Vault,1.0,Artifact,False,False,https://cards.scryfall.io/normal/front/d/6/d6ec3293-b09e-4931-ac4e-dc5eac0ca004.jpg?1783939235,https://cards.scryfall.io/small/front/d/6/d6ec3293-b09e-4931-ac4e-dc5eac0ca004.jpg?1783939235,
0aa3a844-97e6-4f5d-a36f-56fea4e06932,Manglehorn,3.0,Creature — Beast,True,False,https://cards.scryfall.io/normal/front/0/a/0aa3a844-97e6-4f5d-a36f-56fea4e06932.jpg?1783936473,https://cards.scryfall.io/small/front/0/a/0aa3a844-97e6-4f5d-a36f-56fea4e06932.jpg?1783936473,
9efbfd67-e0f5-43e0-9fff-1eb4a2bed0d8,Marauding Mako,1.0,Creature — Shark Pirate,True,False,https://cards.scryfall.io/normal/front/9/e/9efbfd67-e0f5-43e0-9fff-1eb4a2bed0d8.jpg?1783907879,https://cards.scryfall.io/small/front/9/e/9efbfd67-e0f5-43e0-9fff-1eb4a2bed0d8.jpg?1783907879,
553fb946-2706-475b-89f9-e4355ec9ea2b,March of Otherworldly Light,1.0,Instant,False,False,https://cards.scryfall.io/normal/front/5/5/553fb946-2706-475b-89f9-e4355ec9ea2b.jpg?1783923916,https://cards.scryfall.io/small/front/5/5/553fb946-2706-475b-89f9-e4355ec9ea2b.jpg?1783923916,
45026d57-0324-4312-8b86-2e7d4f581ee9,Marsh Flats,0.0,Land,False,True,https://cards.scryfall.io/normal/front/4/5/45026d57-0324-4312-8b86-2e7d4f581ee9.jpg?1783942123,https://cards.scryfall.io/small/front/4/5/45026d57-0324-4312-8b86-2e7d4f581ee9.jpg?1783942123,
bbec97ff-bb84-4496-9e09-d4fc1570c516,Mawloc,2.0,Creature — Tyranid,True,False,https://cards.scryfall.io/normal/front/b/b/bbec97ff-bb84-4496-9e09-d4fc1570c516.jpg?1783920840,https://cards.scryfall.io/small/front/b/b/bbec97ff-bb84-4496-9e09-d4fc1570c516.jpg?1783920840,
37dbe1a3-3c44-452b-9fb9-37f5d793d0b5,Memory Jar,5.0,Artifact,False,False,https://cards.scryfall.io/normal/front/3/7/37dbe1a3-3c44-452b-9fb9-37f5d793d0b5.jpg?1783941775,https://cards.scryfall.io/small/front/3/7/37dbe1a3-3c44-452b-9fb9-37f5d793d0b5.jpg?1783941775,
1785cb18-c291-4fd5-b8c7-ace893c32e49,Mesmeric Fiend,2.0,Creature — Nightmare Horror,True,False,https://cards.scryfall.io/normal/front/1/7/1785cb18-c291-4fd5-b8c7-ace893c32e49.jpg?1783940085,https://cards.scryfall.io/small/front/1/7/1785cb18-c291-4fd5-b8c7-ace893c32e49.jpg?1783940085,
16448d95-ee21-4def-b880-26f6f159c213,Metamorphosis Fanatic,6.0,Creature — Human Cleric,True,False,https://cards.scryfall.io/normal/front/1/6/16448d95-ee21-4def-b880-26f6f159c213.jpg?1783909658,https://cards.scryfall.io/small/front/1/6/16448d95-ee21-4def-b880-26f6f159c213.jpg?1783909658,
652236c2-84ef-45e4-b5fc-ed6170bc3d6c,Meticulous Archive,0.0,Land — Plains Island,False,True,https://cards.scryfall.io/normal/front/6/5/652236c2-84ef-45e4-b5fc-ed6170bc3d6c.jpg?1783912824,https://cards.scryfall.io/small/front/6/5/652236c2-84ef-45e4-b5fc-ed6170bc3d6c.jpg?1783912824,
162e81d3-6cd4-4cb8-8ed8-cfbd8d34ca71,Mind Stone,2.0,Artifact,False,False,https://cards.scryfall.io/normal/front/1/6/162e81d3-6cd4-4cb8-8ed8-cfbd8d34ca71.jpg?1783946713,https://cards.scryfall.io/small/front/1/6/162e81d3-6cd4-4cb8-8ed8-cfbd8d34ca71.jpg?1783946713,
5ad67b3c-cd5a-497b-8639-9b844e8d517a,Mind Twist,1.0,Sorcery,False,False,https://cards.scryfall.io/normal/front/5/a/5ad67b3c-cd5a-497b-8639-9b844e8d517a.jpg?1783936087,https://cards.scryfall.io/small/front/5/a/5ad67b3c-cd5a-497b-8639-9b844e8d517a.jpg?1783936087,
3c7474e1-cfae-4867-a11a-d5cf9ff7ea5f,Mind's Desire,6.0,Sorcery,False,False,https://cards.scryfall.io/normal/front/3/c/3c7474e1-cfae-4867-a11a-d5cf9ff7ea5f.jpg?1783944885,https://cards.scryfall.io/small/front/3/c/3c7474e1-cfae-4867-a11a-d5cf9ff7ea5f.jpg?1783944885,
98fb1eaa-2871-491a-a4f5-3e358778ba40,Mindslaver,6.0,Legendary Artifact,False,False,https://cards.scryfall.io/normal/front/9/8/98fb1eaa-2871-491a-a4f5-3e358778ba40.jpg?1783944513,https://cards.scryfall.io/small/front/9/8/98fb1eaa-2871-491a-a4f5-3e358778ba40.jpg?1783944513,
928036c9-11b8-493e-b9f2-8fbd3487cd19,"Minsc & Boo, Timeless Heroes",4.0,Legendary Planeswalker — Minsc,False,False,https://cards.scryfall.io/normal/front/9/2/928036c9-11b8-493e-b9f2-8fbd3487cd19.jpg?1783922688,https://cards.scryfall.io/small/front/9/2/928036c9-11b8-493e-b9f2-8fbd3487cd19.jpg?1783922688,
29148d7e-b398-4e19-a29e-d9a660ad5016,Mirage Mirror,3.0,Artifact,False,False,https://cards.scryfall.io/normal/front/2/9/29148d7e-b398-4e19-a29e-d9a660ad5016.jpg?1783936001,https://cards.scryfall.io/small/front/2/9/29148d7e-b398-4e19-a29e-d9a660ad5016.jpg?1783936001,
4b4956a2-9a39-4152-9c98-70e4b2acfa26,Miscalculation,2.0,Instant,False,False,https://cards.scryfall.io/normal/front/4/b/4b4956a2-9a39-4152-9c98-70e4b2acfa26.jpg?1783946245,https://cards.scryfall.io/small/front/4/b/4b4956a2-9a39-4152-9c98-70e4b2acfa26.jpg?1783946245,
8a720448-017f-4f4a-9501-678245eaed17,Mishra's Bauble,0.0,Artifact,False,False,https://cards.scryfall.io/normal/front/8/a/8a720448-017f-4f4a-9501-678245eaed17.jpg?1783943319,https://cards.scryfall.io/small/front/8/a/8a720448-017f-4f4a-9501-678245eaed17.jpg?1783943319,
245cdc59-d560-4c10-b721-f51cc312e370,Mishra's Factory,0.0,Land,False,True,https://cards.scryfall.io/normal/front/2/4/245cdc59-d560-4c10-b721-f51cc312e370.jpg?1783935099,https://cards.scryfall.io/small/front/2/4/245cdc59-d560-4c10-b721-f51cc312e370.jpg?1783935099,
bb142d99-b210-47c8-897c-be62f90d2192,Mishra's Research Desk,1.0,Artifact,False,False,https://cards.scryfall.io/normal/front/b/b/bb142d99-b210-47c8-897c-be62f90d2192.jpg?1783920054,https://cards.scryfall.io/small/front/b/b/bb142d99-b210-47c8-897c-be62f90d2192.jpg?1783920054,
aac0c8df-f01d-4178-8d66-ee603f814d24,Mishra's Workshop,0.0,Land,False,True,https://cards.scryfall.io/normal/front/a/a/aac0c8df-f01d-4178-8d66-ee603f814d24.jpg?1783939223,https://cards.scryfall.io/small/front/a/a/aac0c8df-f01d-4178-8d66-ee603f814d24.jpg?1783939223,
24a5cc2c-0fbf-4a5f-b175-6e0ffd0d0787,Misty Rainforest,0.0,Land,False,True,https://cards.scryfall.io/normal/front/2/4/24a5cc2c-0fbf-4a5f-b175-6e0ffd0d0787.jpg?1783942123,https://cards.scryfall.io/small/front/2/4/24a5cc2c-0fbf-4a5f-b175-6e0ffd0d0787.jpg?1783942123,
952ba126-0915-47f0-9b6a-a0a6dcd22c6f,Moat,4.0,Enchantment,False,False,https://cards.scryfall.io/normal/front/9/5/952ba126-0915-47f0-9b6a-a0a6dcd22c6f.jpg?1783948082,https://cards.scryfall.io/small/front/9/5/952ba126-0915-47f0-9b6a-a0a6dcd22c6f.jpg?1783948082,
ade32396-8841-4ba4-8852-d11146607f21,Mockingbird,1.0,Creature — Bird Bard,True,False,https://cards.scryfall.io/normal/front/a/d/ade32396-8841-4ba4-8852-d11146607f21.jpg?1783910846,https://cards.scryfall.io/small/front/a/d/ade32396-8841-4ba4-8852-d11146607f21.jpg?1783910846,
2487d124-210b-4808-888c-cd0a78aebd90,Molten Collapse,2.0,Sorcery,False,False,https://cards.scryfall.io/normal/front/2/4/2487d124-210b-4808-888c-cd0a78aebd90.jpg?1783913731,https://cards.scryfall.io/small/front/2/4/2487d124-210b-4808-888c-cd0a78aebd90.jpg?1783913731,
abcd0e32-2e6b-419b-9e8a-af38f2b48a66,Monastery Mentor,3.0,Creature — Human Monk,True,False,https://cards.scryfall.io/normal/front/a/b/abcd0e32-2e6b-419b-9e8a-af38f2b48a66.jpg?1783938710,https://cards.scryfall.io/small/front/a/b/abcd0e32-2e6b-419b-9e8a-af38f2b48a66.jpg?1783938710,
d21433ba-0a14-42bc-ad0b-a4ef823a3295,Monument to Endurance,3.0,Artifact,False,False,https://cards.scryfall.io/normal/front/d/2/d21433ba-0a14-42bc-ad0b-a4ef823a3295.jpg?1783907848,https://cards.scryfall.io/small/front/d/2/d21433ba-0a14-42bc-ad0b-a4ef823a3295.jpg?1783907848,
2573e694-eaa0-42ca-b470-2ab507cbcec1,Moonshadow,1.0,Creature — Elemental,True,False,https://cards.scryfall.io/normal/front/2/5/2573e694-eaa0-42ca-b470-2ab507cbcec1.jpg?1783904461,https://cards.scryfall.io/small/front/2/5/2573e694-eaa0-42ca-b470-2ab507cbcec1.jpg?1783904461,
5b8ba842-c662-4686-bca3-93ddb7fa11a6,Mother of Runes,1.0,Creature — Human Cleric,True,False,https://cards.scryfall.io/normal/front/5/b/5b8ba842-c662-4686-bca3-93ddb7fa11a6.jpg?1783936095,https://cards.scryfall.io/small/front/5/b/5b8ba842-c662-4686-bca3-93ddb7fa11a6.jpg?1783936095,
fadb218d-29e2-42d1-a7a1-1066741d63ad,Mox Diamond,0.0,Artifact,False,False,https://cards.scryfall.io/normal/front/f/a/fadb218d-29e2-42d1-a7a1-1066741d63ad.jpg?1783941773,https://cards.scryfall.io/small/front/f/a/fadb218d-29e2-42d1-a7a1-1066741d63ad.jpg?1783941773,
aced2c55-7543-4076-bcdd-36c4d649b8ae,Mox Emerald,0.0,Artifact,False,False,https://cards.scryfall.io/normal/front/a/c/aced2c55-7543-4076-bcdd-36c4d649b8ae.jpg?1783939332,https://cards.scryfall.io/small/front/a/c/aced2c55-7543-4076-bcdd-36c4d649b8ae.jpg?1783939332,
5f6927e1-c580-483a-8e2a-6e2deb74800e,Mox Jet,0.0,Artifact,False,False,https://cards.scryfall.io/normal/front/5/f/5f6927e1-c580-483a-8e2a-6e2deb74800e.jpg?1783939331,https://cards.scryfall.io/small/front/5/f/5f6927e1-c580-483a-8e2a-6e2deb74800e.jpg?1783939331,
6be9b1d5-9ab8-4adb-ba54-2c0117e842fa,Mox Opal,0.0,Legendary Artifact,False,False,https://cards.scryfall.io/normal/front/6/b/6be9b1d5-9ab8-4adb-ba54-2c0117e842fa.jpg?1783941702,https://cards.scryfall.io/small/front/6/b/6be9b1d5-9ab8-4adb-ba54-2c0117e842fa.jpg?1783941702,
ed0216a0-c5c9-4a99-b869-53e4d0256326,Mox Pearl,0.0,Artifact,False,False,https://cards.scryfall.io/normal/front/e/d/ed0216a0-c5c9-4a99-b869-53e4d0256326.jpg?1783939331,https://cards.scryfall.io/small/front/e/d/ed0216a0-c5c9-4a99-b869-53e4d0256326.jpg?1783939331,
22c26e44-e129-4c4d-b552-3cc8774ce1a4,Mox Poison,0.0,Artifact,False,False,https://cards.scryfall.io/normal/front/2/2/22c26e44-e129-4c4d-b552-3cc8774ce1a4.jpg?1783917757,https://cards.scryfall.io/small/front/2/2/22c26e44-e129-4c4d-b552-3cc8774ce1a4.jpg?1783917757,
45fd6e91-df76-497f-b642-33dc3d5f6a5a,Mox Ruby,0.0,Artifact,False,False,https://cards.scryfall.io/normal/front/4/5/45fd6e91-df76-497f-b642-33dc3d5f6a5a.jpg?1783939329,https://cards.scryfall.io/small/front/4/5/45fd6e91-df76-497f-b642-33dc3d5f6a5a.jpg?1783939329,
ea1feac0-d3a7-45eb-9719-1cdaf51ea0b6,Mox Sapphire,0.0,Artifact,False,False,https://cards.scryfall.io/normal/front/e/a/ea1feac0-d3a7-45eb-9719-1cdaf51ea0b6.jpg?1783939328,https://cards.scryfall.io/small/front/e/a/ea1feac0-d3a7-45eb-9719-1cdaf51ea0b6.jpg?1783939328,
345fd005-5052-4500-a260-3649500e21f4,Mulldrifter,5.0,Creature — Elemental,True,False,https://cards.scryfall.io/normal/front/3/4/345fd005-5052-4500-a260-3649500e21f4.jpg?1783928323,https://cards.scryfall.io/small/front/3/4/345fd005-5052-4500-a260-3649500e21f4.jpg?1783928323,
f5fb426a-5618-4dd4-9c51-0cc847be8c1d,Multiversal Passage,0.0,Land,False,True,https://cards.scryfall.io/normal/front/f/5/f5fb426a-5618-4dd4-9c51-0cc847be8c1d.jpg?1783905299,https://cards.scryfall.io/small/front/f/5/f5fb426a-5618-4dd4-9c51-0cc847be8c1d.jpg?1783905299,
20c4aae1-7665-4df7-bd51-a1d95bf8a17d,Murktide Regent,7.0,Creature — Dragon,True,False,https://cards.scryfall.io/normal/front/2/0/20c4aae1-7665-4df7-bd51-a1d95bf8a17d.jpg?1783926875,https://cards.scryfall.io/small/front/2/0/20c4aae1-7665-4df7-bd51-a1d95bf8a17d.jpg?1783926875,
8ca3c48b-f104-4292-9a4e-2ce87a65893c,Mutavault,0.0,Land,False,True,https://cards.scryfall.io/normal/front/8/c/8ca3c48b-f104-4292-9a4e-2ce87a65893c.jpg?1783942774,https://cards.scryfall.io/small/front/8/c/8ca3c48b-f104-4292-9a4e-2ce87a65893c.jpg?1783942774,
05e8a4ea-8c0d-4284-ac23-80e19fdde11d,Myr Battlesphere,7.0,Artifact Creature — Myr Construct,True,False,https://cards.scryfall.io/normal/front/0/5/05e8a4ea-8c0d-4284-ac23-80e19fdde11d.jpg?1783939637,https://cards.scryfall.io/small/front/0/5/05e8a4ea-8c0d-4284-ac23-80e19fdde11d.jpg?1783939637,
cf3eb762-6c3f-4b11-a4f9-968f79370217,Mystic Confluence,5.0,Instant,False,False,https://cards.scryfall.io/normal/front/c/f/cf3eb762-6c3f-4b11-a4f9-968f79370217.jpg?1783938008,https://cards.scryfall.io/small/front/c/f/cf3eb762-6c3f-4b11-a4f9-968f79370217.jpg?1783938008,
924a24e7-91b8-4ceb-a136-7a765d98c994,Mystic Forge,4.0,Artifact,False,False,https://cards.scryfall.io/normal/front/9/2/924a24e7-91b8-4ceb-a136-7a765d98c994.jpg?1783932941,https://cards.scryfall.io/small/front/9/2/924a24e7-91b8-4ceb-a136-7a765d98c994.jpg?1783932941,
1571b584-9007-45ee-a3c3-6c72f227fee2,Mystical Tutor,1.0,Instant,False,False,https://cards.scryfall.io/normal/front/1/5/1571b584-9007-45ee-a3c3-6c72f227fee2.jpg?1783946197,https://cards.scryfall.io/small/front/1/5/1571b584-9007-45ee-a3c3-6c72f227fee2.jpg?1783946197,
94b67489-5eb0-4406-9bf3-27e50dc632eb,"Nadu, Winged Wisdom",3.0,Legendary Creature — Bird Wizard,True,False,https://cards.scryfall.io/normal/front/9/4/94b67489-5eb0-4406-9bf3-27e50dc632eb.jpg?1783911249,https://cards.scryfall.io/small/front/9/4/94b67489-5eb0-4406-9bf3-27e50dc632eb.jpg?1783911249,
8c39f9b4-02b9-4d44-b8d6-4fd02ebbb0c5,"Narset, Parter of Veils",3.0,Legendary Planeswalker — Narset,False,False,https://cards.scryfall.io/normal/front/8/c/8c39f9b4-02b9-4d44-b8d6-4fd02ebbb0c5.jpg?1783933458,https://cards.scryfall.io/small/front/8/c/8c39f9b4-02b9-4d44-b8d6-4fd02ebbb0c5.jpg?1783933458,
0845f0b0-9413-4ddd-861d-9607636bebc6,Natural Order,4.0,Sorcery,False,False,https://cards.scryfall.io/normal/front/0/8/0845f0b0-9413-4ddd-861d-9607636bebc6.jpg?1783946981,https://cards.scryfall.io/small/front/0/8/0845f0b0-9413-4ddd-861d-9607636bebc6.jpg?1783946981,
311a6257-dd77-4bb6-81cb-c8e7862350f3,Necromancy,3.0,Enchantment,False,False,https://cards.scryfall.io/normal/front/3/1/311a6257-dd77-4bb6-81cb-c8e7862350f3.jpg?1783946992,https://cards.scryfall.io/small/front/3/1/311a6257-dd77-4bb6-81cb-c8e7862350f3.jpg?1783946992,
3ee3945e-5089-4751-b7b3-5961c39d2a33,Nethergoyf,1.0,Creature — Lhurgoyf,True,False,https://cards.scryfall.io/normal/front/3/e/3ee3945e-5089-4751-b7b3-5961c39d2a33.jpg?1783911277,https://cards.scryfall.io/small/front/3/e/3ee3945e-5089-4751-b7b3-5961c39d2a33.jpg?1783911277,
4a0bb5dc-75a6-4bd6-81f8-611197fb0fba,Nettlecyst,3.0,Artifact — Equipment,False,False,https://cards.scryfall.io/normal/front/4/a/4a0bb5dc-75a6-4bd6-81f8-611197fb0fba.jpg?1783926803,https://cards.scryfall.io/small/front/4/a/4a0bb5dc-75a6-4bd6-81f8-611197fb0fba.jpg?1783926803,
b0f61742-522c-4b36-97db-41d0c412a072,Nexus of Becoming,6.0,Artifact,False,False,https://cards.scryfall.io/normal/front/b/0/b0f61742-522c-4b36-97db-41d0c412a072.jpg?1783911995,https://cards.scryfall.io/small/front/b/0/b0f61742-522c-4b36-97db-41d0c412a072.jpg?1783911995,
9a71531f-d4b6-4cc7-8193-b2f5bce33b21,Night Scythe,3.0,Artifact — Vehicle,False,False,https://cards.scryfall.io/normal/front/9/a/9a71531f-d4b6-4cc7-8193-b2f5bce33b21.jpg?1783920816,https://cards.scryfall.io/small/front/9/a/9a71531f-d4b6-4cc7-8193-b2f5bce33b21.jpg?1783920816,
18f23daa-bc59-456a-8a28-3823e51bc74b,Night's Whisper,2.0,Sorcery,False,False,https://cards.scryfall.io/normal/front/1/8/18f23daa-bc59-456a-8a28-3823e51bc74b.jpg?1783939476,https://cards.scryfall.io/small/front/1/8/18f23daa-bc59-456a-8a28-3823e51bc74b.jpg?1783939476,
1dd64b1d-bcef-476c-bf0b-3ac7df7cbed3,"Nissa, Ascended Animist",7.0,Legendary Planeswalker — Nissa,False,False,https://cards.scryfall.io/normal/front/1/d/1dd64b1d-bcef-476c-bf0b-3ac7df7cbed3.jpg?1783918012,https://cards.scryfall.io/small/front/1/d/1dd64b1d-bcef-476c-bf0b-3ac7df7cbed3.jpg?1783918012,
41e108a5-4e2f-42cf-9ea1-87bf3c0a2b7f,"Nissa, Who Shakes the World",5.0,Legendary Planeswalker — Nissa,False,False,https://cards.scryfall.io/normal/front/4/1/41e108a5-4e2f-42cf-9ea1-87bf3c0a2b7f.jpg?1783933301,https://cards.scryfall.io/small/front/4/1/41e108a5-4e2f-42cf-9ea1-87bf3c0a2b7f.jpg?1783933301,
1e0c695d-62f9-4805-9e2f-7032e8464136,No More Lies,2.0,Instant,False,False,https://cards.scryfall.io/normal/front/1/e/1e0c695d-62f9-4805-9e2f-7032e8464136.jpg?1783912840,https://cards.scryfall.io/small/front/1/e/1e0c695d-62f9-4805-9e2f-7032e8464136.jpg?1783912840,
400382a4-aea2-4827-b06a-1b0b3745908b,Noble Hierarch,1.0,Creature — Human Druid,True,False,https://cards.scryfall.io/normal/front/4/0/400382a4-aea2-4827-b06a-1b0b3745908b.jpg?1783930143,https://cards.scryfall.io/small/front/4/0/400382a4-aea2-4827-b06a-1b0b3745908b.jpg?1783930143,
da13a060-36ee-41e9-bab1-af8ddcc893b8,Norman Osborn // Green Goblin,2.0,Legendary Creature — Human Scientist Villain // Legendary Creature — Goblin Human Villain,True,False,https://cards.scryfall.io/normal/front/d/a/da13a060-36ee-41e9-bab1-af8ddcc893b8.jpg?1783905540,https://cards.scryfall.io/small/front/d/a/da13a060-36ee-41e9-bab1-af8ddcc893b8.jpg?1783905540,
0ad38866-fc5f-4f62-89c1-afc0f50765aa,Novice Inspector,1.0,Creature — Human Detective,True,False,https://cards.scryfall.io/normal/front/0/a/0ad38866-fc5f-4f62-89c1-afc0f50765aa.jpg?1783912920,https://cards.scryfall.io/small/front/0/a/0ad38866-fc5f-4f62-89c1-afc0f50765aa.jpg?1783912920,
6920c895-bc98-4871-a53f-219fa27a74e5,Occult Epiphany,1.0,Instant,False,False,https://cards.scryfall.io/normal/front/6/9/6920c895-bc98-4871-a53f-219fa27a74e5.jpg?1783925004,https://cards.scryfall.io/small/front/6/9/6920c895-bc98-4871-a53f-219fa27a74e5.jpg?1783925004,
c86b8a75-9e31-4a44-95b8-c83b9a49646f,Ocelot Pride,1.0,Creature — Cat,True,False,https://cards.scryfall.io/normal/front/c/8/c86b8a75-9e31-4a44-95b8-c83b9a49646f.jpg?1784634451,https://cards.scryfall.io/small/front/c/8/c86b8a75-9e31-4a44-95b8-c83b9a49646f.jpg?1784634451,
3462a3d0-5552-49fa-9eb7-100960c55891,"Oko, Thief of Crowns",3.0,Legendary Planeswalker — Oko,False,False,https://cards.scryfall.io/normal/front/3/4/3462a3d0-5552-49fa-9eb7-100960c55891.jpg?1783932594,https://cards.scryfall.io/small/front/3/4/3462a3d0-5552-49fa-9eb7-100960c55891.jpg?1783932594,
b5aaaee0-9a61-45df-821e-cce516f8de6a,Old One Eye,6.0,Legendary Creature — Tyranid,True,False,https://cards.scryfall.io/normal/front/b/5/b5aaaee0-9a61-45df-821e-cce516f8de6a.jpg?1783920874,https://cards.scryfall.io/small/front/b/5/b5aaaee0-9a61-45df-821e-cce516f8de6a.jpg?1783920874,
6989018c-37b1-4282-a4af-9cc97f160b4d,Oliphaunt,6.0,Creature — Elephant,True,False,https://cards.scryfall.io/normal/front/6/9/6989018c-37b1-4282-a4af-9cc97f160b4d.jpg?1783916284,https://cards.scryfall.io/small/front/6/9/6989018c-37b1-4282-a4af-9cc97f160b4d.jpg?1783916284,
4e4fb50c-a81f-44d3-93c5-fa9a0b37f617,"Omnath, Locus of Creation",4.0,Legendary Creature — Elemental,True,False,https://cards.scryfall.io/normal/front/4/e/4e4fb50c-a81f-44d3-93c5-fa9a0b37f617.jpg?1783929320,https://cards.scryfall.io/small/front/4/e/4e4fb50c-a81f-44d3-93c5-fa9a0b37f617.jpg?1783929320,
4034e5ba-9974-43e3-bde7-8d9b4586c3a4,Once Upon a Time,2.0,Instant,False,False,https://cards.scryfall.io/normal/front/4/0/4034e5ba-9974-43e3-bde7-8d9b4586c3a4.jpg?1783932607,https://cards.scryfall.io/small/front/4/0/4034e5ba-9974-43e3-bde7-8d9b4586c3a4.jpg?1783932607,
66d80dd1-b944-4cb2-8578-b4dbcabbbc1e,Ophiomancer,3.0,Creature — Human Shaman,True,False,https://cards.scryfall.io/normal/front/6/6/66d80dd1-b944-4cb2-8578-b4dbcabbbc1e.jpg?1783939675,https://cards.scryfall.io/small/front/6/6/66d80dd1-b944-4cb2-8578-b4dbcabbbc1e.jpg?1783939675,
95be2701-af7c-483e-8165-e8bd4b2774ed,Opposition,4.0,Enchantment,False,False,https://cards.scryfall.io/normal/front/9/5/95be2701-af7c-483e-8165-e8bd4b2774ed.jpg?1783946078,https://cards.scryfall.io/small/front/9/5/95be2701-af7c-483e-8165-e8bd4b2774ed.jpg?1783946078,
5de097e5-e960-4404-a370-defe93ce892f,Oracle of Mul Daya,4.0,Creature — Elf Shaman,True,False,https://cards.scryfall.io/normal/front/5/d/5de097e5-e960-4404-a370-defe93ce892f.jpg?1783930358,https://cards.scryfall.io/small/front/5/d/5de097e5-e960-4404-a370-defe93ce892f.jpg?1783930358,
7c024bae-5631-4e20-ac69-df392ac9e109,Orcish Bowmasters,2.0,Creature — Orc Archer,True,False,https://cards.scryfall.io/normal/front/7/c/7c024bae-5631-4e20-ac69-df392ac9e109.jpg?1783916299,https://cards.scryfall.io/small/front/7/c/7c024bae-5631-4e20-ac69-df392ac9e109.jpg?1783916299,
1f2f7d4b-aa65-42ed-a441-8e35be96743c,Orcish Lumberjack,1.0,Creature — Orc,True,False,https://cards.scryfall.io/normal/front/1/f/1f2f7d4b-aa65-42ed-a441-8e35be96743c.jpg?1783926377,https://cards.scryfall.io/small/front/1/f/1f2f7d4b-aa65-42ed-a441-8e35be96743c.jpg?1783926377,
0020c31b-002a-4121-bc61-2c2c16e9afc8,Ornery Tumblewagg,3.0,Creature — Brushwagg Mount,True,False,https://cards.scryfall.io/normal/front/0/0/0020c31b-002a-4121-bc61-2c2c16e9afc8.jpg?1783911806,https://cards.scryfall.io/small/front/0/0/0020c31b-002a-4121-bc61-2c2c16e9afc8.jpg?1783911806,
486d7edc-d983-41f0-8b78-c99aecd72996,"Otawara, Soaring City",0.0,Legendary Land,False,True,https://cards.scryfall.io/normal/front/4/8/486d7edc-d983-41f0-8b78-c99aecd72996.jpg?1783923816,https://cards.scryfall.io/small/front/4/8/486d7edc-d983-41f0-8b78-c99aecd72996.jpg?1783923816,
80c72839-0fa6-4b5f-83b7-6553ebf09bef,"Otharri, Suns' Glory",5.0,Legendary Creature — Phoenix,True,False,https://cards.scryfall.io/normal/front/8/0/80c72839-0fa6-4b5f-83b7-6553ebf09bef.jpg?1783918163,https://cards.scryfall.io/small/front/8/0/80c72839-0fa6-4b5f-83b7-6553ebf09bef.jpg?1783918163,
209c591a-4ab2-4e89-9523-a7b766cf4e51,Ouroboroid,4.0,Creature — Plant Wurm,True,False,https://cards.scryfall.io/normal/front/2/0/209c591a-4ab2-4e89-9523-a7b766cf4e51.jpg?1783905933,https://cards.scryfall.io/small/front/2/0/209c591a-4ab2-4e89-9523-a7b766cf4e51.jpg?1783905933,
07313dd3-d0dc-40ca-98a3-fa4d39e5bcae,Oust,1.0,Sorcery,False,False,https://cards.scryfall.io/normal/front/0/7/07313dd3-d0dc-40ca-98a3-fa4d39e5bcae.jpg?1783942004,https://cards.scryfall.io/small/front/0/7/07313dd3-d0dc-40ca-98a3-fa4d39e5bcae.jpg?1783942004,
1c7d50d6-b63a-4d8c-88fa-1d78ae693a45,Overgrown Tomb,0.0,Land — Swamp Forest,False,True,https://cards.scryfall.io/normal/front/1/c/1c7d50d6-b63a-4d8c-88fa-1d78ae693a45.jpg?1783940320,https://cards.scryfall.io/small/front/1/c/1c7d50d6-b63a-4d8c-88fa-1d78ae693a45.jpg?1783940320,
9b911653-7b96-4cf3-a907-13c5c53a14f7,Overlord of the Balemurk,5.0,Enchantment Creature — Avatar Horror,True,False,https://cards.scryfall.io/normal/front/9/b/9b911653-7b96-4cf3-a907-13c5c53a14f7.jpg?1783909475,https://cards.scryfall.io/small/front/9/b/9b911653-7b96-4cf3-a907-13c5c53a14f7.jpg?1783909475,
d58d3545-043a-457a-8324-facc3c2363ec,Overlord of the Boilerbilges,6.0,Enchantment Creature — Avatar Horror,True,False,https://cards.scryfall.io/normal/front/d/5/d58d3545-043a-457a-8324-facc3c2363ec.jpg?1783909466,https://cards.scryfall.io/small/front/d/5/d58d3545-043a-457a-8324-facc3c2363ec.jpg?1783909466,
6bcafc2e-cef6-412d-8c5d-1658c3337292,Overlord of the Mistmoors,7.0,Enchantment Creature — Avatar Horror,True,False,https://cards.scryfall.io/normal/front/6/b/6bcafc2e-cef6-412d-8c5d-1658c3337292.jpg?1783909507,https://cards.scryfall.io/small/front/6/b/6bcafc2e-cef6-412d-8c5d-1658c3337292.jpg?1783909507,
78cef262-c753-4658-b3ec-fec8db47f944,Palace Jailer,4.0,Creature — Human Soldier,True,False,https://cards.scryfall.io/normal/front/7/8/78cef262-c753-4658-b3ec-fec8db47f944.jpg?1783937364,https://cards.scryfall.io/small/front/7/8/78cef262-c753-4658-b3ec-fec8db47f944.jpg?1783937364,
6efb6a69-562c-4d95-858d-b067444cfd7e,Palantír of Orthanc,3.0,Legendary Artifact,False,False,https://cards.scryfall.io/normal/front/6/e/6efb6a69-562c-4d95-858d-b067444cfd7e.jpg?1783916235,https://cards.scryfall.io/small/front/6/e/6efb6a69-562c-4d95-858d-b067444cfd7e.jpg?1783916235,
fe30c0ff-f74b-456a-a61e-3720d84d713f,Parallax Wave,4.0,Enchantment,False,False,https://cards.scryfall.io/normal/front/f/e/fe30c0ff-f74b-456a-a61e-3720d84d713f.jpg?1783939320,https://cards.scryfall.io/small/front/f/e/fe30c0ff-f74b-456a-a61e-3720d84d713f.jpg?1783939320,
7a4e1580-dd26-4f4b-ac98-3e6fa7b879d5,Patchwork Automaton,2.0,Artifact Creature — Construct,True,False,https://cards.scryfall.io/normal/front/7/a/7a4e1580-dd26-4f4b-ac98-3e6fa7b879d5.jpg?1783923821,https://cards.scryfall.io/small/front/7/a/7a4e1580-dd26-4f4b-ac98-3e6fa7b879d5.jpg?1783923821,
045ce37b-86d2-4e56-84af-b6625b53d13c,Path to Exile,1.0,Instant,False,False,https://cards.scryfall.io/normal/front/0/4/045ce37b-86d2-4e56-84af-b6625b53d13c.jpg?1783939388,https://cards.scryfall.io/small/front/0/4/045ce37b-86d2-4e56-84af-b6625b53d13c.jpg?1783939388,
672b9b16-daef-44e6-9a3a-cfd9f3c78bc7,Pentad Prism,2.0,Artifact,False,False,https://cards.scryfall.io/normal/front/6/7/672b9b16-daef-44e6-9a3a-cfd9f3c78bc7.jpg?1783944376,https://cards.scryfall.io/small/front/6/7/672b9b16-daef-44e6-9a3a-cfd9f3c78bc7.jpg?1783944376,
4b0bd07e-cf80-4d64-af29-f4cec6632b3e,Perilous Landscape,0.0,Land,False,True,https://cards.scryfall.io/normal/front/4/b/4b0bd07e-cf80-4d64-af29-f4cec6632b3e.jpg?1783911239,https://cards.scryfall.io/small/front/4/b/4b0bd07e-cf80-4d64-af29-f4cec6632b3e.jpg?1783911239,
4720b4f2-e6af-4223-9250-a0ed21ed5693,Pest Infestation,1.0,Sorcery,False,False,https://cards.scryfall.io/normal/front/4/7/4720b4f2-e6af-4223-9250-a0ed21ed5693.jpg?1783927588,https://cards.scryfall.io/small/front/4/7/4720b4f2-e6af-4223-9250-a0ed21ed5693.jpg?1783927588,
f252ae53-443c-4a27-b8f0-639a9a2b8598,Pestermite,3.0,Creature — Faerie Rogue,True,False,https://cards.scryfall.io/normal/front/f/2/f252ae53-443c-4a27-b8f0-639a9a2b8598.jpg?1783942899,https://cards.scryfall.io/small/front/f/2/f252ae53-443c-4a27-b8f0-639a9a2b8598.jpg?1783942899,
98e7bf8f-dba7-4005-8cee-634c9153931d,Phantasmal Image,2.0,Creature — Illusion,True,False,https://cards.scryfall.io/normal/front/9/8/98e7bf8f-dba7-4005-8cee-634c9153931d.jpg?1783941088,https://cards.scryfall.io/small/front/9/8/98e7bf8f-dba7-4005-8cee-634c9153931d.jpg?1783941088,
55707746-da6e-46e5-a5ca-7ac843fdc38e,"Phelia, Exuberant Shepherd",2.0,Legendary Creature — Dog,True,False,https://cards.scryfall.io/normal/front/5/5/55707746-da6e-46e5-a5ca-7ac843fdc38e.jpg?1783911298,https://cards.scryfall.io/small/front/5/5/55707746-da6e-46e5-a5ca-7ac843fdc38e.jpg?1783911298,
e419cd0b-2449-4cc5-9ead-b9e45e271700,"Phlage, Titan of Fire's Fury",3.0,Legendary Creature — Elder Giant,True,False,https://cards.scryfall.io/normal/front/e/4/e419cd0b-2449-4cc5-9ead-b9e45e271700.jpg?1783911247,https://cards.scryfall.io/small/front/e/4/e419cd0b-2449-4cc5-9ead-b9e45e271700.jpg?1783911247,
62d37423-3445-412a-9abd-0480da404637,Phyrexian Fleshgorger,7.0,Artifact Creature — Phyrexian Wurm,True,False,https://cards.scryfall.io/normal/front/6/2/62d37423-3445-412a-9abd-0480da404637.jpg?1783920074,https://cards.scryfall.io/small/front/6/2/62d37423-3445-412a-9abd-0480da404637.jpg?1783920074,
d2e27911-87cb-49a0-a34f-6afe4bddd592,Phyrexian Metamorph,4.0,Artifact Creature — Phyrexian Shapeshifter,True,False,https://cards.scryfall.io/normal/front/d/2/d2e27911-87cb-49a0-a34f-6afe4bddd592.jpg?1783941318,https://cards.scryfall.io/small/front/d/2/d2e27911-87cb-49a0-a34f-6afe4bddd592.jpg?1783941318,
6982a82c-dd32-40d2-8dd2-ec92d0fc6c2d,Phyrexian Revoker,2.0,Artifact Creature — Phyrexian Horror,True,False,https://cards.scryfall.io/normal/front/6/9/6982a82c-dd32-40d2-8dd2-ec92d0fc6c2d.jpg?1783930099,https://cards.scryfall.io/small/front/6/9/6982a82c-dd32-40d2-8dd2-ec92d0fc6c2d.jpg?1783930099,
55d35442-5ca0-4fd7-8ff1-b7347b3e6690,Piggy Bank,2.0,Artifact Creature — Boar Toy,True,False,https://cards.scryfall.io/normal/front/5/5/55d35442-5ca0-4fd7-8ff1-b7347b3e6690.jpg?1783909465,https://cards.scryfall.io/small/front/5/5/55d35442-5ca0-4fd7-8ff1-b7347b3e6690.jpg?1783909465,
1daf4348-05c5-4c55-bcf2-c7bec7988bfc,Plateau,0.0,Land — Mountain Plains,False,True,https://cards.scryfall.io/normal/front/1/d/1daf4348-05c5-4c55-bcf2-c7bec7988bfc.jpg?1783948400,https://cards.scryfall.io/small/front/1/d/1daf4348-05c5-4c55-bcf2-c7bec7988bfc.jpg?1783948400,
0f7585c8-9e21-4eef-afc1-2852de23db2f,Polluted Delta,0.0,Land,False,True,https://cards.scryfall.io/normal/front/0/f/0f7585c8-9e21-4eef-afc1-2852de23db2f.jpg?1783945028,https://cards.scryfall.io/small/front/0/f/0f7585c8-9e21-4eef-afc1-2852de23db2f.jpg?1783945028,
3c02b8ee-84cb-44cb-ba14-9e725a9d03ee,Ponder,1.0,Sorcery,False,False,https://cards.scryfall.io/normal/front/3/c/3c02b8ee-84cb-44cb-ba14-9e725a9d03ee.jpg?1783942390,https://cards.scryfall.io/small/front/3/c/3c02b8ee-84cb-44cb-ba14-9e725a9d03ee.jpg?1783942390,
2616aa0e-8413-4e63-877c-bffd5263f552,Porcelain Legionnaire,3.0,Artifact Creature — Phyrexian Soldier,True,False,https://cards.scryfall.io/normal/front/2/6/2616aa0e-8413-4e63-877c-bffd5263f552.jpg?1783941324,https://cards.scryfall.io/small/front/2/6/2616aa0e-8413-4e63-877c-bffd5263f552.jpg?1783941324,
80fca8c0-ae3e-439e-b202-228b9f360e9a,Portable Hole,1.0,Artifact,False,False,https://cards.scryfall.io/normal/front/8/0/80fca8c0-ae3e-439e-b202-228b9f360e9a.jpg?1783926525,https://cards.scryfall.io/small/front/8/0/80fca8c0-ae3e-439e-b202-228b9f360e9a.jpg?1783926525,
5f608efc-0dbc-4cc3-aadd-ed473bfc29ab,Portal to Phyrexia,9.0,Artifact,False,False,https://cards.scryfall.io/normal/front/5/f/5f608efc-0dbc-4cc3-aadd-ed473bfc29ab.jpg?1783920015,https://cards.scryfall.io/small/front/5/f/5f608efc-0dbc-4cc3-aadd-ed473bfc29ab.jpg?1783920015,
19018f23-b63b-45af-8419-8959f41472d4,Pre-War Formalwear,3.0,Artifact — Equipment,False,False,https://cards.scryfall.io/normal/front/1/9/19018f23-b63b-45af-8419-8959f41472d4.jpg?1783912416,https://cards.scryfall.io/small/front/1/9/19018f23-b63b-45af-8419-8959f41472d4.jpg?1783912416,
89345f55-2b32-4356-945a-d56dded39909,Preacher of the Schism,3.0,Creature — Vampire Cleric,True,False,https://cards.scryfall.io/normal/front/8/9/89345f55-2b32-4356-945a-d56dded39909.jpg?1783913774,https://cards.scryfall.io/small/front/8/9/89345f55-2b32-4356-945a-d56dded39909.jpg?1783913774,
1453f92e-df2d-4789-aa1b-a5b5c51567d4,Preordain,1.0,Sorcery,False,False,https://cards.scryfall.io/normal/front/1/4/1453f92e-df2d-4789-aa1b-a5b5c51567d4.jpg?1783928855,https://cards.scryfall.io/small/front/1/4/1453f92e-df2d-4789-aa1b-a5b5c51567d4.jpg?1783928855,
fd6ddbca-b943-49d6-b341-509bb72dd5a6,Primeval Titan,6.0,Creature — Giant,True,False,https://cards.scryfall.io/normal/front/f/d/fd6ddbca-b943-49d6-b341-509bb72dd5a6.jpg?1783941057,https://cards.scryfall.io/small/front/f/d/fd6ddbca-b943-49d6-b341-509bb72dd5a6.jpg?1783941057,
866b7fd4-86e3-4b42-b1ea-33bad0db1f9f,Prismari Command,3.0,Instant,False,False,https://cards.scryfall.io/normal/front/8/6/866b7fd4-86e3-4b42-b1ea-33bad0db1f9f.jpg?1783927301,https://cards.scryfall.io/small/front/8/6/866b7fd4-86e3-4b42-b1ea-33bad0db1f9f.jpg?1783927301,
825969b9-3c70-4fca-8cab-696e9ca7cdb2,Prismatic Ending,1.0,Sorcery,False,False,https://cards.scryfall.io/normal/front/8/2/825969b9-3c70-4fca-8cab-696e9ca7cdb2.jpg?1783926888,https://cards.scryfall.io/small/front/8/2/825969b9-3c70-4fca-8cab-696e9ca7cdb2.jpg?1783926888,
1ac01fff-4de6-4783-9489-4127e25bc641,Prismatic Vista,0.0,Land,False,True,https://cards.scryfall.io/normal/front/1/a/1ac01fff-4de6-4783-9489-4127e25bc641.jpg?1783929425,https://cards.scryfall.io/small/front/1/a/1ac01fff-4de6-4783-9489-4127e25bc641.jpg?1783929425,
68924203-c3d9-41ce-8ca8-c6dd491eb3ca,Psychic Frog,2.0,Creature — Frog,True,False,https://cards.scryfall.io/normal/front/6/8/68924203-c3d9-41ce-8ca8-c6dd491eb3ca.jpg?1783911246,https://cards.scryfall.io/small/front/6/8/68924203-c3d9-41ce-8ca8-c6dd491eb3ca.jpg?1783911246,
97b9bab9-12ee-4da5-9d53-d0b82d9279cd,Pyrite Spellbomb,1.0,Artifact,False,False,https://cards.scryfall.io/normal/front/9/7/97b9bab9-12ee-4da5-9d53-d0b82d9279cd.jpg?1783944506,https://cards.scryfall.io/small/front/9/7/97b9bab9-12ee-4da5-9d53-d0b82d9279cd.jpg?1783944506,
0c0e7131-db26-448d-afda-f48337a026f0,Pyroclasm,2.0,Sorcery,False,False,https://cards.scryfall.io/normal/front/0/c/0c0e7131-db26-448d-afda-f48337a026f0.jpg?1783943015,https://cards.scryfall.io/small/front/0/c/0c0e7131-db26-448d-afda-f48337a026f0.jpg?1783943015,
fa87bf1e-2062-4983-b1c4-98bffea69a4c,Pyrogoyf,4.0,Creature — Lhurgoyf,True,False,https://cards.scryfall.io/normal/front/f/a/fa87bf1e-2062-4983-b1c4-98bffea69a4c.jpg?1783911409,https://cards.scryfall.io/small/front/f/a/fa87bf1e-2062-4983-b1c4-98bffea69a4c.jpg?1783911409,
db2a5e85-6cbc-43c1-9362-4056ad017ef0,Pyrokinesis,6.0,Instant,False,False,https://cards.scryfall.io/normal/front/d/b/db2a5e85-6cbc-43c1-9362-4056ad017ef0.jpg?1783947176,https://cards.scryfall.io/small/front/d/b/db2a5e85-6cbc-43c1-9362-4056ad017ef0.jpg?1783947176,
4f84b838-b8f1-4b9a-a19f-479594f9d427,Qasali Pridemage,2.0,Creature — Cat Wizard,True,False,https://cards.scryfall.io/normal/front/4/f/4f84b838-b8f1-4b9a-a19f-479594f9d427.jpg?1783941024,https://cards.scryfall.io/small/front/4/f/4f84b838-b8f1-4b9a-a19f-479594f9d427.jpg?1783941024,
120be808-ff3b-4fca-96a1-4db6b9825856,Quantum Riddler,5.0,Creature — Sphinx,True,False,https://cards.scryfall.io/normal/front/1/2/120be808-ff3b-4fca-96a1-4db6b9825856.jpg?1783905977,https://cards.scryfall.io/small/front/1/2/120be808-ff3b-4fca-96a1-4db6b9825856.jpg?1783905977,
e41cf82d-3213-47ce-a015-6e51a8b07e4f,Questing Beast,4.0,Legendary Creature — Beast,True,False,https://cards.scryfall.io/normal/front/e/4/e41cf82d-3213-47ce-a015-6e51a8b07e4f.jpg?1783932604,https://cards.scryfall.io/small/front/e/4/e41cf82d-3213-47ce-a015-6e51a8b07e4f.jpg?1783932604,
a2c56479-4bee-4edb-80d7-4af010b7c793,Raffine's Tower,0.0,Land — Plains Island Swamp,False,True,https://cards.scryfall.io/normal/front/a/2/a2c56479-4bee-4edb-80d7-4af010b7c793.jpg?1783923055,https://cards.scryfall.io/small/front/a/2/a2c56479-4bee-4edb-80d7-4af010b7c793.jpg?1783923055,
716a44b4-f6b0-4f14-a270-6442aed3251f,"Raffine, Scheming Seer",3.0,Legendary Creature — Sphinx Demon,True,False,https://cards.scryfall.io/normal/front/7/1/716a44b4-f6b0-4f14-a270-6442aed3251f.jpg?1783923074,https://cards.scryfall.io/small/front/7/1/716a44b4-f6b0-4f14-a270-6442aed3251f.jpg?1783923074,
a9738cda-adb1-47fb-9f4c-ecd930228c4d,"Ragavan, Nimble Pilferer",1.0,Legendary Creature — Monkey Pirate,True,False,https://cards.scryfall.io/normal/front/a/9/a9738cda-adb1-47fb-9f4c-ecd930228c4d.jpg?1783926839,https://cards.scryfall.io/small/front/a/9/a9738cda-adb1-47fb-9f4c-ecd930228c4d.jpg?1783926839,
8870ef0b-cb1f-463b-8509-fece4743d3d4,Ramunap Excavator,3.0,Creature — Snake Cleric,True,False,https://cards.scryfall.io/normal/front/8/8/8870ef0b-cb1f-463b-8509-fece4743d3d4.jpg?1783928706,https://cards.scryfall.io/small/front/8/8/8870ef0b-cb1f-463b-8509-fece4743d3d4.jpg?1783928706,
b598c93e-dae1-4d71-a9e4-917abf76d2d0,Raucous Theater,0.0,Land — Swamp Mountain,False,True,https://cards.scryfall.io/normal/front/b/5/b598c93e-dae1-4d71-a9e4-917abf76d2d0.jpg?1783912823,https://cards.scryfall.io/small/front/b/5/b598c93e-dae1-4d71-a9e4-917abf76d2d0.jpg?1783912823,
02138fbb-3962-4348-8d31-faaefba0b8b2,Raugrin Triome,0.0,Land — Island Mountain Plains,False,True,https://cards.scryfall.io/normal/front/0/2/02138fbb-3962-4348-8d31-faaefba0b8b2.jpg?1783931001,https://cards.scryfall.io/small/front/0/2/02138fbb-3962-4348-8d31-faaefba0b8b2.jpg?1783931001,
02551196-ecea-472f-9547-3c9658d0489e,Ravenous Chupacabra,4.0,Creature — Beast Horror,True,False,https://cards.scryfall.io/normal/front/0/2/02551196-ecea-472f-9547-3c9658d0489e.jpg?1783935306,https://cards.scryfall.io/small/front/0/2/02551196-ecea-472f-9547-3c9658d0489e.jpg?1783935306,
04fc99dc-bfbe-4567-b791-6b1db96471ec,Reanimate,1.0,Sorcery,False,False,https://cards.scryfall.io/normal/front/0/4/04fc99dc-bfbe-4567-b791-6b1db96471ec.jpg?1783933816,https://cards.scryfall.io/small/front/0/4/04fc99dc-bfbe-4567-b791-6b1db96471ec.jpg?1783933816,
0eee981e-5d26-4810-90e1-432f3c3107f2,Reclamation Sage,3.0,Creature — Elf Shaman,True,False,https://cards.scryfall.io/normal/front/0/e/0eee981e-5d26-4810-90e1-432f3c3107f2.jpg?1783934282,https://cards.scryfall.io/small/front/0/e/0eee981e-5d26-4810-90e1-432f3c3107f2.jpg?1783934282,
bb9ad57f-cca2-4717-a951-cbe3c7782efe,Recruiter of the Guard,3.0,Creature — Human Soldier,True,False,https://cards.scryfall.io/normal/front/b/b/bb9ad57f-cca2-4717-a951-cbe3c7782efe.jpg?1783937362,https://cards.scryfall.io/small/front/b/b/bb9ad57f-cca2-4717-a951-cbe3c7782efe.jpg?1783937362,
b50e1800-a45c-43bd-8886-8a06145d9346,Recurring Nightmare,3.0,Enchantment,False,False,https://cards.scryfall.io/normal/front/b/5/b50e1800-a45c-43bd-8886-8a06145d9346.jpg?1783938478,https://cards.scryfall.io/small/front/b/5/b50e1800-a45c-43bd-8886-8a06145d9346.jpg?1783938478,
175b3d28-5c74-4972-9b5c-5e39762c78f4,Relic of Sauron,4.0,Artifact,False,False,https://cards.scryfall.io/normal/front/1/7/175b3d28-5c74-4972-9b5c-5e39762c78f4.jpg?1783916010,https://cards.scryfall.io/small/front/1/7/175b3d28-5c74-4972-9b5c-5e39762c78f4.jpg?1783916010,
0027e5ca-8046-40a0-bd73-79be55f28bff,Remand,2.0,Instant,False,False,https://cards.scryfall.io/normal/front/0/0/0027e5ca-8046-40a0-bd73-79be55f28bff.jpg?1783939492,https://cards.scryfall.io/small/front/0/0/0027e5ca-8046-40a0-bd73-79be55f28bff.jpg?1783939492,
4acaef84-55d1-43dc-b10a-696182e6709b,Repeal,1.0,Instant,False,False,https://cards.scryfall.io/normal/front/4/a/4acaef84-55d1-43dc-b10a-696182e6709b.jpg?1783939101,https://cards.scryfall.io/small/front/4/a/4acaef84-55d1-43dc-b10a-696182e6709b.jpg?1783939101,
1bd3fa8a-6c50-4f7f-9ae3-0810eec5e3db,Reprieve,2.0,Instant,False,False,https://cards.scryfall.io/normal/front/1/b/1bd3fa8a-6c50-4f7f-9ae3-0810eec5e3db.jpg?1783916330,https://cards.scryfall.io/small/front/1/b/1bd3fa8a-6c50-4f7f-9ae3-0810eec5e3db.jpg?1783916330,
3b5233ff-03bc-4053-9b49-c4185c2de38d,Restoration Angel,4.0,Creature — Angel,True,False,https://cards.scryfall.io/normal/front/3/b/3b5233ff-03bc-4053-9b49-c4185c2de38d.jpg?1783935554,https://cards.scryfall.io/small/front/3/b/3b5233ff-03bc-4053-9b49-c4185c2de38d.jpg?1783935554,
5da578b8-19e6-4068-9336-e7cd33c585f1,Retrofitter Foundry,1.0,Artifact,False,False,https://cards.scryfall.io/normal/front/5/d/5da578b8-19e6-4068-9336-e7cd33c585f1.jpg?1783934323,https://cards.scryfall.io/small/front/5/d/5da578b8-19e6-4068-9336-e7cd33c585f1.jpg?1783934323,
a7072412-4aa2-40ef-a267-bd717551a42b,"Rhys, the Evermore",2.0,Legendary Creature — Elf Warrior,True,False,https://cards.scryfall.io/normal/front/a/7/a7072412-4aa2-40ef-a267-bd717551a42b.jpg?1783904499,https://cards.scryfall.io/small/front/a/7/a7072412-4aa2-40ef-a267-bd717551a42b.jpg?1783904499,
d2507bc2-da17-4e46-b4c5-ba0080ce2c6f,Rishadan Port,0.0,Land,False,True,https://cards.scryfall.io/normal/front/d/2/d2507bc2-da17-4e46-b4c5-ba0080ce2c6f.jpg?1783935099,https://cards.scryfall.io/small/front/d/2/d2507bc2-da17-4e46-b4c5-ba0080ce2c6f.jpg?1783935099,
0ecbe097-ba51-42e5-957c-382eb66c08f0,Robber of the Rich,2.0,Creature — Human Archer Rogue,True,False,https://cards.scryfall.io/normal/front/0/e/0ecbe097-ba51-42e5-957c-382eb66c08f0.jpg?1783932619,https://cards.scryfall.io/small/front/0/e/0ecbe097-ba51-42e5-957c-382eb66c08f0.jpg?1783932619,
6aa5cc65-f8f1-4f6f-8b4e-2fedccbda684,"Rofellos, Llanowar Emissary",2.0,Legendary Creature — Elf Druid,True,False,https://cards.scryfall.io/normal/front/6/a/6aa5cc65-f8f1-4f6f-8b4e-2fedccbda684.jpg?1783946059,https://cards.scryfall.io/small/front/6/a/6aa5cc65-f8f1-4f6f-8b4e-2fedccbda684.jpg?1783946059,
31276460-fa9d-47da-85c5-c4baa8074d0d,Rot-Curse Rakshasa,2.0,Creature — Demon,True,False,https://cards.scryfall.io/normal/front/3/1/31276460-fa9d-47da-85c5-c4baa8074d0d.jpg?1783907372,https://cards.scryfall.io/small/front/3/1/31276460-fa9d-47da-85c5-c4baa8074d0d.jpg?1783907372,
0a26d900-c652-4f9c-8681-a35c5f8b1937,Sacred Foundry,0.0,Land — Mountain Plains,False,True,https://cards.scryfall.io/normal/front/0/a/0a26d900-c652-4f9c-8681-a35c5f8b1937.jpg?1783940087,https://cards.scryfall.io/small/front/0/a/0a26d900-c652-4f9c-8681-a35c5f8b1937.jpg?1783940087,
6ade6918-6d1d-448d-ab56-93996051e9a9,Sage of the Skies,3.0,Creature — Human Monk,True,False,https://cards.scryfall.io/normal/front/6/a/6ade6918-6d1d-448d-ab56-93996051e9a9.jpg?1783907412,https://cards.scryfall.io/small/front/6/a/6ade6918-6d1d-448d-ab56-93996051e9a9.jpg?1783907412,
5a10b543-d5d4-42a8-9ee8-dada59a2ad7e,"Saheeli, Sublime Artificer",3.0,Legendary Planeswalker — Saheeli,False,False,https://cards.scryfall.io/normal/front/5/a/5a10b543-d5d4-42a8-9ee8-dada59a2ad7e.jpg?1783933375,https://cards.scryfall.io/small/front/5/a/5a10b543-d5d4-42a8-9ee8-dada59a2ad7e.jpg?1783933375,
269ddd84-fdc4-4c94-b183-32ecec56967c,Sanguine Evangelist,3.0,Creature — Vampire Cleric,True,False,https://cards.scryfall.io/normal/front/2/6/269ddd84-fdc4-4c94-b183-32ecec56967c.jpg?1783913806,https://cards.scryfall.io/small/front/2/6/269ddd84-fdc4-4c94-b183-32ecec56967c.jpg?1783913806,
13c5a1ce-932a-4b3d-8b86-ed920e646afc,Satyr Wayfinder,2.0,Creature — Satyr,True,False,https://cards.scryfall.io/normal/front/1/3/13c5a1ce-932a-4b3d-8b86-ed920e646afc.jpg?1783939529,https://cards.scryfall.io/small/front/1/3/13c5a1ce-932a-4b3d-8b86-ed920e646afc.jpg?1783939529,
748e6a61-9c1f-4225-9f04-e54002f63ac3,Savai Triome,0.0,Land — Mountain Plains Swamp,False,True,https://cards.scryfall.io/normal/front/7/4/748e6a61-9c1f-4225-9f04-e54002f63ac3.jpg?1783931000,https://cards.scryfall.io/small/front/7/4/748e6a61-9c1f-4225-9f04-e54002f63ac3.jpg?1783931000,
0e9aeaa8-9a75-4719-992f-cbb316f72175,Savannah,0.0,Land — Forest Plains,False,True,https://cards.scryfall.io/normal/front/0/e/0e9aeaa8-9a75-4719-992f-cbb316f72175.jpg?1783948598,https://cards.scryfall.io/small/front/0/e/0e9aeaa8-9a75-4719-992f-cbb316f72175.jpg?1783948598,
327cf118-cc92-4073-85d0-94d2a0a6989a,Scalding Tarn,0.0,Land,False,True,https://cards.scryfall.io/normal/front/3/2/327cf118-cc92-4073-85d0-94d2a0a6989a.jpg?1783942122,https://cards.scryfall.io/small/front/3/2/327cf118-cc92-4073-85d0-94d2a0a6989a.jpg?1783942122,
a6d9b8d6-1e97-4e9c-b0c4-3b71734134a4,"Scarlet Spider, Ben Reilly",3.0,Legendary Creature — Spider Human Hero,True,False,https://cards.scryfall.io/normal/front/a/6/a6d9b8d6-1e97-4e9c-b0c4-3b71734134a4.jpg?1783905473,https://cards.scryfall.io/small/front/a/6/a6d9b8d6-1e97-4e9c-b0c4-3b71734134a4.jpg?1783905473,
487116ab-b885-406b-aa54-56cb67eb3ca5,Scavenging Ooze,2.0,Creature — Ooze,True,False,https://cards.scryfall.io/normal/front/4/8/487116ab-b885-406b-aa54-56cb67eb3ca5.jpg?1783930668,https://cards.scryfall.io/small/front/4/8/487116ab-b885-406b-aa54-56cb67eb3ca5.jpg?1783930668,
3e7da55c-7f05-46b2-aa3c-17f8d5df46bb,Scion of Draco,12.0,Artifact Creature — Dragon,True,False,https://cards.scryfall.io/normal/front/3/e/3e7da55c-7f05-46b2-aa3c-17f8d5df46bb.jpg?1783926802,https://cards.scryfall.io/small/front/3/e/3e7da55c-7f05-46b2-aa3c-17f8d5df46bb.jpg?1783926802,
4dea7bcc-3ff8-40b0-8264-0cd678d6ff31,Scourge of the Skyclaves,2.0,Creature — Demon,True,False,https://cards.scryfall.io/normal/front/4/d/4dea7bcc-3ff8-40b0-8264-0cd678d6ff31.jpg?1783929370,https://cards.scryfall.io/small/front/4/d/4dea7bcc-3ff8-40b0-8264-0cd678d6ff31.jpg?1783929370,
216a8e4e-ea7b-41c7-a982-b5751025ff25,Scrapheap Scrounger,2.0,Artifact Creature — Construct,True,False,https://cards.scryfall.io/normal/front/2/1/216a8e4e-ea7b-41c7-a982-b5751025ff25.jpg?1783937150,https://cards.scryfall.io/small/front/2/1/216a8e4e-ea7b-41c7-a982-b5751025ff25.jpg?1783937150,
a1176dcf-40ee-4342-aa74-791b8352e99a,Scrawling Crawler,3.0,Artifact Creature — Phyrexian Construct,True,False,https://cards.scryfall.io/normal/front/a/1/a1176dcf-40ee-4342-aa74-791b8352e99a.jpg?1783909088,https://cards.scryfall.io/small/front/a/1/a1176dcf-40ee-4342-aa74-791b8352e99a.jpg?1783909088,
ce35e6fb-ff54-44c4-a216-7ddd37f46882,Screaming Nemesis,3.0,Creature — Spirit,True,False,https://cards.scryfall.io/normal/front/c/e/ce35e6fb-ff54-44c4-a216-7ddd37f46882.jpg?1783909465,https://cards.scryfall.io/small/front/c/e/ce35e6fb-ff54-44c4-a216-7ddd37f46882.jpg?1783909465,
14065271-d942-42a8-aa38-d8a622c0375d,Scrubland,0.0,Land — Plains Swamp,False,True,https://cards.scryfall.io/normal/front/1/4/14065271-d942-42a8-aa38-d8a622c0375d.jpg?1783948399,https://cards.scryfall.io/small/front/1/4/14065271-d942-42a8-aa38-d8a622c0375d.jpg?1783948399,
b3dd3c7d-4685-4579-b483-14ddaaaddf5b,Scythecat Cub,2.0,Creature — Cat,True,False,https://cards.scryfall.io/normal/front/b/3/b3dd3c7d-4685-4579-b483-14ddaaaddf5b.jpg?1783908863,https://cards.scryfall.io/small/front/b/3/b3dd3c7d-4685-4579-b483-14ddaaaddf5b.jpg?1783908863,
1e14e677-9bfa-4bcc-9772-8e7758d7538a,Sea Gate Stormcaller,2.0,Creature — Human Wizard,True,False,https://cards.scryfall.io/normal/front/1/e/1e14e677-9bfa-4bcc-9772-8e7758d7538a.jpg?1783929387,https://cards.scryfall.io/small/front/1/e/1e14e677-9bfa-4bcc-9772-8e7758d7538a.jpg?1783929387,
2e139ad1-1079-49e9-babd-6399c44ad333,Seasoned Pyromancer,3.0,Creature — Human Shaman,True,False,https://cards.scryfall.io/normal/front/2/e/2e139ad1-1079-49e9-babd-6399c44ad333.jpg?1783933105,https://cards.scryfall.io/small/front/2/e/2e139ad1-1079-49e9-babd-6399c44ad333.jpg?1783933105,
b689a206-aec3-4a31-95cf-3d4b840db04c,Securitron Squadron,2.0,Artifact Creature — Robot,True,False,https://cards.scryfall.io/normal/front/b/6/b689a206-aec3-4a31-95cf-3d4b840db04c.jpg?1783912416,https://cards.scryfall.io/small/front/b/6/b689a206-aec3-4a31-95cf-3d4b840db04c.jpg?1783912416,
661fc907-7003-45c6-820c-9616e9a71c30,Seething Landscape,0.0,Land,False,True,https://cards.scryfall.io/normal/front/6/6/661fc907-7003-45c6-820c-9616e9a71c30.jpg?1783911238,https://cards.scryfall.io/small/front/6/6/661fc907-7003-45c6-820c-9616e9a71c30.jpg?1783911238,
4a08ca06-58db-4ce6-b490-be4bea8956a1,Sensei's Divining Top,1.0,Artifact,False,False,https://cards.scryfall.io/normal/front/4/a/4a08ca06-58db-4ce6-b490-be4bea8956a1.jpg?1783944276,https://cards.scryfall.io/small/front/4/a/4a08ca06-58db-4ce6-b490-be4bea8956a1.jpg?1783944276,
eeeffc0b-dc92-458e-ad58-86ff6077a508,Sentinel of the Nameless City,3.0,Creature — Merfolk Warrior Scout,True,False,https://cards.scryfall.io/normal/front/e/e/eeeffc0b-dc92-458e-ad58-86ff6077a508.jpg?1783913739,https://cards.scryfall.io/small/front/e/e/eeeffc0b-dc92-458e-ad58-86ff6077a508.jpg?1783913739,
4bc61952-88ba-447a-835a-f1e9643fcd0d,Serum Visions,1.0,Sorcery,False,False,https://cards.scryfall.io/normal/front/4/b/4bc61952-88ba-447a-835a-f1e9643fcd0d.jpg?1783944402,https://cards.scryfall.io/small/front/4/b/4bc61952-88ba-447a-835a-f1e9643fcd0d.jpg?1783944402,
f88d81d9-8ded-4c20-8237-2218046595fb,"Shadow, Mysterious Assassin",3.0,Legendary Creature — Human Assassin,True,False,https://cards.scryfall.io/normal/front/f/8/f88d81d9-8ded-4c20-8237-2218046595fb.jpg?1783906358,https://cards.scryfall.io/small/front/f/8/f88d81d9-8ded-4c20-8237-2218046595fb.jpg?1783906358,
939c6e19-4b27-4023-bb9c-ae440f91e21c,Shadowspear,1.0,Legendary Artifact — Equipment,False,False,https://cards.scryfall.io/normal/front/9/3/939c6e19-4b27-4023-bb9c-ae440f91e21c.jpg?1783931515,https://cards.scryfall.io/small/front/9/3/939c6e19-4b27-4023-bb9c-ae440f91e21c.jpg?1783931515,
69c1b656-1d67-499c-bf0f-417682a86c7d,Shadowy Backstreet,0.0,Land — Plains Swamp,False,True,https://cards.scryfall.io/normal/front/6/9/69c1b656-1d67-499c-bf0f-417682a86c7d.jpg?1783912827,https://cards.scryfall.io/small/front/6/9/69c1b656-1d67-499c-bf0f-417682a86c7d.jpg?1783912827,
d5c782cc-c951-4c6f-a93f-774ae6c1c214,Shallow Grave,2.0,Instant,False,False,https://cards.scryfall.io/normal/front/d/5/d5c782cc-c951-4c6f-a93f-774ae6c1c214.jpg?1783947088,https://cards.scryfall.io/small/front/d/5/d5c782cc-c951-4c6f-a93f-774ae6c1c214.jpg?1783947088,
b3da28c7-6e92-439d-a163-91682d4f11dc,Shattered Landscape,0.0,Land,False,True,https://cards.scryfall.io/normal/front/b/3/b3da28c7-6e92-439d-a163-91682d4f11dc.jpg?1783911237,https://cards.scryfall.io/small/front/b/3/b3da28c7-6e92-439d-a163-91682d4f11dc.jpg?1783911237,
6f2cec5d-50ea-4d0f-8925-eba06222d015,"Shelinda, Yevon Acolyte",2.0,Legendary Creature — Human Cleric,True,False,https://cards.scryfall.io/normal/front/6/f/6f2cec5d-50ea-4d0f-8925-eba06222d015.jpg?1783906342,https://cards.scryfall.io/small/front/6/f/6f2cec5d-50ea-4d0f-8925-eba06222d015.jpg?1783906342,
4216656e-90e8-45fc-a0f6-0d0d79d0a021,Shelldock Isle,0.0,Land,False,True,https://cards.scryfall.io/normal/front/4/2/4216656e-90e8-45fc-a0f6-0d0d79d0a021.jpg?1783942847,https://cards.scryfall.io/small/front/4/2/4216656e-90e8-45fc-a0f6-0d0d79d0a021.jpg?1783942847,
0fe070f4-8877-4280-b8fd-869f3ac34ab6,Sheltering Landscape,0.0,Land,False,True,https://cards.scryfall.io/normal/front/0/f/0fe070f4-8877-4280-b8fd-869f3ac34ab6.jpg?1783911238,https://cards.scryfall.io/small/front/0/f/0fe070f4-8877-4280-b8fd-869f3ac34ab6.jpg?1783911238,
a9225cc3-90f0-448f-a8d9-7c6c2796d077,Sheoldred's Edict,2.0,Instant,False,False,https://cards.scryfall.io/normal/front/a/9/a9225cc3-90f0-448f-a8d9-7c6c2796d077.jpg?1783918041,https://cards.scryfall.io/small/front/a/9/a9225cc3-90f0-448f-a8d9-7c6c2796d077.jpg?1783918041,
d67be074-cdd4-41d9-ac89-0a0456c4e4b2,"Sheoldred, the Apocalypse",4.0,Legendary Creature — Phyrexian Praetor,True,False,https://cards.scryfall.io/normal/front/d/6/d67be074-cdd4-41d9-ac89-0a0456c4e4b2.jpg?1783921327,https://cards.scryfall.io/small/front/d/6/d67be074-cdd4-41d9-ac89-0a0456c4e4b2.jpg?1783921327,
059164e1-894d-4586-9800-e60d6fbd6eb6,Shifting Woodland,0.0,Land,False,True,https://cards.scryfall.io/normal/front/0/5/059164e1-894d-4586-9800-e60d6fbd6eb6.jpg?1783911237,https://cards.scryfall.io/small/front/0/5/059164e1-894d-4586-9800-e60d6fbd6eb6.jpg?1783911237,
fa7b7897-36e0-415a-8bb7-602886164852,Show and Tell,3.0,Sorcery,False,False,https://cards.scryfall.io/normal/front/f/a/fa7b7897-36e0-415a-8bb7-602886164852.jpg?1783937320,https://cards.scryfall.io/small/front/f/a/fa7b7897-36e0-415a-8bb7-602886164852.jpg?1783937320,
90107d10-e2aa-4cb7-a000-039f0c581b47,Simic Signet,2.0,Artifact,False,False,https://cards.scryfall.io/normal/front/9/0/90107d10-e2aa-4cb7-a000-039f0c581b47.jpg?1783943379,https://cards.scryfall.io/small/front/9/0/90107d10-e2aa-4cb7-a000-039f0c581b47.jpg?1783943379,
37cb5599-7d2c-48e9-978b-902a01a74bde,Sinkhole Surveyor,2.0,Creature — Bird Scout,True,False,https://cards.scryfall.io/normal/front/3/7/37cb5599-7d2c-48e9-978b-902a01a74bde.jpg?1783907369,https://cards.scryfall.io/small/front/3/7/37cb5599-7d2c-48e9-978b-902a01a74bde.jpg?1783907369,
f9246b68-580f-4f53-883d-7900880e4b0d,Six,3.0,Legendary Creature — Treefolk,True,False,https://cards.scryfall.io/normal/front/f/9/f9246b68-580f-4f53-883d-7900880e4b0d.jpg?1783911256,https://cards.scryfall.io/small/front/f/9/f9246b68-580f-4f53-883d-7900880e4b0d.jpg?1783911256,
005dae9a-dddc-4a11-95bb-cce319edcce4,Skullclamp,1.0,Artifact — Equipment,False,False,https://cards.scryfall.io/normal/front/0/0/005dae9a-dddc-4a11-95bb-cce319edcce4.jpg?1783938816,https://cards.scryfall.io/small/front/0/0/005dae9a-dddc-4a11-95bb-cce319edcce4.jpg?1783938816,
b83cfbaa-7890-4f6f-878b-4edb45677371,Skyclave Apparition,3.0,Creature — Kor Spirit,True,False,https://cards.scryfall.io/normal/front/b/8/b83cfbaa-7890-4f6f-878b-4edb45677371.jpg?1783929406,https://cards.scryfall.io/small/front/b/8/b83cfbaa-7890-4f6f-878b-4edb45677371.jpg?1783929406,
f3405184-dcda-4bb6-ade6-c2a87bc3296d,Sleight of Hand,1.0,Sorcery,False,False,https://cards.scryfall.io/normal/front/f/3/f3405184-dcda-4bb6-ade6-c2a87bc3296d.jpg?1783946484,https://cards.scryfall.io/small/front/f/3/f3405184-dcda-4bb6-ade6-c2a87bc3296d.jpg?1783946484,
7054012b-4f9d-44a0-aaf9-7fd3bddc7b2d,Slickshot Show-Off,2.0,Creature — Bird Wizard,True,False,https://cards.scryfall.io/normal/front/7/0/7054012b-4f9d-44a0-aaf9-7fd3bddc7b2d.jpg?1783911814,https://cards.scryfall.io/small/front/7/0/7054012b-4f9d-44a0-aaf9-7fd3bddc7b2d.jpg?1783911814,
01d1e394-1b0c-4b40-ba85-f55973703d41,Smirking Spelljacker,5.0,Creature — Djinn Wizard Rogue,True,False,https://cards.scryfall.io/normal/front/0/1/01d1e394-1b0c-4b40-ba85-f55973703d41.jpg?1783911967,https://cards.scryfall.io/small/front/0/1/01d1e394-1b0c-4b40-ba85-f55973703d41.jpg?1783911967,
7832abb5-5107-4603-904e-491b221bd3e3,Smuggler's Copter,2.0,Artifact — Vehicle,False,False,https://cards.scryfall.io/normal/front/7/8/7832abb5-5107-4603-904e-491b221bd3e3.jpg?1783937147,https://cards.scryfall.io/small/front/7/8/7832abb5-5107-4603-904e-491b221bd3e3.jpg?1783937147,
f7e0549e-2d23-4ea8-b8d1-ae21af2c9091,Snap,2.0,Instant,False,False,https://cards.scryfall.io/normal/front/f/7/f7e0549e-2d23-4ea8-b8d1-ae21af2c9091.jpg?1783946245,https://cards.scryfall.io/small/front/f/7/f7e0549e-2d23-4ea8-b8d1-ae21af2c9091.jpg?1783946245,
4cbdacc1-7a1b-4633-85f5-eb50c2bf406d,Snapcaster Mage,2.0,Creature — Human Wizard,True,False,https://cards.scryfall.io/normal/front/4/c/4cbdacc1-7a1b-4633-85f5-eb50c2bf406d.jpg?1783936664,https://cards.scryfall.io/small/front/4/c/4cbdacc1-7a1b-4633-85f5-eb50c2bf406d.jpg?1783936664,
207d5f12-fbc6-4c75-9d84-fd2f0023fbd0,Sneak Attack,4.0,Enchantment,False,False,https://cards.scryfall.io/normal/front/2/0/207d5f12-fbc6-4c75-9d84-fd2f0023fbd0.jpg?1783937573,https://cards.scryfall.io/small/front/2/0/207d5f12-fbc6-4c75-9d84-fd2f0023fbd0.jpg?1783937573,
18a3cca1-e50e-49b6-9e1a-f86640e3b177,Snuff Out,4.0,Instant,False,False,https://cards.scryfall.io/normal/front/1/8/18a3cca1-e50e-49b6-9e1a-f86640e3b177.jpg?1783945946,https://cards.scryfall.io/small/front/1/8/18a3cca1-e50e-49b6-9e1a-f86640e3b177.jpg?1783945946,
073bfdca-d7b8-4f4b-93f3-6e7c44bc0b0a,Sol Ring,1.0,Artifact,False,False,https://cards.scryfall.io/normal/front/0/7/073bfdca-d7b8-4f4b-93f3-6e7c44bc0b0a.jpg?1783941774,https://cards.scryfall.io/small/front/0/7/073bfdca-d7b8-4f4b-93f3-6e7c44bc0b0a.jpg?1783941774,
00f9955f-a522-47bf-b064-92dd21a76b18,Solemn Simulacrum,4.0,Artifact Creature — Golem,True,False,https://cards.scryfall.io/normal/front/0/0/00f9955f-a522-47bf-b064-92dd21a76b18.jpg?1783944503,https://cards.scryfall.io/small/front/0/0/00f9955f-a522-47bf-b064-92dd21a76b18.jpg?1783944503,
47a6234f-309f-4e03-9263-66da48b57153,Solitude,5.0,Creature — Elemental Incarnation,True,False,https://cards.scryfall.io/normal/front/4/7/47a6234f-309f-4e03-9263-66da48b57153.jpg?1783926885,https://cards.scryfall.io/small/front/4/7/47a6234f-309f-4e03-9263-66da48b57153.jpg?1783926885,
50bc0f5b-7421-45b9-af85-86dd9821b7d8,Soulherder,3.0,Creature — Spirit,True,False,https://cards.scryfall.io/normal/front/5/0/50bc0f5b-7421-45b9-af85-86dd9821b7d8.jpg?1783928301,https://cards.scryfall.io/small/front/5/0/50bc0f5b-7421-45b9-af85-86dd9821b7d8.jpg?1783928301,
cdfadb17-76ad-4d4d-9fa7-33c4b88b4c0a,Sowing Mycospawn,4.0,Creature — Eldrazi Fungus,True,False,https://cards.scryfall.io/normal/front/c/d/cdfadb17-76ad-4d4d-9fa7-33c4b88b4c0a.jpg?1783911255,https://cards.scryfall.io/small/front/c/d/cdfadb17-76ad-4d4d-9fa7-33c4b88b4c0a.jpg?1783911255,
229a0d4a-3777-451d-a2fb-f1a2fdf8019f,Spara's Headquarters,0.0,Land — Forest Plains Island,False,True,https://cards.scryfall.io/normal/front/2/2/229a0d4a-3777-451d-a2fb-f1a2fdf8019f.jpg?1783923037,https://cards.scryfall.io/small/front/2/2/229a0d4a-3777-451d-a2fb-f1a2fdf8019f.jpg?1783923037,
8ff57c8b-173e-4a72-a0a0-1ad2d5cc6e5e,Spectacular Spider-Man,2.0,Legendary Creature — Spider Human Hero,True,False,https://cards.scryfall.io/normal/front/8/f/8ff57c8b-173e-4a72-a0a0-1ad2d5cc6e5e.jpg?1783905549,https://cards.scryfall.io/small/front/8/f/8ff57c8b-173e-4a72-a0a0-1ad2d5cc6e5e.jpg?1783905549,
53d4fd57-74b6-42c7-88b1-110e5a8dfc3c,Spell Pierce,1.0,Instant,False,False,https://cards.scryfall.io/normal/front/5/3/53d4fd57-74b6-42c7-88b1-110e5a8dfc3c.jpg?1783936664,https://cards.scryfall.io/small/front/5/3/53d4fd57-74b6-42c7-88b1-110e5a8dfc3c.jpg?1783936664,
9b76bcd4-580a-4435-afe9-290940b1837f,Spell Queller,3.0,Creature — Spirit,True,False,https://cards.scryfall.io/normal/front/9/b/9b76bcd4-580a-4435-afe9-290940b1837f.jpg?1783937428,https://cards.scryfall.io/small/front/9/b/9b76bcd4-580a-4435-afe9-290940b1837f.jpg?1783937428,
74b4c336-5d4c-4bc5-b82a-35084a6ad808,Spellseeker,3.0,Creature — Human Wizard,True,False,https://cards.scryfall.io/normal/front/7/4/74b4c336-5d4c-4bc5-b82a-35084a6ad808.jpg?1783934865,https://cards.scryfall.io/small/front/7/4/74b4c336-5d4c-4bc5-b82a-35084a6ad808.jpg?1783934865,
f44e5128-e146-4e46-b313-a40d82719d1d,Spirit of the Labyrinth,2.0,Enchantment Creature — Spirit,True,False,https://cards.scryfall.io/normal/front/f/4/f44e5128-e146-4e46-b313-a40d82719d1d.jpg?1783939575,https://cards.scryfall.io/small/front/f/4/f44e5128-e146-4e46-b313-a40d82719d1d.jpg?1783939575,
cd062615-648f-4cc7-9373-520f3f6a90e3,Spitting Dilophosaurus,3.0,Creature — Dinosaur,True,False,https://cards.scryfall.io/normal/front/c/d/cd062615-648f-4cc7-9373-520f3f6a90e3.jpg?1783913629,https://cards.scryfall.io/small/front/c/d/cd062615-648f-4cc7-9373-520f3f6a90e3.jpg?1783913629,
2f8f22fb-7291-4517-9b15-e98501f2856b,Splinter Twin,4.0,Enchantment — Aura,False,False,https://cards.scryfall.io/normal/front/2/f/2f8f22fb-7291-4517-9b15-e98501f2856b.jpg?1783941970,https://cards.scryfall.io/small/front/2/f/2f8f22fb-7291-4517-9b15-e98501f2856b.jpg?1783941970,
54a3ea87-005e-4985-b2a5-21711d0b71c0,Springheart Nantuko,2.0,Enchantment Creature — Insect Monk,True,False,https://cards.scryfall.io/normal/front/5/4/54a3ea87-005e-4985-b2a5-21711d0b71c0.jpg?1783911255,https://cards.scryfall.io/small/front/5/4/54a3ea87-005e-4985-b2a5-21711d0b71c0.jpg?1783911255,
ab1d1461-1625-4163-aacd-a939f4871fad,Staff of the Storyteller,2.0,Artifact,False,False,https://cards.scryfall.io/normal/front/a/b/ab1d1461-1625-4163-aacd-a939f4871fad.jpg?1783918162,https://cards.scryfall.io/small/front/a/b/ab1d1461-1625-4163-aacd-a939f4871fad.jpg?1783918162,
fc7d1912-7e27-49ef-bd98-375d975a42b0,Starting Town,0.0,Land — Town,False,True,https://cards.scryfall.io/normal/front/f/c/fc7d1912-7e27-49ef-bd98-375d975a42b0.jpg?1783906546,https://cards.scryfall.io/small/front/f/c/fc7d1912-7e27-49ef-bd98-375d975a42b0.jpg?1783906546,
dd16222e-349c-4a2b-a7c8-8eb35a8ab332,Static Prison,1.0,Enchantment,False,False,https://cards.scryfall.io/normal/front/d/d/dd16222e-349c-4a2b-a7c8-8eb35a8ab332.jpg?1783911296,https://cards.scryfall.io/small/front/d/d/dd16222e-349c-4a2b-a7c8-8eb35a8ab332.jpg?1783911296,
054f2276-2dd5-43da-bb26-c57c560861fe,Steam Vents,0.0,Land — Island Mountain,False,True,https://cards.scryfall.io/normal/front/0/5/054f2276-2dd5-43da-bb26-c57c560861fe.jpg?1783943453,https://cards.scryfall.io/small/front/0/5/054f2276-2dd5-43da-bb26-c57c560861fe.jpg?1783943453,
6bbf7394-9b17-45f8-a25b-d865e8452b2c,Steamcore Scholar,3.0,Creature — Weird Detective,True,False,https://cards.scryfall.io/normal/front/6/b/6bbf7394-9b17-45f8-a25b-d865e8452b2c.jpg?1783912907,https://cards.scryfall.io/small/front/6/b/6bbf7394-9b17-45f8-a25b-d865e8452b2c.jpg?1783912907,
1b6ef5f5-4058-4f89-a573-9e2da87a9f2e,Steel Seraph,6.0,Artifact Creature — Angel,True,False,https://cards.scryfall.io/normal/front/1/b/1b6ef5f5-4058-4f89-a573-9e2da87a9f2e.jpg?1783920118,https://cards.scryfall.io/small/front/1/b/1b6ef5f5-4058-4f89-a573-9e2da87a9f2e.jpg?1783920118,
3ca1e1de-b916-445f-b3b2-0f4d0cc7ceeb,Stern Scolding,1.0,Instant,False,False,https://cards.scryfall.io/normal/front/3/c/3ca1e1de-b916-445f-b3b2-0f4d0cc7ceeb.jpg?1783916310,https://cards.scryfall.io/small/front/3/c/3ca1e1de-b916-445f-b3b2-0f4d0cc7ceeb.jpg?1783916310,
0a786855-6eb4-42c0-a528-4842db46809d,Stock Up,3.0,Sorcery,False,False,https://cards.scryfall.io/normal/front/0/a/0a786855-6eb4-42c0-a528-4842db46809d.jpg?1783907902,https://cards.scryfall.io/small/front/0/a/0a786855-6eb4-42c0-a528-4842db46809d.jpg?1783907902,
4acf970d-d2d7-413d-aba7-587ee53d8d5c,Stomping Ground,0.0,Land — Mountain Forest,False,True,https://cards.scryfall.io/normal/front/4/a/4acf970d-d2d7-413d-aba7-587ee53d8d5c.jpg?1783927084,https://cards.scryfall.io/small/front/4/a/4acf970d-d2d7-413d-aba7-587ee53d8d5c.jpg?1783927084,
b34bf7fd-9fe3-43e2-8cfe-7ce7cff08afe,Stonecoil Serpent,0.0,Artifact Creature — Snake,True,False,https://cards.scryfall.io/normal/front/b/3/b34bf7fd-9fe3-43e2-8cfe-7ce7cff08afe.jpg?1783932581,https://cards.scryfall.io/small/front/b/3/b34bf7fd-9fe3-43e2-8cfe-7ce7cff08afe.jpg?1783932581,
19557351-b65f-4b04-b971-66abdc07000a,Stoneforge Mystic,2.0,Creature — Kor Artificer,True,False,https://cards.scryfall.io/normal/front/1/9/19557351-b65f-4b04-b971-66abdc07000a.jpg?1783942065,https://cards.scryfall.io/small/front/1/9/19557351-b65f-4b04-b971-66abdc07000a.jpg?1783942065,
2b5315a4-6a78-456f-8d5a-fea9d62f3f0e,Strip Mine,0.0,Land,False,True,https://cards.scryfall.io/normal/front/2/b/2b5315a4-6a78-456f-8d5a-fea9d62f3f0e.jpg?1783942342,https://cards.scryfall.io/small/front/2/b/2b5315a4-6a78-456f-8d5a-fea9d62f3f0e.jpg?1783942342,
5eccf31d-869d-4003-a92b-71b4f4b479ee,Strix Serenade,1.0,Instant,False,False,https://cards.scryfall.io/normal/front/5/e/5eccf31d-869d-4003-a92b-71b4f4b479ee.jpg?1783911198,https://cards.scryfall.io/small/front/5/e/5eccf31d-869d-4003-a92b-71b4f4b479ee.jpg?1783911198,
0463e989-ba32-4a46-a82f-e0d6daf3cd51,Sulfuric Vortex,3.0,Enchantment,False,False,https://cards.scryfall.io/normal/front/0/4/0463e989-ba32-4a46-a82f-e0d6daf3cd51.jpg?1783937574,https://cards.scryfall.io/small/front/0/4/0463e989-ba32-4a46-a82f-e0d6daf3cd51.jpg?1783937574,
c14098d6-28ae-492f-8ffc-7d115d83ce6a,Summon: Good King Mog XII,5.0,Enchantment Creature — Saga Moogle,True,False,https://cards.scryfall.io/normal/front/c/1/c14098d6-28ae-492f-8ffc-7d115d83ce6a.jpg?1783906365,https://cards.scryfall.io/small/front/c/1/c14098d6-28ae-492f-8ffc-7d115d83ce6a.jpg?1783906365,
ba934866-efd0-4126-b1ff-9c7e82b73bd6,Summon: Kujata,6.0,Enchantment Creature — Saga Ox,True,False,https://cards.scryfall.io/normal/front/b/a/ba934866-efd0-4126-b1ff-9c7e82b73bd6.jpg?1783906353,https://cards.scryfall.io/small/front/b/a/ba934866-efd0-4126-b1ff-9c7e82b73bd6.jpg?1783906353,
32e29c7d-ed4b-4eff-b3c2-d99e5b63ef8d,Sunfall,5.0,Sorcery,False,False,https://cards.scryfall.io/normal/front/3/2/32e29c7d-ed4b-4eff-b3c2-d99e5b63ef8d.jpg?1783917046,https://cards.scryfall.io/small/front/3/2/32e29c7d-ed4b-4eff-b3c2-d99e5b63ef8d.jpg?1783917046,
396bca07-82ba-49b7-b79e-7784b3a06d48,Sunset Saboteur,2.0,Creature — Human Rogue,True,False,https://cards.scryfall.io/normal/front/3/9/396bca07-82ba-49b7-b79e-7784b3a06d48.jpg?1783905960,https://cards.scryfall.io/small/front/3/9/396bca07-82ba-49b7-b79e-7784b3a06d48.jpg?1783905960,
f61693a2-7042-44e0-85ba-9bf12ab94e7e,Suplex,2.0,Sorcery,False,False,https://cards.scryfall.io/normal/front/f/6/f61693a2-7042-44e0-85ba-9bf12ab94e7e.jpg?1783906595,https://cards.scryfall.io/small/front/f/6/f61693a2-7042-44e0-85ba-9bf12ab94e7e.jpg?1783906595,
e4775a26-0b66-40e9-8f64-41d9308ca032,"Surrak, Elusive Hunter",3.0,Legendary Creature — Human Warrior,True,False,https://cards.scryfall.io/normal/front/e/4/e4775a26-0b66-40e9-8f64-41d9308ca032.jpg?1783907332,https://cards.scryfall.io/small/front/e/4/e4775a26-0b66-40e9-8f64-41d9308ca032.jpg?1783907332,
e58e681e-a069-4414-aafe-634c7987fd0d,Swords to Plowshares,1.0,Instant,False,False,https://cards.scryfall.io/normal/front/e/5/e58e681e-a069-4414-aafe-634c7987fd0d.jpg?1783931872,https://cards.scryfall.io/small/front/e/5/e58e681e-a069-4414-aafe-634c7987fd0d.jpg?1783931872,
d40b65c1-b24d-492d-81b9-d8474ebdc08c,Sylvan Caryatid,2.0,Creature — Plant,True,False,https://cards.scryfall.io/normal/front/d/4/d40b65c1-b24d-492d-81b9-d8474ebdc08c.jpg?1783939736,https://cards.scryfall.io/small/front/d/4/d40b65c1-b24d-492d-81b9-d8474ebdc08c.jpg?1783939736,
f486df00-7c4a-4ff0-bb0b-c8b5432ac742,Sylvan Library,2.0,Enchantment,False,False,https://cards.scryfall.io/normal/front/f/4/f486df00-7c4a-4ff0-bb0b-c8b5432ac742.jpg?1783948043,https://cards.scryfall.io/small/front/f/4/f486df00-7c4a-4ff0-bb0b-c8b5432ac742.jpg?1783948043,
f1b8413f-c9fc-4cea-b416-a1fcf651b009,Sylvan Safekeeper,1.0,Creature — Human Wizard,True,False,https://cards.scryfall.io/normal/front/f/1/f1b8413f-c9fc-4cea-b416-a1fcf651b009.jpg?1783945108,https://cards.scryfall.io/small/front/f/1/f1b8413f-c9fc-4cea-b416-a1fcf651b009.jpg?1783945108,
7fbdba12-1369-41ae-b0e9-c405c0f0a2e5,"Syr Ginger, the Meal Ender",2.0,Legendary Artifact Creature — Food Knight,True,False,https://cards.scryfall.io/normal/front/7/f/7fbdba12-1369-41ae-b0e9-c405c0f0a2e5.jpg?1783915057,https://cards.scryfall.io/small/front/7/f/7fbdba12-1369-41ae-b0e9-c405c0f0a2e5.jpg?1783915057,
01006833-6007-4c16-9ebb-20d31c60a57a,Taiga,0.0,Land — Mountain Forest,False,True,https://cards.scryfall.io/normal/front/0/1/01006833-6007-4c16-9ebb-20d31c60a57a.jpg?1783948528,https://cards.scryfall.io/small/front/0/1/01006833-6007-4c16-9ebb-20d31c60a57a.jpg?1783948528,
4d9dbadd-c1b6-44fe-92ac-6f69d7178342,Talisman of Creativity,2.0,Artifact,False,False,https://cards.scryfall.io/normal/front/4/d/4d9dbadd-c1b6-44fe-92ac-6f69d7178342.jpg?1783933072,https://cards.scryfall.io/small/front/4/d/4d9dbadd-c1b6-44fe-92ac-6f69d7178342.jpg?1783933072,
fd52688a-39fd-430f-b950-cb56e0004396,Talisman of Curiosity,2.0,Artifact,False,False,https://cards.scryfall.io/normal/front/f/d/fd52688a-39fd-430f-b950-cb56e0004396.jpg?1783933071,https://cards.scryfall.io/small/front/f/d/fd52688a-39fd-430f-b950-cb56e0004396.jpg?1783933071,
991037a2-fea2-49f5-8ace-ebbf9f678cff,Talisman of Dominance,2.0,Artifact,False,False,https://cards.scryfall.io/normal/front/9/9/991037a2-fea2-49f5-8ace-ebbf9f678cff.jpg?1783944501,https://cards.scryfall.io/small/front/9/9/991037a2-fea2-49f5-8ace-ebbf9f678cff.jpg?1783944501,
41ff849e-2439-4690-8aa4-769039b6da4c,Talisman of Progress,2.0,Artifact,False,False,https://cards.scryfall.io/normal/front/4/1/41ff849e-2439-4690-8aa4-769039b6da4c.jpg?1783944500,https://cards.scryfall.io/small/front/4/1/41ff849e-2439-4690-8aa4-769039b6da4c.jpg?1783944500,
c565f8fe-acf7-40dd-8100-8f692d1e232c,Talon Gates of Madara,0.0,Land — Gate,False,True,https://cards.scryfall.io/normal/front/c/5/c565f8fe-acf7-40dd-8100-8f692d1e232c.jpg?1783911400,https://cards.scryfall.io/small/front/c/5/c565f8fe-acf7-40dd-8100-8f692d1e232c.jpg?1783911400,
2a717b98-cdac-416d-bf6c-f6b6638e65d1,"Tamiyo, Inquisitive Student // Tamiyo, Seasoned Scholar",1.0,Legendary Creature — Moonfolk Wizard // Legendary Planeswalker — Tamiyo,True,False,https://cards.scryfall.io/normal/front/2/a/2a717b98-cdac-416d-bf6c-f6b6638e65d1.jpg?1783911236,https://cards.scryfall.io/small/front/2/a/2a717b98-cdac-416d-bf6c-f6b6638e65d1.jpg?1783911236,
74d29b3d-f588-431d-bf4e-f7215683ab39,Tangle Wire,3.0,Artifact,False,False,https://cards.scryfall.io/normal/front/7/4/74d29b3d-f588-431d-bf4e-f7215683ab39.jpg?1783939877,https://cards.scryfall.io/small/front/7/4/74d29b3d-f588-431d-bf4e-f7215683ab39.jpg?1783939877,
d13a898e-6a97-4fd9-980e-3bfd8d755386,Tarfire,1.0,Kindred Instant — Goblin,False,False,https://cards.scryfall.io/normal/front/d/1/d13a898e-6a97-4fd9-980e-3bfd8d755386.jpg?1783942869,https://cards.scryfall.io/small/front/d/1/d13a898e-6a97-4fd9-980e-3bfd8d755386.jpg?1783942869,
b6876d9e-0908-43ac-8542-09c7aa02b5ba,Tarmogoyf,2.0,Creature — Lhurgoyf,True,False,https://cards.scryfall.io/normal/front/b/6/b6876d9e-0908-43ac-8542-09c7aa02b5ba.jpg?1783943094,https://cards.scryfall.io/small/front/b/6/b6876d9e-0908-43ac-8542-09c7aa02b5ba.jpg?1783943094,
5d10b752-d9cb-419d-a5c4-d4ee1acb655e,"Teferi, Hero of Dominaria",5.0,Legendary Planeswalker — Teferi,False,False,https://cards.scryfall.io/normal/front/5/d/5d10b752-d9cb-419d-a5c4-d4ee1acb655e.jpg?1783934963,https://cards.scryfall.io/small/front/5/d/5d10b752-d9cb-419d-a5c4-d4ee1acb655e.jpg?1783934963,
5cb76266-ae50-4bbc-8f96-d98f309b02d3,"Teferi, Time Raveler",3.0,Legendary Planeswalker — Teferi,False,False,https://cards.scryfall.io/normal/front/5/c/5cb76266-ae50-4bbc-8f96-d98f309b02d3.jpg?1783933384,https://cards.scryfall.io/small/front/5/c/5cb76266-ae50-4bbc-8f96-d98f309b02d3.jpg?1783933384,
2b9b0195-beda-403e-bc27-7ae3be9f318c,Temple Garden,0.0,Land — Forest Plains,False,True,https://cards.scryfall.io/normal/front/2/b/2b9b0195-beda-403e-bc27-7ae3be9f318c.jpg?1783934099,https://cards.scryfall.io/small/front/2/b/2b9b0195-beda-403e-bc27-7ae3be9f318c.jpg?1783934099,
6f26faca-f338-4ce5-a218-6a61d40fc50a,Tendrils of Agony,4.0,Sorcery,False,False,https://cards.scryfall.io/normal/front/6/f/6f26faca-f338-4ce5-a218-6a61d40fc50a.jpg?1783939281,https://cards.scryfall.io/small/front/6/f/6f26faca-f338-4ce5-a218-6a61d40fc50a.jpg?1783939281,
2605df98-0b02-4aab-bc36-01e93c693743,Territorial Kavu,2.0,Creature — Kavu,True,False,https://cards.scryfall.io/normal/front/2/6/2605df98-0b02-4aab-bc36-01e93c693743.jpg?1783926808,https://cards.scryfall.io/small/front/2/6/2605df98-0b02-4aab-bc36-01e93c693743.jpg?1783926808,
99e96b34-b1c4-4647-a38e-2cf1aedaaace,Tersa Lightshatter,3.0,Legendary Creature — Orc Wizard,True,False,https://cards.scryfall.io/normal/front/9/9/99e96b34-b1c4-4647-a38e-2cf1aedaaace.jpg?1783907351,https://cards.scryfall.io/small/front/9/9/99e96b34-b1c4-4647-a38e-2cf1aedaaace.jpg?1783907351,
3b214b6f-4734-4200-8467-92d7e3469b5d,Tezzeret the Seeker,5.0,Legendary Planeswalker — Tezzeret,False,False,https://cards.scryfall.io/normal/front/3/b/3b214b6f-4734-4200-8467-92d7e3469b5d.jpg?1783942571,https://cards.scryfall.io/small/front/3/b/3b214b6f-4734-4200-8467-92d7e3469b5d.jpg?1783942571,
0f3c8470-1cc8-4383-8782-c022867d46e8,"Tezzeret, Agent of Bolas",4.0,Legendary Planeswalker — Tezzeret,False,False,https://cards.scryfall.io/normal/front/0/f/0f3c8470-1cc8-4383-8782-c022867d46e8.jpg?1783941371,https://cards.scryfall.io/small/front/0/f/0f3c8470-1cc8-4383-8782-c022867d46e8.jpg?1783941371,
02e8e540-8aa3-4e6a-9a11-c3949cab5f0f,"Tezzeret, Cruel Captain",3.0,Legendary Planeswalker — Tezzeret,False,False,https://cards.scryfall.io/normal/front/0/2/02e8e540-8aa3-4e6a-9a11-c3949cab5f0f.jpg?1783906001,https://cards.scryfall.io/small/front/0/2/02e8e540-8aa3-4e6a-9a11-c3949cab5f0f.jpg?1783906001,
8e42df9e-95f2-4c79-9274-2d16e3cd91f1,"Thalia, Guardian of Thraben",2.0,Legendary Creature — Human Soldier,True,False,https://cards.scryfall.io/normal/front/8/e/8e42df9e-95f2-4c79-9274-2d16e3cd91f1.jpg?1783931301,https://cards.scryfall.io/small/front/8/e/8e42df9e-95f2-4c79-9274-2d16e3cd91f1.jpg?1783931301,
05690d52-06c4-40b1-8360-380418a83250,The Aetherspark,4.0,Legendary Artifact Planeswalker — Equipment,False,False,https://cards.scryfall.io/normal/front/0/5/05690d52-06c4-40b1-8360-380418a83250.jpg?1783907850,https://cards.scryfall.io/small/front/0/5/05690d52-06c4-40b1-8360-380418a83250.jpg?1783907850,
1a55c370-d396-4c73-8ee2-83dc4c124005,The Goose Mother,2.0,Legendary Creature — Bird Hydra,True,False,https://cards.scryfall.io/normal/front/1/a/1a55c370-d396-4c73-8ee2-83dc4c124005.jpg?1783915072,https://cards.scryfall.io/small/front/1/a/1a55c370-d396-4c73-8ee2-83dc4c124005.jpg?1783915072,
9cbb7b4e-bd32-44a0-9396-16738c5e4381,The Last Ride,1.0,Legendary Artifact — Vehicle,False,False,https://cards.scryfall.io/normal/front/9/c/9cbb7b4e-bd32-44a0-9396-16738c5e4381.jpg?1783907893,https://cards.scryfall.io/small/front/9/c/9cbb7b4e-bd32-44a0-9396-16738c5e4381.jpg?1783907893,
d5806e68-1054-458e-866d-1f2470f682b2,The One Ring,4.0,Legendary Artifact,False,False,https://cards.scryfall.io/normal/front/d/5/d5806e68-1054-458e-866d-1f2470f682b2.jpg?1783916239,https://cards.scryfall.io/small/front/d/5/d5806e68-1054-458e-866d-1f2470f682b2.jpg?1783916239,
64bc9b1d-5818-4d9e-b771-e49af4ff9a5c,The Tabernacle at Pendrell Vale,0.0,Legendary Land,False,True,https://cards.scryfall.io/normal/front/6/4/64bc9b1d-5818-4d9e-b771-e49af4ff9a5c.jpg?1783948022,https://cards.scryfall.io/small/front/6/4/64bc9b1d-5818-4d9e-b771-e49af4ff9a5c.jpg?1783948022,
106f9629-b3aa-4703-82fb-c1e771bbce72,The Wandering Emperor,4.0,Legendary Planeswalker,False,False,https://cards.scryfall.io/normal/front/1/0/106f9629-b3aa-4703-82fb-c1e771bbce72.jpg?1783923693,https://cards.scryfall.io/small/front/1/0/106f9629-b3aa-4703-82fb-c1e771bbce72.jpg?1783923693,
107492bd-b32f-4692-917c-7771986b5bf7,Thespian's Stage,0.0,Land,False,True,https://cards.scryfall.io/normal/front/1/0/107492bd-b32f-4692-917c-7771986b5bf7.jpg?1783933751,https://cards.scryfall.io/small/front/1/0/107492bd-b32f-4692-917c-7771986b5bf7.jpg?1783933751,
ff84ea71-e477-44f7-a3f8-77fef708efeb,Thieving Skydiver,2.0,Creature — Merfolk Rogue,True,False,https://cards.scryfall.io/normal/front/f/f/ff84ea71-e477-44f7-a3f8-77fef708efeb.jpg?1783929385,https://cards.scryfall.io/small/front/f/f/ff84ea71-e477-44f7-a3f8-77fef708efeb.jpg?1783929385,
f1a21287-e244-4960-84fb-c4f6e5c346d9,Third Path Iconoclast,2.0,Creature — Human Monk,True,False,https://cards.scryfall.io/normal/front/f/1/f1a21287-e244-4960-84fb-c4f6e5c346d9.jpg?1783920025,https://cards.scryfall.io/small/front/f/1/f1a21287-e244-4960-84fb-c4f6e5c346d9.jpg?1783920025,
1ea179e9-9c0d-46c1-9ee8-60be68e1f79c,Thirst for Discovery,3.0,Instant,False,False,https://cards.scryfall.io/normal/front/1/e/1ea179e9-9c0d-46c1-9ee8-60be68e1f79c.jpg?1783924880,https://cards.scryfall.io/small/front/1/e/1ea179e9-9c0d-46c1-9ee8-60be68e1f79c.jpg?1783924880,
310a1c46-8331-4a09-9fcb-d942f8102364,Thoughtseize,1.0,Sorcery,False,False,https://cards.scryfall.io/normal/front/3/1/310a1c46-8331-4a09-9fcb-d942f8102364.jpg?1783935534,https://cards.scryfall.io/small/front/3/1/310a1c46-8331-4a09-9fcb-d942f8102364.jpg?1783935534,
2be39749-ad6f-4160-99eb-c677eee7f1b2,Thraben Inspector,1.0,Creature — Human Soldier,True,False,https://cards.scryfall.io/normal/front/2/b/2be39749-ad6f-4160-99eb-c677eee7f1b2.jpg?1783930206,https://cards.scryfall.io/small/front/2/b/2be39749-ad6f-4160-99eb-c677eee7f1b2.jpg?1783930206,
28667c8b-d02c-4e57-a050-1549207b65d1,Thragtusk,5.0,Creature — Beast,True,False,https://cards.scryfall.io/normal/front/2/8/28667c8b-d02c-4e57-a050-1549207b65d1.jpg?1783940464,https://cards.scryfall.io/small/front/2/8/28667c8b-d02c-4e57-a050-1549207b65d1.jpg?1783940464,
6da09e6a-2965-4855-bd41-41b41ba188fb,Through the Breach,5.0,Instant — Arcane,False,False,https://cards.scryfall.io/normal/front/6/d/6da09e6a-2965-4855-bd41-41b41ba188fb.jpg?1783944294,https://cards.scryfall.io/small/front/6/d/6da09e6a-2965-4855-bd41-41b41ba188fb.jpg?1783944294,
17260fff-b239-4af4-9306-3236ae3fa5a5,Thundering Falls,0.0,Land — Island Mountain,False,True,https://cards.scryfall.io/normal/front/1/7/17260fff-b239-4af4-9306-3236ae3fa5a5.jpg?1783912822,https://cards.scryfall.io/small/front/1/7/17260fff-b239-4af4-9306-3236ae3fa5a5.jpg?1783912822,
09521f23-52d6-482d-9f3b-c4d12fcc08cc,Tidehollow Sculler,2.0,Artifact Creature — Zombie,True,False,https://cards.scryfall.io/normal/front/0/9/09521f23-52d6-482d-9f3b-c4d12fcc08cc.jpg?1783939966,https://cards.scryfall.io/small/front/0/9/09521f23-52d6-482d-9f3b-c4d12fcc08cc.jpg?1783939966,
641b21e1-9188-4bc3-96e8-cda2acbc5ed5,Time Spiral,6.0,Sorcery,False,False,https://cards.scryfall.io/normal/front/6/4/641b21e1-9188-4bc3-96e8-cda2acbc5ed5.jpg?1783936953,https://cards.scryfall.io/small/front/6/4/641b21e1-9188-4bc3-96e8-cda2acbc5ed5.jpg?1783936953,
a1febcf1-afa4-4406-9ac1-5bf98b2765d2,Time Walk,2.0,Sorcery,False,False,https://cards.scryfall.io/normal/front/a/1/a1febcf1-afa4-4406-9ac1-5bf98b2765d2.jpg?1783938902,https://cards.scryfall.io/small/front/a/1/a1febcf1-afa4-4406-9ac1-5bf98b2765d2.jpg?1783938902,
e7b3ddca-69ef-4743-897b-57c58077db24,Time Warp,5.0,Sorcery,False,False,https://cards.scryfall.io/normal/front/e/7/e7b3ddca-69ef-4743-897b-57c58077db24.jpg?1783938490,https://cards.scryfall.io/small/front/e/7/e7b3ddca-69ef-4743-897b-57c58077db24.jpg?1783938490,
94c6fdd8-21e7-48ae-aa05-a3666b928c1a,Timetwister,3.0,Sorcery,False,False,https://cards.scryfall.io/normal/front/9/4/94c6fdd8-21e7-48ae-aa05-a3666b928c1a.jpg?1783938901,https://cards.scryfall.io/small/front/9/4/94c6fdd8-21e7-48ae-aa05-a3666b928c1a.jpg?1783938901,
1e2fee55-227b-4373-a3f7-b463f220033f,Tinker,3.0,Sorcery,False,False,https://cards.scryfall.io/normal/front/1/e/1e2fee55-227b-4373-a3f7-b463f220033f.jpg?1783942341,https://cards.scryfall.io/small/front/1/e/1e2fee55-227b-4373-a3f7-b463f220033f.jpg?1783942341,
3d3025a2-4a17-4137-ba0b-bd676c6f5f88,"Tinybones, the Pickpocket",1.0,Legendary Creature — Skeleton Rogue,True,False,https://cards.scryfall.io/normal/front/3/d/3d3025a2-4a17-4137-ba0b-bd676c6f5f88.jpg?1783911826,https://cards.scryfall.io/small/front/3/d/3d3025a2-4a17-4137-ba0b-bd676c6f5f88.jpg?1783911826,
1163fe84-c5d5-42c8-b7cd-d206a9b0bd3f,Tireless Provisioner,3.0,Creature — Elf Scout,True,False,https://cards.scryfall.io/normal/front/1/1/1163fe84-c5d5-42c8-b7cd-d206a9b0bd3f.jpg?1783916537,https://cards.scryfall.io/small/front/1/1/1163fe84-c5d5-42c8-b7cd-d206a9b0bd3f.jpg?1783916537,
ee8e9928-d9b2-4570-adb8-44b34115decd,Tireless Tracker,3.0,Creature — Human Scout,True,False,https://cards.scryfall.io/normal/front/e/e/ee8e9928-d9b2-4570-adb8-44b34115decd.jpg?1783937719,https://cards.scryfall.io/small/front/e/e/ee8e9928-d9b2-4570-adb8-44b34115decd.jpg?1783937719,
907b3d1d-8c85-4707-80b5-c4d832df9846,Tishana's Tidebinder,3.0,Creature — Merfolk Wizard,True,False,https://cards.scryfall.io/normal/front/9/0/907b3d1d-8c85-4707-80b5-c4d832df9846.jpg?1783913786,https://cards.scryfall.io/small/front/9/0/907b3d1d-8c85-4707-80b5-c4d832df9846.jpg?1783913786,
224d904a-5972-4152-878a-9a922e7a55b6,"Titania, Protector of Argoth",5.0,Legendary Creature — Elemental,True,False,https://cards.scryfall.io/normal/front/2/2/224d904a-5972-4152-878a-9a922e7a55b6.jpg?1783938864,https://cards.scryfall.io/small/front/2/2/224d904a-5972-4152-878a-9a922e7a55b6.jpg?1783938864,
f33d3948-fe7b-4c3b-ab67-1022623fbb2b,"Toby, Beastie Befriender",3.0,Legendary Creature — Human Wizard,True,False,https://cards.scryfall.io/normal/front/f/3/f33d3948-fe7b-4c3b-ab67-1022623fbb2b.jpg?1783909502,https://cards.scryfall.io/small/front/f/3/f33d3948-fe7b-4c3b-ab67-1022623fbb2b.jpg?1783909502,
fd99bce1-ce39-464b-8e61-2631eb3ed6f6,Tolarian Academy,0.0,Legendary Land,False,True,https://cards.scryfall.io/normal/front/f/d/fd99bce1-ce39-464b-8e61-2631eb3ed6f6.jpg?1783939217,https://cards.scryfall.io/small/front/f/d/fd99bce1-ce39-464b-8e61-2631eb3ed6f6.jpg?1783939217,
0783b426-a527-42c1-9271-be28b229e1c6,"Torsten, Founder of Benalia",7.0,Legendary Creature — Human Soldier,True,False,https://cards.scryfall.io/normal/front/0/7/0783b426-a527-42c1-9271-be28b229e1c6.jpg?1783921458,https://cards.scryfall.io/small/front/0/7/0783b426-a527-42c1-9271-be28b229e1c6.jpg?1783921458,
e16ab44e-4257-4c0c-b705-8ac1e9c1d835,Touch the Spirit Realm,3.0,Enchantment,False,False,https://cards.scryfall.io/normal/front/e/1/e16ab44e-4257-4c0c-b705-8ac1e9c1d835.jpg?1783923911,https://cards.scryfall.io/small/front/e/1/e16ab44e-4257-4c0c-b705-8ac1e9c1d835.jpg?1783923911,
7aa37f85-5336-4372-97a2-9c8b00798c7a,Tough Cookie,2.0,Artifact Creature — Food Golem,True,False,https://cards.scryfall.io/normal/front/7/a/7aa37f85-5336-4372-97a2-9c8b00798c7a.jpg?1783915075,https://cards.scryfall.io/small/front/7/a/7aa37f85-5336-4372-97a2-9c8b00798c7a.jpg?1783915075,
564caf57-4ba5-4993-a35e-945699c94eb7,Toxic Deluge,3.0,Sorcery,False,False,https://cards.scryfall.io/normal/front/5/6/564caf57-4ba5-4993-a35e-945699c94eb7.jpg?1783939672,https://cards.scryfall.io/small/front/5/6/564caf57-4ba5-4993-a35e-945699c94eb7.jpg?1783939672,
113f48b9-a972-4e2c-af95-05ab078e01f2,Tranquil Landscape,0.0,Land,False,True,https://cards.scryfall.io/normal/front/1/1/113f48b9-a972-4e2c-af95-05ab078e01f2.jpg?1783911233,https://cards.scryfall.io/small/front/1/1/113f48b9-a972-4e2c-af95-05ab078e01f2.jpg?1783911233,
ec59ed99-ce40-489a-b776-8874bec60393,Trash for Treasure,3.0,Sorcery,False,False,https://cards.scryfall.io/normal/front/e/c/ec59ed99-ce40-489a-b776-8874bec60393.jpg?1783944537,https://cards.scryfall.io/small/front/e/c/ec59ed99-ce40-489a-b776-8874bec60393.jpg?1783944537,
2462df62-fc35-47ed-9571-40452074dc6d,Traveling Chocobo,3.0,Creature — Bird,True,False,https://cards.scryfall.io/normal/front/2/4/2462df62-fc35-47ed-9571-40452074dc6d.jpg?1783906576,https://cards.scryfall.io/small/front/2/4/2462df62-fc35-47ed-9571-40452074dc6d.jpg?1783906576,
9b32531e-c759-4603-abd0-1724e8df70db,Tribal Flames,2.0,Sorcery,False,False,https://cards.scryfall.io/normal/front/9/b/9b32531e-c759-4603-abd0-1724e8df70db.jpg?1783945678,https://cards.scryfall.io/small/front/9/b/9b32531e-c759-4603-abd0-1724e8df70db.jpg?1783945678,
586a4c31-65c7-4c7f-b5f6-74b105b2a629,Trinket Mage,3.0,Creature — Human Wizard,True,False,https://cards.scryfall.io/normal/front/5/8/586a4c31-65c7-4c7f-b5f6-74b105b2a629.jpg?1783932335,https://cards.scryfall.io/small/front/5/8/586a4c31-65c7-4c7f-b5f6-74b105b2a629.jpg?1783932335,
568dd5a6-86f4-4039-87d7-812120c8ab94,Triplicate Titan,9.0,Artifact Creature — Golem,True,False,https://cards.scryfall.io/normal/front/5/6/568dd5a6-86f4-4039-87d7-812120c8ab94.jpg?1783927584,https://cards.scryfall.io/small/front/5/6/568dd5a6-86f4-4039-87d7-812120c8ab94.jpg?1783927584,
a6539e26-b63b-4725-9407-caaf451de084,Troll of Khazad-dûm,6.0,Creature — Troll,True,False,https://cards.scryfall.io/normal/front/a/6/a6539e26-b63b-4725-9407-caaf451de084.jpg?1783916292,https://cards.scryfall.io/small/front/a/6/a6539e26-b63b-4725-9407-caaf451de084.jpg?1783916292,
729daf0e-b822-41bd-a908-ca8ec34032f0,Tropical Island,0.0,Land — Forest Island,False,True,https://cards.scryfall.io/normal/front/7/2/729daf0e-b822-41bd-a908-ca8ec34032f0.jpg?1783948398,https://cards.scryfall.io/small/front/7/2/729daf0e-b822-41bd-a908-ca8ec34032f0.jpg?1783948398,
0d08f5e4-d2d3-4659-86d4-a983d80e3b2c,Tundra,0.0,Land — Plains Island,False,True,https://cards.scryfall.io/normal/front/0/d/0d08f5e4-d2d3-4659-86d4-a983d80e3b2c.jpg?1783948527,https://cards.scryfall.io/small/front/0/d/0d08f5e4-d2d3-4659-86d4-a983d80e3b2c.jpg?1783948527,
d0e3e7b3-7ba9-47a2-b46c-a40bffb445e2,Twisted Landscape,0.0,Land,False,True,https://cards.scryfall.io/normal/front/d/0/d0e3e7b3-7ba9-47a2-b46c-a40bffb445e2.jpg?1783911232,https://cards.scryfall.io/small/front/d/0/d0e3e7b3-7ba9-47a2-b46c-a40bffb445e2.jpg?1783911232,
64a5d494-efa1-446b-bebe-2ad36e154376,"Ugin, Eye of the Storms",7.0,Legendary Planeswalker — Ugin,False,False,https://cards.scryfall.io/normal/front/6/4/64a5d494-efa1-446b-bebe-2ad36e154376.jpg?1783907421,https://cards.scryfall.io/small/front/6/4/64a5d494-efa1-446b-bebe-2ad36e154376.jpg?1783907421,
58c1e824-c8a9-4312-8e4c-a29a26d189a4,"Ugin, the Spirit Dragon",8.0,Legendary Planeswalker — Ugin,False,False,https://cards.scryfall.io/normal/front/5/8/58c1e824-c8a9-4312-8e4c-a29a26d189a4.jpg?1783938716,https://cards.scryfall.io/small/front/5/8/58c1e824-c8a9-4312-8e4c-a29a26d189a4.jpg?1783938716,
0645f487-efe5-4764-b361-85e07bb5ccca,"Ulamog, the Infinite Gyre",11.0,Legendary Creature — Eldrazi,True,False,https://cards.scryfall.io/normal/front/0/6/0645f487-efe5-4764-b361-85e07bb5ccca.jpg?1783941032,https://cards.scryfall.io/small/front/0/6/0645f487-efe5-4764-b361-85e07bb5ccca.jpg?1783941032,
3b6e5956-f795-451b-bb24-56462d1ced27,Umezawa's Jitte,2.0,Legendary Artifact — Equipment,False,False,https://cards.scryfall.io/normal/front/3/b/3b6e5956-f795-451b-bb24-56462d1ced27.jpg?1783944176,https://cards.scryfall.io/small/front/3/b/3b6e5956-f795-451b-bb24-56462d1ced27.jpg?1783944176,
7c59e0cd-10a8-4a32-9c0a-a2c6ef1ed9a6,Unable to Scream,1.0,Enchantment — Aura,False,False,https://cards.scryfall.io/normal/front/7/c/7c59e0cd-10a8-4a32-9c0a-a2c6ef1ed9a6.jpg?1783909489,https://cards.scryfall.io/small/front/7/c/7c59e0cd-10a8-4a32-9c0a-a2c6ef1ed9a6.jpg?1783909489,
2b5801fb-2026-4f25-98bc-ebb2f99684b9,Undercity Sewers,0.0,Land — Island Swamp,False,True,https://cards.scryfall.io/normal/front/2/b/2b5801fb-2026-4f25-98bc-ebb2f99684b9.jpg?1786507741,https://cards.scryfall.io/small/front/2/b/2b5801fb-2026-4f25-98bc-ebb2f99684b9.jpg?1786507741,
f6ca59cd-8779-4a84-a54b-e863b79c61f0,Underground Mortuary,0.0,Land — Swamp Forest,False,True,https://cards.scryfall.io/normal/front/f/6/f6ca59cd-8779-4a84-a54b-e863b79c61f0.jpg?1783912822,https://cards.scryfall.io/small/front/f/6/f6ca59cd-8779-4a84-a54b-e863b79c61f0.jpg?1783912822,
068bb15a-fc2d-42a2-859b-837b946d23c0,Underground Sea,0.0,Land — Island Swamp,False,True,https://cards.scryfall.io/normal/front/0/6/068bb15a-fc2d-42a2-859b-837b946d23c0.jpg?1783947953,https://cards.scryfall.io/small/front/0/6/068bb15a-fc2d-42a2-859b-837b946d23c0.jpg?1783947953,
0e51d796-7279-4c06-87f0-37adbdaa41df,Underworld Breach,2.0,Enchantment,False,False,https://cards.scryfall.io/normal/front/0/e/0e51d796-7279-4c06-87f0-37adbdaa41df.jpg?1783931543,https://cards.scryfall.io/small/front/0/e/0e51d796-7279-4c06-87f0-37adbdaa41df.jpg?1783931543,
b6cb2549-e485-44d6-9d65-7605c568909e,Unearth,1.0,Sorcery,False,False,https://cards.scryfall.io/normal/front/b/6/b6cb2549-e485-44d6-9d65-7605c568909e.jpg?1783946237,https://cards.scryfall.io/small/front/b/6/b6cb2549-e485-44d6-9d65-7605c568909e.jpg?1783946237,
0fb4c734-c698-46f2-bc78-5f036f472e5b,Unholy Annex // Ritual Chamber,8.0,Enchantment — Room // Enchantment — Room,False,False,https://cards.scryfall.io/normal/front/0/f/0fb4c734-c698-46f2-bc78-5f036f472e5b.jpg?1783909475,https://cards.scryfall.io/small/front/0/f/0fb4c734-c698-46f2-bc78-5f036f472e5b.jpg?1783909475,
2b73d294-6ab1-4051-9b0f-d8e335d37674,Unholy Heat,1.0,Instant,False,False,https://cards.scryfall.io/normal/front/2/b/2b73d294-6ab1-4051-9b0f-d8e335d37674.jpg?1783926838,https://cards.scryfall.io/small/front/2/b/2b73d294-6ab1-4051-9b0f-d8e335d37674.jpg?1783926838,
492b368b-de32-45c1-8459-238aae54f9fc,Unmarked Grave,2.0,Sorcery,False,False,https://cards.scryfall.io/normal/front/4/9/492b368b-de32-45c1-8459-238aae54f9fc.jpg?1783926852,https://cards.scryfall.io/small/front/4/9/492b368b-de32-45c1-8459-238aae54f9fc.jpg?1783926852,
a3b1b58d-b7f1-404f-aec6-b19cef4bebbd,Unruly Krasis,3.0,Creature — Shark Octopus Lizard,True,False,https://cards.scryfall.io/normal/front/a/3/a3b1b58d-b7f1-404f-aec6-b19cef4bebbd.jpg?1783912568,https://cards.scryfall.io/small/front/a/3/a3b1b58d-b7f1-404f-aec6-b19cef4bebbd.jpg?1783912568,
c78da035-6b5b-4136-9ab6-f622b64fdc54,Unstoppable Slasher,3.0,Creature — Zombie Assassin,True,False,https://cards.scryfall.io/normal/front/c/7/c78da035-6b5b-4136-9ab6-f622b64fdc54.jpg?1783909475,https://cards.scryfall.io/small/front/c/7/c78da035-6b5b-4136-9ab6-f622b64fdc54.jpg?1783909475,
7b54447f-1daf-4352-b5c3-3c0ec8b8f4d0,Unwanted Remake,1.0,Instant,False,False,https://cards.scryfall.io/normal/front/7/b/7b54447f-1daf-4352-b5c3-3c0ec8b8f4d0.jpg?1783909500,https://cards.scryfall.io/small/front/7/b/7b54447f-1daf-4352-b5c3-3c0ec8b8f4d0.jpg?1783909500,
7c353e83-4b63-4bc6-b029-273d2eca1f75,Upheaval,6.0,Sorcery,False,False,https://cards.scryfall.io/normal/front/7/c/7c353e83-4b63-4bc6-b029-273d2eca1f75.jpg?1783939131,https://cards.scryfall.io/small/front/7/c/7c353e83-4b63-4bc6-b029-273d2eca1f75.jpg?1783939131,
a0b6a71e-56cb-4d25-8f2b-7a4f1b60900d,"Uro, Titan of Nature's Wrath",3.0,Legendary Creature — Elder Giant,True,False,https://cards.scryfall.io/normal/front/a/0/a0b6a71e-56cb-4d25-8f2b-7a4f1b60900d.jpg?1783931516,https://cards.scryfall.io/small/front/a/0/a0b6a71e-56cb-4d25-8f2b-7a4f1b60900d.jpg?1783931516,
73cc6df4-3564-4ace-bf8a-eac3e62d725a,Ursine Monstrosity,3.0,Creature — Bear Mutant,True,False,https://cards.scryfall.io/normal/front/7/3/73cc6df4-3564-4ace-bf8a-eac3e62d725a.jpg?1783909653,https://cards.scryfall.io/small/front/7/3/73cc6df4-3564-4ace-bf8a-eac3e62d725a.jpg?1783909653,
58c9e9a7-e170-4361-b7d5-22fc0771c489,Urza's Bauble,0.0,Artifact,False,False,https://cards.scryfall.io/normal/front/5/8/58c9e9a7-e170-4361-b7d5-22fc0771c489.jpg?1783947454,https://cards.scryfall.io/small/front/5/8/58c9e9a7-e170-4361-b7d5-22fc0771c489.jpg?1783947454,
926916ed-2f22-4ba9-9427-194886ad6c1e,Urza's Cave,0.0,Land — Urza's Cave,False,True,https://cards.scryfall.io/normal/front/9/2/926916ed-2f22-4ba9-9427-194886ad6c1e.jpg?1783911233,https://cards.scryfall.io/small/front/9/2/926916ed-2f22-4ba9-9427-194886ad6c1e.jpg?1783911233,
c1e0f201-42cb-46a1-901a-65bb4fc18f6c,Urza's Saga,0.0,Enchantment Land — Urza's Saga,False,True,https://cards.scryfall.io/normal/front/c/1/c1e0f201-42cb-46a1-901a-65bb4fc18f6c.jpg?1783926791,https://cards.scryfall.io/small/front/c/1/c1e0f201-42cb-46a1-901a-65bb4fc18f6c.jpg?1783926791,
9e7fb3c0-5159-4d1f-8490-ce4c9a60f567,"Urza, Lord High Artificer",4.0,Legendary Creature — Human Artificer,True,False,https://cards.scryfall.io/normal/front/9/e/9e7fb3c0-5159-4d1f-8490-ce4c9a60f567.jpg?1783933135,https://cards.scryfall.io/small/front/9/e/9e7fb3c0-5159-4d1f-8490-ce4c9a60f567.jpg?1783933135,
24e58478-c6a8-4f86-854a-a489c99bd777,Usher of the Fallen,1.0,Creature — Spirit Warrior,True,False,https://cards.scryfall.io/normal/front/2/4/24e58478-c6a8-4f86-854a-a489c99bd777.jpg?1783928276,https://cards.scryfall.io/small/front/2/4/24e58478-c6a8-4f86-854a-a489c99bd777.jpg?1783928276,
7740ff55-67bb-409e-90f7-2c2c8b8c770a,"Valgavoth, Terror Eater",9.0,Legendary Creature — Elder Demon,True,False,https://cards.scryfall.io/normal/front/7/7/7740ff55-67bb-409e-90f7-2c2c8b8c770a.jpg?1783909475,https://cards.scryfall.io/small/front/7/7/7740ff55-67bb-409e-90f7-2c2c8b8c770a.jpg?1783909475,
47c8e6c4-450b-4f8b-b897-5808fe935a90,Vampire Hexmage,2.0,Creature — Vampire Shaman,True,False,https://cards.scryfall.io/normal/front/4/7/47c8e6c4-450b-4f8b-b897-5808fe935a90.jpg?1783938838,https://cards.scryfall.io/small/front/4/7/47c8e6c4-450b-4f8b-b897-5808fe935a90.jpg?1783938838,
18bd50f2-c3ba-4217-a2d5-bb771e199706,Vampiric Tutor,1.0,Instant,False,False,https://cards.scryfall.io/normal/front/1/8/18bd50f2-c3ba-4217-a2d5-bb771e199706.jpg?1783928827,https://cards.scryfall.io/small/front/1/8/18bd50f2-c3ba-4217-a2d5-bb771e199706.jpg?1783928827,
62b3f560-262b-4bc3-9aef-535fd7082c28,Vaultborn Tyrant,7.0,Creature — Dinosaur,True,False,https://cards.scryfall.io/normal/front/6/2/62b3f560-262b-4bc3-9aef-535fd7082c28.jpg?1784634289,https://cards.scryfall.io/small/front/6/2/62b3f560-262b-4bc3-9aef-535fd7082c28.jpg?1784634289,
01978fe5-00a9-4add-ae2a-b4c2572ffb9a,Vendilion Clique,3.0,Legendary Creature — Faerie Wizard,True,False,https://cards.scryfall.io/normal/front/0/1/01978fe5-00a9-4add-ae2a-b4c2572ffb9a.jpg?1783938416,https://cards.scryfall.io/small/front/0/1/01978fe5-00a9-4add-ae2a-b4c2572ffb9a.jpg?1783938416,
15faa763-b897-4e86-b094-73f3236291a9,Verdant Catacombs,0.0,Land,False,True,https://cards.scryfall.io/normal/front/1/5/15faa763-b897-4e86-b094-73f3236291a9.jpg?1783936586,https://cards.scryfall.io/small/front/1/5/15faa763-b897-4e86-b094-73f3236291a9.jpg?1783936586,
b9f71c3b-0840-475f-9c17-fdacbc7f3213,Vibrance,5.0,Creature — Elemental Incarnation,True,False,https://cards.scryfall.io/normal/front/b/9/b9f71c3b-0840-475f-9c17-fdacbc7f3213.jpg?1783904400,https://cards.scryfall.io/small/front/b/9/b9f71c3b-0840-475f-9c17-fdacbc7f3213.jpg?1783904400,
1658f12b-8ac5-4d29-86d5-f20c4d5f7e48,Vindicate,3.0,Sorcery,False,False,https://cards.scryfall.io/normal/front/1/6/1658f12b-8ac5-4d29-86d5-f20c4d5f7e48.jpg?1783935113,https://cards.scryfall.io/small/front/1/6/1658f12b-8ac5-4d29-86d5-f20c4d5f7e48.jpg?1783935113,
ea7e7daf-7c06-4c74-8bcf-e42c1f611861,Virtue of Loyalty // Ardenvale Fealty,5.0,Enchantment // Instant — Adventure,False,False,https://cards.scryfall.io/normal/front/e/a/ea7e7daf-7c06-4c74-8bcf-e42c1f611861.jpg?1783915127,https://cards.scryfall.io/small/front/e/a/ea7e7daf-7c06-4c74-8bcf-e42c1f611861.jpg?1783915127,
f1e5cafb-b0e6-4ee5-8c58-6f8e5ef2b9da,Virtue of Persistence // Locthwain Scorn,7.0,Enchantment // Sorcery — Adventure,False,False,https://cards.scryfall.io/normal/front/f/1/f1e5cafb-b0e6-4ee5-8c58-6f8e5ef2b9da.jpg?1783915099,https://cards.scryfall.io/small/front/f/1/f1e5cafb-b0e6-4ee5-8c58-6f8e5ef2b9da.jpg?1783915099,
ecc1027a-8c07-44a0-bdde-fa2844cff694,Vivi Ornitier,3.0,Legendary Creature — Wizard,True,False,https://cards.scryfall.io/normal/front/e/c/ecc1027a-8c07-44a0-bdde-fa2844cff694.jpg?1783906561,https://cards.scryfall.io/small/front/e/c/ecc1027a-8c07-44a0-bdde-fa2844cff694.jpg?1783906561,
07246783-d475-4f61-99ac-e2b574072349,Voice of Resurgence,2.0,Creature — Elemental,True,False,https://cards.scryfall.io/normal/front/0/7/07246783-d475-4f61-99ac-e2b574072349.jpg?1783940019,https://cards.scryfall.io/small/front/0/7/07246783-d475-4f61-99ac-e2b574072349.jpg?1783940019,
ec3de5f4-bb55-4ab9-995f-f3e0dc22c1bb,Voice of Victory,2.0,Creature — Human Bard,True,False,https://cards.scryfall.io/normal/front/e/c/ec3de5f4-bb55-4ab9-995f-f3e0dc22c1bb.jpg?1783907401,https://cards.scryfall.io/small/front/e/c/ec3de5f4-bb55-4ab9-995f-f3e0dc22c1bb.jpg?1783907401,
0324641d-af55-4c53-b4dc-c8262e967da5,Volcanic Island,0.0,Land — Island Mountain,False,True,https://cards.scryfall.io/normal/front/0/3/0324641d-af55-4c53-b4dc-c8262e967da5.jpg?1783948596,https://cards.scryfall.io/small/front/0/3/0324641d-af55-4c53-b4dc-c8262e967da5.jpg?1783948596,
69490262-afc2-4692-8fac-b771a972c8f8,Volcanic Spite,2.0,Instant,False,False,https://cards.scryfall.io/normal/front/6/9/69490262-afc2-4692-8fac-b771a972c8f8.jpg?1783916979,https://cards.scryfall.io/small/front/6/9/69490262-afc2-4692-8fac-b771a972c8f8.jpg?1783916979,
0adcd4e5-d542-4293-8774-ace2305ef820,Walk-In Closet // Forgotten Cellar,8.0,Enchantment — Room // Enchantment — Room,False,False,https://cards.scryfall.io/normal/front/0/a/0adcd4e5-d542-4293-8774-ace2305ef820.jpg?1783909446,https://cards.scryfall.io/small/front/0/a/0adcd4e5-d542-4293-8774-ace2305ef820.jpg?1783909446,
329a8738-3e17-403a-857a-0ba529ce8cd1,Walking Ballista,0.0,Artifact Creature — Construct,True,False,https://cards.scryfall.io/normal/front/3/2/329a8738-3e17-403a-857a-0ba529ce8cd1.jpg?1783936718,https://cards.scryfall.io/small/front/3/2/329a8738-3e17-403a-857a-0ba529ce8cd1.jpg?1783936718,
0596155d-8f83-40ca-be31-9a0df1ced65e,Wall of Omens,2.0,Creature — Wall,True,False,https://cards.scryfall.io/normal/front/0/5/0596155d-8f83-40ca-be31-9a0df1ced65e.jpg?1783940086,https://cards.scryfall.io/small/front/0/5/0596155d-8f83-40ca-be31-9a0df1ced65e.jpg?1783940086,
777fcc21-2856-4181-8ecd-c272f9769e36,"Wan Shi Tong, All-Knowing",5.0,Legendary Creature — Bird Spirit,True,False,https://cards.scryfall.io/normal/front/7/7/777fcc21-2856-4181-8ecd-c272f9769e36.jpg?1783904828,https://cards.scryfall.io/small/front/7/7/777fcc21-2856-4181-8ecd-c272f9769e36.jpg?1783904828,
e20da6b5-1057-4a28-9e85-07de714e262f,"Wan Shi Tong, Librarian",2.0,Legendary Creature — Bird Spirit,True,False,https://cards.scryfall.io/normal/front/e/2/e20da6b5-1057-4a28-9e85-07de714e262f.jpg?1783904979,https://cards.scryfall.io/small/front/e/2/e20da6b5-1057-4a28-9e85-07de714e262f.jpg?1783904979,
99ff731b-8399-40c8-b539-ba6ba5783771,Wasteland,0.0,Land,False,True,https://cards.scryfall.io/normal/front/9/9/99ff731b-8399-40c8-b539-ba6ba5783771.jpg?1783946594,https://cards.scryfall.io/small/front/9/9/99ff731b-8399-40c8-b539-ba6ba5783771.jpg?1783946594,
139b90cd-8272-457a-be32-1298145345be,Watery Grave,0.0,Land — Island Swamp,False,True,https://cards.scryfall.io/normal/front/1/3/139b90cd-8272-457a-be32-1298145345be.jpg?1783943589,https://cards.scryfall.io/small/front/1/3/139b90cd-8272-457a-be32-1298145345be.jpg?1783943589,
3f3c77ad-fce8-4506-90e1-7ef71552a71c,Wheel of Fortune,3.0,Sorcery,False,False,https://cards.scryfall.io/normal/front/3/f/3f3c77ad-fce8-4506-90e1-7ef71552a71c.jpg?1783947978,https://cards.scryfall.io/small/front/3/f/3f3c77ad-fce8-4506-90e1-7ef71552a71c.jpg?1783947978,
b256ddc8-8b12-434c-a610-1a872e948f2f,White Plume Adventurer,3.0,Creature — Orc Cleric,True,False,https://cards.scryfall.io/normal/front/b/2/b256ddc8-8b12-434c-a610-1a872e948f2f.jpg?1783922800,https://cards.scryfall.io/small/front/b/2/b256ddc8-8b12-434c-a610-1a872e948f2f.jpg?1783922800,
a15570c0-4210-4959-8584-987ec85f8283,Wight of the Reliquary,2.0,Creature — Zombie Knight,True,False,https://cards.scryfall.io/normal/front/a/1/a15570c0-4210-4959-8584-987ec85f8283.jpg?1783911244,https://cards.scryfall.io/small/front/a/1/a15570c0-4210-4959-8584-987ec85f8283.jpg?1783911244,
2aef4608-5ba8-4636-b5e7-cac57c5c0608,Windfall,3.0,Sorcery,False,False,https://cards.scryfall.io/normal/front/2/a/2aef4608-5ba8-4636-b5e7-cac57c5c0608.jpg?1783946351,https://cards.scryfall.io/small/front/2/a/2aef4608-5ba8-4636-b5e7-cac57c5c0608.jpg?1783946351,
345a4aee-5846-4ae9-9af1-4c8fe8d692ec,Winds of Abandon,2.0,Sorcery,False,False,https://cards.scryfall.io/normal/front/3/4/345a4aee-5846-4ae9-9af1-4c8fe8d692ec.jpg?1783929660,https://cards.scryfall.io/small/front/3/4/345a4aee-5846-4ae9-9af1-4c8fe8d692ec.jpg?1783929660,
63c59228-c742-4abd-b4d7-9f7880190e95,Windswept Heath,0.0,Land,False,True,https://cards.scryfall.io/normal/front/6/3/63c59228-c742-4abd-b4d7-9f7880190e95.jpg?1783929435,https://cards.scryfall.io/small/front/6/3/63c59228-c742-4abd-b4d7-9f7880190e95.jpg?1783929435,
07c17b01-ee5d-491a-8403-b3f819b778c4,Wishclaw Talisman,2.0,Artifact,False,False,https://cards.scryfall.io/normal/front/0/7/07c17b01-ee5d-491a-8403-b3f819b778c4.jpg?1783932629,https://cards.scryfall.io/small/front/0/7/07c17b01-ee5d-491a-8403-b3f819b778c4.jpg?1783932629,
87d5e94b-0b35-4efd-9158-1767dcaea38c,Witherbloom Command,2.0,Sorcery,False,False,https://cards.scryfall.io/normal/front/8/7/87d5e94b-0b35-4efd-9158-1767dcaea38c.jpg?1783927285,https://cards.scryfall.io/small/front/8/7/87d5e94b-0b35-4efd-9158-1767dcaea38c.jpg?1783927285,
1066a94a-8e4f-4d77-820b-7a77a18116f0,Wooded Foothills,0.0,Land,False,True,https://cards.scryfall.io/normal/front/1/0/1066a94a-8e4f-4d77-820b-7a77a18116f0.jpg?1783929437,https://cards.scryfall.io/small/front/1/0/1066a94a-8e4f-4d77-820b-7a77a18116f0.jpg?1783929437,
43aa7e35-55ee-4e02-a8aa-ea2b267055d1,Woodfall Primus,8.0,Creature — Treefolk Shaman,True,False,https://cards.scryfall.io/normal/front/4/3/43aa7e35-55ee-4e02-a8aa-ea2b267055d1.jpg?1783942738,https://cards.scryfall.io/small/front/4/3/43aa7e35-55ee-4e02-a8aa-ea2b267055d1.jpg?1783942738,
543d55cb-3a6b-4620-af25-10ae74ed32c4,Worldspine Wurm,11.0,Creature — Wurm,True,False,https://cards.scryfall.io/normal/front/5/4/543d55cb-3a6b-4620-af25-10ae74ed32c4.jpg?1783940344,https://cards.scryfall.io/small/front/5/4/543d55cb-3a6b-4620-af25-10ae74ed32c4.jpg?1783940344,
05812009-d1b8-4775-8188-f05cfdb4feed,Worn Powerstone,3.0,Artifact,False,False,https://cards.scryfall.io/normal/front/0/5/05812009-d1b8-4775-8188-f05cfdb4feed.jpg?1783934255,https://cards.scryfall.io/small/front/0/5/05812009-d1b8-4775-8188-f05cfdb4feed.jpg?1783934255,
2d9b12cc-f616-4b52-91eb-a430e70f9251,Wrath of God,4.0,Sorcery,False,False,https://cards.scryfall.io/normal/front/2/d/2d9b12cc-f616-4b52-91eb-a430e70f9251.jpg?1783937621,https://cards.scryfall.io/small/front/2/d/2d9b12cc-f616-4b52-91eb-a430e70f9251.jpg?1783937621,
4a706ecf-3277-40e3-871c-4ba4ead16e20,Wrenn and Six,2.0,Legendary Planeswalker — Wrenn,False,False,https://cards.scryfall.io/normal/front/4/a/4a706ecf-3277-40e3-871c-4ba4ead16e20.jpg?1783933076,https://cards.scryfall.io/small/front/4/a/4a706ecf-3277-40e3-871c-4ba4ead16e20.jpg?1783933076,
33672990-4860-4aa6-ac1b-f9da66f5da59,Wurmcoil Engine,6.0,Artifact Creature — Phyrexian Wurm,True,False,https://cards.scryfall.io/normal/front/3/3/33672990-4860-4aa6-ac1b-f9da66f5da59.jpg?1783941691,https://cards.scryfall.io/small/front/3/3/33672990-4860-4aa6-ac1b-f9da66f5da59.jpg?1783941691,
54f449ff-4025-465e-9ec5-a5cf42c4c9d3,Xander's Lounge,0.0,Land — Island Swamp Mountain,False,True,https://cards.scryfall.io/normal/front/5/4/54f449ff-4025-465e-9ec5-a5cf42c4c9d3.jpg?1783923052,https://cards.scryfall.io/small/front/5/4/54f449ff-4025-465e-9ec5-a5cf42c4c9d3.jpg?1783923052,
4e4b6e22-93b2-4896-bba5-0ceaa5d8ea3c,"Yavimaya, Cradle of Growth",0.0,Legendary Land,False,True,https://cards.scryfall.io/normal/front/4/e/4e4b6e22-93b2-4896-bba5-0ceaa5d8ea3c.jpg?1783926791,https://cards.scryfall.io/small/front/4/e/4e4b6e22-93b2-4896-bba5-0ceaa5d8ea3c.jpg?1783926791,
efda91fa-03b2-4fb4-ae07-b45f6c6d3eab,Yawgmoth's Will,3.0,Sorcery,False,False,https://cards.scryfall.io/normal/front/e/f/efda91fa-03b2-4fb4-ae07-b45f6c6d3eab.jpg?1783941652,https://cards.scryfall.io/small/front/e/f/efda91fa-03b2-4fb4-ae07-b45f6c6d3eab.jpg?1783941652,
117bb5db-4a1c-4704-b0b5-c67b45ac2f52,"Yuffie, Materia Hunter",3.0,Legendary Creature — Human Ninja,True,False,https://cards.scryfall.io/normal/front/1/1/117bb5db-4a1c-4704-b0b5-c67b45ac2f52.jpg?1783906353,https://cards.scryfall.io/small/front/1/1/117bb5db-4a1c-4704-b0b5-c67b45ac2f52.jpg?1783906353,
cc520518-2063-4b57-a0d4-10cf62a7175e,Zagoth Triome,0.0,Land — Swamp Forest Island,False,True,https://cards.scryfall.io/normal/front/c/c/cc520518-2063-4b57-a0d4-10cf62a7175e.jpg?1783930997,https://cards.scryfall.io/small/front/c/c/cc520518-2063-4b57-a0d4-10cf62a7175e.jpg?1783930997,
df3784d4-80cd-4f78-afb3-d61f3bab5b2c,Zealous Conscripts,5.0,Creature — Human Warrior,True,False,https://cards.scryfall.io/normal/front/d/f/df3784d4-80cd-4f78-afb3-d61f3bab5b2c.jpg?1783936640,https://cards.scryfall.io/small/front/d/f/df3784d4-80cd-4f78-afb3-d61f3bab5b2c.jpg?1783936640,
07d8ae46-14ec-4878-ba8a-a47d4508c6d7,Zealous Persecution,2.0,Instant,False,False,https://cards.scryfall.io/normal/front/0/7/07d8ae46-14ec-4878-ba8a-a47d4508c6d7.jpg?1783942423,https://cards.scryfall.io/small/front/0/7/07d8ae46-14ec-4878-ba8a-a47d4508c6d7.jpg?1783942423,
75fdce80-e338-4a50-bdc6-786511feaeef,Ziatora's Proving Ground,0.0,Land — Swamp Mountain Forest,False,True,https://cards.scryfall.io/normal/front/7/5/75fdce80-e338-4a50-bdc6-786511feaeef.jpg?1783923052,https://cards.scryfall.io/small/front/7/5/75fdce80-e338-4a50-bdc6-786511feaeef.jpg?1783923052,
3a9d1082-a862-45d4-9e5e-392e879fead6,Zuran Orb,0.0,Artifact,False,False,https://cards.scryfall.io/normal/front/3/a/3a9d1082-a862-45d4-9e5e-392e879fead6.jpg?1783947454,https://cards.scryfall.io/small/front/3/a/3a9d1082-a862-45d4-9e5e-392e879fead6.jpg?1783947454,
