card_id,card_name,v0_coef,v0_se,v0_z,v0_p,v0_or,v0_or_lower,v0_or_upper,v0_aic,v0_separation,v0_win_rate_lift_prob,v0_win_rate_lift_mean_prob,v1_coef,v1_se,v1_z,v1_p,v1_or,v1_or_lower,v1_or_upper,v1_aic,v1_separation,v1_win_rate_lift_prob,v1_win_rate_lift_mean_prob,v2_coef,v2_se,v2_z,v2_p,v2_or,v2_or_lower,v2_or_upper,v2_aic,v2_separation,v2_win_rate_lift_prob,v2_win_rate_lift_mean_prob,n_games,v0_p_adj,v0_significant_raw,v0_significant_fdr,v1_p_adj,v1_significant_raw,v1_significant_fdr,v2_p_adj,v2_significant_raw,v2_significant_fdr,best_aic,aic_improvement_v0_to_v1,aic_improvement_v1_to_v2,or_range,or_mean,or_cv,confidence,v0_win_rate_lift_pct,v0_win_rate_lift_mean_pct,v0_win_rate_lift_std,v0_win_rate_lift_mean_std,v1_win_rate_lift_pct,v1_win_rate_lift_mean_pct,v1_win_rate_lift_std,v1_win_rate_lift_mean_std,v2_win_rate_lift_pct,v2_win_rate_lift_mean_pct,v2_win_rate_lift_std,v2_win_rate_lift_mean_std
a7072412-4aa2-40ef-a267-bd717551a42b,"Rhys, the Evermore",1.0345073394180384,0.5394891098331241,1.9175685302304513,0.055165743658783205,2.813719685325121,0.9773687024829193,8.100339664523334,3588.0298193409762,False,0.22197772243105435,0.23815071209302696,1.032761600401988,0.5453827631408517,1.8936454728681347,0.058272083419194896,2.8088119501490114,0.9644583646704297,8.180160865726778,3582.585058745405,False,0.2203906834879664,0.24583205229795624,1.1551855418597134,0.5471767897877192,2.1111742373207663,0.03475733835399355,3.1746123863727598,1.0862365699903467,9.278056071893172,3578.4765129058574,False,0.24165075683387113,0.2601804450352171,17,0.4657664686127645,False,False,0.7101588771085645,False,False,0.5743228886625202,True,False,3578.4765129058574,5.444760595571097,4.108545839547787,0.36580043622374836,2.9323813406156307,0.12474517933842513,low,22.197772243105433,23.815071209302697,0.4439554448621087,0.4763014241860539,22.03906834879664,24.583205229795624,0.4407813669759328,0.4916641045959125,24.165075683387112,26.018044503521708,0.48330151366774227,0.5203608900704342
716a44b4-f6b0-4f14-a270-6442aed3251f,"Raffine, Scheming Seer",0.9342200099237014,0.4688642903143219,1.9925168736936858,0.04631437567582052,2.545227431160957,1.0153628140689985,6.38016538184348,3588.221650991578,False,0.20247495473381258,0.21823823938619757,1.0251439389046668,0.47821578256937,2.143684872541737,0.0320581451059705,2.787496660907123,1.0918145152534213,7.116719484870403,3582.0431204585234,False,0.2185091750909119,0.24426531118162925,0.9357288156515041,0.48231808447632923,1.940065790125742,0.05237169489492088,2.5490705834436653,0.9904314428563666,6.5605357001172475,3579.712992636954,False,0.20068789324212605,0.2187219247720798,20,0.4350942052925675,True,False,0.6441593542775871,True,False,0.6258201161538447,False,False,3579.712992636954,6.178530533054527,2.3301278215694765,0.24226922974616594,2.6272648918372483,0.09221347664595285,low,20.247495473381257,21.823823938619757,0.40494990946762516,0.43647647877239515,21.85091750909119,24.426531118162924,0.4370183501818238,0.4885306223632585,20.068789324212606,21.87219247720798,0.4013757864842521,0.4374438495441596
6f26faca-f338-4ce5-a218-6a61d40fc50a,Tendrils of Agony,0.7444975650412201,0.3382180743290183,2.2012353021588473,0.027719370352248883,2.1053833509966204,1.0850110153707706,4.085340141122009,3587.0927216652453,False,0.16481632573795688,0.17831855520718437,0.9708676821532217,0.3465378228546024,2.8016211164360283,0.00508465509217995,2.6402343499876757,1.3386391648950777,5.207405853392327,3578.4195920808124,False,0.20853866671732438,0.2344892009709178,0.9255332703272282,0.3502093429911283,2.642800053311754,0.008222357509550684,2.5232134565152946,1.2701347002873962,5.012544059853866,3576.2055650463394,False,0.19895722247767353,0.21862684566839752,41,0.39632215487043715,True,False,0.465011012698475,True,False,0.42187018914386976,True,False,3576.2055650463394,8.6731295844329,2.2140270344730197,0.5348509989910553,2.4229437191665304,0.22074429329916045,low,16.481632573795686,17.831855520718438,0.32963265147591375,0.35663711041436874,20.853866671732437,23.44892009709178,0.41707733343464876,0.4689784019418356,19.895722247767353,21.862684566839754,0.39791444495534706,0.43725369133679504
6da09e6a-2965-4855-bd41-41b41ba188fb,Through the Breach,0.7309781938190775,0.27720374226074684,2.63697087152415,0.008365001421033729,2.0771114318065087,1.206421885158842,3.5761883576682933,3584.8138962256053,False,0.16222547829636325,0.17551041503439307,0.9019762108271758,0.2827342679530189,3.190190624424254,0.0014217897824443718,2.464468611499521,1.4159731675749399,4.2893507279296195,3575.867923009655,False,0.19552234564591123,0.2195402281474308,0.9106372787190602,0.28304342436444707,3.21730589842823,0.0012940055157666347,2.4859062438455126,1.4274250645217699,4.329284952874567,3572.553548472122,False,0.19631839008197605,0.21625806841573797,63,0.30967563573566415,True,False,0.27049830525765095,True,False,0.2877005596721151,True,False,3572.553548472122,8.94597321595029,3.3143745375327853,0.4087948120390039,2.342495429050514,0.17451253350137852,low,16.222547829636326,17.551041503439308,0.3244509565927265,0.35102083006878615,19.552234564591124,21.95402281474308,0.39104469129182245,0.4390804562948616,19.631839008197606,21.625806841573798,0.3926367801639521,0.43251613683147594
4bc61952-88ba-447a-835a-f1e9643fcd0d,Serum Visions,0.815214666101024,0.5397179736823547,1.5104456509740212,0.13092974750189584,2.259660692839679,0.7845597376288075,6.508193324063351,3589.5982234995163,False,0.17935541652804837,0.193406026506381,0.7947307828678772,0.5467850021735097,1.4534611953670369,0.14609574625401192,2.2138449115914356,0.7580788906413335,6.465170516003896,3584.2345288420975,False,0.1741450955758632,0.19379141437478042,0.821159686540886,0.5507377297662054,1.4910176698616198,0.13595685583116118,2.2731344329922574,0.7723740977121423,6.689944892974367,3580.9930624696535,False,0.1786309993675549,0.19451108018392282,18,0.6576051010039601,False,False,0.72197609153811,False,False,0.7388333550955334,False,False,3580.9930624696535,5.363694657418819,3.241466372443938,0.059289521400821776,2.2488800124744572,0.02636402167832206,low,17.935541652804837,19.3406026506381,0.35871083305609675,0.386812053012762,17.414509557586317,19.379141437478044,0.3482901911517264,0.38758282874956085,17.86309993675549,19.451108018392283,0.3572619987351098,0.38902216036784565
efda91fa-03b2-4fb4-ae07-b45f6c6d3eab,Yawgmoth's Will,0.6116638710823453,0.2619395464769656,2.3351337333713134,0.01953643557607822,1.8434961883654275,1.1032521963743218,3.080418246785699,3586.4577040449794,False,0.13707901371343548,0.14864460928320805,0.8170995809751764,0.269534728172996,3.0315187453348713,0.002433268113262227,2.2639239775923183,1.3348401058177966,3.839674695103165,3576.983580701849,False,0.17863693178375412,0.20015561474324495,0.7740904229748573,0.2734440244024863,2.830891714186675,0.004641843329439954,2.168618704079815,1.268886996030807,3.706324596592079,3575.101618004734,False,0.16916603194253801,0.18664811812365206,69,0.37932307710689067,True,False,0.27049830525765095,True,False,0.37018318753650625,True,False,3575.101618004734,9.474123343130486,1.8819626971148864,0.42042778922689084,2.0920129566791865,0.20096806182991728,low,13.707901371343548,14.864460928320804,0.27415802742687095,0.2972892185664161,17.86369317837541,20.015561474324496,0.35727386356750823,0.4003112294864899,16.916603194253803,18.664811812365205,0.33833206388507603,0.3732962362473041
b7f16fdf-a3f5-462d-a64a-789d893b6ef5,Batterskull,0.6174562986353853,0.23512628888935022,2.6260623665351113,0.008637898903750949,1.8542054929729883,1.169537968866738,2.93968909235383,3585.0854040162963,False,0.13812770152182002,0.15004622830652742,0.5965941423137943,0.23832089081502672,2.5033228949149997,0.012303323978935956,1.815923479248824,1.1382422611597014,2.897079290596192,3580.1624175223974,False,0.13284535196955102,0.14750788909321172,0.5911359894533412,0.23937266148079803,2.4695217314979843,0.013529380067068369,1.8060388916508907,1.1297152083499697,2.887255526036191,3577.2206437910227,False,0.13102508713119393,0.143670062043753,84,0.30967563573566415,True,False,0.4827245349382519,True,False,0.5299502928590496,True,False,3577.2206437910227,4.922986493898861,2.941773731374724,0.0481666013220976,1.8253892879575677,0.026387029681756994,low,13.812770152182003,15.004622830652742,0.27625540304364005,0.30009245661305484,13.284535196955103,14.750788909321171,0.26569070393910205,0.29501577818642344,13.102508713119393,14.367006204375299,0.26205017426238786,0.287340124087506
3e7da55c-7f05-46b2-aa3c-17f8d5df46bb,Scion of Draco,0.6492202346504676,0.44086777148007783,1.4725962672910078,0.14085993191320073,1.9140477388554553,0.8066377490312205,4.541789360859536,3589.9482529269135,False,0.14477691069084966,0.1569624006727134,0.6372942680478954,0.4481724756433362,1.4219843981562708,0.1550307802398268,1.8913564461907917,0.7857443576213392,4.552662926370482,3584.524681980775,False,0.1413753978553379,0.15720037947883103,0.5865258263576643,0.4497047960537444,1.3042463222641911,0.19214961059740754,1.797731920761311,0.7446093400498297,4.340316304262145,3581.720039597244,False,0.12998204675055067,0.14263419373815356,22,0.6576051010039601,False,False,0.72197609153811,False,False,0.767447845918987,False,False,3581.720039597244,5.423570946138625,2.8046423835307905,0.11631581809414437,1.8677120352691858,0.062277169016250536,low,14.477691069084967,15.696240067271338,0.28955382138169933,0.3139248013454268,14.13753978553379,15.720037947883103,0.2827507957106758,0.31440075895766206,12.998204675055067,14.263419373815356,0.25996409350110133,0.2852683874763071
2462df62-fc35-47ed-9571-40452074dc6d,Traveling Chocobo,0.4255985600329399,0.29582684450248625,1.4386745758272894,0.15024274595518744,1.5305062454163603,0.8570816804421307,2.7330526608037142,3590.0196824654536,False,0.09640212915779722,0.10490688269469844,0.5737847457576923,0.3060933794920636,1.8745415098812008,0.06085582630372529,1.774972173241929,0.9741808859577321,3.2340258992926616,3583.0116317651573,False,0.12787110022387496,0.14210095458402422,0.5480274010347579,0.3075388914635829,1.7819775522591177,0.07475289244191159,1.7298373747124878,0.9467229100512373,3.1607319429823915,3580.230648455413,False,0.1217497921273799,0.13385483239297463,50,0.6576051010039601,False,False,0.72197609153811,False,False,0.6970950875368337,False,False,3580.230648455413,7.00805070029628,2.7809833097444425,0.24446592782556875,1.678438597790259,0.1456508019700091,low,9.640212915779722,10.490688269469844,0.19280425831559445,0.2098137653893969,12.787110022387496,14.210095458402423,0.2557422004477499,0.28420190916804844,12.17497921273799,13.385483239297463,0.2434995842547598,0.26770966478594926
08f79439-b8f8-418f-9772-26d81844749e,Enduring Innocence,0.6145350648987856,0.29279226556456084,2.098877385691325,0.03582771082964806,1.848796829164205,1.0415002527443318,3.281852026940106,3587.434687843147,False,0.1378323743084116,0.14924671894726121,0.541808007146678,0.29646739490785573,1.8275466930016906,0.06761761238755963,1.7191122212652192,0.9614929109641144,3.0737063119269714,3583.0225478574803,False,0.12139321789905645,0.13432321527483143,0.5475237734957695,0.29786929234108944,1.8381343346691854,0.0660426129220167,1.728966400314367,0.9643509067146656,3.0998309770869628,3579.865474005848,False,0.12200622000386009,0.13349039794769413,56,0.4256191596711586,True,False,0.72197609153811,False,False,0.6970950875368337,False,False,3579.865474005848,4.412139985666727,3.1570738516325036,0.12968460789898573,1.7656251502479305,0.0734496831792271,low,13.783237430841162,14.92467189472612,0.2756647486168232,0.29849343789452243,12.139321789905646,13.432321527483143,0.2427864357981129,0.26864643054966286,12.200622000386009,13.349039794769412,0.24401244000772018,0.26698079589538826
0783b426-a527-42c1-9271-be28b229e1c6,"Torsten, Founder of Benalia",0.4134189820311286,0.2879953272532349,1.4355058673143277,0.15114299758707944,1.5119783850164679,0.8598031086423926,2.6588396968774237,3590.0144167573753,False,0.09374394713120249,0.10199007210911121,0.47093836627008767,0.30019146655581325,1.5687933160569314,0.11669610634986381,1.6014962784434477,0.8891966110098704,2.884390581465838,3584.0533400625854,False,0.10575380717644413,0.11714358247960083,0.49900590446368637,0.2985233096691326,1.6715810400760933,0.09460696606743398,1.6470830986289786,0.9175026759528386,2.9568117945507604,3580.6056721247746,False,0.11127755503035872,0.12251837041001751,55,0.6576051010039601,False,False,0.72197609153811,False,False,0.6970950875368337,False,False,3580.6056721247746,5.961076694789881,3.44766793781082,0.13510471361251075,1.5868525873629646,0.08514005313942115,low,9.37439471312025,10.199007210911121,0.18748789426240497,0.20398014421822241,10.575380717644412,11.714358247960083,0.21150761435288826,0.23428716495920165,11.127755503035871,12.251837041001751,0.22255511006071743,0.24503674082003501
b6876d9e-0908-43ac-8542-09c7aa02b5ba,Tarmogoyf,0.4417722834003236,0.49944597760821957,0.8845246597357984,0.37641305664960223,1.555461495699207,0.5844162269058204,4.139961132517824,3591.3179183462,False,0.09998090513619595,0.10871363267061557,0.5706758218701455,0.5031862235430644,1.1341244954042449,0.25674232992432244,1.769462488885239,0.6599645376264336,4.744190514891294,3585.2654680767146,False,0.12724312080103575,0.14128750114503547,0.4941664993669853,0.5059030154581662,0.9768008576099279,0.32866775140670457,1.6391314524242204,0.6081076170627298,4.418217833389153,3582.4684956042456,False,0.11020272114916226,0.12111187412823804,17,0.8178094748706342,False,False,0.8312967672792382,False,False,0.8692433175606691,False,False,3582.4684956042456,6.0524502694852345,2.7969724724689513,0.21400099318603205,1.6546851456695555,0.12933034042524036,low,9.998090513619594,10.871363267061557,0.1999618102723919,0.21742726534123114,12.724312080103575,14.128750114503546,0.2544862416020715,0.28257500229007093,11.020272114916226,12.111187412823805,0.2204054422983245,0.24222374825647608
777fcc21-2856-4181-8ecd-c272f9769e36,"Wan Shi Tong, All-Knowing",0.36643303605729793,0.3215224603067062,1.1396809905838325,0.25441922958594465,1.4425797964849998,0.76816479952143,2.7091015762805037,3590.755439158052,False,0.08337564456156399,0.09064461305757815,0.4811900872056582,0.32438286864073457,1.4834016642802217,0.13796772551987746,1.6179988165456545,0.8567575247802527,3.0556138634610783,3584.2545230735022,False,0.10811984575551839,0.11964043647072214,0.48152521762636225,0.32683043227683173,1.4733181799254882,0.14066526084429243,1.6185411480405572,0.852943108378962,3.0713366720075834,3581.1688497079704,False,0.10763639373022878,0.11828642734130523,45,0.7714631446865359,False,False,0.72197609153811,False,False,0.7388333550955334,False,False,3581.1688497079704,6.500916084549772,3.085673365531875,0.17596135155555737,1.5597065870237372,0.11281695738127918,low,8.337564456156398,9.064461305757815,0.16675128912312798,0.1812892261151563,10.81198457555184,11.964043647072215,0.21623969151103678,0.2392808729414443,10.763639373022878,11.828642734130524,0.21527278746045755,0.23657285468261047
28667c8b-d02c-4e57-a050-1549207b65d1,Thragtusk,0.41880542128946135,0.2608094704828652,1.605790696611135,0.10831990545470534,1.5201445382472443,0.9117575752483505,2.5344888596439525,3589.448294543453,False,0.09506262268697441,0.10330465212805645,0.4555697373834478,0.2698746809198888,1.688078836557038,0.09139609640826997,1.5770716437951708,0.9292433397037041,2.676537849015791,3583.6139495864113,False,0.10254387322810539,0.11334220503811426,0.47755431748359695,0.27115827130554404,1.7611644859082451,0.07821056705314156,1.6121268265083173,0.9475117943168024,2.7429240673692488,3580.2361557151594,False,0.10680136907880405,0.117277295991632,70,0.6135358967223107,False,False,0.72197609153811,False,False,0.6970950875368337,False,False,3580.2361557151594,5.834344957041594,3.3777938712519244,0.09198228826107302,1.5697810028502441,0.05859561817480349,low,9.50626226869744,10.330465212805645,0.19012524537394881,0.2066093042561129,10.254387322810539,11.334220503811427,0.20508774645621078,0.22668441007622853,10.680136907880405,11.727729599163201,0.2136027381576081,0.234554591983264
415ff6a5-61ef-4b37-ae08-e44476300d4a,Fire Magic,0.46391762109030327,0.5186383422540107,0.8944915624134337,0.3710589422347531,1.590291958526161,0.5754439036229667,4.394917553961965,3591.2603463934374,False,0.10494857072208755,0.11398026067435868,0.4817150216194457,0.5249027285884605,0.9177224567204044,0.35876418770603047,1.618848382769692,0.5786286761417285,4.529105097021053,3585.6526294818223,False,0.1081648219294262,0.11972086358563677,0.4718658269758956,0.525533288813316,0.8978799954640275,0.36924953071434596,1.6029822923154184,0.5722499433765847,4.4902620947676155,3582.5729298898605,False,0.10547166667420146,0.11582979451485964,17,0.8171117467415124,False,False,0.8813740651574318,False,False,0.8719454961264379,False,False,3582.5729298898605,5.607716911615171,3.0796995919617984,0.028556424243530998,1.6040408778704238,0.01780280330601264,low,10.494857072208754,11.398026067435868,0.2098971414441751,0.22796052134871736,10.816482192942619,11.972086358563677,0.2163296438588524,0.23944172717127354,10.547166667420147,11.582979451485965,0.21094333334840293,0.23165958902971928
3027e6c5-eed3-44e7-bb12-67569721af99,Goryo's Vengeance,0.20901744175738876,0.51305055082081,0.40740126177233366,0.683713300398382,1.2324664947243793,0.45087657892509914,3.3689344969735826,3591.923951819751,False,0.047780744006364964,0.05206830511419519,0.3998777614091269,0.5186290130380601,0.7710285220387034,0.4406900258362474,1.4916423502375729,0.5397576134658798,4.122214945214331,3585.9426542053,False,0.09011367924644337,0.09963172366622697,0.4680402389386308,0.5257576952121995,0.8902204251137522,0.37334753936055276,1.5968616574125074,0.5698142527230022,4.475084890784241,3582.634527938995,False,0.10452616985006725,0.115027710178908,17,0.9056993328965004,False,False,0.901029995682603,False,False,0.8719454961264379,False,False,3582.634527938995,5.981297614450796,3.3081262663054076,0.3643951626881281,1.4403235007914865,0.25299536006174006,low,4.778074400636497,5.206830511419519,0.09556148801272993,0.10413661022839038,9.011367924644336,9.963172366622697,0.18022735849288674,0.19926344733245394,10.452616985006726,11.502771017890801,0.2090523397001345,0.230055420357816
58c1e824-c8a9-4312-8e4c-a29a26d189a4,"Ugin, the Spirit Dragon",0.5169587653471646,0.3786450742666203,1.3652858586591612,0.17216322185756805,1.6769199796719174,0.7983680436970956,3.5222609928132003,3590.1921214320855,False,0.11652586449627526,0.1265295843032902,0.5644411531998783,0.38627601228596486,1.4612379108387803,0.14395016243385128,1.7584647956536317,0.8247624851540892,3.7491987004906715,3584.3592763791307,False,0.12600548048892893,0.13984865166520405,0.4640795853985543,0.3868778891787942,1.1995505516834581,0.2303139407085999,1.590549549922884,0.7451266482557016,3.395191779386922,3581.949044388642,False,0.10375258785298108,0.11410803462330865,31,0.6835289820178446,False,False,0.72197609153811,False,False,0.7901700765835511,False,False,3581.949044388642,5.832845052954781,2.4102319904886826,0.16791524573074756,1.6753114417494777,0.10022927173194657,low,11.652586449627526,12.65295843032902,0.23305172899255053,0.2530591686065804,12.600548048892893,13.984865166520406,0.25201096097785786,0.2796973033304081,10.375258785298108,11.410803462330865,0.20750517570596216,0.2282160692466173
3a2d7cf9-dddb-4de3-b4f2-c52e3ec8fb4b,Brain Freeze,0.36667378936345957,0.17770415700611972,2.0633945516020327,0.03907515718636931,1.4429271441512772,1.0185434755461253,2.04413340551046,3587.7982305596297,False,0.0833690722365847,0.09080795174116274,0.49453306710396233,0.1867694025607271,2.647827001230394,0.008101096971599083,1.6397324152714097,1.1370816660436318,2.364581607446865,3579.44659074959,False,0.1108843928850077,0.12300651564659693,0.45679631871209236,0.18849131176610603,2.4234343452334772,0.01537453207159382,1.5790072372661152,1.0912822136067568,2.2847104298514815,3577.483215287658,False,0.1021451327482962,0.11304992607005893,148,0.4256191596711586,True,False,0.465011012698475,True,False,0.5299502928590496,True,False,3577.483215287658,8.351639810039615,1.9633754619321735,0.19680527112013246,1.5538889322296008,0.12665337080285785,low,8.33690722365847,9.080795174116274,0.1667381444731694,0.18161590348232548,11.088439288500771,12.300651564659692,0.2217687857700154,0.24601303129319385,10.21451327482962,11.304992607005893,0.2042902654965924,0.22609985214011785
b0c5728e-43e7-417a-ba18-5038345cec67,Arcane Denial,0.3030882899817807,0.21558848308101786,1.4058649406976,0.15976423372357929,1.3540340068028054,0.8873949446566101,2.0660564978628795,3590.0785372566024,False,0.06919409336053124,0.07525727103458862,0.45405229077792714,0.21873927354353168,2.075769400813912,0.03791528369341292,1.5746803365819984,1.025646673501002,2.417614395368654,3582.1200651887293,False,0.10226034744463239,0.11301661178234529,0.4448774291070968,0.2203849824662254,2.0186376772531474,0.0435248919652004,1.5602989368776268,1.013006724525756,2.4032740489074156,3579.2428588732478,False,0.09972979986759029,0.10975513602954795,101,0.6578500872874363,False,False,0.6441593542775871,True,False,0.5924714885875237,True,False,3579.2428588732478,7.958472067873117,2.877206315481544,0.22064632977919296,1.4963377600874768,0.14745756985127065,low,6.919409336053124,7.525727103458863,0.13838818672106248,0.15051454206917725,10.226034744463238,11.301661178234529,0.20452069488926478,0.22603322356469058,9.972979986759029,10.975513602954795,0.19945959973518057,0.2195102720590959
f44e5128-e146-4e46-b313-a40d82719d1d,Spirit of the Labyrinth,0.3738210301911172,0.3380585775412488,1.1057877392432227,0.2688184030633014,1.45327703446798,0.7491816647699203,2.819094804676863,3590.8645858173013,False,0.08492421988069601,0.09242617837296013,0.4284863191082575,0.3417017125255907,1.2539776752689449,0.20985011999146586,1.5349323664261079,0.7856459467667586,2.9988283898089048,3584.950623047258,False,0.09643783438627115,0.10667319090714866,0.44054859530893314,0.340211136999608,1.2949270244184887,0.19534540490663233,1.553559260099198,0.7975065483893737,3.0263655884886607,3581.728711031813,False,0.09857160638182247,0.10839069083823888,40,0.7714631446865359,False,False,0.7787121755924723,False,False,0.7755677682900225,False,False,3581.728711031813,5.913962770043327,3.221912015445014,0.10028222563121814,1.5139228869977621,0.06623998255953863,low,8.492421988069601,9.242617837296013,0.16984843976139202,0.18485235674592027,9.643783438627116,10.667319090714866,0.1928756687725423,0.21334638181429733,9.857160638182247,10.839069083823889,0.19714321276364494,0.21678138167647776
209c591a-4ab2-4e89-9523-a7b766cf4e51,Ouroboroid,0.43561326187154825,0.29169028428180704,1.4934102551413564,0.13532983017901487,1.5459108164704152,0.8727556184999868,2.738269684917831,3589.8183439376307,False,0.09871941327534695,0.1073086073703336,0.4132422874708008,0.29999551018405135,1.377494907231348,0.1683592882579379,1.5117112502618262,0.8396678244063275,2.7216368637013506,3584.5938423254274,False,0.09316937157540618,0.10291868229613982,0.4396818635522763,0.30141778750087656,1.4587123978242247,0.14464428233762378,1.5522133243195213,0.8597642975209264,2.8023566588451136,3581.2412761411606,False,0.09847125951382173,0.10815458206765405,54,0.6576051010039601,False,False,0.72197609153811,False,False,0.7388333550955334,False,False,3581.2412761411606,5.224501612203312,3.352566184266834,0.040502074057695125,1.5366117970172544,0.02635803924993577,low,9.871941327534694,10.73086073703336,0.1974388265506939,0.2146172147406672,9.316937157540618,10.291868229613982,0.18633874315081236,0.20583736459227964,9.847125951382173,10.815458206765404,0.19694251902764345,0.2163091641353081
15db4353-9c46-4fe4-b22e-0cf024aa9dfc,Grim Lavamancer,0.529222347241063,0.25823911589815146,2.0493500583768505,0.04042789700561153,1.6976116427977712,1.0233419366860141,2.8161508743550874,3587.8688078496252,False,0.11910343178928674,0.12951409263558522,0.3914017987329726,0.26176570697817086,1.4952371082191156,0.13485257213283255,1.4790526755293882,0.8854502671253294,2.4706038252072746,3584.275059099675,False,0.0882802045800178,0.09752924299090293,0.43581900948007946,0.263006299604328,1.6570668084214502,0.09750596877048581,1.5462289166469596,0.9234179429119433,2.5891026712518825,3580.6459070777564,False,0.09754562073189046,0.1071951484294158,66,0.4256191596711586,True,False,0.72197609153811,False,False,0.6970950875368337,False,False,3580.6459070777564,3.5937487499500094,3.6291520219187987,0.21855896726838298,1.574297744991373,0.13882949903455566,low,11.910343178928674,12.951409263558523,0.23820686357857349,0.25902818527117044,8.82802045800178,9.752924299090292,0.1765604091600356,0.19505848598180586,9.754562073189046,10.71951484294158,0.19509124146378093,0.2143902968588316
bd8fa327-dd41-4737-8f19-2cf5eb1f7cdd,Black Lotus,0.39893313426425,0.14334060635769036,2.783113204284606,0.005384001687437487,1.4902339696850677,1.1252278469850272,1.97364230751469,3584.214420126915,False,0.09085910511237234,0.09873687628159183,0.45532690655849806,0.14499388420536694,3.1403180144728076,0.0016876452510228375,1.5766887286805815,1.1866555563385888,2.0949190638088346,3576.4811045139345,False,0.1027248594285182,0.11333989861074739,0.43249415765466,0.1457581328921598,2.9672042929820175,0.003005212051212615,1.5410964716486004,1.158131831948391,2.0506977439107295,3574.451122747067,False,0.09719176224625009,0.1069306360177571,240,0.30967563573566415,True,False,0.27049830525765095,True,False,0.37018318753650625,True,False,3574.451122747067,7.733315612980277,2.0299817668674223,0.0864547589955138,1.5360063900047498,0.05628541623140413,low,9.085910511237234,9.873687628159184,0.1817182102247447,0.19747375256318367,10.27248594285182,11.33398986107474,0.2054497188570364,0.22667979722149478,9.71917622462501,10.693063601775709,0.19438352449250018,0.2138612720355142
f1e5cafb-b0e6-4ee5-8c58-6f8e5ef2b9da,Virtue of Persistence // Locthwain Scorn,0.4126353861734541,0.18841049774918397,2.1900870232972,0.028517926167920735,1.5107940690902022,1.0443041835594862,2.1856646321364788,3587.2226491724678,False,0.0936847527019728,0.10191384219465788,0.3963671832175626,0.1904189308167654,2.081553454362031,0.03738327670095042,1.4864150040056088,1.0234160280307703,2.158877234299642,3582.1266804615725,False,0.08950194561636265,0.0987685165600598,0.43139143724646795,0.1911011239192681,2.257398744701847,0.023983170093047252,1.539398009754727,1.0584792777069203,2.238821564434035,3578.2306387083495,False,0.09672146882491685,0.10642811796292795,131,0.39632215487043715,True,False,0.6441593542775871,True,False,0.5630492137771731,True,False,3578.2306387083495,5.095968710895249,3.8960417532230167,0.052983005749118295,1.5122023609501793,0.03503698123829596,low,9.36847527019728,10.191384219465787,0.1873695054039456,0.20382768438931576,8.950194561636266,9.87685165600598,0.1790038912327253,0.1975370331201196,9.672146882491685,10.642811796292795,0.1934429376498337,0.2128562359258559
d91a527d-51f1-4fb1-9016-fc923fd43a6a,Azorius Signet,0.48973505629838965,0.41231794409806743,1.1877607155072276,0.23492769562611582,1.6318838053391593,0.7273059040183146,3.661519505637281,3590.662906569981,False,0.11056207511504611,0.12011051360415204,0.4401332297893929,0.41466154070772104,1.06142766227656,0.2884955911247886,1.552914099148073,0.6889384185340178,3.500374103776005,3585.3847957848457,False,0.0990301180785929,0.10953630941174314,0.4280312789728276,0.4148508658394889,1.0317714490161831,0.3021791972529251,1.5342340694828305,0.68039863946526,3.459551567904086,3582.3304264577177,False,0.09587222798199797,0.1054200823453213,25,0.7569892414619287,False,False,0.8370586318619759,False,False,0.8551963634113465,False,False,3582.3304264577177,5.278110785135141,3.0543693271279153,0.09764973585632886,1.573010657990021,0.06207824172094601,low,11.05620751150461,12.011051360415204,0.22112415023009221,0.24022102720830407,9.90301180785929,10.953630941174314,0.1980602361571858,0.21907261882348628,9.587222798199797,10.54200823453213,0.19174445596399595,0.2108401646906426
310a1c46-8331-4a09-9fcb-d942f8102364,Thoughtseize,0.35666639487505025,0.1513742793482017,2.35618888764201,0.018463526521000365,1.4285592156755158,1.061807672791105,1.921987837333078,3586.4389384134065,False,0.08141282170592204,0.08843113688479853,0.3917697083827664,0.15321757535527417,2.556950189783046,0.010559433653508673,1.47959693339399,1.0957765178759111,1.9978590977223434,3579.863247325945,False,0.08871260273978382,0.09762497302935547,0.4245600010973315,0.15430122410668487,2.7515011857831273,0.005932280504784068,1.528917549599095,1.1299005294883997,2.068844834093956,3575.682445853122,False,0.09547886779518121,0.10488934723715582,212,0.37932307710689067,True,False,0.465011012698475,True,False,0.37018318753650625,True,False,3575.682445853122,6.575691087461564,4.180801472823077,0.10035833392357918,1.479024566222867,0.06785440635369182,low,8.141282170592204,8.843113688479853,0.16282564341184408,0.17686227376959707,8.871260273978383,9.762497302935547,0.17742520547956764,0.19524994605871093,9.547886779518121,10.488934723715582,0.19095773559036242,0.20977869447431163
a6539e26-b63b-4725-9407-caaf451de084,Troll of Khazad-dûm,0.25527553421226523,0.1448675678614033,1.7621303234447248,0.07804728100190883,1.2908172361888988,0.9717420418409886,1.7146619838385033,3588.9611970490337,False,0.05837704491838366,0.0635529608269641,0.3951365219359571,0.15085776044243984,2.619265464216688,0.00881193438646951,1.4845868557581459,1.1045691080659126,1.9953465258041052,3579.5878679751313,False,0.08925861435751722,0.09839219302457725,0.4161630257499314,0.15176857752404382,2.7420895190508134,0.006104970109297705,1.5161330174463956,1.1260282450343044,2.0413869161169074,3575.7998059634665,False,0.09341829791618984,0.10326906460102475,230,0.5242744212266087,False,False,0.465011012698475,True,False,0.37018318753650625,True,False,3575.7998059634665,9.373329073902369,3.788062011664806,0.22531578125749685,1.4305123697978133,0.15750704853348643,low,5.837704491838366,6.35529608269641,0.11675408983676731,0.1271059216539282,8.925861435751722,9.839219302457725,0.17851722871503445,0.1967843860491545,9.341829791618984,10.326906460102474,0.1868365958323797,0.2065381292020495
bce84a87-093a-42de-9696-8c3250e0f33b,Goblin Rabblemaster,0.5605527646699333,0.2931680656665493,1.912052608443065,0.05586944661441804,1.7516404777100993,0.9860416892995091,3.111678133337514,3588.3565958473846,False,0.1260114869387435,0.13677837707357238,0.3889493427993077,0.2958773251847582,1.3145628599840542,0.18865685904534502,1.4754298082960282,0.8261571952379666,2.6349623676416947,3584.7664575062945,False,0.0878048230555157,0.09692284440199256,0.41475275169396825,0.29670755226621304,1.39785033621875,0.16215801502124028,1.513996361375941,0.8463739034613974,2.708241561897512,3581.4172770479618,False,0.09301855489161788,0.10219528921021592,55,0.4658115111477104,False,False,0.7622052820048237,False,False,0.7388333550955334,False,False,3581.4172770479618,3.590138341090096,3.3491804583327394,0.27621066941407113,1.5803555491273562,0.17477754899306658,low,12.60114869387435,13.677837707357238,0.252022973877487,0.27355675414714475,8.780482305551569,9.692284440199256,0.1756096461110314,0.19384568880398512,9.301855489161788,10.219528921021592,0.18603710978323576,0.20439057842043185
68841ca8-a043-4f30-9a17-e983ed960bc2,Demonic Tutor,0.23425765444550728,0.14521679588132017,1.6131581269494242,0.10671015803668116,1.2639701177763722,0.9508801349126766,1.680149158630107,3589.4674500336946,False,0.05361863638572965,0.05835858435834801,0.38086237553349817,0.15007490528838294,2.537815198361349,0.011154686961282759,1.463546171787856,1.090586430466717,1.9640510253169319,3580.0145782237105,False,0.08613036294529436,0.09486585745251463,0.41424140402482895,0.15084008133704138,2.7462289886945643,0.006028467009688766,1.5132223807689207,1.125913655873154,2.0337633900391516,3575.7787941267907,False,0.09302449450259846,0.10264808960665128,231,0.6135358967223107,False,False,0.465011012698475,True,False,0.37018318753650625,True,False,3575.7787941267907,9.452871809984117,4.235784096919815,0.24925226299254843,1.4135795567777165,0.176327014491299,low,5.361863638572965,5.835858435834801,0.1072372727714593,0.11671716871669602,8.613036294529437,9.486585745251464,0.17226072589058872,0.18973171490502927,9.302449450259846,10.264808960665128,0.18604898900519692,0.20529617921330257
02d6d693-f1f3-4317-bcc0-c21fa8490d38,"Jace, Vryn's Prodigy // Jace, Telepath Unbound",0.28753993065790945,0.14615024397998508,1.9674269630181893,0.04913400841464552,1.3331438244103928,1.001086041773863,1.7753443584273245,3588.201948907521,False,0.06557807448930976,0.07150333763935995,0.40326693509545375,0.1559443986460573,2.5859661430401073,0.00971064685505786,1.4967063618004643,1.102539233612943,2.0317915817954484,3579.8145150710907,False,0.09086304502724026,0.10041647785443386,0.4102911070946459,0.15726901771221968,2.6088489205510346,0.009084734154402368,1.5072564943130207,1.107432012043438,2.051432607096847,3576.5735619898696,False,0.09193326703709577,0.10178827982925392,224,0.44893676181600767,True,False,0.465011012698475,True,False,0.4328226914990271,True,False,3576.5735619898696,8.387433836430318,3.2409530812210505,0.17411266990262786,1.4457022268412925,0.1204346695121621,low,6.557807448930976,7.150333763935995,0.13115614897861952,0.1430066752787199,9.086304502724026,10.041647785443386,0.1817260900544805,0.20083295570886772,9.193326703709577,10.178827982925393,0.18386653407419154,0.20357655965850785
f0192cf7-3391-4720-b9c8-72dec5dde01e,Bloodtithe Harvester,0.40604880686892597,0.2285355336109574,1.776742550504879,0.0756106079621265,1.5008758037190493,0.9589840472541388,2.348973567015278,3588.9002082091006,False,0.09213799392499505,0.10026521705743663,0.4243093561629982,0.23107480260620508,1.8362424261640553,0.06632181053424485,1.5285343821817667,0.971807774494431,2.404197022119197,3583.120287662435,False,0.09556619430197559,0.10567202294617867,0.40938985889858037,0.23156439128222026,1.7679309700066728,0.07707244457701881,1.5058986940659307,0.9564982229081133,2.3708678411285735,3580.2509221406426,False,0.09180144710987728,0.10112906408958589,85,0.5242744212266087,False,False,0.72197609153811,False,False,0.6970950875368337,False,False,3580.2509221406426,5.77992054666538,2.869365521792588,0.027658578462717465,1.5117696266555825,0.018295498186390508,low,9.213799392499505,10.026521705743663,0.1842759878499901,0.20053043411487326,9.556619430197559,10.567202294617866,0.19113238860395118,0.21134404589235734,9.180144710987728,10.112906408958589,0.18360289421975456,0.20225812817917177
d2124603-d20e-40eb-97f0-a66323397ac2,Bolas's Citadel,0.2720872703623244,0.2930150781827933,0.928577710231644,0.3531079777956486,1.312701556252848,0.7391737409620427,2.3312318610586793,3591.2255122921915,False,0.06208015901574217,0.0676281938839603,0.48114076494910507,0.3022729758368144,1.591742575124726,0.11144255779349328,1.6179190151609304,0.8946575427840903,2.925881484744875,3583.994630300589,False,0.10791799326830263,0.11968263115477346,0.40242828136471265,0.30512702037217937,1.318887723787457,0.18720665086117627,1.4954516696259927,0.8223241006838214,2.719579414402986,3581.667285093056,False,0.0902158011930769,0.09957091796990297,50,0.8080893130656817,False,False,0.72197609153811,False,False,0.7660542093521753,False,False,3581.667285093056,7.230881991602473,2.327345207533199,0.3052174589080825,1.4753574136799237,0.20687696152676052,low,6.208015901574217,6.7628193883960295,0.12416031803148433,0.1352563877679206,10.791799326830263,11.968263115477345,0.21583598653660527,0.2393652623095469,9.02158011930769,9.957091796990298,0.1804316023861538,0.19914183593980594
63af3c26-5b1f-46f6-9aa2-036c615bf5ea,Flash,0.18537152796296405,0.17230004212764097,1.0758646699902699,0.2819877846247467,1.2036655524759838,0.8586992329206149,1.6872156241360645,3590.9253259041175,False,0.04243977433450544,0.04623187017490643,0.32777025000386273,0.18095134821471268,1.8113722458422257,0.07008324919148054,1.387870072513405,0.9734640412027095,1.9786897683437543,3583.217862442413,False,0.07420431799822727,0.08167355294657214,0.387696555892701,0.1827624925175383,2.1213135723430607,0.03389542296381187,1.47358256649235,1.0299209693983993,2.1083613644050505,3578.8657964552544,False,0.08705813228710446,0.09618984565136623,157,0.7740158532703953,False,False,0.72197609153811,False,False,0.5743228886625202,True,False,3578.8657964552544,7.707463461704265,4.352065987158767,0.26991701401636625,1.3550393971605796,0.19919495667946222,low,4.243977433450544,4.623187017490643,0.08487954866901087,0.09246374034981286,7.420431799822727,8.167355294657213,0.14840863599645454,0.16334710589314427,8.705813228710447,9.618984565136623,0.17411626457420892,0.19237969130273247
d58d3545-043a-457a-8324-facc3c2363ec,Overlord of the Boilerbilges,0.28989910883383874,0.2991517191036502,0.9690705094473965,0.33251001048121986,1.3362926610992525,0.7434615267088441,2.401843285707819,3591.1455679066285,False,0.0661120519480215,0.07199810229127757,0.36665078049115263,0.30433021337948235,1.2047794283046096,0.22828846359843813,1.442893944406815,0.7946635688493643,2.619904845795829,3585.066018248444,False,0.08279827482133535,0.09140668827681014,0.3854260227707694,0.3049653540687593,1.2638354410706896,0.20628909755428737,1.4702405439893882,0.8087171346553949,2.6728842070488614,3581.80155757538,False,0.0865014846478693,0.09529661724546207,48,0.7976724107377573,False,False,0.801531607005131,False,False,0.7862561603926268,False,False,3581.80155757538,6.079549658184533,3.26446067306415,0.1339478828901357,1.4164757164984854,0.09456419289788717,low,6.6112051948021495,7.199810229127756,0.132224103896043,0.14399620458255513,8.279827482133536,9.140668827681015,0.1655965496426707,0.1828133765536203,8.65014846478693,9.529661724546207,0.1730029692957386,0.19059323449092413
9efbfd67-e0f5-43e0-9fff-1eb4a2bed0d8,Marauding Mako,0.46025848445433926,0.2817563745916807,1.6335335274005516,0.10235683526520822,1.5844834964180143,0.9121197344553026,2.7524762984328177,3589.393066462264,False,0.1041025606302053,0.11319446239865005,0.4266570873948514,0.2840308081162221,1.5021507357760582,0.13305818440471268,1.5321271859082888,0.8780574132733923,2.673417111812893,3584.245327882948,False,0.0960758705864124,0.10624209780473631,0.3780164221224324,0.28484344559165276,1.3271024065070152,0.184474809387,1.459386908909504,0.8350390980318867,2.5505514112048298,3581.6284566583477,False,0.0848967146222792,0.09347212245641484,57,0.5936696445382077,False,False,0.72197609153811,False,False,0.7595351719822778,False,False,3581.6284566583477,5.147738579315956,2.616871224600345,0.12509658750851038,1.5253325304119356,0.0820126661002414,low,10.41025606302053,11.319446239865005,0.2082051212604106,0.2263889247973001,9.60758705864124,10.624209780473631,0.1921517411728248,0.21248419560947263,8.48967146222792,9.347212245641485,0.1697934292445584,0.18694424491282968
95c14c4d-6c16-4826-8d93-d89ad04aee09,"Etali, Primal Conqueror // Etali, Primal Sickness",0.18723642194333565,0.15892706349402763,1.1781279904562754,0.2387455847372435,1.205912355492721,0.8831496422145699,1.6466344316048358,3590.694243906839,False,0.04286718797615827,0.04669853928978146,0.3329323117129857,0.17036126540569138,1.9542723571590892,0.050669016145570546,1.3950528665350415,0.9990247074250916,1.9480724410147419,3582.682582086203,False,0.07535787424315735,0.0829172801234137,0.3762584867257396,0.17131145630971767,2.1963416506453237,0.02806749866488527,1.4568236546826396,1.0413188474974928,2.0381222964928547,3578.55079182173,False,0.08454083326619266,0.09349031002845193,185,0.7619296890896718,False,False,0.7094975727985027,False,False,0.5743228886625202,True,False,3578.55079182173,8.011661820635709,4.1317902644732385,0.2509112991899187,1.352596292236801,0.185503465172882,low,4.286718797615827,4.669853928978146,0.08573437595231655,0.09339707857956292,7.535787424315735,8.29172801234137,0.1507157484863147,0.1658345602468274,8.454083326619266,9.349031002845193,0.16908166653238532,0.18698062005690386
2b5801fb-2026-4f25-98bc-ebb2f99684b9,Undercity Sewers,0.20714523327862314,0.17858008594056862,1.1599570701716482,0.24606628510740614,1.2301612191547597,0.8668652500933821,1.7457114873958857,3590.732102456812,False,0.047426255283899155,0.05162971323115789,0.329141211631604,0.18238646940014888,1.804636126320757,0.07113164101034995,1.389774093999086,0.9720614382990159,1.9869855507598482,3583.2299976702207,False,0.07457467462521856,0.08205617250192149,0.3761619855582017,0.1843752111616648,2.040198263032081,0.041330582692355275,1.456683076282165,1.0148964338594784,2.0907804125959433,3579.1900976561333,False,0.08460061121472495,0.09320283511982125,150,0.7701982247525472,False,False,0.72197609153811,False,False,0.5743228886625202,True,False,3579.1900976561333,7.50210478659119,4.0399000140873795,0.22652185712740525,1.3588727964786702,0.16669835301317762,low,4.742625528389915,5.162971323115789,0.09485251056779831,0.10325942646231578,7.457467462521857,8.205617250192148,0.14914934925043713,0.16411234500384297,8.460061121472496,9.320283511982124,0.1692012224294499,0.1864056702396425
96b6b2e1-c3e6-464c-8a13-b15deb34e862,Aetherflux Reservoir,0.1938975807645259,0.2576678804748185,0.7525097051569656,0.45174459567593994,1.213971942510676,0.73261755599595,2.0115923583071917,3591.5260615381,False,0.04431874082422047,0.04833390190897402,0.3977201853547562,0.26528977903534384,1.4991915135251743,0.13382395600376415,1.4884274878232313,0.8849290722338078,2.5034959930917924,3584.3112691548986,False,0.08951440213715378,0.09910178520181379,0.3719411147061861,0.26790327777320483,1.388341037846708,0.1650332215019461,1.4505475628588087,0.8580016042597663,2.452312701595604,3581.5059815035247,False,0.0833936185753514,0.09217873062378973,69,0.846426910556781,False,False,0.72197609153811,False,False,0.7392437911706284,False,False,3581.5059815035247,7.214792383201257,2.805287651373874,0.2744555453125552,1.3843156643975718,0.19826081028418696,low,4.4318740824220475,4.833390190897402,0.08863748164844094,0.09666780381794804,8.951440213715378,9.910178520181379,0.17902880427430756,0.19820357040362757,8.33936185753514,9.217873062378972,0.1667872371507028,0.18435746124757946
661fc907-7003-45c6-820c-9616e9a71c30,Seething Landscape,0.26584643207992925,0.2111648690394662,1.2589519899270896,0.20804767348886744,1.304534708621787,0.8623994546097711,1.9733440192967038,3590.484678739128,False,0.060748730310385544,0.06611487604812732,0.3557062765379537,0.21466328819590194,1.6570428950726581,0.09751080304025062,1.4271882880086266,0.9370358207120658,2.173733772398533,3583.73837704388,False,0.0804788347141421,0.08868191439397571,0.3710332550849667,0.21599264294285905,1.7178050605321946,0.08583217818388382,1.4492312668942176,0.9490324139229747,2.213065891250244,3580.4117460395883,False,0.08344713158497624,0.09189777535096805,105,0.7265329749585057,False,False,0.72197609153811,False,False,0.6970950875368337,False,False,3580.4117460395883,6.746301695247894,3.326631004291812,0.14469655827243044,1.3936514211748772,0.10382550189662795,low,6.074873031038554,6.611487604812733,0.12149746062077109,0.13222975209625465,8.047883471414211,8.868191439397572,0.1609576694282842,0.17736382878795143,8.344713158497624,9.189777535096805,0.16689426316995248,0.1837955507019361
bb41ff5c-9617-4033-a4fa-99323640b9c3,Duress,0.23813966799409997,0.15238207494835926,1.5627800584471834,0.11810433620359333,1.2688864032679943,0.9412662846726226,1.7105390160217828,3589.622666601239,False,0.05453398265518921,0.05931344446956288,0.3416555843394072,0.15692813165240252,2.1771468298378647,0.029469613944396067,1.4072755263074677,1.0346636999172139,1.9140754692586768,3581.7199819027646,False,0.07747595095228833,0.08513156886493334,0.3669360158770059,0.1576881298643459,2.3269729699544874,0.019966703927091344,1.4433055675197413,1.0595743610917607,1.966007330610636,3577.914073350675,False,0.08267756409142303,0.0910926538061565,212,0.6420719784053432,False,False,0.6441593542775871,True,False,0.5630492137771731,True,False,3577.914073350675,7.9026846984743315,3.805908552089477,0.17441916425174697,1.3731558323650679,0.12702066301632675,low,5.453398265518921,5.931344446956288,0.10906796531037842,0.11862688893912576,7.747595095228833,8.513156886493334,0.15495190190457667,0.17026313772986668,8.267756409142303,9.10926538061565,0.16535512818284606,0.182185307612313
605c2218-9d12-4ac3-a721-fca590b89847,Karakas,0.3714291015042068,0.1572259732405743,2.362390219940801,0.01815751835140689,1.4498050534600546,1.0653103806721862,1.9730725722507652,3586.4507900699864,False,0.08450058040074267,0.0920077396721522,0.35916186847361375,0.1605464517656308,2.2371211853247686,0.025278420685816802,1.432128599281166,1.0454953821688768,1.9617421175254335,3581.474316981295,False,0.08123907607355375,0.08954946720462637,0.3663984956834561,0.1609496542740115,2.2764789234009455,0.022817360678081548,1.4425299701000485,1.05225678139203,1.977552201549164,3578.178294476998,False,0.0824058300483979,0.09066977675525473,194,0.37932307710689067,True,False,0.6441593542775871,True,False,0.5630492137771731,True,False,3578.178294476998,4.976473088691364,3.2960225042970706,0.017676454178888523,1.441487874280423,0.012262645072690911,low,8.450058040074266,9.20077396721522,0.16900116080148533,0.1840154793443044,8.123907607355376,8.954946720462637,0.1624781521471075,0.17909893440925273,8.24058300483979,9.066977675525473,0.1648116600967958,0.18133955351050945
6989018c-37b1-4282-a4af-9cc97f160b4d,Oliphaunt,0.42150424573897066,0.15711568456801417,2.682763639402944,0.007301657502603691,1.5242526825805136,1.1202563062428086,2.0739416751386903,3584.754338724582,False,0.09586029576707207,0.10414315534160651,0.3492135753646361,0.15838472595359013,2.2048437642084413,0.027465059821806165,1.4179519976196757,1.0395412525232968,1.9341107076542599,3581.586441708721,False,0.07917760950722891,0.08707549677224097,0.35906732617723525,0.15929120770537844,2.2541565937610213,0.02418631839233636,1.4319932089548377,1.0479716762710354,1.9567366150480088,3578.2444698884083,False,0.080945844373728,0.08897324064272394,201,0.30967563573566415,True,False,0.6441593542775871,True,False,0.5630492137771731,True,False,3578.2444698884083,3.1678970158609445,3.341971820312665,0.10630068496083789,1.458065963051676,0.07290526468250767,low,9.586029576707206,10.41431553416065,0.19172059153414414,0.20828631068321302,7.917760950722891,8.707549677224097,0.15835521901445782,0.17415099354448194,8.0945844373728,8.897324064272393,0.161891688747456,0.17794648128544788
0adcd4e5-d542-4293-8774-ace2305ef820,Walk-In Closet // Forgotten Cellar,0.3000970450126986,0.19981298904021652,1.5018895741172154,0.13312562964246977,1.3499898109976372,0.9125280871999304,1.9971686519695493,3589.8225908480567,False,0.0684123249107447,0.0745326712490319,0.34543701379875924,0.20454607238319086,1.6887980774894922,0.09125813239591969,1.412607113597572,0.9460372938127247,2.109281389261468,3583.6561052479237,False,0.07808653018898776,0.0861346080118367,0.35656996829740784,0.20608334431472106,1.7302221559102344,0.08359059131328957,1.4284214712406076,0.9537502954947095,2.139331341903107,3580.3958479720413,False,0.08013524386121025,0.08836585007713299,115,0.6576051010039601,False,False,0.72197609153811,False,False,0.6970950875368337,False,False,3580.3958479720413,6.166485600133001,3.2602572758823953,0.07843166024297044,1.3970061319452725,0.05614267428716124,low,6.84123249107447,7.45326712490319,0.1368246498214894,0.1490653424980638,7.8086530188987755,8.61346080118367,0.15617306037797551,0.1722692160236734,8.013524386121025,8.8365850077133,0.1602704877224205,0.17673170015426598
612b2e6e-fe8d-49ad-b845-6fa7fa59ffd1,Concealing Curtains // Revealing Eye,0.28707224752114446,0.16544035258739032,1.7352008928384308,0.08270522841901272,1.3325204812997262,0.9634922415222312,1.8428906394492066,3589.049713385685,False,0.06556015062592378,0.07136466202050751,0.34596355276974694,0.16743542107803833,2.066250680663921,0.03880481566579153,1.4133511021458691,1.0179493143582197,1.9623387036675135,3582.2072605137846,False,0.0783121187281753,0.0862535957493919,0.356155013441139,0.16826381434455645,2.116646498407761,0.03428986066430067,1.4278288637754937,1.0267083799627057,1.9856614633889236,3578.875574622615,False,0.08015909473788804,0.08830886737718308,171,0.5242744212266087,False,False,0.6441593542775871,True,False,0.5743228886625202,True,False,3578.875574622615,6.842452871900605,3.3316858911694,0.09530838247576745,1.3912334824070296,0.06850638924450736,low,6.556015062592378,7.136466202050751,0.13112030125184757,0.14272932404101502,7.83121187281753,8.62535957493919,0.1566242374563506,0.1725071914987838,8.015909473788804,8.830886737718307,0.16031818947577609,0.17661773475436615
a24e8dba-5c86-4e32-8a52-61402f7fe9f0,Containment Priest,0.4000604163381878,0.19762705396167538,2.024320093420859,0.042937227492270476,1.4919148309494548,1.0127925237056425,2.197695787349481,3587.9324474697955,False,0.09088233187039778,0.0988632145917055,0.3295207195016675,0.19989415774909242,1.6484759895548455,0.09925503381170174,1.390301624299988,0.9396274334420502,2.0571330058451247,3583.7756270719715,False,0.07462538172159532,0.0821922149162963,0.3525442237343083,0.19960566823243084,1.766203469351322,0.0773617192223939,1.4226825706934632,0.962055742122096,2.103854910205493,3580.2485501999063,False,0.07934185443625723,0.0872398956112852,121,0.4256191596711586,True,False,0.72197609153811,False,False,0.6970950875368337,False,False,3580.2485501999063,4.156820397824049,3.5270768720652086,0.10161320664946683,1.4349663419809684,0.07081225787441814,low,9.088233187039778,9.88632145917055,0.18176466374079556,0.197726429183411,7.462538172159531,8.21922149162963,0.14925076344319063,0.1643844298325926,7.934185443625723,8.72398956112852,0.15868370887251446,0.1744797912225704
c8f0b123-fdb0-4f3e-ba78-fa155c227e20,Greasewrench Goblin,0.3902257919713078,0.2431642209319635,1.604782934247928,0.10854158292838478,1.477314321940239,0.9172492062960347,2.3793507705749684,3589.4755979176102,False,0.08865648562087859,0.09643585932938964,0.3604651780441359,0.25365335527616206,1.4210936719196312,0.1552895294244184,1.4339963230375723,0.8722358702035953,2.3575566251423368,3584.4778036458624,False,0.08149037803382617,0.08987278697415835,0.34796377949011154,0.2561552316310561,1.3584098098425277,0.17433368322398823,1.4161809540148016,0.8571858913549784,2.3397124413049006,3581.537674799978,False,0.0782928013067262,0.08619219255734134,75,0.6135358967223107,False,False,0.72197609153811,False,False,0.7550686150025984,False,False,3581.537674799978,4.997794271747807,2.9401288458843737,0.06113336792543733,1.442497199664204,0.04238023334788341,low,8.86564856208786,9.643585932938963,0.17731297124175718,0.19287171865877928,8.149037803382617,8.987278697415835,0.16298075606765233,0.1797455739483167,7.829280130672619,8.619219255734134,0.1565856026134524,0.17238438511468268
f5881bbc-8600-464d-9dcd-5a7780918d1d,Galvanic Blast,0.4104534411575178,0.26839873255756114,1.5292674344857102,0.12619815927170602,1.507501193244481,0.8908242915061793,2.5510753010463576,3589.7198500787244,False,0.09312603395135245,0.10129051263817257,0.28939109619880155,0.271083833911114,1.0675335818575236,0.2857309576136251,1.3356139799472029,0.7851086067145187,2.2721247585037063,3585.3731635059576,False,0.06559937801734277,0.07220093323168297,0.34632802270018853,0.2727804883308982,1.2696216830584781,0.20421942192437048,1.4138663200087638,0.8283481562351243,2.413258188369418,3581.7762184083126,False,0.07790918773672108,0.08574044642323986,63,0.6576051010039601,False,False,0.8370586318619759,False,False,0.7862561603926268,False,False,3581.7762184083126,4.346686572766885,3.596945097644948,0.17188721329727819,1.418993831066816,0.12113316459455739,low,9.312603395135245,10.129051263817257,0.1862520679027049,0.20258102527634514,6.559937801734277,7.220093323168298,0.13119875603468553,0.14440186646336595,7.790918773672108,8.574044642323987,0.15581837547344216,0.17148089284647972
06cb1bd6-73e0-4104-b344-4bc52d7dcedf,Baleful Strix,0.2470932890520866,0.16265367845196882,1.519137417633334,0.12872790999356762,1.280298545044977,0.930802724306871,1.761022310785457,3589.7567166906597,False,0.056546297678671247,0.06151791281444152,0.35124144179668837,0.16672768431492552,2.106677383782539,0.035145553906255525,1.4208303323307132,1.024756661037167,1.9699884958325595,3582.032671644911,False,0.07956816590945304,0.08756487940258606,0.3437460897421506,0.1675825595164952,2.0512044375853775,0.04024704193961835,1.4102205205890694,1.015401674963248,1.9585568605276202,3579.1499590133,False,0.07748095279983604,0.08531220009635632,182,0.6576051010039601,False,False,0.6441593542775871,True,False,0.5743228886625202,True,False,3579.1499590133,7.7240450457488805,2.882712631610957,0.14053178728573612,1.3704497993215865,0.10254427951706334,low,5.6546297678671245,6.151791281444153,0.11309259535734249,0.12303582562888304,7.956816590945303,8.756487940258605,0.15913633181890607,0.17512975880517212,7.748095279983604,8.531220009635632,0.15496190559967207,0.17062440019271263
47a6234f-309f-4e03-9263-66da48b57153,Solitude,0.38255531160875145,0.1517312344275624,2.521269355330963,0.011693230494145631,1.466025960369386,1.0888935534706732,1.9737761415031325,3585.639624103127,False,0.08709711411809601,0.09472910001392965,0.33311847484618884,0.1563477575043782,2.1306252175497975,0.033120030351351464,1.3953125981231327,1.0270358831762094,1.8956467620782207,3581.932570384457,False,0.07552529323230484,0.08308622806506522,0.34343449297399337,0.15710535443241352,2.1860139281359654,0.028814586343774134,1.4097811688863051,1.0361459354869318,1.9181496313185153,3578.57255081625,False,0.07741604923199769,0.08497507979571439,209,0.37139927331405415,True,False,0.6441593542775871,True,False,0.5743228886625202,True,False,3578.57255081625,3.7070537186700676,3.360019568207008,0.07071336224625324,1.4237065757929415,0.04966849451184773,low,8.7097114118096,9.472910001392965,0.17419422823619202,0.1894582000278593,7.552529323230484,8.308622806506522,0.15105058646460967,0.16617245613013043,7.741604923199769,8.49750797957144,0.15483209846399537,0.16995015959142878
18f23daa-bc59-456a-8a28-3823e51bc74b,Night's Whisper,0.19735322374382502,0.20141410047151215,0.9798381706237023,0.32716600704157517,1.2181742527910757,0.8208471082008382,1.807825714846784,3591.1259202789834,False,0.04514199219211981,0.04919745943634324,0.33006825470553264,0.2069242694072628,1.59511620193715,0.1106862530315618,1.3910630718239225,0.9272766581528332,2.086816758276765,3583.968570500613,False,0.0746531193649853,0.08229072086787653,0.3427592154733,0.20761793426817116,1.6509133311699975,0.09875627329224838,1.4088294967396129,0.9378437368555419,2.1163446242530206,3580.669553113783,False,0.07706906411421516,0.08509341319397867,117,0.7976724107377573,False,False,0.72197609153811,False,False,0.6970950875368337,False,False,3580.669553113783,7.15734977837019,3.299017386830201,0.19065524394853717,1.3393556071182038,0.14234848679116407,low,4.5141992192119815,4.919745943634323,0.09028398438423962,0.09839491887268648,7.465311936498529,8.229072086787653,0.1493062387299706,0.16458144173575306,7.706906411421516,8.509341319397867,0.15413812822843032,0.17018682638795735
2e139ad1-1079-49e9-babd-6399c44ad333,Seasoned Pyromancer,0.4354829361156109,0.19766503259104964,2.203135933590157,0.027585169185149947,1.5457093576025718,1.0492330537059658,2.2771084171826925,3587.1327859107328,False,0.09881412521241212,0.10739085072930488,0.35313075513315473,0.20333541378504355,1.7366908624508843,0.0824417514940218,1.4235172634545936,0.9556087988660245,2.120534471593281,3583.460449560998,False,0.07994727846614418,0.08805138775315835,0.3412008296898443,0.20447119718296303,1.6686987428578222,0.09517709842414286,1.406635706710158,0.9421764414573585,2.100056766789297,3580.579306313741,False,0.07687933325917438,0.08455367006055359,120,0.39632215487043715,True,False,0.72197609153811,False,False,0.6970950875368337,False,False,3580.579306313741,3.6723363497349055,2.8811432472566594,0.13907365089241375,1.4586207759224414,0.09534599615480085,low,9.881412521241211,10.739085072930488,0.19762825042482424,0.21478170145860975,7.994727846614418,8.805138775315836,0.15989455693228835,0.1761027755063167,7.687933325917438,8.455367006055358,0.15375866651834877,0.16910734012110717
a1febcf1-afa4-4406-9ac1-5bf98b2765d2,Time Walk,0.2055878359554175,0.14765043339366613,1.3923957500841089,0.16380259071693948,1.2282468604604273,0.9196087110414063,1.6404698347436277,3590.1438435252576,False,0.04702610025958535,0.051255995268332966,0.30785670506525864,0.15173275267140054,2.028940354967179,0.042464365784813725,1.3605060213470055,1.0105154122309696,1.8317153916880469,3582.3926398710255,False,0.06970324462852283,0.07674588284040768,0.33796699285117104,0.1525702175209283,2.215157049276747,0.02674928679320893,1.4020942235088334,1.0396970436259494,1.8908086962918178,3578.481498981325,False,0.07600530032862231,0.08390389723990205,214,0.66359629244796,False,False,0.6490044144036974,True,False,0.5743228886625202,True,False,3578.481498981325,7.751203654232086,3.9111408897006186,0.1738473630484061,1.3302823684387555,0.13068455778485333,low,4.702610025958535,5.125599526833296,0.0940522005191707,0.10251199053666593,6.9703244628522825,7.674588284040768,0.13940648925704566,0.15349176568081535,7.600530032862231,8.390389723990205,0.15201060065724462,0.1678077944798041
9b911653-7b96-4cf3-a907-13c5c53a14f7,Overlord of the Balemurk,0.27883680534709876,0.246688608270751,1.130318936499345,0.25834185807181054,1.3215916495794102,0.8149138581380524,2.143299528895898,3590.7825733274212,False,0.0637181399945444,0.06929724844394303,0.304935972816108,0.2510544946939585,1.2146206471540464,0.22451081029819853,1.3565381449083536,0.8293352217333931,2.2188804844743055,3585.0161579728006,False,0.06917234619015171,0.07607367801102771,0.33424136791556,0.251672723669505,1.3280794320582934,0.18415186741375245,1.3968802649655665,0.8529646532771324,2.2876381420418515,3581.600490444567,False,0.0753363841167437,0.08279429889516449,77,0.7714631446865359,False,False,0.801531607005131,False,False,0.7595351719822778,False,False,3581.600490444567,5.766415354620676,3.415667528233371,0.07528861538615628,1.3583366864844433,0.05542706468527569,low,6.37181399945444,6.929724844394302,0.1274362799890888,0.13859449688788605,6.917234619015171,7.607367801102772,0.13834469238030342,0.15214735602205542,7.533638411674371,8.279429889516448,0.1506727682334874,0.16558859779032897
6f2cec5d-50ea-4d0f-8925-eba06222d015,"Shelinda, Yevon Acolyte",0.3706365852225868,0.33011643948801694,1.1227450102073475,0.2615458058967123,1.4486565145280292,0.7585158103536597,2.7667263733184653,3590.8043411791823,False,0.08427591330241598,0.09165908339966611,0.33001493131415366,0.33730266316600344,0.9783940874244947,0.32787945135133645,1.390988897600939,0.7181345812071664,2.6942723047769683,3585.5513185706354,False,0.07469306323598572,0.08231512092108206,0.3340261827497458,0.3404415862136768,0.9811556410153007,0.32651599534309217,1.3965797093928376,0.71659867277363,2.7217952792719102,3582.428672636119,False,0.07518804856415018,0.08271663574537236,40,0.7714631446865359,False,False,0.8678396589338945,False,False,0.8692433175606691,False,False,3582.428672636119,5.253022608546871,3.1226459345166404,0.057667616927090215,1.4120750405072686,0.04083891809770528,low,8.427591330241597,9.165908339966611,0.16855182660483195,0.18331816679933222,7.469306323598572,8.231512092108206,0.14938612647197144,0.16463024184216413,7.518804856415018,8.271663574537236,0.15037609712830036,0.16543327149074472
e5145f31-a4ac-44ef-8f85-e4d95f2c9ff5,Library of Alexandria,0.25332776679423297,0.1534720488864215,1.6506443266533224,0.09881122207076691,1.2883054713945237,0.9536319782228063,1.7404313461867642,3589.344153328501,False,0.057925346939165547,0.0630636853566125,0.32205594508920243,0.1589982924835821,2.025530840983449,0.042812884908189935,1.379961975893585,1.0104737616570756,1.8845566576506396,3582.391096497102,False,0.07298835740827352,0.08031059485357378,0.3327479763641922,0.1610560259720918,2.0660386617378204,0.038824829170819246,1.394795732678461,1.0172248310634984,1.9125124323440779,3579.106848369933,False,0.0749823649990582,0.08255897641296878,206,0.5781323256245748,False,False,0.6490044144036974,True,False,0.5743228886625202,True,False,3579.106848369933,6.953056831398953,3.2842481271691213,0.10649026128393735,1.35435439332219,0.07862806205598816,low,5.792534693916554,6.3063685356612496,0.11585069387833109,0.126127370713225,7.298835740827352,8.031059485357378,0.14597671481654703,0.16062118970714756,7.498236499905819,8.255897641296878,0.1499647299981164,0.16511795282593755
0ecbe097-ba51-42e5-957c-382eb66c08f0,Robber of the Rich,0.49277840657172967,0.21453812258718755,2.2969270012674143,0.02162293437514813,1.6368577642747817,1.0749602523101527,2.4924673584057246,3586.7811713247615,False,0.11115963073259277,0.12101174303821616,0.32650955315547076,0.2241077710558559,1.4569309739557963,0.1451354350054088,1.386121491533868,0.8933814102816386,2.15062991817389,3584.3914600105572,False,0.07387781973150394,0.08144367171005767,0.33046271977123026,0.22505425946800092,1.4683690970897474,0.14200399111274523,1.3916119058507477,0.895257736172956,2.1631577346475104,3581.2398742019973,False,0.07436396526856079,0.08185944421155089,100,0.3897972223844271,True,False,0.72197609153811,False,False,0.7388333550955334,False,False,3581.2398742019973,2.3897113142043054,3.1515858085599575,0.2507362727409137,1.4715303872197991,0.17039150188032223,low,11.115963073259277,12.101174303821615,0.22231926146518555,0.24202348607643231,7.3877819731503935,8.144367171005767,0.14775563946300788,0.16288734342011535,7.436396526856079,8.185944421155089,0.14872793053712158,0.16371888842310178
3faa8c5e-9e1b-4cee-b322-a033bf33dcbc,Hymn to Tourach,0.18686274288099242,0.2048507328195382,0.912189770126953,0.3616688281582887,1.20546181547838,0.8068280605536909,1.8010506322489657,3591.2524524580485,False,0.042765025313596654,0.04659559389067891,0.28658963238772944,0.2083612241364351,1.3754460964390876,0.16899318627497817,1.331877541908485,0.8853268616891663,2.003664254867028,3584.6208410664694,False,0.06496038373514865,0.07147774288129694,0.3255837689482319,0.20944328118861957,1.5545199974928725,0.12006043038998127,1.3848388359704347,0.9185811182874487,2.087761835544092,3580.9733884418647,False,0.07329204327917535,0.08082924703583699,104,0.8120473943540878,False,False,0.72197609153811,False,False,0.7346817162396101,False,False,3580.9733884418647,6.631611391579099,3.647452624604739,0.17937702049205462,1.3073927311190998,0.13720209407812126,low,4.276502531359665,4.659559389067891,0.08553005062719331,0.09319118778135782,6.496038373514865,7.1477742881296935,0.1299207674702973,0.14295548576259387,7.329204327917535,8.0829247035837,0.1465840865583507,0.16165849407167399
543d55cb-3a6b-4620-af25-10ae74ed32c4,Worldspine Wurm,0.3080548692052028,0.46623953362492665,0.6607223261616896,0.5087904032179358,1.3607756515672527,0.5456515920580876,3.3935764155181953,3591.6515723708385,False,0.07019761355027243,0.07642348005949334,0.3378644910556175,0.4834487953648842,0.6988630322278773,0.4846376322404887,1.401950513698771,0.543516536000625,3.616201371393028,3586.0354871584905,False,0.07639796662377268,0.08426508269261052,0.32447261663681254,0.4864666770781535,0.6669986494978036,0.5047729960609246,1.3833009236825329,0.5331235553930515,3.589264488698464,3582.9609016934883,False,0.07302556104845001,0.08041702094691555,21,0.8484079973659079,False,False,0.9065169545120224,False,False,0.9287314639627954,False,False,3582.9609016934883,5.616085212348025,3.074585465002201,0.04117486213151844,1.382009029649519,0.02979348271115167,low,7.019761355027243,7.6423480059493345,0.14039522710054486,0.15284696011898669,7.639796662377268,8.426508269261051,0.15279593324754537,0.16853016538522103,7.302556104845001,8.041702094691555,0.14605112209690002,0.1608340418938311
1103da9c-300c-406b-997d-9e5bb7cd02d6,"Lightning, Army of One",0.48484077765379163,0.24071347236830987,2.014182143124704,0.043990413774637346,1.6239164244754194,1.0131277945106962,2.602933773971383,3587.9155961406395,False,0.10967704518884616,0.11908500698599456,0.29891539021649366,0.2500002855674189,1.1956601950995915,0.23182919068496588,1.3483955311923421,0.8260622298515562,2.201009128411796,3585.0705840969677,False,0.06780290301357789,0.07457825259896994,0.322574200556161,0.2504232298781776,1.2881161253014841,0.19770554290156395,1.380677334084922,0.8451380180391702,2.2555722972664762,3581.7177308812907,False,0.07271661081519482,0.07993030735273132,81,0.4256191596711586,True,False,0.801531607005131,False,False,0.775703512443195,False,False,3581.7177308812907,2.845012043671886,3.352853215676987,0.2755208932830773,1.450996429917561,0.18988392224971298,low,10.967704518884617,11.908500698599456,0.21935409037769232,0.23817001397198911,6.780290301357788,7.457825259896994,0.13560580602715577,0.14915650519793988,7.271661081519482,7.993030735273132,0.14543322163038963,0.15986061470546264
24e58478-c6a8-4f86-854a-a489c99bd777,Usher of the Fallen,0.4761853043369152,0.21966352309898587,2.16779416818483,0.03017435075872697,1.6099213137211734,1.0467025551906228,2.4762016902707265,3587.367947100205,False,0.10753052930059445,0.1170626730355297,0.32143225119327984,0.22610226227363509,1.42162333079301,0.15513562807194894,1.3791015703753409,0.8853889997002939,2.14811923578849,3584.4946408227233,False,0.0727383002262889,0.0801813654944985,0.3205469115666992,0.2270019291187782,1.4120889316274214,0.1579237773613138,1.3778811374345472,0.8830469846840285,2.1500061285835907,3581.4050602114007,False,0.07215377425205742,0.07948386373224298,94,0.40252583912141776,True,False,0.72197609153811,False,False,0.7388333550955334,False,False,3581.4050602114007,2.873306277481788,3.089580611322617,0.2320401762866262,1.4556346738436872,0.15940825019914562,low,10.753052930059445,11.70626730355297,0.2150610586011889,0.2341253460710594,7.273830022628889,8.01813654944985,0.1454766004525778,0.160362730988997,7.215377425205742,7.948386373224298,0.14430754850411484,0.15896772746448595
a3bb2881-e8fb-4fba-a9f9-d93e6ca24378,"Laelia, the Blade Reforged",0.43283348476333305,0.14530105220973916,2.978873712067457,0.002893099911814788,1.5416194961916956,1.1595632463263037,2.049556743513376,3583.067992183501,False,0.0983262243845317,0.10692762438585518,0.3189941766993016,0.15357608945284779,2.0771083430747326,0.03779156072705539,1.3757433135157147,1.0181477461822133,1.8589341986761865,3582.1683498012344,False,0.07240571082465527,0.07957198390704173,0.3179681977650078,0.1538870343076084,2.0662442368563276,0.03880542379918348,1.3743325536857363,1.0164839967929964,1.8581600635912454,3579.0957505195856,False,0.07178997292615205,0.07885326019834343,231,0.30967563573566415,True,False,0.6441593542775871,True,False,0.5743228886625202,True,False,3579.0957505195856,0.8996423822663928,3.0725992816487633,0.16728694250595932,1.4305651211310488,0.11693766332964774,low,9.83262243845317,10.692762438585518,0.1966524487690634,0.21385524877171036,7.240571082465527,7.957198390704173,0.14481142164931055,0.15914396781408346,7.178997292615205,7.885326019834343,0.1435799458523041,0.15770652039668687
05690d52-06c4-40b1-8360-380418a83250,The Aetherspark,0.27586076273004767,0.2837653529732494,0.9721439204597085,0.3309789548302571,1.3176643832624804,0.7555424362455833,2.298003849454383,3591.1431140021546,False,0.06292830711533125,0.06855662796869555,0.34600543668840983,0.2896803285609206,1.1944388436981628,0.23230634990405008,1.4134103000681852,0.8011011924142617,2.493728252130452,3585.0981776734075,False,0.07818672768697237,0.08628530253749916,0.31655133026073323,0.2918898833912485,1.084488871566777,0.2781480985037369,1.3723866853946567,0.7744882106035625,2.431857823608127,3582.2300663240685,False,0.07124748092204532,0.07850650736667097,57,0.7976724107377573,False,False,0.801531607005131,False,False,0.8307597352663848,False,False,3582.2300663240685,6.044936328747099,2.8681113493389603,0.09574591680570488,1.367820456241774,0.06999889230255887,low,6.292830711533124,6.855662796869555,0.1258566142306625,0.1371132559373911,7.818672768697237,8.628530253749917,0.15637345537394473,0.17257060507499833,7.124748092204531,7.850650736667097,0.14249496184409063,0.15701301473334195
f486df00-7c4a-4ff0-bb0b-c8b5432ac742,Sylvan Library,0.2862891856872879,0.45281700568051353,0.6322403577953963,0.527229829565866,1.331477443802714,0.5481358367626501,3.2342935171433944,3591.6942138641007,False,0.06527014225918716,0.07109839442231758,0.2520763808496279,0.4620751546386471,0.545531129122831,0.5853882769321705,1.2866943123364145,0.520174512762382,3.182743892250553,3586.2291832114606,False,0.05717235350885492,0.06289835747484002,0.3163468687978498,0.4660033735208097,0.6788510272098344,0.4972322582976515,1.372106113889327,0.5504496753242022,3.4202494290937997,3582.9518531599642,False,0.07119222371917248,0.07843755963960353,21,0.8514825576765922,False,False,0.9280871820473942,False,False,0.9273305377475864,False,False,3582.9518531599642,5.465030652640053,3.277330051496392,0.08541180155291239,1.3300926233428185,0.0642149276328242,low,6.527014225918716,7.109839442231758,0.13054028451837432,0.14219678884463516,5.717235350885492,6.289835747484002,0.11434470701770984,0.12579671494968003,7.119222371917249,7.843755963960353,0.14238444743834497,0.15687511927920705
2ba70366-b6ae-423a-a8d8-29d2b8afd939,"Ivora, Insatiable Heir",0.26563341868087786,0.24207215667524604,1.097331565634129,0.2724964770005782,1.3042568548436626,0.8115348008077827,2.096134314527808,3590.87285503525,False,0.06066500438261903,0.06605225869903658,0.34608639274928527,0.24527505104698946,1.411013436841493,0.15824065205985116,1.413524728830268,0.8740193995400858,2.286050126651731,3584.5101857343116,False,0.07828013122909286,0.08629806401235779,0.31540677569413805,0.24664583232008797,1.2787841283481112,0.20097308453980656,1.3708168125207156,0.8453377260686052,2.2229443635843946,3581.753464691837,False,0.07105676370554372,0.07828928356332449,76,0.7714631446865359,False,False,0.72197609153811,False,False,0.7839125578248596,False,False,3581.753464691837,6.362669300938251,2.75672104247451,0.10926787398660531,1.362866132064882,0.08017506005601098,low,6.066500438261903,6.605225869903658,0.12133000876523806,0.13210451739807316,7.828013122909286,8.62980640123578,0.15656026245818572,0.17259612802471558,7.105676370554372,7.828928356332448,0.14211352741108743,0.15657856712664897
5f6927e1-c580-483a-8e2a-6e2deb74800e,Mox Jet,0.2622051209062809,0.15071381445297266,1.7397550573447729,0.08190203712923148,1.299793129831891,0.9673509184374429,1.746483254584761,3589.042641808051,False,0.05991508170984602,0.06525655846710998,0.2954329393658859,0.15234710704350354,1.9392093824369334,0.05247584761491026,1.3437079768539266,0.9968376204498397,1.8112790789798718,3582.738055646504,False,0.06699154651863538,0.07368499304200249,0.312035820268481,0.15283499482191287,2.041651655971022,0.041186097411371164,1.366203629933832,1.0125574209273789,1.843364455059627,3579.2088916007274,False,0.07033154034763583,0.07748884166316017,210,0.5242744212266087,False,False,0.7094975727985027,False,False,0.5743228886625202,True,False,3579.2088916007274,6.304586161546922,3.5291640457767244,0.06641050010194105,1.3365682455398833,0.04968732447710943,low,5.991508170984602,6.525655846710999,0.11983016341969203,0.13051311693421996,6.699154651863538,7.368499304200249,0.13398309303727077,0.14736998608400498,7.033154034763584,7.748884166316017,0.14066308069527167,0.15497768332632034
773199f9-c83b-4a77-8342-9f1552ecf595,Intrepid Adversary,0.4199541884704244,0.17703807667454854,2.372112239122614,0.017686717022928886,1.5218918338288587,1.075687033302588,2.1531864586708633,3586.4023307163434,False,0.09523738079291803,0.10370334092096817,0.2990641719420544,0.1859315386393645,1.6084639224232076,0.10773361154536178,1.3485961627309944,0.9367286400178061,1.9415565324213757,3583.921106673397,False,0.06779033417538004,0.07461491826789413,0.310564834046111,0.1871169561965028,1.6597364576621703,0.09696748166496422,1.3641954405887868,0.9453647944548802,1.968583144876204,3580.6336512681314,False,0.0699906291066864,0.07702708341478304,150,0.37932307710689067,True,False,0.72197609153811,False,False,0.6970950875368337,False,False,3580.6336512681314,2.481224042946451,3.2874554052655185,0.17329567109786437,1.4115611457162132,0.12276880220441017,low,9.523738079291803,10.370334092096817,0.19047476158583607,0.20740668184193634,6.779033417538003,7.461491826789413,0.13558066835076008,0.14922983653578825,6.9990629106686395,7.702708341478304,0.1399812582133728,0.15405416682956607
1dd64b1d-bcef-476c-bf0b-3ac7df7cbed3,"Nissa, Ascended Animist",0.3788281666235284,0.21986649655363158,1.7229917816565639,0.08489001123309406,1.4605720391541859,0.9492242882494931,2.2473831611421113,3589.0887203786942,False,0.08609769080472958,0.09370062709500643,0.3406802373933852,0.24363282458307448,1.3983347193728375,0.1620125764898377,1.4059036135748777,0.8721096663748743,2.2664179137916785,3584.552536460206,False,0.0770818576213744,0.0849643015213189,0.30962950810904366,0.2444457773988486,1.266659262450005,0.20527715228962662,1.3629200697466672,0.8441000779946437,2.2006290070856362,3581.7897589308304,False,0.06977523202422581,0.07679240007413424,93,0.5242744212266087,False,False,0.72197609153811,False,False,0.7862561603926268,False,False,3581.7897589308304,4.536183918488405,2.7627775293753984,0.09765196940751864,1.409798574158577,0.06926661098788608,low,8.609769080472958,9.370062709500642,0.17219538160945916,0.18740125419001286,7.70818576213744,8.49643015213189,0.1541637152427488,0.1699286030426378,6.977523202422581,7.679240007413424,0.13955046404845162,0.15358480014826847
4a1f905f-1d55-4d02-9d24-e58070793d3f,"Atraxa, Grand Unifier",0.1606284032499734,0.16066076100594406,0.9997985957755456,0.31740798553035754,1.174248540789795,0.857043427057977,1.6088562049653126,3591.083692947742,False,0.0368087586476499,0.040086962496698686,0.27132821578836525,0.1690581860421434,1.604939826579753,0.10850704775202119,1.3117055222022551,0.9417402091995232,1.8270127580496665,3583.9299182791774,False,0.06160283289957594,0.06760530191794717,0.30889030960797076,0.16988755164323294,1.8182044924436032,0.06903288364134358,1.3619129735418887,0.9761985395242081,1.9000304470909453,3580.0734021246844,False,0.06966661149198411,0.07685523072977463,184,0.7976724107377573,False,False,0.72197609153811,False,False,0.6970950875368337,False,False,3580.0734021246844,7.153774668564438,3.856516154492965,0.18766443275209377,1.282622345511313,0.14631308538233986,low,3.68087586476499,4.008696249669868,0.0736175172952998,0.08017392499339737,6.160283289957594,6.760530191794717,0.12320566579915188,0.13521060383589434,6.966661149198411,7.685523072977462,0.13933322298396822,0.15371046145954925
819a513c-3be6-4bdc-8ba6-1f7326a8f3ea,Fiery Confluence,0.30577966775314286,0.1506623302210251,2.029569483656313,0.04240031945249044,1.3576831322151852,1.0105366238699773,1.8240838025666732,3587.936357233156,False,0.0697737054020527,0.07597885101440427,0.28200286482158016,0.15406684078315167,1.8303929864992676,0.06719119570286672,1.32578251811172,0.9802298998821273,1.7931500411709709,3583.149338462024,False,0.06399570805479052,0.07034054562553688,0.30801608216373055,0.15461457817803725,1.992154205595367,0.04635414104047777,1.3607228721292066,1.0049838873900208,1.8423844978690578,3579.406621149838,False,0.06945728714415877,0.07648276651808689,209,0.4256191596711586,True,False,0.72197609153811,False,False,0.6116823549980467,True,False,3579.406621149838,4.787018771131898,3.7427173121859596,0.03494035401748663,1.348062840818704,0.02591893564566077,low,6.97737054020527,7.597885101440427,0.1395474108041054,0.15195770202880854,6.399570805479052,7.034054562553687,0.12799141610958104,0.14068109125107375,6.9457287144158775,7.648276651808689,0.13891457428831755,0.15296553303617377
f20015ad-8fda-498f-ac28-1ffb824ab480,Caldaia Guardian,0.26050935947784004,0.25100839811617826,1.0378511692555574,0.2993393501453915,1.2975908585684404,0.7933687962487795,2.1222690433521976,3591.0172433824137,False,0.05942328149753926,0.06478896774901283,0.27698598276004605,0.25808020446226393,1.0732554375380097,0.28315652332711505,1.3191478800929932,0.7954468728892751,2.187639663769304,3585.377708402466,False,0.06273728184586422,0.06910916278378171,0.30334294567481124,0.2585168624389034,1.1733971347671828,0.24063658569296598,1.3543788631791507,0.8159925085934621,2.2479889039524767,3582.0367505346394,False,0.06826809070194986,0.07527492128663976,74,0.788790461572665,False,False,0.8370586318619759,False,False,0.7982885665347677,False,False,3582.0367505346394,5.639534979947712,3.340957867826546,0.05678800461071032,1.3237058672801947,0.042900772758069035,low,5.942328149753926,6.4788967749012825,0.11884656299507852,0.12957793549802565,6.273728184586422,6.910916278378171,0.12547456369172844,0.13821832556756342,6.826809070194987,7.527492128663976,0.13653618140389973,0.15054984257327952
06c0c35d-a26e-473a-9206-8fbda7191700,Entomb,0.11731160268252454,0.1648864938943967,0.711468840847923,0.47679375287546866,1.1244697628998557,0.8139421979824439,1.5534668810761552,3591.581475470894,False,0.026875712564275466,0.02930017681745689,0.27098936333477613,0.17563446846081018,1.5429167503942585,0.12285097610387885,1.3112611228648257,0.9293645603142647,1.8500874745592903,3584.139233875798,False,0.06141556584026895,0.0675057468718373,0.2994120088603171,0.17651871741656214,1.6962054406601095,0.08984698047444493,1.3490653358573563,0.9545028239307888,1.906728020894665,3580.5242228201387,False,0.06741568963770077,0.07454677638232593,178,0.846426910556781,False,False,0.72197609153811,False,False,0.6970950875368337,False,False,3580.5242228201387,7.44224159509622,3.6150110556591244,0.22459557295750066,1.2615987405406794,0.17802456973066288,low,2.6875712564275465,2.930017681745689,0.05375142512855093,0.05860035363491378,6.141556584026895,6.750574687183731,0.1228311316805379,0.1350114937436746,6.741568963770077,7.454677638232593,0.13483137927540154,0.14909355276465186
07d8ae46-14ec-4878-ba8a-a47d4508c6d7,Zealous Persecution,0.18055739898797443,0.34848707555285313,0.518117920733592,0.6043759975016564,1.1978848768868655,0.6050299796154518,2.3716645895568353,3591.820196027508,False,0.04130857742606054,0.04502187049258649,0.2690825556189496,0.35692219577759143,0.7538969523392228,0.45091110075920493,1.308763182341274,0.6501937080497268,2.634385793411983,3585.957154300778,False,0.06099747682786709,0.06714204319815437,0.2981517816850508,0.35842272939200526,0.8318439575269335,0.4054970284093147,1.3473662778842805,0.667405969747232,2.7200773877813664,3582.716806681187,False,0.06715242876404709,0.07398815096787403,35,0.8840324349421158,False,False,0.9022995490595991,False,False,0.8887470449821118,False,False,3582.716806681187,5.863041726729989,3.2403476195909207,0.14948140099741503,1.28467144570414,0.11635768935105655,low,4.130857742606054,4.502187049258649,0.08261715485212108,0.09004374098517298,6.099747682786709,6.714204319815437,0.12199495365573418,0.13428408639630873,6.715242876404709,7.398815096787404,0.13430485752809418,0.14797630193574807
cbac1d27-15e2-4e2f-82ab-625a16e096cb,Enlightened Tutor,0.3667211636194283,0.3978814830892578,0.92168441911925,0.3566932100415502,1.4429955033703692,0.6615785592391984,3.1473753096557933,3591.254326171737,False,0.08329543604245825,0.09069600906443426,0.3435847325430529,0.40077418405874415,0.8573025564258684,0.3912776960615306,1.4099929897131231,0.6427929143946756,3.092878260664006,3585.8009238976724,False,0.07762532915680914,0.08568531592231782,0.29559428855019065,0.4021744824091903,0.7349901634222527,0.4623454848174732,1.343924800531627,0.6109942705813204,2.9560569655842395,3582.87316172814,False,0.06656781293534149,0.0733716203429054,28,0.8081929741753929,False,False,0.8996605708591937,False,False,0.9069985608047941,False,False,3582.87316172814,5.453402274064501,2.9277621695323433,0.09907070283874209,1.3989710978717065,0.07081683316364512,low,8.329543604245824,9.069600906443426,0.1665908720849165,0.18139201812886852,7.762532915680914,8.568531592231782,0.15525065831361828,0.17137063184463563,6.656781293534149,7.3371620342905395,0.13313562587068298,0.1467432406858108
0e9aeaa8-9a75-4719-992f-cbb316f72175,Savannah,0.25239794014403105,0.18873881326101624,1.3372868875411306,0.18112900947610944,1.2871081273810732,0.8891137189254944,1.863256967368013,3590.2931284361284,False,0.05764185050978609,0.06281104659092634,0.2896048276966012,0.1969788256073035,1.470233294384426,0.1414985802704164,1.335899473231986,0.9080338053667952,1.9653755091866951,3584.353392635311,False,0.06562476269671193,0.07225529870256203,0.2898621044166194,0.19765220786049617,1.4665260133152949,0.14250503969106132,1.3362432132829936,0.9070694841918967,1.9684775600576983,3581.246683284424,False,0.0653346230642943,0.07198270709576232,129,0.6938825461757695,False,False,0.72197609153811,False,False,0.7388333550955334,False,False,3581.246683284424,5.939735800817289,3.106709350887286,0.049135085901920394,1.3197502712986842,0.03723059352249241,low,5.764185050978609,6.281104659092635,0.11528370101957218,0.1256220931818527,6.562476269671193,7.225529870256203,0.13124952539342385,0.14451059740512406,6.53346230642943,7.198270709576232,0.1306692461285886,0.14396541419152464
107492bd-b32f-4692-917c-7771986b5bf7,Thespian's Stage,0.15541349160607285,0.22691626889319008,0.6848935616829936,0.493411089059431,1.1681408777049058,0.7487557909506577,1.8224274545278414,3591.619521718078,False,0.03557154018949442,0.0387825426582426,0.2748603270486031,0.23277603074313863,1.1807930832530744,0.23768493247387001,1.3163468039838517,0.8341177552808291,2.0773672510725008,3585.1330637341725,False,0.06227031047270643,0.06854378233492098,0.28933349492914334,0.23428213640856443,1.2349788992216415,0.21683835732401024,1.335537049101863,0.8437833662166364,2.1138828767403886,3581.885133518243,False,0.06516322772975505,0.07195909193116551,90,0.846426910556781,False,False,0.8047505074115294,False,False,0.7889922237619357,False,False,3581.885133518243,6.486457983905439,3.2479302159295003,0.16739617139695717,1.2733415769302068,0.13146211074055925,low,3.5571540189494417,3.8782542658242605,0.07114308037898884,0.0775650853164852,6.227031047270644,6.854378233492097,0.12454062094541286,0.13708756466984195,6.5163227729755056,7.195909193116551,0.1303264554595101,0.14391818386233102
261ac92e-c61a-4c11-aa6a-9ae1cb703e5c,Dreams of Steel and Oil,0.21129835302539984,0.17557370218916019,1.203473814078093,0.2287930187232574,1.2352808498666672,0.8756173458674174,1.7426776493739815,3590.6304444431457,False,0.04835497276526326,0.052659267282274325,0.27543869350991435,0.1813607983252629,1.5187333539187822,0.12882962744423448,1.3171083550332943,0.923090064523638,1.879312198852171,3584.2006567298777,False,0.06250718670906093,0.06871242868295152,0.2804535357178776,0.18256211478050433,1.5362088462607306,0.12448716707820236,1.3237300350676555,0.9255489951536161,1.8932128011757914,3581.028923491198,False,0.0632939957605068,0.06971636285539845,153,0.756591837904134,False,False,0.72197609153811,False,False,0.7364430434387094,False,False,3581.028923491198,6.42978771326807,3.1717332386797352,0.08844918520098832,1.2920397466558724,0.0684570156838575,low,4.8354972765263255,5.2659267282274325,0.09670994553052652,0.10531853456454865,6.2507186709060925,6.871242868295152,0.12501437341812185,0.13742485736590304,6.3293995760506805,6.971636285539845,0.1265879915210136,0.1394327257107969
551c0a45-9515-4e51-84e5-79703832a661,Expedition Map,0.23815569154784316,0.19223005918691183,1.2389097342797792,0.2153789283383294,1.268906735500368,0.8705629353469844,1.8495208537179981,3590.54923180573,False,0.05440855351181296,0.059295061730975096,0.29347876057339933,0.19665606604493252,1.4923453238729207,0.13560864063942665,1.341084695237733,0.9121351319605518,1.9717562637184614,3584.2884485790514,False,0.06648013497472664,0.07318899381742638,0.27967176709798636,0.19733771897106966,1.4172240793914677,0.15641742382754562,1.3226955888665062,0.8984266949803763,1.947319275553279,3581.390280151627,False,0.06305051466846998,0.06957667357875319,126,0.7443406487132938,False,False,0.72197609153811,False,False,0.7388333550955334,False,False,3581.390280151627,6.260783226678541,2.89816842742448,0.07217795973736507,1.3108956732015358,0.055060033542629984,low,5.440855351181296,5.92950617309751,0.10881710702362592,0.11859012346195019,6.648013497472665,7.318899381742638,0.13296026994945329,0.14637798763485277,6.305051466846997,6.957667357875319,0.12610102933693995,0.13915334715750638
311a6257-dd77-4bb6-81cb-c8e7862350f3,Necromancy,0.07933886770100657,0.16243089802025446,0.4884468944517769,0.6252333325975918,1.082571108303448,0.7873946520397298,1.4884025456579069,3591.8492788164613,False,0.01818711191870511,0.019826189441977227,0.24455569834660446,0.1728367903730473,1.4149516304877021,0.15708267841017595,1.2770537900280952,0.9100967096433848,1.7919704195658126,3584.517762731281,False,0.055488015097497005,0.06090472311167272,0.2776461869733437,0.17364331692423068,1.5989454238224134,0.10983272978003997,1.3200190746329021,0.9392301635593385,1.8551899470428572,3580.8440917965786,False,0.06258259332927676,0.06917601774795645,177,0.8942231637972977,False,False,0.72197609153811,False,False,0.7044079881085256,False,False,3580.8440917965786,7.331516085180283,3.673670934702386,0.2374479663294542,1.2265479909881485,0.193590440874766,low,1.818711191870511,1.9826189441977227,0.03637422383741022,0.03965237888395445,5.5488015097497,6.090472311167272,0.11097603019499401,0.12180944622334544,6.258259332927676,6.917601774795646,0.12516518665855353,0.1383520354959129
76c3cad2-1e25-4abe-878d-9194de6fcc27,Guide of Souls,0.38757119904448567,0.1845039163372144,2.1006123161967407,0.03567501200845772,1.4733978544039341,1.0262829854766635,2.1153047142780292,3587.5969093622625,False,0.08817285006754465,0.09586713907987737,0.26281138968605283,0.19198382117800383,1.3689246733055647,0.17102282228339039,1.300581392752125,0.8927248182744618,1.8947742065047126,3584.6296231914407,False,0.0597071792834142,0.06557798302433387,0.27168954736113643,0.19289888395189136,1.4084557763895373,0.15899615322172655,1.3121795684603874,0.8990719042894155,1.9151029096451757,3581.4005342880887,False,0.06137598742797529,0.06750874499066245,136,0.4256191596711586,True,False,0.72197609153811,False,False,0.7388333550955334,False,False,3581.4005342880887,2.967286170821808,3.2290889033520216,0.17281646165180908,1.3620529385388156,0.12687940149903665,low,8.817285006754465,9.586713907987738,0.1763457001350893,0.19173427815975475,5.97071792834142,6.557798302433388,0.1194143585668284,0.13115596604866775,6.137598742797529,6.750874499066245,0.12275197485595057,0.1350174899813249
7d48d622-f397-4f31-b1a5-0c23f60aa71c,Mana Tithe,0.365214328651374,0.15758566009640107,2.3175606741626025,0.0204732095589926,1.440822784662514,1.057964135916921,1.962231257492892,3586.6552195937356,False,0.08314135286115373,0.09049507439145205,0.2792645687809358,0.16127708066792104,1.7315824891198144,0.08334792620637012,1.322157099092255,0.9638317726222044,1.8136976226921437,3583.499151397841,False,0.06339522023432137,0.06967611800305185,0.27080374285779707,0.16218209000850967,1.6697512212574646,0.09496859493994508,1.3110177485380834,0.954017605254563,1.8016098733557877,3580.5956661849386,False,0.06115997557646931,0.06732455041964885,193,0.37932307710689067,True,False,0.72197609153811,False,False,0.6970950875368337,False,False,3580.5956661849386,3.156068195894477,2.903485212902524,0.1298050361244305,1.357999210764284,0.09558550188801364,low,8.314135286115373,9.049507439145204,0.16628270572230747,0.1809901487829041,6.339522023432137,6.967611800305185,0.12679044046864274,0.1393522360061037,6.1159975576469305,6.732455041964886,0.12231995115293862,0.1346491008392977
564caf57-4ba5-4993-a35e-945699c94eb7,Toxic Deluge,0.13149874197851025,0.17042143958302092,0.7716091490616153,0.4403459538622535,1.140536472902076,0.8166642040179781,1.592849839162623,3591.4916120476455,False,0.030126092272789045,0.03283512956742246,0.25633890694512834,0.17485181573015773,1.4660351445290485,0.14263871264107678,1.2921905861029865,0.9172541862108392,1.820385816619616,3584.3673965354546,False,0.05815393673241548,0.06389550466689814,0.2691117104367145,0.17582131020537167,1.5305977991084987,0.1258688260150118,1.3088013396495846,0.9272815317155968,1.8472932848121504,3581.055636011606,False,0.060695603075364764,0.06699348581141029,159,0.846426910556781,False,False,0.72197609153811,False,False,0.7364430434387094,False,False,3581.055636011606,7.124215512190858,3.311760523848534,0.16826486674750862,1.2471761328848823,0.13491668282513544,low,3.0126092272789045,3.2835129567422463,0.06025218454557809,0.06567025913484492,5.815393673241548,6.389550466689814,0.11630787346483096,0.12779100933379628,6.069560307536476,6.699348581141029,0.12139120615072953,0.13398697162282058
09521f23-52d6-482d-9f3b-c4d12fcc08cc,Tidehollow Sculler,0.17352427690457278,0.18266346461993418,0.9499670734135192,0.3421289834736202,1.1894895635437122,0.8315231713996354,1.7015586221101322,3591.181908204776,False,0.039731069288314484,0.043288038936267315,0.24936000487171328,0.19034602113413346,1.3100352893428422,0.19018389771034871,1.2832039095847771,0.8836288154478203,1.8634660219168602,3584.7977371979878,False,0.05660978839273443,0.06221445325933833,0.26701994676678703,0.1905497116843766,1.4013138325240526,0.16112024656476298,1.306066497874673,0.8990132660798366,1.8974243887510434,3581.4310830713976,False,0.06025780256962927,0.06637821310645065,136,0.801373266900079,False,False,0.7622052820048237,False,False,0.7388333550955334,False,False,3581.4310830713976,6.384171006788165,3.3666541265902197,0.11657693433096084,1.259586657001054,0.09255173805073363,low,3.9731069288314482,4.3288038936267315,0.07946213857662897,0.08657607787253463,5.660978839273443,6.221445325933833,0.11321957678546886,0.12442890651867666,6.025780256962927,6.637821310645064,0.12051560513925853,0.1327564262129013
0d16e8e0-31b2-4389-afd6-783c501f6fa0,"Ajani, Nacatl Pariah // Ajani, Nacatl Avenger",0.359034126708488,0.14537822997122224,2.4696553726067454,0.013524327316525265,1.431945668330217,1.076906733459123,1.9040352644684275,3585.9342828988383,False,0.08172630564725031,0.08902168170080682,0.2670314591118794,0.15109059143555892,1.7673599432944838,0.0771679668491176,1.3060815338494596,0.9713134025483557,1.7562292135443205,3583.3822094845636,False,0.060633689412734545,0.06662481070970633,0.26588648024414985,0.1521923637324459,1.7470421887367367,0.0806300202306053,1.304586953888186,0.96810904072603,1.7580118030701237,3580.3370698546687,False,0.060049034046365024,0.06609907184957642,226,0.37932307710689067,True,False,0.72197609153811,False,False,0.6970950875368337,False,False,3580.3370698546687,2.5520734142746733,3.0451396298949476,0.12735871444203095,1.3475380520226208,0.09451214698603035,low,8.172630564725031,8.902168170080682,0.16345261129450062,0.17804336340161364,6.063368941273454,6.662481070970633,0.12126737882546909,0.13324962141941266,6.004903404636503,6.609907184957642,0.12009806809273005,0.13219814369915284
216a8e4e-ea7b-41c7-a982-b5751025ff25,Scrapheap Scrounger,0.31123842045045946,0.3601338344610145,0.8642298797508622,0.38746162115792027,1.3651146536403933,0.6739334612709359,2.765166184313481,3591.3307114427444,False,0.07094677379672341,0.0772105731952148,0.23529493475167207,0.3627385291044908,0.6486626478101333,0.5165564525135404,1.2652818893068931,0.6214669282162701,2.5760634825782636,3586.098192356662,False,0.05343165918186177,0.058703719445221514,0.26558385665823325,0.3635425922629439,0.7305439921222248,0.46505773282644614,1.3041922148377463,0.6395697309076561,2.659471283654248,3582.8659841893705,False,0.05992921548549319,0.06601657285965212,35,0.8287814860586152,False,False,0.9280871820473942,False,False,0.9069985608047941,False,False,3582.8659841893705,5.232519086082448,3.2322081672914464,0.09983276433350019,1.3115295859283442,0.07611933836996536,low,7.0946773796723415,7.72105731952148,0.14189354759344683,0.1544211463904296,5.343165918186177,5.870371944522152,0.10686331836372354,0.11740743889044303,5.992921548549319,6.601657285965212,0.11985843097098638,0.13203314571930425
69490262-afc2-4692-8fac-b771a972c8f8,Volcanic Spite,0.4467186527392341,0.2311005164091385,1.933005861174135,0.05323547577336763,1.5631744425655627,0.9937810587413208,2.458805504891595,3588.339602377794,False,0.10105370845362299,0.1100201906062615,0.29366850937948247,0.23515839053379273,1.2488115295944828,0.21173401593739782,1.3413391886016532,0.8459949098948643,2.1267158913546362,3584.959175660686,False,0.06652435668094286,0.07327088935419557,0.2651443601316752,0.23597323009318627,1.1236205057114708,0.26117405317066655,1.3036191528279668,0.8208924549596697,2.0702138085839734,3582.13936288625,False,0.059807745073334986,0.06590916493552368,85,0.4617976328010313,False,False,0.7802573957472064,False,False,0.806495803077938,False,False,3582.13936288625,3.3804267171080937,2.8198127744358317,0.2595552897375959,1.4027109279983943,0.18503833153133675,low,10.1053708453623,11.00201906062615,0.20210741690724598,0.220040381212523,6.652435668094286,7.327088935419557,0.13304871336188573,0.14654177870839113,5.980774507333499,6.590916493552368,0.11961549014666997,0.13181832987104736
0359f212-9564-41a9-870b-d2c57455a695,Brainstorm,0.13406902121965736,0.1882690009758309,0.7121141585962338,0.47639408739523903,1.1434717407351898,0.7906196920566929,1.6538009804165192,3591.5803086280616,False,0.03070923915299725,0.033473851530546994,0.27240318991604223,0.19323142805396368,1.4097250776409327,0.15862087689343718,1.3131163298567603,0.8991275191044208,1.9177196327546038,3584.532086527013,False,0.061747320221602627,0.06792133018688312,0.26425213984674156,0.1935716304782895,1.365138781926928,0.1722094348392298,1.3024565560993022,0.8912340034207662,1.9034205091086052,3581.537864964374,False,0.05960035206370119,0.06578338784348176,131,0.846426910556781,False,False,0.72197609153811,False,False,0.7526057726379275,False,False,3581.537864964374,7.04822210104885,2.9942215626388133,0.16964458912157054,1.2530148755637507,0.13538912620270754,low,3.070923915299725,3.3473851530546996,0.0614184783059945,0.06694770306109399,6.174732022160263,6.792133018688312,0.12349464044320525,0.13584266037376624,5.96003520637012,6.578338784348175,0.11920070412740238,0.1315667756869635
7c024bae-5631-4e20-ac69-df392ac9e109,Orcish Bowmasters,0.1491168602408107,0.15382676657033983,0.9693817504291397,0.3323547543093104,1.1608086336596741,0.8586588341072996,1.5692806391257095,3591.1449306038758,False,0.034171751610892344,0.037224196964697476,0.22521317756890727,0.156103047481133,1.4427212101424676,0.14909902187622392,1.2525897117617115,0.9224253797545545,1.7009299835492093,3584.431308529587,False,0.05119097653854179,0.056128393121113174,0.2614257579456825,0.15741869571521366,1.6607033666358673,0.09677303692765042,1.298780513859007,0.9539777929298099,1.7682076413952508,3580.6317606298126,False,0.05903480168418857,0.06511007274444025,199,0.7976724107377573,False,False,0.72197609153811,False,False,0.6970950875368337,False,False,3580.6317606298126,6.713622074288651,3.799547899774552,0.13797188019933282,1.2373929530934642,0.11150207365768905,low,3.4171751610892342,3.7224196964697476,0.06834350322178469,0.07444839392939495,5.119097653854179,5.612839312111317,0.10238195307708357,0.11225678624222635,5.903480168418858,6.511007274444025,0.11806960336837714,0.1302201454888805
758f95f8-bcb0-43ae-b474-56ebd855951e,Lion's Eye Diamond,0.1679016943264763,0.1722928355121191,0.9745135009671722,0.3298016389333026,1.1828203269833308,0.8438400949657067,1.6579728010930923,3591.1375249169123,False,0.038426114295009195,0.04189281780390158,0.28334980567447104,0.18166069787049222,1.559774948549818,0.11881307346717558,1.3275694719378035,0.9298749519430736,1.8953523795198584,3584.086268616308,False,0.06418532305163248,0.07060557388559768,0.26063183628690045,0.1831077628346683,1.4233795020598348,0.15462617133269918,1.2977497930889614,0.9064137686824931,1.8580416401997346,3581.3764531467014,False,0.058775745749779756,0.06495203429962448,157,0.7976724107377573,False,False,0.72197609153811,False,False,0.7388333550955334,False,False,3581.3764531467014,7.051256300604109,2.7098154696068377,0.14474914495447266,1.2693798640033653,0.11403138576498556,low,3.8426114295009195,4.189281780390158,0.07685222859001839,0.08378563560780317,6.4185323051632475,7.0605573885597686,0.12837064610326496,0.14121114777119537,5.8775745749779755,6.495203429962448,0.11755149149955951,0.12990406859924897
416d2d51-8f29-4e95-b037-e8c32b081e6c,Mana Drain,0.14827689020210194,0.15463493528406322,0.9588835144511064,0.3376174306023947,1.1598339985761645,0.856579982216759,1.5704486821789463,3591.1653507429573,False,0.03397961741434192,0.037014984588492006,0.26837489278810295,0.15892565547551535,1.6886819940122868,0.0912803880648067,1.3078373469110482,0.9577970299910515,1.7858047920563191,3583.6564289582525,False,0.06091827000856671,0.0669060484701341,0.25651191576394244,0.1597966441039264,1.6052396919995118,0.10844106549593024,1.2924141658100436,0.9448874050524352,1.7677602294781127,3580.8158553744506,False,0.057935615363629185,0.06388741732236436,201,0.801373266900079,False,False,0.72197609153811,False,False,0.7022348610270434,False,False,3580.8158553744506,7.508921784704853,2.84057358380187,0.1480033483348837,1.2533618370990853,0.11808509239234417,low,3.397961741434192,3.7014984588492004,0.06795923482868384,0.07402996917698401,6.0918270008566715,6.690604847013409,0.12183654001713343,0.1338120969402682,5.793561536362919,6.388741732236436,0.11587123072725837,0.12777483464472872
07c17b01-ee5d-491a-8403-b3f819b778c4,Wishclaw Talisman,0.21091360193069875,0.23241183909607965,0.9074993888048298,0.36414277254505334,1.2348056656271078,0.7830070316015529,1.9472941753104183,3591.2616459655474,False,0.048231810446999056,0.0525509211451069,0.27142784195659053,0.24299385751070063,1.117015239550398,0.26398780925986065,1.3118362089070716,0.8147775736435209,2.1121276464496894,3585.2720087590533,False,0.06154955593860417,0.06769670443987386,0.25575130750341196,0.24483227800185461,1.0445979982323843,0.2962088051687183,1.2914315186716412,0.7992192563706253,2.086780760253764,3582.311232819061,False,0.057717279078243935,0.06366399308410514,84,0.8123184926005036,False,False,0.8370586318619759,False,False,0.852846346260666,False,False,3582.311232819061,5.989637206494081,2.9607759399923452,0.07703054327996384,1.2793577977352735,0.06021032069083703,low,4.823181044699906,5.25509211451069,0.09646362089399811,0.1051018422902138,6.154955593860417,6.769670443987385,0.12309911187720834,0.1353934088797477,5.771727907824394,6.366399308410514,0.11543455815648787,0.12732798616821028
0e51d796-7279-4c06-87f0-37adbdaa41df,Underworld Breach,0.17255961036321552,0.17180147322690364,1.0044128674921813,0.3151796503516411,1.1883426560410557,0.8485966642044205,1.664110086374948,3591.0796799597756,False,0.03947479475673969,0.04305036577861948,0.2764841772844626,0.18013875784001512,1.5348400344250948,0.12482312619258658,1.3184860905223603,0.9262715951127316,1.8767773729360293,3584.1677430364716,False,0.06261500285440968,0.06890214771917241,0.2544496499613622,0.18148596747968498,1.4020348432164298,0.1609048421714393,1.2897516106649756,0.9036954686565954,1.8407298419740263,3581.4402763257067,False,0.057366935051469,0.06341460626559631,157,0.7976724107377573,False,False,0.72197609153811,False,False,0.7388333550955334,False,False,3581.4402763257067,6.911936923303983,2.7274667107649293,0.1301434344813046,1.2655267857427972,0.10283736065287413,low,3.947479475673969,4.305036577861948,0.07894958951347938,0.08610073155723896,6.2615002854409685,6.8902147719172415,0.12523000570881937,0.13780429543834483,5.736693505146899,6.3414606265596305,0.114733870102938,0.12682921253119261
24a5cc2c-0fbf-4a5f-b175-6e0ffd0d0787,Misty Rainforest,0.22003021266099254,0.1523454970678887,1.4442843201525146,0.1486590145606675,1.246114378449931,0.924440155874369,1.6797204603373834,3589.992302239348,False,0.05033239691506674,0.054832017606170624,0.2505096789049153,0.15699579434851568,1.5956457938536095,0.11056789725520069,1.2846800241616418,0.944403206954204,1.7475615842121845,3583.9660180690234,False,0.05688343474866761,0.062479788492916244,0.2541942538274769,0.15752699938482223,1.6136551500387977,0.10660224726950081,1.2894222551497923,0.94690295719785,1.7558396448519942,3580.7908950203964,False,0.057406216766836306,0.06327550422957523,205,0.6576051010039601,False,False,0.72197609153811,False,False,0.6970950875368337,False,False,3580.7908950203964,6.026284170324743,3.1751230486270288,0.04330787669986136,1.2734055525871215,0.03400949258614011,low,5.033239691506674,5.483201760617062,0.10066479383013348,0.10966403521234125,5.688343474866761,6.247978849291624,0.11376686949733522,0.12495957698583249,5.740621676683631,6.327550422957523,0.11481243353367261,0.12655100845915046
52eef0d6-24b7-40b7-8403-e8e863d0cd55,"Bristly Bill, Spine Sower",0.29108251833694515,0.1533168030323213,1.898568927735735,0.05762117706482615,1.3378749786134563,0.990625798751252,1.806847207751154,3588.479358786711,False,0.06631627477573127,0.07236469247821381,0.24437405631171696,0.16492110200744045,1.4817634210368784,0.1384032552397322,1.2768218444451853,0.9241588526883426,1.7640625501882063,3584.321581338215,False,0.05543079764012406,0.0609689426505548,0.25124587053603775,0.16637698527767286,1.510099910253356,0.1310179324109937,1.2856261430637774,0.927879855523404,1.7813023635443654,3581.1185445284955,False,0.056670925048011564,0.062499923067845964,200,0.4707752598500199,False,False,0.72197609153811,False,False,0.7375305985226891,False,False,3581.1185445284955,4.15777744849629,3.2030368097193787,0.06105313416827096,1.3001076553741397,0.046960060511836106,low,6.631627477573127,7.236469247821381,0.13263254955146253,0.14472938495642762,5.543079764012406,6.0968942650554805,0.11086159528024812,0.1219378853011096,5.667092504801157,6.249992306784597,0.11334185009602313,0.12499984613569193
1ac0e78b-0fdd-44f9-8b7b-c4f28a32782e,Amped Raptor,0.4616256294229977,0.26530008047799003,1.7400131526205673,0.08185670848723353,1.5866511965005605,0.943307909615421,2.6687595786014446,3589.006257411512,False,0.10446256361915408,0.11353644489848391,0.2811593088965264,0.2726798826866412,1.031096632895466,0.30249550663700286,1.324664617985162,0.7762402073304736,2.2605584374151344,3585.4491076031213,False,0.0637688092267445,0.07015382042450286,0.25066611931667987,0.27333055713016635,0.9170804828722712,0.35910046748336,1.2848810157548012,0.7519678018344654,2.195465311971583,3582.55679787314,False,0.056605653379091715,0.062349145537936135,64,0.5242744212266087,False,False,0.8395534784927668,False,False,0.8692433175606691,False,False,3582.55679787314,3.557149808390477,2.892309729981207,0.30177018074575934,1.3987322767468413,0.21574549022891903,low,10.446256361915408,11.353644489848392,0.20892512723830817,0.22707288979696783,6.37688092267445,7.015382042450286,0.127537618453489,0.1403076408490057,5.660565337909172,6.2349145537936135,0.11321130675818343,0.12469829107587227
57fb0fa7-0c5c-4a75-9461-c51403c30282,Foreboding Landscape,0.06676040043013069,0.22659261804315728,0.29462742876034637,0.7682785066486519,1.069039306128548,0.6856684131049726,1.6667605160234251,3592.0011571873565,False,0.015304609037514136,0.016684476617166044,0.21069634683493665,0.23162562931640107,0.9096417674363877,0.36301146386324523,1.23453742694314,0.7840441968988338,1.9438733996778028,3585.695173422393,False,0.04785685900321207,0.05254511811885021,0.25036793546802866,0.23186994022314014,1.0797774615678382,0.28024129000740117,1.2844979421044906,0.8153831550110313,2.023508767787028,3582.238877557572,False,0.056490892922306676,0.06230037143382966,88,0.9233184935759474,False,False,0.8813740651574318,False,False,0.8307597352663848,False,False,3582.238877557572,6.305983764963457,3.456295864821186,0.21545863597594272,1.1960248917253928,0.1801456119070572,low,1.5304609037514136,1.6684476617166044,0.030609218075028272,0.03336895323433209,4.785685900321207,5.2545118118850205,0.09571371800642414,0.10509023623770042,5.649089292230667,6.230037143382966,0.11298178584461335,0.12460074286765932
207d5f12-fbc6-4c75-9d84-fd2f0023fbd0,Sneak Attack,0.19003011954231125,0.17068554493843333,1.1133345803293158,0.2655647600729083,1.209286020250186,0.865443186834621,1.6897385074128277,3590.841714107911,False,0.04351397502420229,0.047388463133312464,0.22530710323250633,0.1756906986599837,1.2824076911922686,0.1996996675783813,1.2527073676069713,0.8877663711645712,1.7676674853072132,3584.871690142481,False,0.05121274498251397,0.056147037802047994,0.2496913108556295,0.17641620132427369,1.4153536295494062,0.15696483815642195,1.283629113150961,0.9083873052085036,1.81387794686378,3581.392634378304,False,0.0564108579767671,0.06220430024007845,166,0.7714631446865359,False,False,0.7700821625091218,False,False,0.7388333550955334,False,False,3581.392634378304,5.970023965429846,3.479055764176792,0.0743430929007749,1.2485408336693729,0.05954398197957678,low,4.3513975024202285,4.738846313331246,0.08702795004840458,0.09477692626662493,5.121274498251397,5.614703780204799,0.10242548996502794,0.11229407560409599,5.64108579767671,6.220430024007845,0.1128217159535342,0.1244086004801569
18a3cca1-e50e-49b6-9e1a-f86640e3b177,Snuff Out,0.17052032484868512,0.15592166462295542,1.0936281706652613,0.2741180888916177,1.185921755369109,0.8736406549520952,1.6098271089901002,3590.886044943787,False,0.03907063655184303,0.042547372233704195,0.21803423384774745,0.1576244828043828,1.383251065878739,0.16658789664959717,1.2436296411181187,0.9131001122300408,1.6938062579910582,3584.5978832242195,False,0.04958312575218162,0.05434612735360467,0.24746528727768055,0.15812842514346315,1.5649639655436136,0.11759135874830527,1.2807749024285215,0.9394446031938173,1.7461214265471283,3580.939753698097,False,0.05592635252024319,0.061632738814863586,195,0.7714631446865359,False,False,0.72197609153811,False,False,0.726235521158515,False,False,3580.939753698097,6.288161719567597,3.6581295261225932,0.0948531470594125,1.2367754329719165,0.07669391267862154,low,3.9070636551843028,4.2547372233704195,0.07814127310368606,0.08509474446740839,4.958312575218162,5.434612735360467,0.09916625150436324,0.10869225470720933,5.592635252024318,6.163273881486359,0.11185270504048637,0.12326547762972717
56995b84-2307-4955-9c7c-dc4f04acdc07,Inquisition of Kozilek,0.21017695961381205,0.14641915106042466,1.4354471945208565,0.15115970559878422,1.2338963904670732,0.9260708119562436,1.6440430718159913,3590.0192999983433,False,0.04808876204359948,0.05239441231295405,0.22339726924262582,0.14838443585754257,1.5055303337682922,0.13218778419685662,1.2503171876469148,0.934787334741667,1.6723515730530456,3584.2478849715017,False,0.05076546817704435,0.05568322272594711,0.24397528867504592,0.1493993108670959,1.6330415934253126,0.10246024913056966,1.276312790719647,0.9523264811244343,1.7105208896755713,3580.7275990582793,False,0.05510532776877299,0.06076732735059842,220,0.6576051010039601,False,False,0.72197609153811,False,False,0.6970950875368337,False,False,3580.7275990582793,5.771415026841623,3.520285913222324,0.04241640025257376,1.2535087896112118,0.03383813548346129,low,4.808876204359948,5.239441231295405,0.09617752408719896,0.1047888246259081,5.076546817704435,5.5683222725947115,0.1015309363540887,0.11136644545189422,5.510532776877299,6.076732735059842,0.11021065553754598,0.12153465470119684
0e0d989d-7186-40dc-bdfe-cfbb77656bc8,"Emrakul, the Aeons Torn",0.08197219769035392,0.252992955086237,0.3240098036026825,0.7459306120792266,1.0854256320705247,0.6610710248625863,1.7821818812896757,3591.9829995203845,False,0.01878846737361343,0.02048243180817061,0.21685777564389702,0.2612447917971937,0.8300941586320517,0.4064855494849744,1.2421674231121074,0.7443960829294466,2.0727942320287784,3585.834241117063,False,0.049246197726022824,0.05406405514083401,0.24224881812387974,0.2641885059698366,0.9169544194762894,0.35916652547830663,1.2741111753313223,0.7591463857538628,2.1384008638756837,3582.5645854246213,False,0.05467432652667086,0.060335364227758315,69,0.9179625798096755,False,False,0.8996605708591937,False,False,0.8692433175606691,False,False,3582.5645854246213,6.148758403321608,3.2696556924415745,0.18868554326079767,1.2005680768379847,0.15716355190598705,low,1.8788467373613431,2.048243180817061,0.03757693474722686,0.04096486361634122,4.9246197726022825,5.406405514083401,0.09849239545204565,0.10812811028166802,5.467432652667086,6.033536422775832,0.10934865305334172,0.12067072845551663
7f7e780e-fbc5-4dc0-b5c7-efcb8645c7c6,Ertai Resurrected,0.13640015732662616,0.2352294960091289,0.5798599225045004,0.5620090842783566,1.1461404383374671,0.722780531942553,1.8174782611560572,3591.751992080818,False,0.031234546010961806,0.034051789939149035,0.2609094707194065,0.24035089626873749,1.0855356679331138,0.2776844751234898,1.2981101431367765,0.8104397430556045,2.0792291569528416,3585.3480514631087,False,0.0591506822794153,0.06508945769082736,0.24141736179155238,0.24356326214477864,0.9911895565269991,0.3215930291152407,1.2730522478135038,0.7898070277643691,2.0519721510334836,3582.425533662737,False,0.0544772035889585,0.06008214408992907,83,0.8684521446552185,False,False,0.8370586318619759,False,False,0.8692433175606691,False,False,3582.425533662737,6.403940617709395,2.922517800371679,0.15196970479930938,1.239100943095916,0.12264513690031609,low,3.1234546010961806,3.4051789939149035,0.06246909202192361,0.06810357987829807,5.91506822794153,6.508945769082736,0.1183013645588306,0.13017891538165471,5.44772035889585,6.008214408992907,0.108954407177917,0.12016428817985814
f5fb426a-5618-4dd4-9c51-0cc847be8c1d,Multiversal Passage,0.21237554847761514,0.2255385319328375,0.9416375404130851,0.3463782429752199,1.2366122057168492,0.7947879145170608,1.9240475596022228,3591.196237032641,False,0.04857544578760612,0.05291384842233077,0.23307668638122267,0.22929197386665018,1.016506083709557,0.309388451928302,1.2624782905066356,0.8054649566532834,1.978796744458044,3585.484224670623,False,0.05293465626637819,0.05814786450382925,0.240464400768373,0.23101531489763633,1.0409024218802272,0.2979208375993031,1.2718396565087582,0.8087013282498934,2.0002144863158624,3582.3157674340223,False,0.054307151244349976,0.05983296972548996,87,0.801373266900079,False,False,0.8465563133878119,False,False,0.852846346260666,False,False,3582.3157674340223,5.712012362017958,3.168457236600716,0.03522745079190903,1.2569767175774142,0.028025539613655934,low,4.857544578760612,5.291384842233077,0.09715089157521224,0.10582769684466153,5.293465626637818,5.814786450382925,0.10586931253275637,0.1162957290076585,5.430715124434998,5.983296972548996,0.10861430248869995,0.11966593945097992
0cb33b46-4d1b-4f97-bfdc-d815aee111da,Mana Crypt,0.24428084605208153,0.1459480515320695,1.6737520198987046,0.09417934552641626,1.2767028370959954,0.9590833111313903,1.6995083902837975,3589.2750614620018,False,0.05582366721918381,0.06083575740906816,0.22079023917132629,0.14805840974587264,1.4912374079276585,0.13589917561680373,1.2470618184065962,0.9329494646811823,1.666931851940141,3584.292410393836,False,0.05017067080769425,0.05504657609005642,0.2403802488082934,0.14885135541022704,1.614901309738277,0.10633206859153223,1.2717326332119294,0.9499286449421034,1.7025530275221037,3580.7886607696155,False,0.054294984020799124,0.059868461738271095,218,0.5624020579155755,False,False,0.72197609153811,False,False,0.6970950875368337,False,False,3580.7886607696155,4.982651068165978,3.5037496242202906,0.029641018689399168,1.2651657629048403,0.02342856529830757,low,5.5823667219183815,6.083575740906816,0.11164733443836762,0.12167151481813632,5.017067080769425,5.504657609005642,0.1003413416153885,0.11009315218011284,5.429498402079912,5.986846173827109,0.10858996804159825,0.11973692347654219
0a786855-6eb4-42c0-a528-4842db46809d,Stock Up,0.09197645517300375,0.20317919583348357,0.4526863825584952,0.6507745865530515,1.0963390086646436,0.7361990351196795,1.6326552529702492,3591.8826017306255,False,0.021085308023453916,0.02297978758216801,0.21255601960210962,0.20620586989772896,1.0307951936941957,0.30263687263407124,1.2368353986515126,0.8256308770740493,1.8528398656537224,3585.4560349969606,False,0.04830303414750137,0.05299809467198069,0.23988754704346338,0.206632260299675,1.1609394713853434,0.2456665155160438,1.271106202633552,0.8477990139410957,1.9057712403587992,3582.0512991812075,False,0.05417721417377288,0.059739526454673786,109,0.8942231637972977,False,False,0.8395534784927668,False,False,0.7988012428669011,False,False,3582.0512991812075,6.426566733664913,3.404735815753156,0.17476719396890839,1.2014268699832362,0.14546636032149585,low,2.1085308023453915,2.297978758216801,0.04217061604690783,0.04595957516433602,4.830303414750137,5.2998094671980684,0.09660606829500273,0.10599618934396138,5.417721417377288,5.973952645467379,0.10835442834754576,0.11947905290934757
17db2b6a-eaa8-4a08-9e86-370bbd058574,Bayou,0.08440247853389822,0.16216301370530598,0.5204792178275641,0.6027296090697134,1.0880667291951935,0.791807455609336,1.495173098958084,3591.8168191926848,False,0.019348943169291723,0.021090363568776083,0.2037534700169322,0.16987491572180397,1.1994323538067828,0.2303598734836666,1.2259958714555221,0.8787969889497627,1.7103675771833005,3585.080967162471,False,0.04630369360478275,0.05080972041919185,0.23555755603970208,0.17027657511853705,1.3833820411041275,0.1665477541950734,1.2656142229034124,0.9064816141859605,1.7670290672732947,3581.486544172424,False,0.05319061374161739,0.058651833766654615,177,0.883561866482415,False,False,0.801531607005131,False,False,0.7405823469874264,False,False,3581.486544172424,6.735852030213664,3.594422990046951,0.17754749370821887,1.193225607851376,0.1487962482031592,low,1.9348943169291724,2.109036356877608,0.03869788633858345,0.042180727137552165,4.630369360478275,5.0809720419191855,0.0926073872095655,0.1016194408383837,5.319061374161739,5.8651833766654615,0.10638122748323478,0.11730366753330923
1daf4348-05c5-4c55-bcf2-c7bec7988bfc,Plateau,0.3863536418917148,0.15920897489041763,2.4267076787451156,0.015236527020446953,1.4716049999802752,1.0771342595757787,2.0105397787828783,3586.1031908306036,False,0.08796909392257003,0.09562963472732161,0.2246172710126629,0.16825924263117276,1.334947593369524,0.1818934992989143,1.2518435076962178,0.9001707201918842,1.7409055111536154,3584.72626605145,False,0.05111550276828302,0.056036868653163874,0.23143673146710086,0.16942436069105807,1.3660180302472624,0.17193330426617048,1.2604095797899415,0.9042630146587746,1.7568254844811169,3581.5243550405376,False,0.05237356771024342,0.05760768338215322,192,0.37932307710689067,True,False,0.7501435138262716,False,False,0.7526057726379275,False,False,3581.5243550405376,1.3769247791537964,3.2019110109122266,0.2197614922840574,1.3279526958221448,0.16548894623690003,low,8.796909392257003,9.56296347273216,0.17593818784514006,0.19125926945464322,5.111550276828302,5.603686865316387,0.10223100553656604,0.11207373730632775,5.237356771024342,5.760768338215322,0.10474713542048684,0.11521536676430644
4acf970d-d2d7-413d-aba7-587ee53d8d5c,Stomping Ground,0.3428952264323629,0.16181599840243446,2.1190440365456733,0.034086745545171146,1.4090211260221663,1.0260698963889463,1.9348979446369041,3587.5463585114053,False,0.07815076756776196,0.08504545988667894,0.2361674190261811,0.1649524864729234,1.4317299731334907,0.15222111493905646,1.2663863095827361,0.916549269836246,1.7497524005284635,3584.4576250932364,False,0.05368822384006657,0.058920450603148156,0.23141516801164755,0.16581625319421608,1.3956120920221085,0.1628313391290006,1.260382401297147,0.9106608918840507,1.7444076183100492,3581.4430835926623,False,0.052332691833195784,0.05761717435496505,182,0.4256191596711586,True,False,0.72197609153811,False,False,0.7388333550955334,False,False,3581.4430835926623,3.0887334181688857,3.0145415005740688,0.14863872472501938,1.3119299456340163,0.11329776046325915,low,7.815076756776196,8.504545988667894,0.15630153513552392,0.17009091977335788,5.368822384006657,5.892045060314816,0.10737644768013314,0.11784090120629631,5.233269183319578,5.7617174354965055,0.10466538366639157,0.1152343487099301
b3c1e5e3-4e6b-456a-958c-7a75c38f8183,Cosmogrand Zenith,0.24905480400943886,0.3106717464907541,0.8016654453540757,0.4227465092415804,1.2828123344026792,0.6977727382660057,2.3583717090826077,3591.447259989078,False,0.05686171725684384,0.06195947367359089,0.238759187684564,0.31129220958046283,0.7669937773461996,0.44308521526820654,1.2696727469323226,0.6897862285469089,2.3370557682756647,3585.936864189694,False,0.05417768399970235,0.0595674548495827,0.23119791356629601,0.31503318385307555,0.7338843189107391,0.46301924496214975,1.2601086073601742,0.6795889650156987,2.3365207266226244,3582.868562677872,False,0.0521942019112244,0.05754683626275653,45,0.846426910556781,False,False,0.901029995682603,False,False,0.9069985608047941,False,False,3582.868562677872,5.510395799383787,3.0683015118220283,0.022703727042505006,1.2708645628983921,0.017864788825904344,low,5.686171725684384,6.195947367359089,0.11372343451368767,0.12391894734718178,5.417768399970235,5.956745484958271,0.1083553679994047,0.1191349096991654,5.21942019112244,5.754683626275653,0.1043884038224488,0.11509367252551306
071daca8-ccc6-4707-843e-adac40dd1588,Fury,0.3625075399021651,0.16070858604615781,2.2556824673825937,0.024090524359955554,1.4369280552422345,1.0486658227878667,1.9689420510082825,3586.9359593692293,False,0.08256379665387026,0.08982907532458312,0.2528411257235211,0.16580318822927054,1.5249473090583492,0.12727224053428632,1.2876786815637271,0.9304070288001833,1.7821408648341155,3584.179620800381,False,0.05746117979000096,0.06308351344625918,0.23108172556796183,0.16648593389230487,1.38799549106318,0.16513841811757668,1.2599622063685851,0.9091631619105328,1.7461164596035545,3581.4654588165263,False,0.05226468952757794,0.05753791521804663,185,0.3919117011729355,True,False,0.72197609153811,False,False,0.7392437911706284,False,False,3581.4654588165263,2.7563385688481503,2.714161983854865,0.1769658488736494,1.328189647724849,0.13323838894301493,low,8.256379665387026,8.982907532458311,0.16512759330774052,0.17965815064916624,5.746117979000096,6.308351344625917,0.11492235958000192,0.12616702689251835,5.226468952757794,5.753791521804663,0.10452937905515589,0.11507583043609326
7c884e1e-fecb-4330-b3de-5fc2a60f7173,Kolaghan's Command,0.25049819604412804,0.16042031891536165,1.5615116447704596,0.11840307847654756,1.2846652724444643,0.938074762466564,1.759310588300401,3589.630306782395,False,0.05728346577683347,0.06235964287692197,0.23383397627669034,0.16301456272651135,1.4344361164161286,0.1514478473025592,1.2634347146587483,0.9178928955639395,1.7390561425187963,3584.4509461534226,False,0.053157272068164424,0.05833129127037251,0.23099706841425485,0.16396118250228547,1.4088521739652309,0.15887888388300264,1.259855546069258,0.9135959717547769,1.737350038784438,3581.407505077009,False,0.05223230309896881,0.057508453199007936,181,0.6420719784053432,False,False,0.72197609153811,False,False,0.7388333550955334,False,False,3581.407505077009,5.179360628972518,3.0434410764137283,0.024809726375206287,1.26931851105749,0.019545705950933384,low,5.7283465776833475,6.235964287692197,0.11456693155366694,0.12471928575384394,5.315727206816442,5.833129127037251,0.10631454413632885,0.11666258254074502,5.2232303098968815,5.750845319900794,0.10446460619793763,0.11501690639801587
8c2996d9-3287-4480-8c04-7a378e37e3cf,Flooded Strand,0.12747120868215653,0.14833869059248764,0.8593254273245694,0.3901609994338908,1.1359521622105822,0.8493596002893247,1.5192473416340275,3591.3471869911436,False,0.029225228617994405,0.03183409195763176,0.20491536771858931,0.15084860535219327,1.3584173830454969,0.1743312815139747,1.2274211811124667,0.9132479128015064,1.649675553291927,3584.6693722491573,False,0.04661152078535105,0.0510664226164656,0.22987594321619026,0.1515455000382798,1.5168773943015432,0.1292976420071574,1.2584438817447237,0.9350519059410718,1.693682450608826,3581.092455755819,False,0.051974702431039355,0.05728156979483112,216,0.8287814860586152,False,False,0.731314243835353,False,False,0.7375305985226891,False,False,3581.092455755819,6.677814741986367,3.5769164933381035,0.12249171953414151,1.207272408355924,0.10146154147675088,low,2.9225228617994405,3.183409195763176,0.05845045723598881,0.06366818391526352,4.661152078535105,5.10664226164656,0.0932230415707021,0.1021328452329312,5.197470243103935,5.728156979483112,0.10394940486207871,0.11456313958966224
e6d7fba8-a157-4d81-9d6b-bd210a96b248,Gleemox,0.13012714401387002,0.18468559682985217,0.7045873974338889,0.48106704356243457,1.138973187741699,0.7930598194948075,1.635765538116487,3591.590437338227,False,0.029813882760818092,0.03249234699360637,0.2074533671334978,0.18686798596283144,1.1101600205332167,0.26693007714959216,1.2305403318790682,0.85316024780519,1.7748477056643235,3585.2865254324784,False,0.04714258212030231,0.05172194079608916,0.22985619368214097,0.18782567758314814,1.223774068805829,0.22103746911712785,1.2584190283098546,0.8708529595221457,1.8184682425392245,3581.9024839038902,False,0.051918298240527815,0.057258487025179106,134,0.846426910556781,False,False,0.8370586318619759,False,False,0.7889922237619357,False,False,3581.9024839038902,6.303911905748464,3.3840415285881136,0.11944584056815555,1.2093108493102074,0.09877182581822334,low,2.9813882760818093,3.249234699360637,0.059627765521636185,0.06498469398721274,4.714258212030231,5.172194079608916,0.09428516424060462,0.10344388159217832,5.191829824052782,5.725848702517911,0.10383659648105563,0.11451697405035821
9721f8da-39ed-4ada-a571-61e08a86032b,Broadside Bombardiers,0.3387402506508584,0.1451550558508186,2.333644175639288,0.0196143614229966,1.403178823086557,1.0557340861153657,1.8649684948634142,3586.611411526475,False,0.07709739085709463,0.08406586099512603,0.21477447473182723,0.15121267788177123,1.4203470088649122,0.1555066818538996,1.23958230830759,0.9216383532963721,1.6672095877666437,3584.499040298497,False,0.048812076231028026,0.053576087674095274,0.22902845278459988,0.15188700136940622,1.5078871181845048,0.1315834201262369,1.2573778144009957,0.9336346634473172,1.6933807516424086,3581.1232365204005,False,0.05175041493754753,0.056999898183616504,227,0.37932307710689067,True,False,0.72197609153811,False,False,0.7375305985226891,False,False,3581.1232365204005,2.1123712279777465,3.3758037780967243,0.16359651477896686,1.3000463152650477,0.12583898962523773,low,7.709739085709463,8.406586099512603,0.15419478171418927,0.16813172199025206,4.881207623102803,5.357608767409527,0.09762415246205605,0.10715217534819055,5.175041493754753,5.699989818361651,0.10350082987509505,0.11399979636723301
2ef878cb-27b6-47d8-ad11-bd20529b0e7e,Cast into the Fire,0.31799623116588555,0.22939001726792577,1.3862688313697122,0.1656648305269962,1.3743710814411827,0.8766844104035186,2.1545904627554497,3590.1427214968107,False,0.0725004513576308,0.0788962919229812,0.20836143764041043,0.2333914261580455,0.8927553212658055,0.37198821749254896,1.2316582567625025,0.7795131213208656,1.9460635362760257,3585.719692274446,False,0.04737115425928085,0.051967423383959765,0.22789493304119038,0.2345717625744666,0.9715360900221031,0.33128139035280824,1.255953359299957,0.7930526059886316,1.9890469167179805,3582.4531586254902,False,0.05150714335726206,0.0567464889630761,88,0.66359629244796,False,False,0.8813740651574318,False,False,0.8692433175606691,False,False,3582.4531586254902,4.423029222364676,3.2665336489558285,0.14271282467868018,1.2873275658345473,0.11085975975831953,low,7.250045135763079,7.88962919229812,0.1450009027152616,0.1577925838459624,4.737115425928085,5.1967423383959765,0.0947423085185617,0.10393484676791953,5.150714335726206,5.674648896307611,0.10301428671452412,0.1134929779261522
4c732dc7-dd6b-4cc1-bbe0-ff3b1d2c7419,Animate Dead,0.0056768264762388325,0.15213019530201338,0.03731558001992325,0.9702333830850448,1.0056929701895556,0.7463964718750303,1.3550685036705705,3592.0866101886977,False,0.0013017637244010759,0.0014192035901733902,0.2088248172436384,0.16877742268654475,1.2372793346386746,0.21598339717143544,1.2322291143284951,0.8851670176935668,1.715369596751552,3584.9897565727365,False,0.04744108626806989,0.05195290561344573,0.22657481669015392,0.16969661326320856,1.3351758313451088,0.18181880508747683,1.254296448632264,0.8993971752946476,1.7492378498254695,3581.6196960918064,False,0.05116819655402787,0.056540795509102404,203,0.9902532860966762,False,False,0.7915435489744366,False,False,0.7595351719822778,False,False,3581.6196960918064,7.096853615961209,3.3700604809300785,0.24860347844270847,1.164072844383438,0.21356350647831115,low,0.13017637244010757,0.14192035901733902,0.0026035274488021517,0.0028384071803467803,4.744108626806989,5.1952905613445735,0.09488217253613979,0.10390581122689146,5.116819655402787,5.65407955091024,0.10233639310805574,0.11308159101820481
e7b3ddca-69ef-4743-897b-57c58077db24,Time Warp,0.16633189910230042,0.17804428477381568,0.9342164468441407,0.3501922535363139,1.1809649979073362,0.8330722556884461,1.6741384876990302,3591.214557310871,False,0.038069021495102065,0.04150168422709649,0.2401918685616487,0.18357255608220144,1.308430158013891,0.19072744918885998,1.2714930864684644,0.8872661002698118,1.8221080107145713,3584.8109807444216,False,0.054500777145521206,0.059904221027022586,0.22580496499244435,0.1847162468938616,1.222442361132383,0.22154038815260546,1.2533311979794535,0.8726341536853426,1.8001118626798907,3581.910891708625,False,0.050984967635771164,0.05625702448673858,141,0.805442183133522,False,False,0.7622052820048237,False,False,0.7889922237619357,False,False,3581.910891708625,6.403576566449374,2.9000890357965545,0.09052808856112815,1.235263094118418,0.07328648365855712,low,3.8069021495102064,4.150168422709649,0.07613804299020413,0.08300336845419298,5.450077714552121,5.990422102702259,0.10900155429104241,0.11980844205404517,5.098496763577116,5.6257024486738585,0.10196993527154233,0.11251404897347717
9d3a7998-ccac-45ad-a4e9-3a2cb057f63b,Elite Spellbinder,0.287823506841923,0.14792799015488386,1.9457001108482948,0.051690773338241465,1.3335219258566093,0.9978868819225611,1.7820464012055424,3588.260314563099,False,0.06580404474667322,0.07157160209003693,0.21538294733760924,0.1534122223030328,1.4039490733154665,0.1603340150715843,1.240336789702159,0.918232173181254,1.6754317664111942,3584.5383614174316,False,0.04902488571159826,0.05373400277310114,0.2241786918038505,0.15399564101352708,1.455746996008533,0.14546257306516527,1.2512945955405834,0.9252856627212738,1.692167325087716,3581.2709172347586,False,0.050740828071256724,0.05580335009373427,218,0.4617976328010313,False,False,0.72197609153811,False,False,0.7388333550955334,False,False,3581.2709172347586,3.7219531456676123,3.267444182672989,0.09318513615445023,1.275051103699784,0.07308345201541902,low,6.580404474667321,7.157160209003694,0.13160808949334643,0.14314320418007387,4.902488571159826,5.373400277310115,0.09804977142319651,0.10746800554620228,5.074082807125673,5.580335009373427,0.10148165614251345,0.11160670018746854
490eb213-9ae2-4b45-abec-6f1dfc83792a,Cori-Steel Cutter,0.23422740655336877,0.21644420160514052,1.0821606899900704,0.27918113231416763,1.2639318859228028,0.8269564640334438,1.9318112642357503,3590.9034155529994,False,0.053577856659493585,0.05831802995605123,0.23054018742916557,0.2187398064732341,1.053947112536078,0.2919071314697992,1.2592800734975476,0.8202141344363005,1.9333808537667239,3585.400322045197,False,0.052399195583270296,0.05751044132521144,0.21860592489459169,0.22054488205380066,0.9912083330107113,0.3215838624258611,1.2443408163164134,0.8076212794198737,1.9172155397678785,3582.4132481349748,False,0.049433580276759786,0.05445285208988698,99,0.7740158532703953,False,False,0.8370586318619759,False,False,0.8692433175606691,False,False,3582.4132481349748,5.503093507802532,2.9870739102220796,0.019591069606389455,1.2558509252455878,0.01559983690146848,low,5.357785665949359,5.831802995605123,0.10715571331898717,0.11663605991210246,5.2399195583270295,5.751044132521144,0.10479839116654059,0.11502088265042287,4.943358027675979,5.4452852089886985,0.09886716055351957,0.10890570417977397
eca8d6f8-c6f1-437c-99e2-4281eae14a6f,Fateful Absence,0.22649877726609652,0.19002175276854483,1.1919623620248487,0.23327600367252654,1.2542010762787883,0.86420621994983,1.8201909491350223,3590.6620208740646,False,0.0517746310059678,0.05641556246031698,0.1903722815072372,0.1929186312838886,0.9868009131118896,0.3237402470165611,1.2096998627275724,0.8288233490071066,1.76560392469175,3585.5464637034365,False,0.04328040242450992,0.047481956868749675,0.2177770619628253,0.19448501169415852,1.119762700815707,0.26281489779304856,1.2433098556608442,0.8492399033129429,1.820238770167349,3582.1475964455053,False,0.049206207472835925,0.054219330733174975,124,0.756591837904134,False,False,0.8666692215155618,False,False,0.8078227503592783,False,False,3582.1475964455053,5.115557170628108,3.398867257931215,0.044501213551215946,1.235736931555735,0.036011882800323046,low,5.17746310059678,5.641556246031698,0.1035492620119356,0.11283112492063396,4.328040242450992,4.7481956868749675,0.08656080484901985,0.09496391373749935,4.920620747283593,5.421933073317497,0.09841241494567185,0.10843866146634995
3b1e92b4-6e53-4dba-a572-c67e01965ac5,Abrupt Decay,0.32703099193752494,0.3469665410925204,0.9425433095300116,0.3459145484916226,1.3868444575110608,0.702560733167349,2.7376103709328885,3591.1954641398847,False,0.07446916331149477,0.08106518761344877,0.26056678912699704,0.3530411527956531,0.7380635007098394,0.46047586217385306,1.2976653808960723,0.6496030010174398,2.5922531733053673,3585.9762050723402,False,0.05910542478139512,0.06501755108582785,0.21744231636062525,0.35347956565852223,0.6151481938016318,0.5384568571398833,1.2428937328060232,0.6216502568988503,2.484974169808547,3583.025854887683,False,0.04912424391241558,0.05414744148266987,37,0.801373266900079,False,False,0.9065169545120224,False,False,0.9310648760323454,False,False,3583.025854887683,5.219259067544499,2.9503501846570543,0.14395072470503756,1.309134523737719,0.1099586956839568,low,7.446916331149477,8.106518761344878,0.14893832662298953,0.16213037522689755,5.9105424781395115,6.501755108582785,0.11821084956279024,0.1300351021716557,4.912424391241558,5.414744148266987,0.09824848782483116,0.10829488296533973
0c9a7cb0-5bff-48ff-b620-2838816ac9b5,Counterspell,0.13976306443185285,0.1575331212097745,0.8871979642029776,0.3749723282963602,1.1500012903659222,0.8445073383948419,1.5660053000332386,3591.298866390336,False,0.03202325584171983,0.034894885478609416,0.2365124846276229,0.16746694767525733,1.4122935176812015,0.15786355430287968,1.2668233713394623,0.9123580814347608,1.7590039336837255,3584.5232094120884,False,0.053718940400203107,0.05898759420217714,0.21692386363781402,0.16826465222053427,1.2891826106977302,0.19733460898417443,1.242249518177929,0.8932624407046909,1.7275817218911451,3581.739235759234,False,0.04903320014838951,0.05405727941817473,191,0.8178094748706342,False,False,0.72197609153811,False,False,0.775703512443195,False,False,3581.739235759234,6.775656978247753,2.7839736528544563,0.11682208097354008,1.219691393294438,0.09578003224077748,low,3.2023255841719833,3.4894885478609416,0.06404651168343967,0.06978977095721883,5.371894040020311,5.898759420217714,0.10743788080040621,0.11797518840435428,4.90332001483895,5.405727941817473,0.09806640029677902,0.10811455883634946
bbec97ff-bb84-4496-9e09-d4fc1570c516,Mawloc,0.2838858363466653,0.16435676008311562,1.7272537874505651,0.08412209473240916,1.3282812806528392,0.9624690074253005,1.833130362558382,3589.0838227791073,False,0.06480948867260435,0.07058209050786585,0.23849077977485933,0.17176619059629247,1.3884617161673671,0.16499649465710897,1.2693320024556114,0.9064939219318552,1.7774015837020616,3584.5847972330484,False,0.05418021036053987,0.05950652090635761,0.21471046478727185,0.1722137500568664,1.2467672570649713,0.21248284956528074,1.2395029652521627,0.8844153397633001,1.7371562113340198,3581.843787137952,False,0.04854861262966634,0.05348375332724992,176,0.5242744212266087,False,False,0.72197609153811,False,False,0.7889922237619357,False,False,3581.843787137952,4.499025546058874,2.741010095096499,0.08877831540067649,1.2790387494535376,0.06941018435806308,low,6.480948867260435,7.0582090507865844,0.1296189773452087,0.1411641810157317,5.418021036053987,5.950652090635761,0.10836042072107974,0.11901304181271521,4.854861262966634,5.348375332724991,0.09709722525933268,0.10696750665449983
641b21e1-9188-4bc3-96e8-cda2acbc5ed5,Time Spiral,0.11887060260663798,0.17810858683480238,0.6674052313765857,0.5045133252384694,1.12622417838635,0.7943570548336217,1.5967390133491948,3591.6422801561393,False,0.027232579396105214,0.029687934570539143,0.24763819765740458,0.18330722071927422,1.3509462239714496,0.17671265959635984,1.2809963808506488,0.8943626342054609,1.834772233312563,3584.696805514255,False,0.05617556848968622,0.06172224599782833,0.21373536016365816,0.1852345880148616,1.1538631227258158,0.24855629016593084,1.2382949092659725,0.8612896393481322,1.7803236127100739,3582.07285874317,False,0.04827851800288453,0.053298649278174126,148,0.846426910556781,False,False,0.7366708996923251,False,False,0.7988012428669011,False,False,3582.07285874317,6.945474641884175,2.6239467710852296,0.1547722024642988,1.2151718228343238,0.12736651686285883,low,2.7232579396105216,2.9687934570539145,0.05446515879221043,0.059375869141078286,5.617556848968622,6.172224599782833,0.11235113697937243,0.12344449199565666,4.827851800288453,5.329864927817413,0.09655703600576906,0.10659729855634825
e0ef33dd-5f6d-48fa-8ef6-a8092868d50f,Figure of Fable,0.24404827967316048,0.4648920395178536,0.5249568909079764,0.5996131592743595,1.2764059534641274,0.5131740986587138,3.174774725179914,3591.814195313097,False,0.05573400476677433,0.06071757025465235,0.18753122839725783,0.47323914344428564,0.3962715912136627,0.69190468241599,1.2062679186465657,0.4771055695578959,3.049812000526953,3586.3670144104017,False,0.042621057176442836,0.046771695585476,0.21177481972473106,0.47545586647159027,0.4454142532646301,0.6560204136956715,1.23586956029527,0.4866944923310791,3.1382594094066962,3583.208251350881,False,0.04784062001314432,0.05274751140552597,19,0.883561866482415,False,False,0.9367226555934245,False,False,0.9485959700416463,False,False,3583.208251350881,5.447180902695436,3.1587630595208793,0.07013803481756176,1.2395144774686544,0.0565850872196331,low,5.573400476677433,6.071757025465235,0.11146800953354866,0.1214351405093047,4.262105717644284,4.6771695585476,0.08524211435288567,0.093543391170952,4.784062001314432,5.274751140552597,0.09568124002628864,0.10549502281105194
05cf51d8-9f91-42ff-99e9-4397f2251c20,Dark Confidant,0.18283533494183662,0.16634373713445574,1.099141681505272,0.27170627155113447,1.2006166921853771,0.8665821307489256,1.6634089146384627,3590.8766070881898,False,0.041846010428140436,0.04560372332379359,0.18152381126416597,0.17466523645904564,1.0392669711739033,0.29868059127908586,1.1990430871014954,0.8514452730300425,1.688545782407739,3585.4400192677704,False,0.0412815175578272,0.04526979998335723,0.21040546722526424,0.1758883453287337,1.1962445085944629,0.23160115656092106,1.2341783774008916,0.8742965230698984,1.742196413975812,3581.9702922116558,False,0.04755278626221421,0.05240824445393816,167,0.7714631446865359,False,False,0.8370586318619759,False,False,0.7901700765835511,False,False,3581.9702922116558,5.4365878204193905,3.469727056114607,0.035135290299396216,1.211279385562588,0.029006759892208814,low,4.184601042814044,4.560372332379359,0.08369202085628087,0.09120744664758718,4.12815175578272,4.526979998335722,0.0825630351156544,0.09053959996671446,4.755278626221421,5.240824445393816,0.09510557252442842,0.10481648890787632
b8aa7126-5df3-42dd-b4a3-0d0ea59eeebd,Helping Hand,0.17555968874310487,0.25954262238180253,0.6764194918430245,0.4987743452111215,1.1919131303247017,0.7166670933724993,1.9823107875025874,3591.6292840090027,False,0.04018008179014517,0.043785466051610544,0.1542215998813925,0.26503634010772237,0.5818885056242102,0.5606417833295833,1.1667494096638575,0.6940233824653347,1.9614673213390685,3586.183918042627,False,0.03508541637581164,0.03844458046604171,0.20825058067236782,0.2654389412310403,0.7845517304527853,0.4327164404801457,1.2315217264303022,0.7319743957322293,2.071992916026384,3582.788212398697,False,0.047060365624870495,0.05187312571023417,65,0.846426910556781,False,False,0.9280871820473942,False,False,0.8961910321041715,False,False,3582.788212398697,5.445365966375903,3.3957056439298867,0.06477231676644468,1.1967280888062872,0.05412450611989378,low,4.018008179014517,4.378546605161055,0.08036016358029034,0.08757093210322109,3.508541637581164,3.844458046604171,0.07017083275162328,0.07688916093208342,4.70603656248705,5.187312571023417,0.09412073124974099,0.10374625142046834
e9a268ba-c442-4fe4-90b4-2810c8474f4e,Caustic Bronco,0.13136571574803937,0.2259593265903151,0.5813688584150254,0.5609918812246233,1.140384761725378,0.7323369444022224,1.775791068190579,3591.749254509121,False,0.03009409308175183,0.03279867139064141,0.1790090395606096,0.2304015956313178,0.7769435757166147,0.43719206061812654,1.1960315557187566,0.7614139696534659,1.8787302824586647,3585.9182486033387,False,0.04070439799110724,0.04463667108283731,0.20728292682962488,0.23214410766058824,0.8929062594717577,0.3719073747548186,1.2303306160834944,0.7805788460660524,1.9392191224514692,3582.606106478182,False,0.04684530035471276,0.051644533813484717,87,0.8684521446552185,False,False,0.901029995682603,False,False,0.8719454961264379,False,False,3582.606106478182,5.831005905782149,3.312142125156697,0.08994585435811642,1.1889156445092097,0.07565368895052813,low,3.009409308175183,3.279867139064141,0.06018818616350366,0.06559734278128282,4.070439799110724,4.463667108283731,0.08140879598221448,0.08927334216567462,4.684530035471276,5.164453381348472,0.09369060070942552,0.10328906762696943
24c0d87b-0049-4beb-b9cb-6f813b7aa7dc,Fable of the Mirror-Breaker // Reflection of Kiki-Jiki,0.3028219102520573,0.1494277652792309,2.0265437931577415,0.0427090897352484,1.3536733676256527,1.009993091069743,1.8143011099988213,3587.9483164501758,False,0.06910987912284249,0.07525475961113731,0.2242163770241013,0.15338131261466206,1.4618233029951782,0.14378963661711694,1.2513417517415555,0.9264353673502059,1.6901947343939303,3584.3758564076925,False,0.05097666824073053,0.055922451286414876,0.2044689844937307,0.15382767880038617,1.329208020872882,0.18377934958218822,1.226873403155923,0.9075258159181449,1.6585956244655864,3581.6309359688826,False,0.046259742260715796,0.0509681229863968,213,0.4256191596711586,True,False,0.72197609153811,False,False,0.7595351719822778,False,False,3581.6309359688826,3.5724600424832715,2.7449204388099133,0.12679996446972974,1.2772961741743771,0.09927217119529158,low,6.910987912284249,7.525475961113731,0.13821975824568497,0.15050951922227462,5.097666824073053,5.592245128641488,0.10195333648146106,0.11184490257282975,4.6259742260715795,5.09681229863968,0.09251948452143159,0.1019362459727936
333bf101-14e8-4753-99bc-9174f42c4122,Kinscaer Sentry,0.43173659375614487,0.39094686669925444,1.1043357308405517,0.26944752867033916,1.5399294347058923,0.7156820570985879,3.313458316235169,3590.834008971927,False,0.09786951019487478,0.10634076368259249,0.19443278532429972,0.39875389522081167,0.4876009680523164,0.6258325097512791,1.2146218397282091,0.5559233525788269,2.653794280634306,3586.2825224440467,False,0.044205543122309565,0.04849719012394482,0.2041934359899911,0.4013778222433284,0.5087312369396492,0.6109406239920063,1.2265353865975228,0.5584964059891966,2.6936414244446096,3583.1433687704885,False,0.046163188522247336,0.05087054798031998,30,0.7714631446865359,False,False,0.9280871820473942,False,False,0.9400164398749471,False,False,3583.1433687704885,4.551486527880115,3.139153673558212,0.32530759497768313,1.3270288870105416,0.24513979926278648,low,9.786951019487478,10.63407636825925,0.19573902038974955,0.21268152736518497,4.420554312230957,4.849719012394482,0.08841108624461913,0.09699438024788964,4.616318852224734,5.087054798031998,0.09232637704449467,0.10174109596063996
e20da6b5-1057-4a28-9e85-07de714e262f,"Wan Shi Tong, Librarian",0.15020684048983624,0.255379813531147,0.5881703742082045,0.5564179405518566,1.1620745819472416,0.7044502313777954,1.9169804676856297,3591.7413430537026,False,0.03439545895667804,0.03748639607728943,0.2152681065767547,0.26132665693589124,0.8237510443856646,0.41008102939753666,1.2401943566602298,0.7430944362833416,2.0698338827360176,3585.84348717224,False,0.04889758266093085,0.05369220478019254,0.20119046415690317,0.26334142579651426,0.763990942740488,0.4448726400709263,1.2228576601974412,0.7298189929823592,2.0489749807589703,3582.8209116993517,False,0.04547144542046725,0.05014504850343093,66,0.8684521446552185,False,False,0.8996605708591937,False,False,0.9069985608047941,False,False,3582.8209116993517,5.897855881462419,3.0225754728885477,0.07811977471298825,1.2083755329349708,0.064648590263365,low,3.4395458956678038,3.748639607728943,0.06879091791335608,0.07497279215457886,4.889758266093085,5.369220478019255,0.0977951653218617,0.10738440956038509,4.547144542046725,5.014504850343093,0.0909428908409345,0.10029009700686187
4cbdacc1-7a1b-4633-85f5-eb50c2bf406d,Snapcaster Mage,0.10983978213605612,0.16104346757714255,0.6820505282739333,0.4952070011722032,1.116099237097387,0.8139914519577481,1.5303324181763385,3591.6224701727397,False,0.025168264735798453,0.02743741681232781,0.21278697661623056,0.16469415605209486,1.292012914829372,0.196352672104688,1.2371210874517904,0.8958219795853549,1.7084517012256182,3584.8521920580465,False,0.04832578826898706,0.053049994988729476,0.19946315343210844,0.1662730605678538,1.1996119681138018,0.23029007629347753,1.2207472282566716,0.8812340315199475,1.6910647364877822,3581.964961051315,False,0.04507413918215419,0.0497478104411872,182,0.846426910556781,False,False,0.7700821625091218,False,False,0.7901700765835511,False,False,3581.964961051315,6.770278114693156,2.8872310067313265,0.12102185035440338,1.1913225176019495,0.10158613521216074,low,2.516826473579845,2.743741681232781,0.050336529471596905,0.05487483362465562,4.832578826898707,5.304999498872948,0.09665157653797413,0.10609998997745895,4.507413918215419,4.97478104411872,0.09014827836430837,0.0994956208823744
fd52688a-39fd-430f-b950-cb56e0004396,Talisman of Curiosity,0.12282754967824765,0.30237478815443297,0.4062096262321827,0.6845885816886703,1.1306894163800156,0.6251103810843487,2.0451724927301647,3591.9228326025545,False,0.028138094110384416,0.030670340982246636,0.23534381846693903,0.30815605639226706,0.7637163495088289,0.44503629551954405,1.265343742498297,0.6916729490506488,2.314814810781842,3585.939539083786,False,0.053420606340439304,0.05872036108359646,0.19889395058690712,0.3091700907328177,0.6433156264096376,0.520019318717732,1.2200525731796545,0.6655913221140113,2.2363997724527445,3582.9913762821307,False,0.04495158785131591,0.049560441350906204,48,0.9056993328965004,False,False,0.9022468362052762,False,False,0.9310648760323454,False,False,3582.9913762821307,5.983293518768733,2.948162801655144,0.13465432611828132,1.205361910685989,0.11171277682206465,low,2.8138094110384415,3.0670340982246636,0.05627618822076883,0.06134068196449327,5.34206063404393,5.872036108359646,0.10684121268087861,0.11744072216719292,4.495158785131591,4.95604413509062,0.08990317570263182,0.09912088270181241
16448d95-ee21-4def-b880-26f6f159c213,Metamorphosis Fanatic,0.0655946603473088,0.21500858736837006,0.3050792582294713,0.7603057881743149,1.067793810262556,0.7005971957308446,1.627445311204276,3591.994909861118,False,0.015037232266957603,0.016393390907554428,0.17508239027876069,0.21980519005751661,0.7965343777048518,0.42572150220227334,1.1913443677635123,0.7743465378780345,1.8329021092948872,3585.888471550322,False,0.03980295838709816,0.04362608968255077,0.19807632150601762,0.22146935879631938,0.8943734816525304,0.3711220960134467,1.2190554304176195,0.7897778135618564,1.88166357285788,3582.605178726388,False,0.0447601551100919,0.049392427062972144,96,0.9209000795118067,False,False,0.901029995682603,False,False,0.8719454961264379,False,False,3582.605178726388,6.106438310795966,3.283292823933607,0.15126162015506361,1.1593978694812292,0.13046567027309217,low,1.5037232266957603,1.6393390907554428,0.030074464533915206,0.032786781815108856,3.9802958387098157,4.362608968255078,0.07960591677419632,0.08725217936510155,4.47601551100919,4.939242706297215,0.0895203102201838,0.09878485412594429
d7a8cc1d-aabb-4eb6-b0f1-6c93ec246f61,Court of Garenbrig,0.2286509665405253,0.1980391960005107,1.1545743022504276,0.24826479508515387,1.2569032611467528,0.8525649733797519,1.8530034158202047,3590.758125398568,False,0.052208826373683244,0.056945053626017594,0.22605868686607666,0.20905791973370758,1.081320847131858,0.2795544172040483,1.2536492358641644,0.8321897195817499,1.888555421440068,3585.356508787908,False,0.051291285637582215,0.05640043079405577,0.19418713670084467,0.2098721072300737,0.9252641490275109,0.3548285224179173,1.2143235061893733,0.8047994255070545,1.8322348785910352,3582.550820303123,False,0.04386790825986157,0.048402960008098406,120,0.7701982247525472,False,False,0.8370586318619759,False,False,0.8692433175606691,False,False,3582.550820303123,5.401616610660312,2.805688484784696,0.04257975495737942,1.241625334400097,0.034293561654774256,low,5.220882637368325,5.69450536260176,0.10441765274736649,0.11389010725203519,5.129128563758221,5.640043079405577,0.10258257127516443,0.11280086158811153,4.386790825986156,4.840296000809841,0.08773581651972313,0.09680592001619681
02e8e540-8aa3-4e6a-9a11-c3949cab5f0f,"Tezzeret, Cruel Captain",0.045856022052345936,0.30063455998813515,0.15253077375454002,0.8787683204527218,1.0469236661844283,0.5807774072887374,1.887210399477775,3592.06473512289,False,0.010513754016840881,0.011462102491632986,0.1872940740434817,0.30509353934158034,0.6138906593947527,0.5392875829647568,1.20598188087673,0.6631929781386013,2.193015223238719,3586.1465723478977,False,0.042568865641348104,0.04669659950686511,0.19344124036978314,0.30813151769049163,0.6277879063448769,0.530142889574786,1.2134180844587368,0.6633208068182698,2.219715456769773,3583.0116128416075,False,0.04372202678387259,0.04822727218251538,49,0.9593100977773574,False,False,0.9280871820473942,False,False,0.9310648760323454,False,False,3583.0116128416075,5.918162774992197,3.1349595062902154,0.16649441827430844,1.1554412105066316,0.1440959667703949,low,1.0513754016840882,1.1462102491632986,0.021027508033681763,0.022924204983265972,4.256886564134811,4.669659950686511,0.08513773128269621,0.09339319901373022,4.372202678387259,4.822727218251538,0.08744405356774518,0.09645454436503076
3c7474e1-cfae-4867-a11a-d5cf9ff7ea5f,Mind's Desire,0.010940311234223028,0.47968600684616725,0.02280723447855657,0.9818040372474459,1.011000375279113,0.3948520022318899,2.5886199209754364,3592.087482548577,False,0.002508688026749227,0.002735051091034668,0.19116627525173335,0.4849642550818837,0.39418632043191704,0.6934434845041093,1.210660738265399,0.46796411436638474,3.132076537881228,3586.368236768131,False,0.04344602483931719,0.04767024647293844,0.18621594544637649,0.4887541509826359,0.3810012560957098,0.7032023164825955,1.204682377964866,0.46220711361884126,3.1398470274861774,3583.260720215383,False,0.042097695518670056,0.046431882437176275,18,0.9907160254826723,False,False,0.9367226555934245,False,False,0.9485959700416463,False,False,3583.260720215383,5.719245780446272,3.107516552747711,0.1996603629862861,1.1421144971697927,0.17481641593820302,low,0.25086880267492273,0.2735051091034668,0.005017376053498454,0.005470102182069336,4.344602483931719,4.767024647293844,0.08689204967863438,0.09534049294587688,4.209769551867006,4.643188243717628,0.08419539103734011,0.09286376487435255
5a077de0-1893-40d0-a499-ee2e6e2258f1,Legion Extruder,0.18007665546221582,0.20789547169550246,0.8661884455375155,0.3863868286538331,1.1973091398897033,0.796603297272533,1.7995772567998511,3591.3389836580427,False,0.04118823152159985,0.0449112142085899,0.19207390959776127,0.20997858906733527,0.9147309278098236,0.3603329037991717,1.2117600743549632,0.8029329041724118,1.828748666508065,3585.6880995628267,False,0.043633819918781645,0.04788644243354101,0.18439052556870797,0.21022490017982676,0.8771107771295407,0.3804264715617848,1.202485332680994,0.796402730070524,1.8156278484691721,3582.6377453214823,False,0.04167093147977869,0.04598600338282005,104,0.8287814860586152,False,False,0.8813740651574318,False,False,0.8780085001097248,False,False,3582.6377453214823,5.650884095216043,3.050354241344394,0.014450934465259913,1.2038515156418867,0.012003917657199407,low,4.118823152159985,4.49112142085899,0.0823764630431997,0.0898224284171798,4.363381991878165,4.788644243354101,0.08726763983756329,0.09577288486708202,4.1670931479778694,4.598600338282005,0.08334186295955738,0.0919720067656401
ea1feac0-d3a7-45eb-9719-1cdaf51ea0b6,Mox Sapphire,0.14591576034372541,0.14901340995619577,0.9792122761744668,0.327475104170469,1.1570987103474744,0.8640276372166346,1.549577082743357,3591.1268184594664,False,0.03343052154367291,0.03642818882699267,0.18445463702389117,0.15039093411964974,1.226501039465189,0.2200101843903397,1.2025624282368361,0.8955550423728698,1.6148157571366337,3585.0145882192514,False,0.04195296889962731,0.04595864825425561,0.18359800467917792,0.15084917952869575,1.217096475120386,0.22356751168066846,1.2015327154698712,0.8939849063781482,1.6148828196588558,3581.919998807197,False,0.04153256062160544,0.04581004427895102,212,0.7976724107377573,False,False,0.801531607005131,False,False,0.7889922237619357,False,False,3581.919998807197,6.112230240215013,3.0945894120545745,0.045463717889361766,1.1870646180180604,0.03829927806732933,low,3.343052154367291,3.6428188826992667,0.06686104308734582,0.07285637765398534,4.195296889962731,4.5958648254255605,0.08390593779925462,0.09191729650851121,4.153256062160544,4.5810044278951025,0.08306512124321087,0.09162008855790205
d67be074-cdd4-41d9-ac89-0a0456c4e4b2,"Sheoldred, the Apocalypse",0.10198850657815263,0.15106275380940742,0.675139993190044,0.4995868266609189,1.1073707441756877,0.8235800797784693,1.488950492083374,3591.63190543,False,0.023372173622302976,0.025479639884450567,0.17776557330411227,0.155255663262128,1.1449860801791132,0.2522149236024043,1.1945452551113513,0.8811428448990479,1.6194177536248697,3585.2113661252633,False,0.040412840775941934,0.04428778830912383,0.18280244242537833,0.15655898244041933,1.1676266642506208,0.24295738981492931,1.2005772015305465,0.8833328788691698,1.631758141596812,3582.041208856077,False,0.04132903862890492,0.04560742517174626,210,0.846426910556781,False,False,0.8304477360994796,False,False,0.7982885665347677,False,False,3582.041208856077,6.420539304736849,3.1701572691863475,0.09320645735485877,1.1674977336058618,0.07983437969253014,low,2.3372173622302976,2.5479639884450567,0.04674434724460595,0.05095927976890113,4.041284077594193,4.428778830912384,0.08082568155188387,0.08857557661824766,4.132903862890492,4.560742517174626,0.08265807725780984,0.09121485034349253
3d3025a2-4a17-4137-ba0b-bd676c6f5f88,"Tinybones, the Pickpocket",0.1929611713907024,0.2578856866929263,0.748243044680755,0.4543135717256628,1.2128356998813024,0.731619451994029,2.010567694581436,3591.5286866582514,False,0.044130449747758545,0.048101783330997905,0.17370648072092681,0.2631934954553409,0.6599953407678406,0.5092568193051761,1.1897063128273768,0.7102396928389305,1.9928499139829117,3586.0880782858094,False,0.03949068056099539,0.043315444884377885,0.18190567501451188,0.26444296916095694,0.6878824405567479,0.4915268151270591,1.199501045624877,0.7143354960777133,2.014183484308673,3582.932917789547,False,0.04112245878661948,0.04535083728232536,68,0.846426910556781,False,False,0.9280871820473942,False,False,0.9235380818712293,False,False,3582.932917789547,5.440608372442057,3.155160496262397,0.023129387053925532,1.2006810194445185,0.019263556830960885,low,4.413044974775855,4.81017833309979,0.08826089949551709,0.09620356666199581,3.949068056099539,4.331544488437789,0.07898136112199078,0.08663088976875577,4.112245878661948,4.535083728232536,0.08224491757323896,0.09070167456465072
866b7fd4-86e3-4b42-b1ea-33bad0db1f9f,Prismari Command,0.1042909730186158,0.16399796032155844,0.6359284762696293,0.5248230412398491,1.1099233656862892,0.8048132394109556,1.5307027983262704,3591.6828679281953,False,0.02390578204180871,0.026053312628990688,0.1696715757618779,0.1680695090633102,1.0095321674198752,0.3127194826131219,1.1849156323955912,0.852361401436299,1.6472180151864526,3585.501526099195,False,0.0385982982096181,0.04226883393002412,0.17715141997106948,0.1693105453979,1.0463106096241228,0.29541764857125685,1.1938118463972098,0.856674497280145,1.6636268841002495,3582.3080195453745,False,0.04007460679230512,0.044201530093965935,171,0.850904528652425,False,False,0.8509748873139504,False,False,0.852846346260666,False,False,3582.3080195453745,6.181341829000303,3.193506553820498,0.08388848071092059,1.1628836148263635,0.07213832892765148,low,2.390578204180871,2.605331262899069,0.04781156408361742,0.052106625257981376,3.8598298209618096,4.226883393002412,0.0771965964192362,0.08453766786004824,4.007460679230512,4.420153009396594,0.08014921358461025,0.08840306018793187
4acaef84-55d1-43dc-b10a-696182e6709b,Repeal,0.11824854069511155,0.1678108535070446,0.7046537111507364,0.48102576429598487,1.1255238150783893,0.8100488437735388,1.5638610783114284,3591.5917996294247,False,0.027082028466519522,0.029533542985753614,0.17769902465395895,0.17299011168821593,1.0272207059686163,0.3043165502347065,1.1944657623821728,0.8509843044316434,1.6765861016157333,3585.469595122973,False,0.04037752901952138,0.044293329510552815,0.17546460321097362,0.17435285725780092,1.0063764137316595,0.31423453509886556,1.191799802018477,0.8468201055630608,1.6773181916209337,3582.39405757643,False,0.039657536772907065,0.04377421866377468,163,0.846426910556781,False,False,0.8395534784927668,False,False,0.8660927062435675,False,False,3582.39405757643,6.122204506451908,3.0755375465428187,0.06894194730378356,1.1705964598263463,0.05889471706928863,low,2.708202846651952,2.9533542985753614,0.054164056933039044,0.05906708597150723,4.037752901952138,4.429332951055281,0.08075505803904276,0.08858665902110563,3.9657536772907065,4.3774218663774676,0.07931507354581413,0.08754843732754936
62b3f560-262b-4bc3-9aef-535fd7082c28,Vaultborn Tyrant,0.09415391885727385,0.17486141670513095,0.5384487935154142,0.590267248013223,1.0987288479915776,0.7799117880911143,1.5478738747668035,3591.797685666324,False,0.021582086244323256,0.02352380625370387,0.1862830799821803,0.17898238941094818,1.0407899938941454,0.297973025001374,1.204763256471942,0.8482987520711734,1.7110180824869339,3585.4376357310975,False,0.04235190008497906,0.04642150334714262,0.16959309606560422,0.1805019515488534,0.9395637809472843,0.3474413618816067,1.18482264422554,0.8317771446985053,1.6877173257488804,3582.5209808066707,False,0.03836392728623964,0.04232368065431785,152,0.8818190024723556,False,False,0.8370586318619759,False,False,0.8692433175606691,False,False,3582.5209808066707,6.3600499352264706,2.9166549244268936,0.10603440848036438,1.1627715828963532,0.09119109035692356,low,2.1582086244323255,2.352380625370387,0.04316417248864651,0.04704761250740774,4.235190008497907,4.6421503347142625,0.08470380016995813,0.09284300669428525,3.8363927286239643,4.2323680654317855,0.07672785457247928,0.0846473613086357
d5c782cc-c951-4c6f-a93f-774ae6c1c214,Shallow Grave,-0.019184745360744132,0.24848545792577256,-0.07720671270217748,0.9384591016248817,0.9809981106507847,0.6027720122446097,1.596552715705514,3592.0820399348668,False,-0.004399246114196273,-0.0047960505583398705,0.1761964629121512,0.25971721787161145,0.678416565355525,0.4975076088101812,1.192672351518408,0.7168782309502134,1.9842523829897658,3586.06451483767,False,0.040043551039777386,0.04389932347880421,0.16789048160081513,0.2594101741039499,0.6472008362075216,0.5175019701999178,1.1828070644178528,0.711376495607699,1.966655575879892,3582.9880166608573,False,0.037957234437862496,0.04190288374248019,75,0.9864709126506135,False,False,0.916678384188925,False,False,0.9310648760323454,False,False,3582.9880166608573,6.0175250971969945,3.0764981768124926,0.2116742408676232,1.1188258421956818,0.18919319958878958,low,-0.4399246114196273,-0.47960505583398705,-0.008798492228392546,-0.009592101116679741,4.004355103977739,4.389932347880421,0.08008710207955477,0.08779864695760842,3.7957234437862497,4.190288374248019,0.07591446887572499,0.08380576748496038
6fd672bb-18cf-44e3-8dda-5310b1e0fffe,Godless Shrine,0.16500888592866073,0.1779438404379529,0.9273087819311034,0.3537662360047662,1.1794035987610687,0.8321346258542842,1.6715959239678821,3591.228717111818,False,0.03775567898562021,0.04117288218380222,0.14515078902350081,0.18521616628409193,0.7836831521545627,0.43322605076658816,1.1562139014892376,0.8042276550040351,1.6622539372763263,3585.909465340285,False,0.03301412242652076,0.03617687933657088,0.1672852134593971,0.18658963886877963,0.8965407429564806,0.3699640302279238,1.1820913656010126,0.8200167773719823,1.7040383016390341,3582.6022374618774,False,0.03782177447363684,0.04172373949616892,143,0.8080893130656817,False,False,0.901029995682603,False,False,0.8719454961264379,False,False,3582.6022374618774,5.31925177153289,3.3072278784075024,0.02587746411177494,1.1725696219504396,0.02206902142725704,low,3.775567898562021,4.117288218380222,0.07551135797124042,0.08234576436760443,3.3014122426520762,3.6176879336570877,0.06602824485304153,0.07235375867314175,3.782177447363684,4.172373949616892,0.07564354894727368,0.08344747899233784
1658f12b-8ac5-4d29-86d5-f20c4d5f7e48,Vindicate,0.12111086356448973,0.5072915687049525,0.23874014676346694,0.8113070841118915,1.1287500426841692,0.41762114417304075,3.0507953838936896,3592.031776599274,False,0.027737419438029966,0.030241436796593746,0.24576626985296118,0.5117754723984055,0.48022283815438066,0.6310689490827243,1.2786006910866472,0.4689244288439857,3.486318107328052,3586.299025618853,False,0.05573950758565397,0.061319569142230634,0.16714481644107768,0.5129707493584523,0.32583693446481615,0.7445477327075233,1.181925415147648,0.4324546332630389,3.2302756856399593,3583.3014324586065,False,0.037790139164788863,0.04169406600789194,19,0.9346145511271703,False,False,0.9280871820473942,False,False,0.9485959700416463,False,False,3583.3014324586065,5.73275098042086,2.9975931602466517,0.14985064840247797,1.1964253829728215,0.1252486369272241,low,2.7737419438029964,3.0241436796593746,0.05547483887605993,0.06048287359318749,5.573950758565397,6.131956914223063,0.11147901517130794,0.12263913828446127,3.7790139164788865,4.169406600789194,0.07558027832957773,0.08338813201578388
006d2bf1-20f7-4b09-8d98-8233d91682bd,Flame Slash,0.25799630715748945,0.14878070731663628,1.7340709814507043,0.08290548958160905,1.2943340388436508,0.9669447900784545,1.7325711057126534,3589.0656670072412,False,0.05894287623852896,0.0642201222961411,0.1648028892644492,0.15358874692843738,1.0730140883383656,0.2832647950893997,1.1791606705760218,0.8726409813798952,1.5933469968768161,3585.3685349971456,False,0.03750648972504948,0.04108556393534274,0.16713546967814888,0.15450950724547927,1.0817164112277566,0.27937855861287264,1.1819143680226207,0.8731017616053431,1.5999527601110752,3582.23190927054,False,0.03782871860055233,0.04168674560920149,214,0.5242744212266087,False,False,0.8370586318619759,False,False,0.8307597352663848,False,False,3582.23190927054,3.697132010095629,3.1366257266054163,0.11517336826762903,1.2184696924807645,0.09452296514092182,low,5.894287623852896,6.4220122296141104,0.11788575247705792,0.1284402445922822,3.750648972504948,4.108556393534274,0.07501297945009897,0.08217112787068548,3.782871860055233,4.168674560920149,0.07565743720110465,0.08337349121840298
26d40e03-6de4-4373-9fbf-04c1dd79e995,Jetmir's Garden,0.21819955731612606,0.1718152498850927,1.2699661843873256,0.2040966757891648,1.2438352592800523,0.8882000032556789,1.7418668616947939,3590.4728367698717,False,0.04986883178008389,0.05436915785527213,0.14264714841364737,0.1735059192834623,0.8221457170034646,0.4109939688719083,1.1533227780889508,0.8208421501337958,1.6204740829183815,3585.846893393564,False,0.03245496399937516,0.035548272906398726,0.16697639827648067,0.1744217857846363,0.9573138901504616,0.33840884652477854,1.1817263742000643,0.839549112692879,1.6633657309228616,3582.488363555287,False,0.03776364149754987,0.041648548476874436,162,0.7198724552304672,False,False,0.8996605708591937,False,False,0.8692433175606691,False,False,3582.488363555287,4.625943376307532,3.3585298382772635,0.09051248119110156,1.1929614705230225,0.07587209094977623,low,4.986883178008389,5.436915785527213,0.09973766356016778,0.10873831571054426,3.245496399937516,3.5548272906398726,0.06490992799875032,0.07109654581279745,3.776364149754987,4.164854847687444,0.07552728299509974,0.08329709695374887
13c5a1ce-932a-4b3d-8b86-ed920e646afc,Satyr Wayfinder,0.277493108506637,0.4765148709958687,0.5823388217175762,0.56033848095345,1.3198170236021594,0.5186759116020246,3.3583918914025457,3591.7487326347746,False,0.06330890899759008,0.06894070280187897,0.1832687759222922,0.4761635735314811,0.3848861738059339,0.7003217500047785,1.2011372014584651,0.47236096552827733,3.05429678151741,3586.375079310692,False,0.041661814834824666,0.045706171147420205,0.16597902223677174,0.48350304837642955,0.3432843345954447,0.731384564764217,1.180548336200038,0.45763335400264415,3.0454388036074516,3583.2877197188336,False,0.03754198007198565,0.04140131078700504,19,0.8684521446552185,False,False,0.9367226555934245,False,False,0.9485959700416463,False,False,3583.2877197188336,5.373653324082625,3.0873595918583305,0.1392686874021214,1.2338341870868874,0.112874719196214,low,6.330890899759008,6.894070280187897,0.12661781799518015,0.13788140560375794,4.166181483482466,4.570617114742021,0.08332362966964933,0.09141234229484041,3.754198007198565,4.140131078700504,0.0750839601439713,0.08280262157401008
66d80dd1-b944-4cb2-8578-b4dbcabbbc1e,Ophiomancer,0.04062891231548277,0.23235873439257942,0.17485425035427585,0.8611941592891761,1.0414655587858301,0.6604761880342184,1.6422250033954093,3592.0574327926706,False,0.009315298826130537,0.010155953838755005,0.13364752577487943,0.23823866699319515,0.5609816721258637,0.5748100315322243,1.1429898741646538,0.7165550079469524,1.8232038544899096,3586.2088444889114,False,0.030408235769432763,0.033296196220926666,0.16271122221997222,0.24146924980497486,0.6738382727878918,0.5004141394694692,1.1766968367195623,0.7330301047066106,1.8888930163379922,3582.9519384793184,False,0.03679717706161419,0.040594812980901285,86,0.9554585981725874,False,False,0.9280871820473942,False,False,0.9273305377475864,False,False,3582.9519384793184,5.848588303759243,3.256906009592967,0.13523127793373213,1.1203840898900155,0.12070081961535829,low,0.9315298826130537,1.0155953838755005,0.018630597652261074,0.02031190767751001,3.0408235769432763,3.3296196220926664,0.060816471538865526,0.06659239244185333,3.6797177061614192,4.0594812980901285,0.07359435412322839,0.08118962596180257
c1bd3bc0-77bd-40fe-b4f1-835a04cb6e41,Eagles of the North,0.3149346969325407,0.4728781070534808,0.6659955118136242,0.5054139691643428,1.3701698317424418,0.5423160155717791,3.461755349116423,3591.6438330139554,False,0.0717466278548892,0.0781029045351237,0.12393465868791448,0.4785569322696528,0.25897578810556426,0.7956539216483722,1.1319419060133733,0.4430658259968482,2.8918783697804376,3586.45622474007,False,0.02820782370623277,0.030875417281327477,0.16083782988616266,0.4856355199169968,0.3311904160421637,0.7405006590104124,1.1744944854645267,0.45338764581519214,3.0425118750343354,3583.29584926673,False,0.0363831892928138,0.04012213743766224,19,0.846426910556781,False,False,0.9499601391111803,False,False,0.9485959700416463,False,False,3583.29584926673,5.187608273885417,3.160375473340082,0.23822792572906848,1.2255354077401137,0.19438681593733842,low,7.17466278548892,7.810290453512369,0.1434932557097784,0.1562058090702474,2.820782370623277,3.0875417281327477,0.05641564741246554,0.061750834562654955,3.63831892928138,4.012213743766225,0.0727663785856276,0.08024427487532448
ade32396-8841-4ba4-8852-d11146607f21,Mockingbird,0.3149346969325407,0.4728781070534808,0.6659955118136242,0.5054139691643428,1.3701698317424418,0.5423160155717791,3.461755349116423,3591.6438330139554,False,0.0717466278548892,0.0781029045351237,0.12393465868791448,0.4785569322696528,0.25897578810556426,0.7956539216483722,1.1319419060133733,0.4430658259968482,2.8918783697804376,3586.45622474007,False,0.02820782370623277,0.030875417281327477,0.16083782988616266,0.4856355199169968,0.3311904160421637,0.7405006590104124,1.1744944854645267,0.45338764581519214,3.0425118750343354,3583.29584926673,False,0.0363831892928138,0.04012213743766224,19,0.846426910556781,False,False,0.9499601391111803,False,False,0.9485959700416463,False,False,3583.29584926673,5.187608273885417,3.160375473340082,0.23822792572906848,1.2255354077401137,0.19438681593733842,low,7.17466278548892,7.810290453512369,0.1434932557097784,0.1562058090702474,2.820782370623277,3.0875417281327477,0.05641564741246554,0.061750834562654955,3.63831892928138,4.012213743766225,0.0727663785856276,0.08024427487532448
1f2f7d4b-aa65-42ed-a441-8e35be96743c,Orcish Lumberjack,0.36176241700159895,0.2064318089502252,1.7524548122756947,0.07969563346053493,1.4358577660398244,0.9580609043625757,2.151937851663588,3589.0062712762947,False,0.0822185271129924,0.08957550861072067,0.20217016186906323,0.2161969648087157,0.935120259657378,0.3497263267775601,1.22405627809517,0.8012551132662946,1.8699584528532553,3585.6469690486038,False,0.04594059838159319,0.05043087450977973,0.16001456982778925,0.21857143553994138,0.7320927797930322,0.4641119404534956,1.1735279689676663,0.7646130089304467,1.8011306083789775,3582.868756024084,False,0.03620219285981033,0.039925829037148086,108,0.5242744212266087,False,False,0.8732266834816466,False,False,0.9069985608047941,False,False,3582.868756024084,3.3593022276909323,2.778213024519573,0.2623297970721581,1.2778140043675537,0.20529575992712384,low,8.22185271129924,8.957550861072066,0.1644370542259848,0.17915101722144133,4.5940598381593185,5.043087450977973,0.09188119676318637,0.10086174901955947,3.6202192859810327,3.9925829037148084,0.07240438571962066,0.07985165807429617
113f48b9-a972-4e2c-af95-05ab078e01f2,Tranquil Landscape,0.07607623834123965,0.24904809002680545,0.305468065758109,0.7600096882221762,1.0790448356098958,0.6622858503632619,1.7580592377411521,3591.994883782906,False,0.017434552792349636,0.019010594687521642,0.20028410121918583,0.25337275949843885,0.7904721155330823,0.4292521007086938,1.2217498094693957,0.743544615564763,2.007509120087889,3585.90178817606,False,0.045479670160847314,0.04993876303975758,0.1585279353256614,0.256358374588791,0.6183840710487671,0.5363221953734012,1.1717846579540092,0.7089753793968783,1.936709404188994,3583.024785654684,False,0.03584452720635005,0.03956074792444103,74,0.9209000795118067,False,False,0.901029995682603,False,False,0.9310648760323454,False,False,3583.024785654684,6.093095606845964,2.8770025213761983,0.14270497385949987,1.1575264343444336,0.12328441893451962,low,1.7434552792349636,1.9010594687521642,0.03486910558469927,0.038021189375043285,4.547967016084732,4.9938763039757585,0.09095934032169463,0.09987752607951517,3.5844527206350048,3.9560747924441033,0.0716890544127001,0.07912149584888206
e6befbc4-1320-4f26-bd9f-b1814fedda10,Grief,0.1187961312638516,0.15205707581063566,0.7812601329503036,0.43464951284034314,1.1261403100824385,0.8359088212591489,1.5171415419235124,3591.476154996594,False,0.027231574009181414,0.02967134569883101,0.17173662041429824,0.15449374926404463,1.111608859467731,0.26630636165381294,1.1873650643085272,0.8771553817385065,1.6072817032098956,3585.283264449408,False,0.03907920939915366,0.042774331460181336,0.1579904703966304,0.15538567068512996,1.0167634486501573,0.3092659740285493,1.1711550340115326,0.8636692083912385,1.5881127871230338,3582.3684877278824,False,0.0357659354381375,0.03944385131902772,205,0.846426910556781,False,False,0.8370586318619759,False,False,0.8614970688959125,False,False,3582.3684877278824,6.192890547185925,2.9147767215254134,0.06122475422608864,1.1615534694674994,0.05270937226347093,low,2.7231574009181414,2.967134569883101,0.05446314801836283,0.05934269139766202,3.907920939915366,4.277433146018134,0.07815841879830732,0.08554866292036267,3.5765935438137495,3.9443851319027723,0.071531870876275,0.07888770263805545
2487d124-210b-4808-888c-cd0a78aebd90,Molten Collapse,0.16536588517448153,0.24472115412669887,0.675731878449981,0.4992108922887154,1.1798247201218763,0.7303089779560415,1.9060239052606165,3591.629211429835,False,0.03786443750617256,0.04125500242033986,0.1547960063097502,0.24634344927771398,0.6283747619984071,0.5297584662161674,1.1674197905421617,0.7203362556370806,1.8919899653588235,3586.126715083419,False,0.03522329608667078,0.03857589878853479,0.15789324468832486,0.24698659964350714,0.6392785880538584,0.5226417152340526,1.1710411731690054,0.7216604867733043,1.9002528950817004,3582.995088464224,False,0.03573129377542653,0.03939811395654352,74,0.846426910556781,False,False,0.9280871820473942,False,False,0.9310648760323454,False,False,3582.995088464224,5.502496346415683,3.131626619195231,0.012404929579714619,1.1727618946110143,0.010577534652785704,low,3.786443750617256,4.125500242033986,0.07572887501234513,0.08251000484067972,3.522329608667078,3.857589878853479,0.07044659217334157,0.07715179757706958,3.5731293775426534,3.9398113956543526,0.07146258755085307,0.07879622791308705
8ca3c48b-f104-4292-9a4e-2ce87a65893c,Mutavault,0.28354287277003554,0.1968405875627031,1.4404695509238594,0.14973459866059252,1.327825806664015,0.9027905704710699,1.952968307946501,3590.0089108235447,False,0.06465905496593155,0.07047233833560418,0.15700128393727247,0.20327522103993584,0.7723582005424444,0.43990230342239556,1.1699971161028553,0.7855130959537459,1.7426740034511201,3585.9264364569603,False,0.0357129862826736,0.03913593208093674,0.15125894707352505,0.20499066849505648,0.7378821103613933,0.46058609095628644,1.1632978516578645,0.7783937610972828,1.7385312669568966,3582.8608265160374,False,0.03422400371164331,0.03774423209394878,119,0.6576051010039601,False,False,0.901029995682603,False,False,0.9069985608047941,False,False,3582.8608265160374,4.0824743665843926,3.0656099409229682,0.16452795500615047,1.2203735914749114,0.1348176952987866,low,6.465905496593155,7.047233833560417,0.1293181099318631,0.14094467667120836,3.57129862826736,3.9135932080936744,0.0714259725653472,0.07827186416187348,3.422400371164331,3.774423209394878,0.06844800742328662,0.07548846418789756
55a14f30-4ff9-4472-90a6-c3139f1c18e5,"Kaito, Bane of Nightmares",0.16927673882870842,0.262181106925278,0.6456481201635651,0.518507266143883,1.1844478762910011,0.7085049517993058,1.980108633097682,3591.668214976241,False,0.03876162600376002,0.04222544733414951,0.1706814251912918,0.2693768291197687,0.6336158375203254,0.5263315624757626,1.186112823160334,0.6995645843140332,2.011056106627947,3586.1194752659603,False,0.03882989541913282,0.04255952942256552,0.1495823305991456,0.2724365868482938,0.5490537534976551,0.5829685612419777,1.1613490814417955,0.6808635366499547,1.9809133789156221,3583.10258556385,False,0.033858766925037455,0.03732631338892595,66,0.8493954793707131,False,False,0.9280871820473942,False,False,0.9310648760323454,False,False,3583.10258556385,5.548739710280643,3.0168897021103476,0.024763741718538457,1.1773032602977103,0.02103429299284904,low,3.876162600376002,4.222544733414951,0.07752325200752004,0.08445089466829903,3.882989541913282,4.2559529422565525,0.07765979083826564,0.08511905884513105,3.3858766925037456,3.7326313388925945,0.06771753385007491,0.0746526267778519
504a69eb-3c2d-4bb1-b117-252b15acf0c2,Mana Confluence,0.07970499335426473,0.15277392479723725,0.5217185685322271,0.6018662942092192,1.0829675379247725,0.8027339826997554,1.4610303207227124,3591.8158438820597,False,0.01826714724472453,0.019917850437759177,0.13389476224074115,0.15771546723798305,0.8489640527057635,0.3959012951782507,1.1432724978776625,0.8392660210798163,1.557398931415959,3585.802685969842,False,0.03045987213534932,0.03335004198356273,0.14712050666638046,0.15791369335708827,0.9316513567553556,0.3515167328078673,1.1584935608154916,0.8501093146352495,1.5787467650872709,3582.537905803592,False,0.03327642260169814,0.03672413405533037,200,0.883561866482415,False,False,0.8996605708591937,False,False,0.8692433175606691,False,False,3582.537905803592,6.0131579122175935,3.264780166250148,0.07552602289071908,1.1282445322059755,0.0669411822834616,low,1.826714724472453,1.9917850437759177,0.03653429448944906,0.039835700875518354,3.045987213534932,3.335004198356273,0.06091974427069864,0.06670008396712546,3.327642260169814,3.672413405533037,0.06655284520339629,0.07344826811066074
6f11029a-b24d-4248-834f-b852b56857f6,Biogenic Ooze,0.1545343417747546,0.22650460084269994,0.6822569660828818,0.49507647927873477,1.1671143581476802,0.7487016724992591,1.8193573956465543,3591.6234896380424,False,0.03536865096581123,0.03856397438156445,0.10382202813735511,0.23705639520518804,0.4379634139272651,0.6614128051033161,1.1094029948275206,0.6971124782190868,1.7655328851328733,3586.331682330952,False,0.02363286120305771,0.025851929641902527,0.14505594694992824,0.23965139754914372,0.6052789528180514,0.5449936636613317,1.1561042489652456,0.7227724820950059,1.8492361947722935,3583.0395660464237,False,0.03281409960326936,0.036200577706339554,87,0.846426910556781,False,False,0.9280871820473942,False,False,0.9310648760323454,False,False,3583.0395660464237,5.291807307090494,3.2921162845282197,0.05771136332015958,1.1442072006468154,0.05043786063182927,low,3.5368650965811232,3.8563974381564448,0.07073730193162246,0.0771279487631289,2.363286120305771,2.5851929641902527,0.04726572240611542,0.051703859283805054,3.2814099603269358,3.6200577706339554,0.06562819920653871,0.07240115541267911
c1e0f201-42cb-46a1-901a-65bb4fc18f6c,Urza's Saga,0.10663653801162441,0.17475815346980147,0.6101949230657865,0.5417326924812784,1.1125298186852326,0.789867994708149,1.566999303372365,3591.7149194597023,False,0.024442814286543598,0.02663783351127874,0.14209267136940473,0.1770882051799619,0.8023835987552432,0.42233109750298425,1.1526834643426758,0.8146471446973662,1.6309873269888215,3585.877693801787,False,0.032343016295810725,0.03540143264098761,0.14444581159523226,0.17740929485769286,0.8141952861663649,0.4155330854752788,1.155399084034141,0.8160526481351722,1.6358589687044423,3582.7407789802473,False,0.03269894240823716,0.036054200780093415,153,0.8604096948086739,False,False,0.901029995682603,False,False,0.8911915370161124,False,False,3582.7407789802473,5.837225657915496,3.136914821539449,0.04286926534890845,1.1402041223540165,0.0375978866489295,low,2.4442814286543597,2.663783351127874,0.048885628573087196,0.05327566702255748,3.2343016295810725,3.5401432640987607,0.06468603259162145,0.07080286528197521,3.269894240823716,3.6054200780093417,0.06539788481647432,0.07210840156018683
b6cb2549-e485-44d6-9d65-7605c568909e,Unearth,0.1546381711741381,0.17192858037610645,0.8994326064686611,0.36842227788563053,1.1672355452217802,0.83331642553063,1.6349597539273606,3591.276965524117,False,0.03541585588592422,0.0385950489014783,0.127386308599587,0.1738302903216094,0.7328199726520919,0.4636682379997109,1.1358557238720848,0.8078967119067756,1.5969469938897982,3585.9853234792877,False,0.029000710376256428,0.03173124596942267,0.1441874826097955,0.17441682121281638,0.8266833531719039,0.40841655913050956,1.1551006495097915,0.8206410408789798,1.6258722681829723,3582.7207463622444,False,0.03263795597893473,0.03598929882512453,155,0.8164041838860983,False,False,0.9065169545120224,False,False,0.8887470449821118,False,False,3582.7207463622444,5.291642044829132,3.2645771170432454,0.031379821349695414,1.1527306395345522,0.027222162987153624,low,3.541585588592422,3.8595048901478304,0.07083171177184844,0.0771900978029566,2.9000710376256427,3.1731245969422672,0.058001420752512856,0.06346249193884534,3.263795597893473,3.5989298825124525,0.06527591195786946,0.07197859765024905
729daf0e-b822-41bd-a908-ca8ec34032f0,Tropical Island,0.03996913177643495,0.1842900383934788,0.2168816726333119,0.82830056079263,1.0407786467085833,0.7252496464449468,1.4935825156955476,3592.0409763750667,False,0.009163709599984875,0.009991138810738709,0.1341652906829602,0.1919464044694381,0.6989726692396687,0.48456911121892055,1.1435818274448817,0.7850171909994665,1.6659245314069355,3586.0352240238876,False,0.030520689702027485,0.03342556143501135,0.1429957925544015,0.1918708868962308,0.7452709208132116,0.4561079566327423,1.1537249474208464,0.7920972171593196,1.680451875686247,3582.8507550651752,False,0.03234644433895046,0.035692907643089355,138,0.9411864975275711,False,False,0.9065169545120224,False,False,0.9069985608047941,False,False,3582.8507550651752,6.005752351179126,3.1844689587123867,0.11294630071226308,1.1126951405247703,0.10150695963226301,low,0.9163709599984875,0.9991138810738709,0.01832741919996975,0.019982277621477418,3.0520689702027486,3.3425561435011355,0.06104137940405497,0.0668511228700227,3.234644433895046,3.5692907643089358,0.06469288867790092,0.07138581528617871
2424f2c4-366b-42cf-bf4b-a8a5bfdd2c4b,Life // Death,0.0434673564620409,0.19329844703335725,0.22487173140371788,0.8220790611761595,1.0444258999990377,0.7150537246621429,1.5255153885174235,3592.037419080989,False,0.009966704960231174,0.010865345744092536,0.15293924471721354,0.19901021400128807,0.7684994736814044,0.4421905032318135,1.165254181444787,0.7888960035656192,1.7211613460298372,3585.932170083446,False,0.03479117344155448,0.03808961707511743,0.14253979305235773,0.19974720871015073,0.7136009257540837,0.4754739849536793,1.15319896935131,0.779607464962379,1.7058172512202643,3582.8958028861543,False,0.03225685685988168,0.035593726302502515,126,0.939910824944114,False,False,0.901029995682603,False,False,0.9165929131910523,False,False,3582.8958028861543,6.105248997542731,3.0363671972918382,0.12082828144574931,1.1209596835983782,0.10779003314185218,low,0.9966704960231174,1.0865345744092536,0.019933409920462348,0.021730691488185072,3.479117344155448,3.8089617075117435,0.06958234688310896,0.07617923415023486,3.225685685988168,3.5593726302502517,0.06451371371976336,0.07118745260500503
5427d8a6-ac9e-4e50-bd39-81713b2ade25,Fatal Push,0.06975609197880164,0.14504764219791133,0.48091848251916036,0.6305744362450418,1.072246619805772,0.806914723960244,1.4248256718408194,3591.8561913137783,False,0.016003593373310986,0.01743358721481736,0.12100311845559761,0.14644859437296473,0.8262497770885775,0.4086624167150007,1.1286284319395072,0.8470156339133085,1.5038708689438476,3585.8382089731485,False,0.02757749706182899,0.03011770569676847,0.13817002205376003,0.1473885680341147,0.9374541315970928,0.34852500740725867,1.1481707480283938,0.8600957391883416,1.5327317722468154,3582.523297329438,False,0.03131298758687021,0.03450327278109533,231,0.8942231637972977,False,False,0.8996605708591937,False,False,0.8692433175606691,False,False,3582.523297329438,6.017982340629715,3.3149116437107295,0.07592412822262173,1.1163485999245577,0.06801112862752069,low,1.6003593373310987,1.7433587214817359,0.03200718674662197,0.03486717442963472,2.757749706182899,3.0117705696768473,0.05515499412365798,0.06023541139353694,3.1312987586870213,3.450327278109533,0.06262597517374043,0.06900654556219066
80fca8c0-ae3e-439e-b202-228b9f360e9a,Portable Hole,0.19118400382537276,0.21590638407701526,0.8854949085580357,0.3758897644347674,1.2106822017437076,0.7929520633156372,1.8484741530151543,3591.301066549777,False,0.043746046348084155,0.04766574829694581,0.12314015282381977,0.2194491070657379,0.5611330775974953,0.5747068203256134,1.131042928699894,0.7356652426884595,1.738913343094796,3586.2077568529285,False,0.028033058894487956,0.03067693166596186,0.13725822897598736,0.22135163193781532,0.6200913351049859,0.5351976565373575,1.1471243310186299,0.7433480021013705,1.7702263638229168,3583.0202390625172,False,0.031069450812775155,0.03426177658506302,97,0.8178094748706342,False,False,0.9280871820473942,False,False,0.9310648760323454,False,False,3583.0202390625172,5.093309696848337,3.1875177904112206,0.07963927304381357,1.1629498204874105,0.06848040357445132,low,4.374604634808415,4.766574829694581,0.08749209269616831,0.09533149659389162,2.8033058894487954,3.067693166596186,0.05606611778897591,0.06135386333192372,3.1069450812775155,3.426177658506302,0.06213890162555031,0.06852355317012604
1066a94a-8e4f-4d77-820b-7a77a18116f0,Wooded Foothills,0.1632651634063646,0.15514226225754327,1.0523577588119537,0.2926354411788352,1.177348838129864,0.8686511518513448,1.5957502429962322,3590.975832872926,False,0.037408511732462964,0.04074382394128806,0.13136669587750097,0.15699810475845483,0.8367406477906955,0.40273836568795884,1.1403858794506283,0.8383248625772463,1.5512840094618474,3585.820947220923,False,0.029920277204480428,0.03272629155101148,0.1347363446666452,0.15755635041652338,0.8551628944847341,0.39246097482869546,1.1442350609011458,0.8402346321589268,1.5582241251248559,3582.6718475545276,False,0.030519672242564445,0.03363843768408076,197,0.788790461572665,False,False,0.8996605708591937,False,False,0.8807993303358596,False,False,3582.6718475545276,5.154885652003031,3.149099666395159,0.03696295867923571,1.153989926160546,0.03203057309366263,low,3.7408511732462966,4.074382394128806,0.07481702346492593,0.08148764788257612,2.9920277204480428,3.2726291551011477,0.059840554408960855,0.06545258310202295,3.0519672242564444,3.363843768408076,0.06103934448512889,0.06727687536816152
26c68473-70ca-40ba-b5c6-71ec30f88a2c,Damnation,-0.020255589213364452,0.2148984125172263,-0.09425657907892065,0.9249053411719024,0.9799481771123303,0.6430990791420339,1.493235585264598,3592.0791152650854,False,-0.004644853677557225,-0.00506374199180365,0.11236851733267049,0.21799720640264036,0.5154585197992221,0.6062326484212294,1.1189251279801715,0.7298574723805266,1.715394428917609,3586.2583013918465,False,0.025570775607903252,0.027972904244626506,0.1326802550785994,0.218723898773607,0.6066106896527654,0.5441093044768106,1.141884828078736,0.7437736037304788,1.7530885124943196,3583.0386995175954,False,0.03001672998152289,0.03313097895257222,97,0.9807819754557375,False,False,0.9280871820473942,False,False,0.9310648760323454,False,False,3583.0386995175954,5.820813873238876,3.2196018742511114,0.16193665096640564,1.0802527110570792,0.14990626666230983,low,-0.46448536775572247,-0.506374199180365,-0.00928970735511445,-0.0101274839836073,2.5570775607903253,2.7972904244626506,0.051141551215806505,0.05594580848925301,3.001672998152289,3.313097895257222,0.06003345996304578,0.06626195790514444
5b8ba842-c662-4686-bca3-93ddb7fa11a6,Mother of Runes,0.1903351766955973,0.14795261359260561,1.2864603880516368,0.19828243477314023,1.2096549778747523,0.9051524051806961,1.616595345846819,3590.4258214064253,False,0.043582925871647485,0.047471837752404045,0.10971006541091771,0.15261295996855015,0.7188777770480719,0.4722162301353455,1.1159544697489976,0.8274460782187877,1.5050580470857922,3586.005668205722,False,0.024992672882462142,0.02731996389965774,0.1319446862184085,0.1539429542838078,0.8571011699252991,0.3913889746741287,1.1410452019965345,0.8438474862773656,1.5429140622827675,3582.6694279416815,False,0.02988573850535068,0.03294050997619202,216,0.7198724552304672,False,False,0.9065169545120224,False,False,0.8807993303358596,False,False,3582.6694279416815,4.420153200703226,3.336240264040498,0.0937005081257547,1.155551549873428,0.08108725927114034,low,4.358292587164748,4.747183775240405,0.08716585174329497,0.09494367550480809,2.499267288246214,2.731996389965774,0.049985345764924284,0.05463992779931548,2.988573850535068,3.2940509976192023,0.05977147701070136,0.06588101995238405
e9be371c-c688-44ad-ab71-bd4c9f242d58,Force of Negation,-0.011507350446133048,0.16608376831330915,-0.06928642433271973,0.9447616315811111,0.9885586058744257,0.7138863261856616,1.3689127826132834,3592.083201246539,False,-0.002638826704868866,-0.002876811344421859,0.09930480776296821,0.17018319116190717,0.5835171328318354,0.5595452269090688,1.1044028788312006,0.7911606401709796,1.5416663277220797,3586.183418519686,False,0.022598494717933737,0.024706642451720384,0.12916183216099755,0.1710149175420323,0.7552664645717352,0.4500891160794618,1.1378742539157267,0.8138107724990937,1.5909814191181817,3582.8363483153757,False,0.029214211144337525,0.03225863198674195,168,0.9877141508563902,False,False,0.9280871820473942,False,False,0.9069985608047941,False,False,3582.8363483153757,5.899782726853118,3.3470702043100573,0.14931564804130104,1.0769452462071176,0.13864739044735494,low,-0.2638826704868866,-0.2876811344421859,-0.005277653409737732,-0.005753622688843718,2.2598494717933737,2.4706642451720384,0.045196989435867474,0.04941328490344077,2.9214211144337523,3.225863198674195,0.05842842228867505,0.0645172639734839
1c0f2873-5849-4cab-855a-2fbbc41dbb6c,Chaos Defiler,0.13341710029854814,0.15872421523253807,0.8405592058091838,0.40059492039049616,1.1427265305201653,0.8372083108026368,1.559735978137571,3591.3798633105334,False,0.030570795738328205,0.03331421121893535,0.13731608297255332,0.160784175453089,0.8540397870971896,0.39308294459423776,1.1471906986655356,0.8370923325344789,1.5721640826885883,3585.7923531511833,False,0.03125936157971915,0.03420428948838844,0.12856274336276174,0.16150119004944713,0.7960482726065328,0.4260039781930858,1.1371927703513722,0.8286316201489105,1.5606541742964513,3582.7706551660985,False,0.029111471809727524,0.03210559131061741,183,0.8353544756078359,False,False,0.8996605708591937,False,False,0.8961910321041715,False,False,3582.7706551660985,5.587510159350131,3.0216979850847565,0.009997928314163351,1.1423699998456909,0.008751917781028785,low,3.0570795738328207,3.331421121893535,0.06114159147665641,0.0666284224378707,3.125936157971915,3.420428948838844,0.0625187231594383,0.06840857897677688,2.9111471809727525,3.210559131061741,0.05822294361945505,0.06421118262123482
39c431d7-d94b-46c4-bb89-f3db56214ab4,Elvish Reclaimer,0.04356014331427429,0.23753764820077528,0.18338206025116366,0.8544982510237751,1.0445228134867688,0.6557250905476468,1.6638495668712525,3592.0543991490804,False,0.009986596699961334,0.010888459108866932,0.07702197248135746,0.2454910146661294,0.31374660529269566,0.7537135007786495,1.0800658078577077,0.6675503797571382,1.7474967952646856,3586.425075387404,False,0.01753811671822931,0.01915975310259982,0.12587301334604575,0.24750413537216281,0.5085693342326388,0.6110541283997415,1.1341381387309437,0.698210188437612,1.8422379664816695,3583.1475773627217,False,0.02848295531276892,0.03143064458413963,80,0.9554585981725874,False,False,0.9450893689161072,False,False,0.9400164398749471,False,False,3583.1475773627217,5.62932376167646,3.277498024682245,0.08961532524417493,1.0862422533584735,0.08250031240001926,low,0.9986596699961334,1.0888459108866932,0.019973193399922668,0.021776918217733865,1.7538116718229309,1.915975310259982,0.03507623343645862,0.03831950620519964,2.848295531276892,3.1430644584139635,0.05696591062553784,0.06286128916827927
3d8ca18d-9099-4f1e-95c1-f04da58a26bd,"Gut, True Soul Zealot",0.28658040547807656,0.14869513528242972,1.927301824190477,0.053942026401388864,1.331865252851432,0.9951497410037097,1.782510690264448,3588.3218431230557,False,0.06560148660366907,0.07126625821425187,0.1304831026217057,0.1588445190615229,0.8214517151275935,0.41138901665975125,1.1393786872182028,0.8345587351293702,1.5555331676994977,3585.845427729196,False,0.0297547847467258,0.0325049330791371,0.1254551664863919,0.15943010957725504,0.7868975742351861,0.4313418276628186,1.1336643416654628,0.8294206381214434,1.549509115754134,3582.7836452740144,False,0.028452077855048025,0.031326855412658894,224,0.4617976328010313,False,False,0.8996605708591937,False,False,0.8961910321041715,False,False,3582.7836452740144,2.4764153938594973,3.0617824551818558,0.19820091118596928,1.2016360939116992,0.1649425414151498,low,6.560148660366908,7.126625821425186,0.13120297320733815,0.14253251642850373,2.9754784746725798,3.25049330791371,0.0595095694934516,0.0650098661582742,2.8452077855048024,3.1326855412658894,0.05690415571009605,0.06265371082531779
2b20d3e1-62ef-44db-8109-a33d4fa3e7f1,Exploration,0.13636075511653212,0.22859073371796299,0.5965279208770338,0.5508226071723623,1.1460952787608178,0.7322179356968731,1.79391179041211,3591.7331376574034,False,0.031218108093190634,0.034042254700758834,0.10393116370909852,0.23375607323087638,0.44461374745308846,0.65659891088495,1.109524076764708,0.7017130355321427,1.7543406130214156,3586.3260742146267,False,0.023655346503464007,0.02587430679852354,0.12532701303026303,0.2353865906784135,0.53243055464228,0.5944278277281969,1.1335190679708502,0.7146011638652516,1.798017610975771,3583.122798950956,False,0.02835893393237982,0.031294374892465726,88,0.8684521446552185,False,False,0.9280871820473942,False,False,0.9368481872896934,False,False,3583.122798950956,5.407063442776689,3.203275263670548,0.03657120199610975,1.1297128078321252,0.032372123023273906,low,3.1218108093190633,3.4042254700758834,0.06243621618638127,0.06808450940151767,2.3655346503464005,2.587430679852354,0.047310693006928015,0.05174861359704708,2.8358933932379817,3.1294374892465724,0.05671786786475964,0.06258874978493145
139b90cd-8272-457a-be32-1298145345be,Watery Grave,0.055708701603642184,0.1564217969541178,0.356144109634432,0.7217326452736244,1.0572896520940869,0.7781172801844082,1.4366232917489126,3591.9609687853253,False,0.01277707332995551,0.013924280715907233,0.13295306730796227,0.15951825142793125,0.833466177806175,0.4045818652043026,1.142196390721477,0.8355185695747671,1.5614405741348694,3585.826518167246,False,0.030279728871589702,0.03310445596231415,0.12515761677192488,0.16073595773243812,0.7786535044029343,0.43618385213122224,1.13332707034428,0.8270543551825418,1.553017936882344,3582.7975191468795,False,0.028351774730864514,0.031257525861338786,190,0.9179625798096755,False,False,0.8996605708591937,False,False,0.897946386949152,False,False,3582.7975191468795,6.134450618079427,3.0289990203664274,0.08490673862739007,1.1109377043866147,0.07642799257971884,low,1.277707332995551,1.3924280715907233,0.02555414665991102,0.027848561431814467,3.0279728871589704,3.310445596231415,0.060559457743179404,0.0662089119246283,2.8351774730864516,3.1257525861338786,0.05670354946172903,0.06251505172267757
f62fd592-4910-417d-a500-e7029f3d119f,Kitesail Freebooter,-0.00709431073142709,0.18794004171631495,-0.03774773415308462,0.9698888167448991,0.9929307944877932,0.6869754019000105,1.4351482744729482,3592.086577842935,False,-0.0016267752875583406,-0.0017735712433983863,0.09763629353376217,0.19067447797990916,0.5120574844004546,0.6086107786590326,1.1025617033539792,0.7587479159454278,1.6021688945110224,3586.261125128007,False,0.02222945368894412,0.024299046343824737,0.12437653679860593,0.1918998094449065,0.6481326748493402,0.5168991420394027,1.1324421968898684,0.7774413361181877,1.6495461068483694,3582.9855205570448,False,0.028150883652358284,0.031060656470877912,128,0.9902532860966762,False,False,0.9280871820473942,False,False,0.9310648760323454,False,False,3582.9855205570448,5.82545271492836,3.2756045709620594,0.13951140240207516,1.0759782315772135,0.12966006031327748,low,-0.16267752875583408,-0.17735712433983863,-0.0032535505751166813,-0.0035471424867967727,2.222945368894412,2.4299046343824737,0.04445890737788824,0.048598092687649475,2.8150883652358285,3.1060656470877914,0.05630176730471657,0.062121312941755824
10158a5e-5a03-41ab-85d2-0907ccf32c9b,Dack Fayden,0.10059535179559391,0.17656587192838696,0.5697327048366074,0.5688590044793165,1.1058290794655046,0.7823338141674225,1.5630897333677423,3591.763057190064,False,0.023055014779892937,0.025130878373383403,0.097507811566791,0.1816689342499275,0.536733547589631,0.5914516794913445,1.102420053157568,0.7721601521019474,1.5739351095697003,3586.235119623546,False,0.02220402753555396,0.02426553525974512,0.12337636849169997,0.1824488966128033,0.6762242511859733,0.498898277572734,1.13131013031806,0.7911849909234778,1.617652793775068,3582.948009207549,False,0.027931134540117353,0.030812275508362852,144,0.8684521446552185,False,False,0.9280871820473942,False,False,0.9273305377475864,False,False,3582.948009207549,5.527937566518176,3.2871104159967217,0.028890077160491856,1.1131864209803777,0.025952595734188448,low,2.3055014779892935,2.5130878373383405,0.046110029559785874,0.050261756746766806,2.220402753555396,2.426553525974512,0.04440805507110792,0.04853107051949024,2.7931134540117353,3.081227550836285,0.05586226908023471,0.061624551016725704
cf3eb762-6c3f-4b11-a4f9-968f79370217,Mystic Confluence,0.0413744391546721,0.1785002992000547,0.2317891865733042,0.8167017562251618,1.0422422888125609,0.7345581277586419,1.4788060298288161,3592.0342232278817,False,0.009488359001666237,0.010342355659991087,0.12119306950219333,0.18268131039037533,0.6634125255791818,0.5070663859928359,1.1288428364539083,0.7890999404957115,1.6148602781705954,3586.08207915166,False,0.027597926045586717,0.030172193365121724,0.12317034576812502,0.18288645032305736,0.6734798862931201,0.5006420407067073,1.1310770787315896,0.7903439117943226,1.6187071715748442,3582.9508795392676,False,0.0278945532685654,0.030762465166732644,149,0.9376269960852369,False,False,0.9280871820473942,False,False,0.9273305377475864,False,False,3582.9508795392676,5.9521440762218845,3.1311996123922654,0.08883478991902871,1.1007207346660195,0.08070602026587875,low,0.9488359001666237,1.0342355659991087,0.018976718003332473,0.020684711319982174,2.7597926045586716,3.0172193365121727,0.055195852091173433,0.06034438673024345,2.7894553268565403,3.0762465166732644,0.0557891065371308,0.06152493033346529
dd16222e-349c-4a2b-a7c8-8eb35a8ab332,Static Prison,0.25515468072771674,0.19413182324660472,1.3143372192182783,0.18873274741181834,1.2906612458541677,0.8821936468381116,1.8882548718416683,3590.351663168572,False,0.05827979977441061,0.06348825488301696,0.13882297971233556,0.19889591980434004,0.6979679615796037,0.485197230525925,1.1489206997283792,0.7780122393585417,1.6966555376464025,3586.034964408465,False,0.031598558439426244,0.034595723817462176,0.12140826147643384,0.20046384000306935,0.6056367147041328,0.5447560165869951,1.12908578051136,0.762234624188479,1.6724964457108116,3583.0381146853742,False,0.02749133184041394,0.030313847087220736,120,0.7112132345970782,False,False,0.9065169545120224,False,False,0.9310648760323454,False,False,3583.0381146853742,4.316698760107101,2.9968497230906905,0.16157546534280764,1.189555908697969,0.1358283912184173,low,5.827979977441061,6.348825488301696,0.11655959954882122,0.12697650976603392,3.1598558439426245,3.4595723817462174,0.06319711687885249,0.06919144763492435,2.749133184041394,3.0313847087220736,0.05498266368082788,0.06062769417444147
4ced112a-e775-4f97-97b3-74877e9dce12,Dragon's Rage Channeler,0.18541510997585947,0.1684644044974201,1.100618914298296,0.2710625500288645,1.2037180117867463,0.8652168387417599,1.6746519335048449,3590.874097830001,False,0.04242676599850406,0.04624358397320433,0.13857343790494664,0.17360679247725458,0.7982028578927988,0.42475277923770494,1.1486340317497326,0.8173434644419502,1.6142052836923981,3585.8852548344594,False,0.031536749284933795,0.03451894200127903,0.120820330769129,0.174471374745392,0.6924937167798639,0.4886273303789904,1.128422151412895,0.8016015911132085,1.5884905493151342,3582.9254616453745,False,0.02735485761212329,0.030175498565842784,162,0.7714631446865359,False,False,0.901029995682603,False,False,0.9232703381382057,False,False,3582.9254616453745,4.988842995541745,2.9597931890848486,0.07529586037385139,1.1602580649831247,0.06489578710659212,low,4.242676599850406,4.6243583973204325,0.08485353199700812,0.09248716794640865,3.1536749284933796,3.451894200127903,0.06307349856986759,0.06903788400255806,2.735485761212329,3.0175498565842784,0.05470971522424658,0.06035099713168557
224d904a-5972-4152-878a-9a922e7a55b6,"Titania, Protector of Argoth",0.14695906305360878,0.18676980642415456,0.7868459354713069,0.43137205956397195,1.1583065445263596,0.8032335523783514,1.6703411443906167,3591.468132992815,False,0.03365205304549924,0.036682764807009716,0.11458110140652114,0.19279142685914125,0.5943267461277584,0.5522935930736005,1.1214035847840849,0.7685189212916682,1.6363240580375151,3586.169768907129,False,0.026085011726025367,0.02853352073146659,0.11921976937718083,0.19281184751204317,0.6183218039531221,0.536363231860331,1.1266174871067964,0.7720612044328697,1.643997852718417,3583.022937925599,False,0.02699091859759794,0.029772486164874323,133,0.846426910556781,False,False,0.9280871820473942,False,False,0.9310648760323454,False,False,3583.022937925599,5.298364085685989,3.1468309815300017,0.036902959742274755,1.135442538805747,0.03250094873236748,low,3.365205304549924,3.6682764807009716,0.06730410609099848,0.07336552961401943,2.6085011726025367,2.8533520731466586,0.05217002345205073,0.05706704146293318,2.6990918597597937,2.977248616487432,0.05398183719519588,0.05954497232974865
3bd1ec98-8188-4649-899e-b0972509fc7e,Firebolt,0.24556484423049446,0.1898253313726006,1.2936357990519451,0.19579125083975457,1.2783431740826907,0.8811804893853967,1.8545136784219982,3590.4055360807533,False,0.056113459378565926,0.06112508221346796,0.13725729027753533,0.1955436748105781,0.7019265154472298,0.48272499201586716,1.1471232542153014,0.7819157253403478,1.6829074000126154,3586.0294474071607,False,0.03124529458595744,0.03420096511319326,0.11907639131804698,0.19677464867810604,0.6051409168710457,0.5450853692434419,1.1264559664576441,0.7659779312071986,1.6565791162784613,3583.038731192361,False,0.026965856390645318,0.029736573880383865,128,0.7198724552304672,False,False,0.9065169545120224,False,False,0.9310648760323454,False,False,3583.038731192361,4.376088673592676,2.990716214799704,0.1518872076250466,1.183974131585212,0.12828591738037912,low,5.611345937856592,6.112508221346796,0.11222691875713185,0.12225016442693593,3.124529458595744,3.420096511319326,0.06249058917191488,0.06840193022638652,2.6965856390645317,2.9736573880383865,0.053931712781290636,0.05947314776076773
94c6fdd8-21e7-48ae-aa05-a3666b928c1a,Timetwister,0.06947134304798176,0.15295505292810294,0.45419449516739413,0.6496888447993172,1.0719413421930069,0.7942789470810531,1.4466683843570234,3591.881797449728,False,0.015921516563385505,0.01736227388034617,0.12508814525502657,0.16240515644107636,0.7702227441307314,0.44116777453494327,1.1332483391283814,0.8242956941099554,1.5579989163038432,3585.9310537896163,False,0.02845568445756987,0.03113776327651613,0.11674398434898271,0.16347307408983525,0.7141480944123375,0.4751356090829326,1.1238316743594294,0.8157370318329756,1.5482901756409664,3582.896289097941,False,0.026417559885251518,0.029161167576813363,207,0.8942231637972977,False,False,0.901029995682603,False,False,0.9165929131910523,False,False,3582.896289097941,5.950743660111584,3.0347646916752637,0.06130699693537456,1.1096737852269394,0.05524776538073905,low,1.5921516563385505,1.7362273880346168,0.03184303312677101,0.03472454776069234,2.845568445756987,3.113776327651613,0.05691136891513974,0.06227552655303226,2.641755988525152,2.916116757681336,0.052835119770503036,0.058322335153626725
ee8e9928-d9b2-4570-adb8-44b34115decd,Tireless Tracker,0.16231579647422364,0.16337216146170674,0.9935339963796054,0.32044979155696696,1.176231632478311,0.8539406022689526,1.6201605235382006,3591.100716860524,False,0.037145373763164236,0.04050591131707704,0.09413858356321216,0.16738538184182922,0.5624062419749916,0.5738392672067196,1.0987119987907936,0.7914118593635064,1.5253348076660445,3586.2070771963895,False,0.021433421783510407,0.023427985052259848,0.11589935696641163,0.16849160834817264,0.6878642687469402,0.49153825946669627,1.1228828561092092,0.8070705472435683,1.5622747142121323,3582.9325043839945,False,0.026234660548677523,0.0289467620321347,176,0.7976724107377573,False,False,0.9280871820473942,False,False,0.9235380818712293,False,False,3582.9325043839945,4.893639664134298,3.2745728123950357,0.07751963368751746,1.1326088291261047,0.06844343050665591,low,3.7145373763164233,4.050591131707703,0.07429074752632847,0.08101182263415407,2.1433421783510407,2.3427985052259848,0.042866843567020814,0.046855970104519695,2.623466054867752,2.8946762032134696,0.05246932109735505,0.0578935240642694
09fd2d9c-1793-4beb-a3fb-7a869f660cd4,Bonecrusher Giant // Stomp,0.29622134564702574,0.14794974387071907,2.002175454293918,0.04526586461627106,1.3447677823866688,1.0062593560652122,1.7971513781661304,3588.0583965695223,False,0.0675571744336355,0.07363538580694201,0.12797016770279082,0.15536385953401413,0.8236804111755093,0.4101211726866033,1.1365190972158317,0.8381627399105864,1.5410797889608912,3585.843253721279,False,0.029138439795022827,0.031877865685624174,0.11579175828067485,0.15599908688548006,0.7422592054380314,0.45793030330779394,1.1227620418894977,0.8269868772214571,1.5243223773311483,3582.8535014388517,False,0.026226062592772968,0.028918870610442793,223,0.4313190242721828,True,False,0.8996605708591937,False,False,0.9069985608047941,False,False,3582.8535014388517,2.215142848243431,2.989752282427162,0.22200574049717114,1.2013496404973327,0.18479694254976892,low,6.75571744336355,7.363538580694201,0.135114348867271,0.14727077161388402,2.913843979502283,3.1877865685624176,0.058276879590045655,0.06375573137124835,2.6226062592772967,2.8918870610442795,0.052452125185545935,0.057837741220885586
2398892d-28e9-4009-81ec-0d544af79d2b,Ancestral Recall,0.034867147161545785,0.14299064950081333,0.243842148303183,0.8073530757542305,1.0354821329206254,0.7823958019669813,1.370435839382351,3592.0285495322732,False,0.007994213959724434,0.008716108806597012,0.10893250717853803,0.14709267977291202,0.7405705528426887,0.4589538681857316,1.1150870874279168,0.8357973118976366,1.4877042494015118,3585.9753094065877,False,0.024790938083270025,0.02711011846403899,0.11572510773242911,0.14786713306950033,0.782629008422285,0.43384500169539575,1.1226872116776212,0.8402175159689848,1.500119375410639,3582.793594248251,False,0.026189753570320426,0.028906276372221373,231,0.9340648192664713,False,False,0.9065169545120224,False,False,0.8961910321041715,False,False,3582.793594248251,6.053240125685534,3.1817151583368286,0.08720507875699579,1.0910854773420544,0.079925065971396,low,0.7994213959724433,0.8716108806597012,0.015988427919448867,0.017432217613194023,2.4790938083270024,2.711011846403899,0.04958187616654005,0.05422023692807798,2.6189753570320424,2.8906276372221376,0.05237950714064085,0.05781255274444275
17f28b16-da65-41a8-ba4f-f1c5e104aad6,Council's Judgment,0.1657433966333922,0.1726859025880127,0.9597969153788791,0.3371574350884713,1.1802702015551108,0.8413723481686743,1.6556733195606186,3591.1649057031864,False,0.037945303325611524,0.04135631969899067,0.09680043140164898,0.17798429798335824,0.5438706250969394,0.5865305043485916,1.10164049883145,0.7772068151669804,1.5615043061670342,3586.2272178708463,False,0.022044715125889458,0.024099013492762278,0.11555359096945753,0.17886936717050628,0.6460222496304059,0.5182649461827156,1.1224946685139068,0.7905468413963938,1.59382621606145,3582.9876993825474,False,0.0261655330406408,0.028855755970000674,157,0.801373266900079,False,False,0.9280871820473942,False,False,0.9310648760323454,False,False,3582.9876993825474,4.937687832340089,3.239518488298927,0.07862970272366065,1.1348017896334894,0.06928937144966606,low,3.7945303325611524,4.135631969899068,0.07589060665122305,0.08271263939798135,2.204471512588946,2.409901349276228,0.044089430251778916,0.048198026985524556,2.6165533040640803,2.8855755970000674,0.0523310660812816,0.05771151194000135
17824929-f131-4b8d-addb-66c25323155e,Infernal Grasp,0.0576217486302424,0.2800549247053216,0.20575159922959022,0.8369849504030522,1.059314232860934,0.6118391218676514,1.8340550707453513,3592.0456970869927,False,0.013209578893598297,0.014401693573327712,0.12817529985440382,0.2828659860217256,0.45313083293287615,0.6504545344059013,1.1367522577371347,0.6529582857056978,1.9790019113914696,3586.318390801395,False,0.029165867039039683,0.03193172855659743,0.11499173233490964,0.2861734873771725,0.40182524729606484,0.6878126400112445,1.1218641623364252,0.6402424777329528,1.9657852181119513,3583.2444490911976,False,0.02602946908260344,0.028716799451112995,56,0.9465665176309369,False,False,0.9280871820473942,False,False,0.9485959700416463,False,False,3583.2444490911976,5.727306285597933,3.073941710197232,0.07743802487620077,1.105976884311498,0.07001776074588406,low,1.3209578893598297,1.4401693573327712,0.026419157787196595,0.028803387146655424,2.916586703903968,3.1931728556597427,0.058331734078079366,0.06386345711319485,2.602946908260344,2.8716799451112998,0.05205893816520688,0.05743359890222599
073bfdca-d7b8-4f4b-93f3-6e7c44bc0b0a,Sol Ring,0.11672602050434445,0.14905839334432017,0.783089216819284,0.4335747229348983,1.1238114862031605,0.839097448850884,1.505131803524999,3591.473173049317,False,0.02675983397778209,0.029155524022446033,0.11848696550860477,0.15112217753011778,0.7840475001426643,0.4330122390833647,1.125792199877608,0.837183076976642,1.5138959591518661,3585.9070603678856,False,0.02698723655450989,0.029489768979974962,0.11469502277879876,0.1516253318941736,0.7564370764830363,0.44938718546063594,1.121531343896449,0.8331924527932159,1.5096542835036306,3582.8321121157887,False,0.025981750016969226,0.02865333904393097,208,0.846426910556781,False,False,0.901029995682603,False,False,0.9069985608047941,False,False,3582.8321121157887,5.566112681431605,3.074948252096874,0.004260855981158995,1.1237116766590727,0.003791769783710909,low,2.675983397778209,2.9155524022446033,0.05351966795556418,0.058311048044892066,2.6987236554509892,2.948976897997496,0.05397447310901978,0.058979537959949924,2.5981750016969225,2.865333904393097,0.05196350003393845,0.05730667808786194
4f84b838-b8f1-4b9a-a19f-479594f9d427,Qasali Pridemage,0.10591787914418796,0.3202904808205293,0.3306931847391921,0.7408762507358067,1.1117305764913905,0.59342083337064,2.082746012952886,3591.979244904589,False,0.024262345290229484,0.026455886768896375,0.15435618000506904,0.3285553683772235,0.46980264169005587,0.6384960268769062,1.166906441510155,0.6128639297366811,2.2218156056646037,3586.3043096422944,False,0.035095520765313235,0.03847799200852503,0.11057645147172014,0.3305627238041426,0.33450974205196937,0.737994940798463,1.116921736098615,0.5843083217985419,2.1350272074332404,3583.2943534549977,False,0.025027148747880246,0.027617365887039058,45,0.9179625798096755,False,False,0.9280871820473942,False,False,0.9485959700416463,False,False,3583.2943534549977,5.674935262294639,3.009956187296666,0.05517586501876459,1.131852918033387,0.04874826414251206,low,2.4262345290229486,2.6455886768896377,0.04852469058045897,0.05291177353779275,3.5095520765313233,3.847799200852503,0.07019104153062647,0.07695598401705006,2.502714874788025,2.761736588703906,0.05005429749576049,0.055234731774078116
3277ad99-5682-4baa-b106-de15721876a6,Glorybringer,0.27425645978435215,0.192007251927274,1.428365111377311,0.15318679570753638,1.3155521451988859,0.9029593402449875,1.9166726225655184,3590.044234318314,False,0.06255929948277618,0.06819253165678046,0.12542642040473548,0.1981601312704016,0.6329548713993506,0.5267631136288828,1.1336317537261165,0.768766930349349,1.6716652373069114,3586.1223593642176,False,0.02854700135206518,0.031248008596121646,0.10889907865110492,0.1995938567322246,0.5456033589110113,0.5853386149657079,1.1150498123316537,0.7540437562138984,1.6488911601413232,3583.1077248279857,False,0.024657016571002797,0.0271990581290667,126,0.6576051010039601,False,False,0.9280871820473942,False,False,0.9317920195277498,False,False,3583.1077248279857,3.921874954096438,3.0146345362318243,0.20050233286723218,1.1880779037522187,0.16876194080708048,low,6.255929948277618,6.819253165678046,0.12511859896555236,0.13638506331356093,2.854700135206518,3.1248008596121646,0.05709400270413036,0.06249601719224329,2.4657016571002797,2.7199058129066698,0.049314033142005595,0.0543981162581334
926916ed-2f22-4ba9-9427-194886ad6c1e,Urza's Cave,0.09090569512379951,0.3003762200312794,0.302639453663586,0.7621646439206569,1.095165720920703,0.6078472293304763,1.9731733541022303,3591.9962696989815,False,0.02083571249927353,0.022711609761702,0.14208398026540378,0.3051785685311311,0.4655765342542717,0.6415186427271669,1.152673446294341,0.6337719978576626,2.0964259675140666,3586.306109483676,False,0.032330722446205676,0.03539916263471743,0.10886508923694486,0.3079002795696302,0.35357255728741727,0.72365924361558,1.1150119130858636,0.6098029183319974,2.0387760191835107,3583.280406182563,False,0.024650403943952563,0.027193607140443665,50,0.9209000795118067,False,False,0.9280871820473942,False,False,0.9485959700416463,False,False,3583.280406182563,5.690160215305241,3.025703301113026,0.05750772537363802,1.1209503601003028,0.051302651232916524,low,2.083571249927353,2.2711609761702,0.04167142499854706,0.045423219523404,3.2330722446205677,3.539916263471743,0.06466144489241135,0.07079832526943486,2.465040394395256,2.7193607140443667,0.049300807887905126,0.05438721428088733
2b9b0195-beda-403e-bc27-7ae3be9f318c,Temple Garden,0.16421569197382294,0.1727955255986229,0.9503468993477899,0.3419360158199193,1.17846847387295,0.8399074782098318,1.6535011057080777,3591.184456025652,False,0.03758343506076113,0.040976542939788085,0.11017613167330763,0.17819675194514112,0.6182836133131426,0.5363884017892835,1.116474699699108,0.7873444102100537,1.5831899469962052,3586.140803954943,False,0.02508066785377348,0.027438624776048692,0.10771167587301553,0.17905788892635632,0.6015466647063824,0.5474759405760123,1.1137265848442512,0.7840819104905341,1.5819608757621173,3583.043510538161,False,0.024387194388726094,0.026901526564018452,152,0.801373266900079,False,False,0.9280871820473942,False,False,0.9310648760323454,False,False,3583.043510538161,5.0436520707089585,3.0972934167816675,0.06474188902869882,1.1362232528054363,0.0569799015016154,low,3.758343506076113,4.097654293978809,0.07516687012152226,0.08195308587957617,2.508066785377348,2.7438624776048695,0.05016133570754696,0.054877249552097385,2.4387194388726092,2.690152656401845,0.04877438877745219,0.053803053128036904
70e33f45-7d47-423b-a123-8541f1d1afb4,Lingering Souls,0.12305935484872092,0.17346409774167024,0.7094226208813879,0.47806225422631843,1.1309515464133066,0.8049860936152077,1.588911175583675,3591.583538052154,False,0.028200656046529944,0.030732203934996982,0.10161067371864041,0.17955359695980674,0.5659072023011941,0.5714568652472893,1.106952422153755,0.7785559850265705,1.5738671187149715,3586.202477014138,False,0.023141674606035657,0.02529990169832741,0.10730482541579751,0.17988260407810114,0.5965269736100111,0.550823239790619,1.1132735568375665,0.7824970875330239,1.5838755595386935,3583.0490683332946,False,0.02430355641637261,0.0268001472977496,152,0.846426910556781,False,False,0.9280871820473942,False,False,0.9310648760323454,False,False,3583.0490683332946,5.381061038016014,3.153408680843313,0.02399912425955164,1.117059175134876,0.02148420136887908,low,2.8200656046529944,3.073220393499698,0.05640131209305989,0.061464407869993964,2.314167460603566,2.529990169832741,0.04628334921207131,0.05059980339665482,2.430355641637261,2.68001472977496,0.04860711283274522,0.0536002945954992
fa7a55aa-ae61-4933-b7a4-dcc55dac6fcd,"Inti, Seneschal of the Sun",0.21979187018840354,0.14563483072666866,1.5091985144742934,0.13124805973676554,1.245817411859124,0.9364563217802863,1.6573768445929877,3589.7971983774423,False,0.05030984474687405,0.05477742297419674,0.08125173037960795,0.15231000512744802,0.5334628563082193,0.5937132164447019,1.0846439000243793,0.8047079361191727,1.4619619579418062,3586.238263435444,False,0.018516740963814643,0.02021774237402052,0.10725688272413372,0.1528510643794948,0.7017084451426456,0.48286100526042053,1.1132201847861036,0.8250335692628669,1.5020712198685846,3582.912062888873,False,0.02430603479252016,0.026787532914966383,227,0.6576051010039601,False,False,0.9280871820473942,False,False,0.9175734772327648,False,False,3582.912062888873,3.558934941998359,3.326200546570817,0.16117351183474482,1.1478938322232024,0.14040803017696274,low,5.030984474687405,5.477742297419674,0.1006196894937481,0.10955484594839349,1.8516740963814642,2.021774237402052,0.037033481927629286,0.04043548474804104,2.430603479252016,2.6787532914966383,0.04861206958504032,0.053575065829932766
493a5ca7-5f90-4af4-b6db-43ae09a2f2c9,Dark Ritual,-0.055707032735171705,0.16234549744625665,-0.34313876030724616,0.7314940728173942,0.9458161884865153,0.6880428178557784,1.3001636514294246,3591.970285686967,False,-0.012770095183231295,-0.01392380647124919,0.07345925530657803,0.16729688477107174,0.4390951774571255,0.6605925733111258,1.076224685333686,0.775348526702463,1.4938566766195318,3586.3305398742896,False,0.016730807423711056,0.01826181726876064,0.1063085975644078,0.16774568660049263,0.6337486210157823,0.5262448886441665,1.1121650349758867,0.8005366624369679,1.5451023332992027,3583.0039568392394,False,0.024069682017291226,0.02656103780178065,178,0.9179625798096755,False,False,0.9280871820473942,False,False,0.9310648760323454,False,False,3583.0039568392394,5.639745812677575,3.3265830350501346,0.16634884648937143,1.0447353029320294,0.1592258307176149,low,-1.2770095183231296,-1.392380647124919,-0.02554019036646259,-0.02784761294249838,1.6730807423711056,1.8261817268760638,0.03346161484742211,0.03652363453752128,2.4069682017291227,2.656103780178065,0.04813936403458245,0.0531220756035613
b598c93e-dae1-4d71-a9e4-917abf76d2d0,Raucous Theater,0.05174216403011806,0.1909383725126387,0.2709888187964581,0.7863996319286192,1.0531041793680216,0.7243380714298573,1.531092256980433,3592.0145153474887,False,0.011864109970896321,0.01293303184911393,0.10764734228647331,0.1918696809897345,0.5610440468300602,0.5747675104185582,1.113654937123323,0.7645887033221563,1.6220842834720617,3586.2081798781874,False,0.02451064703623388,0.02679755563358588,0.10624029714340039,0.19327217392708687,0.5496926690723736,0.5825301858960612,1.1120890762298048,0.7614177189588008,1.6242623236570344,3583.103120822233,False,0.024058595243145322,0.026538814357566998,123,0.923912705502736,False,False,0.9280871820473942,False,False,0.9310648760323454,False,False,3583.103120822233,5.8063354693013025,3.1050590559543707,0.0605507577553015,1.0929493975737163,0.055401245373043466,low,1.1864109970896322,1.293303184911393,0.023728219941792642,0.02586606369822786,2.451064703623388,2.679755563358588,0.04902129407246776,0.05359511126717176,2.405859524314532,2.6538814357566998,0.048117190486290644,0.053077628715133995
568dd5a6-86f4-4039-87d7-812120c8ab94,Triplicate Titan,-0.02056369069580353,0.1785751866567627,-0.11515424444342741,0.9083228649799631,0.9796463001330089,0.6903399948830516,1.3901945135409317,3592.0747397393616,False,-0.004715465664046789,-0.00514076849202022,0.08832860250240103,0.187520379410904,0.47103468316289504,0.6376159673532786,1.0923470110203692,0.7563800321014659,1.5775429570370623,3586.301699268367,False,0.020108254626517108,0.021962811736989052,0.10408973038711622,0.18863364772820343,0.551808925081574,0.5810792717677311,1.1097000242610775,0.7667210609687016,1.6061044968416547,3583.101500254542,False,0.02356067462946417,0.026008247613439006,144,0.9771795982929603,False,False,0.9280871820473942,False,False,0.9310648760323454,False,False,3583.101500254542,5.7730404709946015,3.200199013825113,0.1300537241280686,1.0605644451381517,0.1226268943148735,low,-0.4715465664046789,-0.514076849202022,-0.009430931328093578,-0.01028153698404044,2.010825462651711,2.196281173698905,0.040216509253034216,0.043925623473978104,2.3560674629464167,2.6008247613439006,0.04712134925892834,0.05201649522687801
49bb0ad3-1082-41f1-82a4-52a4006cc9b6,"Leovold, Emissary of Trest",-0.0069669871246914655,0.2038316559472908,-0.03418010363656699,0.972733532267564,0.9930572260664777,0.6659923914332656,1.4807416224689167,3592.086834592059,False,-0.0015975517392903325,-0.0017417405430718014,0.105322620608315,0.20742633120093568,0.5077591644152838,0.6116222508924635,1.11106900629833,0.7399053631883705,1.6684219336337975,3586.2650857480485,False,0.023983174556795047,0.026219167400287235,0.1040696496374552,0.20918688300439134,0.497496057796657,0.61883928220532,1.1096777408764258,0.7364332776163451,1.6720926742777025,3583.1577033905414,False,0.02356871249109674,0.025995862124517044,110,0.9902532860966762,False,False,0.9280871820473942,False,False,0.9400164398749471,False,False,3583.1577033905414,5.821748844010472,3.107382357507049,0.11801178023185221,1.0712679910804113,0.11016083857115268,low,-0.15975517392903324,-0.17417405430718014,-0.003195103478580665,-0.0034834810861436027,2.398317455679505,2.6219167400287233,0.047966349113590094,0.05243833480057447,2.3568712491096737,2.5995862124517046,0.04713742498219348,0.05199172424903409
6ade6918-6d1d-448d-ab56-93996051e9a9,Sage of the Skies,0.03791224200817618,0.31788970858772914,0.11926225034653302,0.9050675898537357,1.0386400799112148,0.5570214183044998,1.9366817507334262,3592.0737808402455,False,0.008692721314054968,0.009476978673220338,0.07723026240403084,0.32107971325660406,0.24053298671756662,0.8099170940350138,1.0802907981120966,0.5757475615325875,2.0269789860319123,3586.4655436903467,False,0.01758805604942763,0.019215945154180625,0.10113745837677848,0.3226921868449475,0.31341774762391345,0.7539633023260106,1.106428719206788,0.587817221121737,2.0825938177677936,3583.307480659277,False,0.02289996825376465,0.025262526686949838,42,0.9755090457542709,False,False,0.9544429359034526,False,False,0.9485959700416463,False,False,3583.307480659277,5.608237149898741,3.1580630310695597,0.06778863929557333,1.0751198657433665,0.06305216883766021,low,0.8692721314054969,0.9476978673220338,0.017385442628109937,0.018953957346440675,1.758805604942763,1.9215945154180625,0.03517611209885526,0.03843189030836125,2.2899968253764653,2.5262526686949838,0.0457999365075293,0.050525053373899675
df9d9075-2d1e-4848-b661-816d539e05eb,Emperor of Bones,0.034781401505680494,0.15126371039636743,0.22993883605354007,0.8181392979334452,1.0353933486324893,0.769745397914303,1.3927194489206307,3592.0350899923674,False,0.007977174208537455,0.00869465770996164,0.08306621563297491,0.15442606935268285,0.5379028034655587,0.5906441528734134,1.086613756983874,0.8028327402658674,1.4707041674404029,3586.233530919589,False,0.018927327120072748,0.020660557000015844,0.10098358138120131,0.15496965708651375,0.6516345411077857,0.5146369595663904,1.1062584783780658,0.8164766648151056,1.4988889134516656,3582.980156713518,False,0.022880779139500977,0.02523026321981814,211,0.9376269960852369,False,False,0.9280871820473942,False,False,0.9310648760323454,False,False,3582.980156713518,5.801559072778218,3.25337420607093,0.07086512974557646,1.0760885279981431,0.0658543678347798,low,0.7977174208537454,0.869465770996164,0.01595434841707491,0.01738931541992328,1.8927327120072748,2.0660557000015842,0.037854654240145495,0.04132111400003169,2.2880779139500977,2.523026321981814,0.045761558279001954,0.05046052643963628
d0e3e7b3-7ba9-47a2-b46c-a40bffb445e2,Twisted Landscape,0.157662581091537,0.2020148502643588,0.7804504514654148,0.43512578148988146,1.17077108775065,0.7879768833328299,1.7395243044634785,3591.4780362402066,False,0.03609636401329154,0.03934367267843025,0.10112625490199416,0.2057542504833097,0.49149047790970074,0.6230795852278974,1.1064163234299698,0.7392256378294371,1.655999221491752,3586.28155321728,False,0.023026041193089878,0.025174045723553362,0.10086520197426377,0.20630743868137089,0.4889072474504608,0.6249073644778338,1.1061275279065483,0.7382318248903198,1.6573629945775252,3583.1663518668915,False,0.02284145675273096,0.025196712726309523,108,0.846426910556781,False,False,0.9280871820473942,False,False,0.9400164398749471,False,False,3583.1663518668915,5.196483022926714,3.115201350388361,0.06464355984410175,1.1277716463623895,0.05731972430111058,low,3.609636401329154,3.934367267843025,0.07219272802658308,0.0786873453568605,2.3026041193089877,2.5174045723553364,0.046052082386179756,0.050348091447106724,2.284145675273096,2.5196712726309523,0.04568291350546192,0.050393425452619045
1e3e8085-cfcd-4e88-b441-4d1f8ac63904,Forth Eorlingas!,0.20143257201111078,0.14120301813726824,1.4265457967427535,0.1537108573881689,1.223153759484088,0.9274417000751803,1.6131527396479812,3590.044247373781,False,0.04611246200707098,0.05022908456063574,0.08792490804975771,0.1471249307461027,0.5976207268467096,0.5500930310634504,1.0919061255891478,0.8183706266224602,1.456869232977896,3586.165582995167,False,0.020034159125403732,0.021883986798143407,0.10082414534788893,0.14811234920159488,0.6807274740518615,0.4960439486100835,1.1060821149741693,0.8273925251926073,1.4786423708395653,3582.941328021948,False,0.022845469662380467,0.025183635833312956,241,0.6576051010039601,False,False,0.9280871820473942,False,False,0.9273305377475864,False,False,3582.941328021948,3.878664378614303,3.2242549732191037,0.1312476338949402,1.1403806666824685,0.1150910724194917,low,4.6112462007070985,5.022908456063574,0.09222492401414197,0.10045816912127148,2.003415912540373,2.1883986798143407,0.040068318250807464,0.04376797359628681,2.2845469662380467,2.5183635833312956,0.04569093932476093,0.05036727166662591
ce35e6fb-ff54-44c4-a216-7ddd37f46882,Screaming Nemesis,0.27811489068023126,0.19803429594424826,1.4043774052072664,0.16020649550748478,1.3206379174819844,0.8958051740110184,1.9469462330541312,3590.101109540346,False,0.06348682241114653,0.0691380943751308,0.11534842550827333,0.2062092965838733,0.5593754860676549,0.5759054878599474,1.1222643950004578,0.7491456944202296,1.6812181951609084,3586.209473518709,False,0.026267866160145058,0.028730565833302635,0.09893003983136413,0.20803014503781683,0.47555627004624784,0.634390535998103,1.1039890615962016,0.7343209793107659,1.659753544380579,3583.1789127580982,False,0.022409897301745904,0.02471204741516908,114,0.6578500872874363,False,False,0.9280871820473942,False,False,0.9445055524793186,False,False,3583.1789127580982,3.8916360216371686,3.0305607606105696,0.21664885588578287,1.1822971246928813,0.18324400132670587,low,6.348682241114653,6.91380943751308,0.12697364482229306,0.1382761887502616,2.6267866160145057,2.8730565833302633,0.052535732320290116,0.05746113166660527,2.2409897301745905,2.471204741516908,0.04481979460349181,0.04942409483033816
05bdd22c-3e11-4c29-bdfa-d3dfc0e90a9f,Bitter Triumph,-0.026581609456191126,0.14719471483618432,-0.1805880699301893,0.8566909207347764,0.9737685718691409,0.7297281214836409,1.2994226255556518,3592.0553876268677,False,-0.006095246648959733,-0.006645096772837589,0.08124224908415588,0.15073754172055467,0.5389649330673517,0.5899110512529362,1.0846336162438548,0.8071842413937446,1.4574492676602673,3586.232953161757,False,0.018497353102330312,0.020199135600778073,0.09846777459719813,0.15175359983720876,0.6488661534410245,0.5164248936086411,1.1034788437711929,0.819575069404166,1.4857279145104498,3582.984750396635,False,0.022290367658144676,0.024604734100930725,218,0.9554585981725874,False,False,0.9280871820473942,False,False,0.9310648760323454,False,False,3582.984750396635,5.822434465110746,3.248202765122187,0.12971027190205198,1.053960343961396,0.12306940450389749,low,-0.6095246648959732,-0.6645096772837589,-0.012190493297919465,-0.013290193545675177,1.8497353102330312,2.019913560077807,0.036994706204660624,0.040398271201556146,2.2290367658144676,2.4604734100930727,0.04458073531628935,0.04920946820186145
0fe070f4-8877-4280-b8fd-869f3ac34ab6,Sheltering Landscape,0.2379087284642767,0.2341036991585454,1.0162536060703353,0.30950863513970406,1.2685934010728213,0.8017691769046753,2.0072226067089702,3591.0478176243405,False,0.05437583937624329,0.059222526591977354,0.119005582939072,0.23712740303831709,0.5018634768240685,0.6157635581485738,1.1263762067605334,0.7076793898711846,1.7927939930357264,3586.2705887423253,False,0.02709614244351787,0.029644122796404715,0.09799367617319059,0.2385729004913762,0.41074940184471126,0.6812562983327145,1.1029558101849317,0.691004316292852,1.760497714033285,3583.2364425122687,False,0.022195969846037365,0.024479249094816302,80,0.7976724107377573,False,False,0.9280871820473942,False,False,0.9485959700416463,False,False,3583.2364425122687,4.777228882015152,3.034146230056649,0.16563759088788954,1.1659751393394289,0.1420592817971486,low,5.4375839376243285,5.922252659197735,0.10875167875248658,0.11844505318395471,2.709614244351787,2.9644122796404715,0.05419228488703574,0.05928824559280943,2.2195969846037364,2.44792490948163,0.04439193969207473,0.048958498189632604
96c5607b-55fe-43c2-93fe-0084d84499d9,Deep Forest Hermit,0.16127881832729643,0.23390794095547152,0.68949697760795,0.49051057456730995,1.1750125381760252,0.7429097223059882,1.8584417775356612,3591.6139176422553,False,0.03690350710753851,0.04024009559232866,0.12537402917014998,0.24964325024898235,0.5022127738086564,0.6155178584573111,1.133572362914766,0.6949421034207999,1.8490551883947137,3586.271521141824,False,0.028526248481682805,0.031234918438478643,0.09799043560716726,0.2506936874749504,0.3908771560790041,0.695888040170259,1.1029522359895991,0.674779578476669,1.8028163176199585,3583.2530624855713,False,0.022184537180113286,0.024478155018094305,84,0.846426910556781,False,False,0.9280871820473942,False,False,0.9485959700416463,False,False,3583.2530624855713,5.342396500431278,3.018458656252733,0.07206030218642612,1.1371790456934634,0.06336759585864775,low,3.690350710753851,4.024009559232866,0.07380701421507702,0.08048019118465732,2.8526248481682805,3.123491843847864,0.05705249696336561,0.062469836876957285,2.2184537180113284,2.4478155018094307,0.04436907436022657,0.04895631003618861
5ad36fb2-c44e-4085-ba0d-54277841ad3a,Lurrus of the Dream-Den,0.07595056610416548,0.1909181678882718,0.3978173839831362,0.6907648020679111,1.0789092381520977,0.7421164978449943,1.5685477247173043,3591.9298341787876,False,0.017406871716757463,0.018979707689731673,0.08768240699131623,0.19783726076949743,0.4432047160897363,0.6576176680002321,1.091641369301111,0.7407599767930514,1.6087274103667304,3586.3270556636844,False,0.01996324534348038,0.021822286201715724,0.09690742628607209,0.19841066007677774,0.48841844610855295,0.6252534787905377,1.1017583750352613,0.7467853627515441,1.625462385186298,3583.1672998699905,False,0.021939537406016417,0.024209244005925723,128,0.9062484903767514,False,False,0.9280871820473942,False,False,0.9400164398749471,False,False,3583.1672998699905,5.602778515103182,3.1597557936938756,0.02284913688316359,1.0907696608294901,0.020947719489912895,low,1.7406871716757464,1.8979707689731673,0.034813743433514927,0.037959415379463346,1.996324534348038,2.182228620171572,0.03992649068696076,0.04364457240343145,2.193953740601642,2.4209244005925723,0.043879074812032834,0.048418488011851446
377cee38-e769-47b0-abd5-0f528600f36a,Badlands,0.07769950618722193,0.14457353045463509,0.5374393635050838,0.5909641590781753,1.080797836806223,0.8141060706835745,1.4348547518681205,3591.7990555450347,False,0.0178110391451019,0.019417326818641778,0.10669965604237064,0.14667376111244532,0.7274624665864462,0.466942699961853,1.112600041592677,0.8346181903775584,1.4831678326973008,3585.9938444295562,False,0.02429209798135303,0.02655581059864931,0.09667909504893181,0.1472717261636799,0.6564674535116217,0.5115234019359037,1.1015068379004453,0.8253287491260529,1.4701018415101001,3582.974509507868,False,0.02189387058699789,0.02415500004220994,224,0.8818190024723556,False,False,0.9065169545120224,False,False,0.9310648760323454,False,False,3582.974509507868,5.805211115478414,3.019334921688369,0.0318022047864539,1.0983015720997817,0.02895580375584188,low,1.78110391451019,1.9417326818641778,0.0356220782902038,0.038834653637283556,2.429209798135303,2.655581059864931,0.04858419596270606,0.05311162119729862,2.189387058699789,2.415500004220994,0.04378774117399578,0.04831000008441988
ce648aa3-098b-4af0-a433-fd290bc85904,Balance,0.09872138058625966,0.2038978380309823,0.4841708060252161,0.628264653874444,1.1037587281034473,0.7401381789131457,1.6460214654154515,3591.852896528968,False,0.022631542103068086,0.024662621026424636,0.1069788167575379,0.20735173731313428,0.5159292038917561,0.6059038562957892,1.1129106791728702,0.7412401713080878,1.6709431406439814,3586.256428491488,False,0.024364073314947637,0.0266357180463922,0.09627723009018635,0.2079807030087924,0.4629142449149055,0.6434258364972256,1.1010642698327298,0.7324465223351516,1.655195962207792,3583.1908063893616,False,0.021809827749578806,0.02405136547827602,111,0.8942231637972977,False,False,0.9280871820473942,False,False,0.9452974293912983,False,False,3583.1908063893616,5.596468037480008,3.0656221021263264,0.011846409340140474,1.105911225703016,0.010711898988646072,low,2.2631542103068085,2.466262102642464,0.04526308420613617,0.04932524205284927,2.4364073314947636,2.66357180463922,0.048728146629895275,0.0532714360927844,2.1809827749578807,2.405136547827602,0.04361965549915761,0.04810273095655204
fd97b3cf-924e-4f77-bb82-0bf19592389f,Dreadhorde Arcanist,0.26072511668998033,0.22336643545728654,1.1672528871950314,0.24310825857889673,1.2978708533589454,0.8377185477344955,2.010781254102718,3590.71732435599,False,0.059540551231288485,0.064849543297966,0.12196078786780756,0.22987360787753103,0.5305558519479286,0.5957265957161587,1.1297098025816734,0.7199370627988337,1.772716399802484,3586.2409700674843,False,0.027766907129159555,0.030382301962594727,0.09611782980733548,0.23143695618259172,0.41530890914199337,0.6779157800944288,1.1008887738641064,0.6994236751202964,1.7327924912058021,3583.2327154775944,False,0.021771009487218,0.024011379344292205,90,0.7684986183512992,False,False,0.9280871820473942,False,False,0.9485959700416463,False,False,3583.2327154775944,4.476354288505718,3.0082545898899298,0.19698207949483892,1.176156476601575,0.16747948373672641,low,5.954055123128849,6.484954329796599,0.11908110246257697,0.129699086595932,2.7766907129159555,3.0382301962594727,0.05553381425831911,0.06076460392518945,2.1771009487218,2.4011379344292205,0.043542018974436,0.04802275868858441
bd3d4b4b-cf31-4f89-8140-9650edb03c7b,Ancient Tomb,0.13500563611004102,0.1695431933642309,0.7962905111737951,0.42586319953560214,1.1445432351047555,0.8209451152308848,1.5956964634056419,3591.4524296379973,False,0.030931274309345117,0.03370870378054802,0.09693383202549286,0.17103947664002167,0.5667336800234994,0.5708951347629558,1.1017874681639281,0.7879634746315609,1.5405988527205479,3586.201639954763,False,0.02207704308448109,0.02412418740492095,0.09478176659793305,0.17193692665892252,0.5512589322127123,0.5814561865475981,1.0994188990172071,0.7848877149950358,1.5399934187068431,3583.101300920062,False,0.021469239852605432,0.02368059573898651,157,0.846426910556781,False,False,0.9280871820473942,False,False,0.9310648760323454,False,False,3583.101300920062,5.250789683234416,3.100339034700937,0.0451243360875484,1.1152498674286304,0.04046118937596386,low,3.0931274309345116,3.370870378054802,0.061862548618690234,0.06741740756109604,2.207704308448109,2.412418740492095,0.04415408616896218,0.0482483748098419,2.146923985260543,2.368059573898651,0.042938479705210864,0.04736119147797302
1c603751-1e2b-4c8e-a8d2-5c0876e7254f,Darkstar Augur,0.16636313409743264,0.28458428112085055,0.5845830045222542,0.558828138163193,1.1810018859193927,0.6760947453618018,2.0629733689155874,3591.7449873945516,False,0.038085975974961564,0.041500746654601905,0.07359394830507879,0.28692025556419404,0.2564961757766637,0.797567732986898,1.0763696550265964,0.613380540010432,1.8888301122862001,3586.457464463524,False,0.01676290293507035,0.01830912776199506,0.09457326502621036,0.2869411956618699,0.3295911024837822,0.7417089464727162,1.0991896923445865,0.6263590697520149,1.9289542342460824,3583.2967842941416,False,0.021419216185958087,0.023625752928272126,56,0.8684521446552185,False,False,0.9499601391111803,False,False,0.9485959700416463,False,False,3583.2967842941416,5.2875229310275245,3.160680169382431,0.10463223089279627,1.118853744430192,0.09351734434788275,low,3.8085975974961563,4.15007466546019,0.07617195194992313,0.08300149330920381,1.676290293507035,1.8309127761995059,0.0335258058701407,0.03661825552399012,2.1419216185958088,2.362575292827213,0.042838432371916174,0.04725150585654425
2bf2da97-3331-4614-b4ff-f03d061500a7,Fire Covenant,0.08341657949677872,0.16005810279586857,0.5211643649379297,0.6022522759846306,1.0869945338795703,0.7942974211979762,1.4875499846166125,3591.815853539601,False,0.0191286459699096,0.020844315423298565,0.0842164925596398,0.16129908657558864,0.5221138838884491,0.6015910402428439,1.0878643828618793,0.7930018557956602,1.4923658839512313,3586.250274720957,False,0.019187357408132082,0.02095205770091746,0.09438429613974059,0.16209167738642746,0.5822895885932989,0.5603716371752453,1.098981999316783,0.7998625396321905,1.5099612433127474,3583.0659127118697,False,0.021384877223717066,0.023580705205513586,183,0.883561866482415,False,False,0.9280871820473942,False,False,0.9310648760323454,False,False,3583.0659127118697,5.565578818644099,3.184362009087181,0.011987465437212741,1.0912803053527442,0.010984772086891026,low,1.9128645969909601,2.0844315423298565,0.0382572919398192,0.04168863084659713,1.9187357408132082,2.095205770091746,0.038374714816264165,0.04190411540183492,2.1384877223717065,2.3580705205513586,0.04276975444743413,0.04716141041102717
e41cf82d-3213-47ce-a015-6e51a8b07e4f,Questing Beast,0.21414492795422924,0.1515511514786614,1.4130207910982524,0.15764961099837915,1.2388021788495864,0.920447486388517,1.6672660428937511,3590.0936456143236,False,0.048889637735559835,0.053375209022202774,0.1045782994294627,0.165801611936673,0.6307435627912098,0.5282082103856889,1.110242321803331,0.802203582376309,1.5365650817363565,3586.1256668736096,False,0.02379828015428242,0.026040505713953166,0.0935945196468095,0.16608275570137188,0.5635414661296856,0.5730662322775738,1.0981143918206684,0.793003470032384,1.5206178321948993,3583.088179743035,False,0.021186606638076044,0.023381942167427783,215,0.6578500872874363,False,False,0.9280871820473942,False,False,0.9310648760323454,False,False,3583.088179743035,3.9679787407139884,3.037487130574391,0.14068778702891804,1.149052964157862,0.12243803498825467,low,4.888963773555983,5.337520902220278,0.09777927547111967,0.10675041804440555,2.379828015428242,2.604050571395317,0.04759656030856484,0.05208101142790633,2.118660663807604,2.338194216742778,0.04237321327615209,0.046763884334855566
fa87bf1e-2062-4983-b1c4-98bffea69a4c,Pyrogoyf,0.19713243956210424,0.15405188781386903,1.279649619096435,0.2006683907064527,1.2179053288736459,0.9004962663663892,1.6471954915305655,3590.4385976798176,False,0.04517393241664585,0.049156496498702906,0.07416797996913345,0.15789825110160244,0.46972008525546455,0.6385550159894052,1.0769877026632948,0.7903237619763414,1.4676295557499428,3586.3021858401694,False,0.016905883082060078,0.018449790581752223,0.09358172817355852,0.1587335994248804,0.5895521081398108,0.5554909677025706,1.0981003454096363,0.8044985405180447,1.4988521518165714,3583.056993097731,False,0.021213899477896935,0.0233792277717067,207,0.7198724552304672,False,False,0.9280871820473942,False,False,0.9310648760323454,False,False,3583.056993097731,4.13641183964819,3.245192742438576,0.1409176262103511,1.1309977923155257,0.12459584551606083,low,4.517393241664585,4.915649649870291,0.0903478648332917,0.09831299299740581,1.6905883082060078,1.8449790581752223,0.033811766164120155,0.03689958116350445,2.1213899477896936,2.33792277717067,0.04242779895579387,0.0467584555434134
f33d3948-fe7b-4c3b-ab67-1022623fbb2b,"Toby, Beastie Befriender",0.08804500412370418,0.1957451203100908,0.4497941199465262,0.6528588980723042,1.092037267102582,0.7440735201062304,1.6027252153397662,3591.8857794132327,False,0.020176390946096145,0.021998802971089693,0.0988500081807968,0.20119899168847427,0.4913046897066505,0.6232109634277075,1.1039007110648602,0.7441594031673524,1.637548050461786,3586.2820758280523,False,0.02250279557401548,0.024610593462151886,0.0935599328035432,0.20194758647346936,0.463288194909101,0.6431578063789152,1.098076412167112,0.739147830561406,1.6312999336573522,3583.191111204579,False,0.021183851507568952,0.023372930895555033,119,0.8942231637972977,False,False,0.9280871820473942,False,False,0.9452974293912983,False,False,3583.191111204579,5.603703585180483,3.0909646234731554,0.01186344396227823,1.0980047967781845,0.010804546571279548,low,2.0176390946096143,2.1998802971089693,0.04035278189219229,0.043997605942179385,2.250279557401548,2.4610593462151886,0.04500559114803096,0.04922118692430377,2.1183851507568954,2.3372930895555033,0.042367703015137904,0.046745861791110066
17260fff-b239-4af4-9306-3236ae3fa5a5,Thundering Falls,0.0577803750925307,0.17370591571641875,0.3326333179513545,0.7394110900957055,1.0594822814582692,0.753758525887147,1.489207307344051,3591.977351715609,False,0.01324641972079563,0.014441707910760826,0.08360166938749515,0.17818496460015223,0.4691847573957636,0.6389375797107605,1.087195744199479,0.7667144349412958,1.5416360151037978,3586.3032271807824,False,0.01903721564538157,0.020798107315595282,0.09300200626497382,0.17982055675922384,0.5171934062550015,0.6050211544642259,1.0974639370693302,0.7714786468695777,1.5611930389193638,3583.1381422331433,False,0.021059467732492686,0.023236691040647295,152,0.9179625798096755,False,False,0.9280871820473942,False,False,0.9400164398749471,False,False,3583.1381422331433,5.67412453482666,3.165084947639116,0.03798165561106104,1.0813806542423594,0.035123298592457136,low,1.324641972079563,1.4441707910760826,0.02649283944159126,0.028883415821521652,1.903721564538157,2.0798107315595282,0.03807443129076314,0.041596214631190565,2.1059467732492685,2.3236691040647295,0.04211893546498537,0.04647338208129459
a8069994-b103-40dc-9e14-062004914ec8,Cathar Commando,0.1907980365656416,0.15626225742971794,1.2210116486475104,0.22208160936599242,1.2102150082183976,0.8909419652817268,1.6439009758103886,3590.5941445930275,False,0.043651220431335756,0.047583382543491426,0.08727387876856552,0.1615003833972851,0.5403942512871622,0.588925171496669,1.0911954940751374,0.7951163103593741,1.4975263251130027,3586.2311530310403,False,0.01987718352465332,0.021721423960281094,0.09200179416230471,0.16215048231586657,0.5673852636656774,0.5704524596217937,1.0963667891390176,0.7978671682802478,1.506541670235507,3583.0835184842,False,0.020838124824193265,0.022983932010638197,191,0.7504665208937782,False,False,0.9280871820473942,False,False,0.9310648760323454,False,False,3583.0835184842,4.362991561987201,3.147634546840436,0.11901951414326017,1.1325924304775175,0.1050859169993568,low,4.365122043133575,4.758338254349143,0.08730244086267151,0.09516676508698285,1.9877183524653321,2.1721423960281094,0.03975436704930664,0.04344284792056219,2.0838124824193267,2.2983932010638197,0.04167624964838653,0.045967864021276394
064dfdeb-485f-473e-9fa0-8fdb7638cdc6,Dismember,0.0060433687110473654,0.1471374743553927,0.04107294037445785,0.9672377468467456,1.0060616667056748,0.7540126898880734,1.3423647781907309,3592.0863155270536,False,0.001385853123646301,0.0015108385966700055,0.038330750795407514,0.1486793834594409,0.2578081096621172,0.7965550054068118,1.0390748508828185,0.7764051140876996,1.3906097810880669,3586.456870698813,False,0.008734336021150618,0.009521897651033562,0.09001168552966872,0.1502928760755839,0.5989085303311441,0.5492338826850858,1.0941870697859712,0.8150039235521251,1.4690056195910297,3583.0463854787167,False,0.020394503158654067,0.022490569935254723,219,0.9902532860966762,False,False,0.9499601391111803,False,False,0.9310648760323454,False,False,3583.0463854787167,5.629444828240594,3.410485220096234,0.08812540308029648,1.0464411957914883,0.0842143862786688,low,0.1385853123646301,0.15108385966700055,0.002771706247292602,0.003021677193340011,0.8734336021150618,0.9521897651033562,0.017468672042301236,0.019043795302067124,2.0394503158654067,2.249056993525472,0.040789006317308134,0.044981139870509446
8a720448-017f-4f4a-9501-678245eaed17,Mishra's Bauble,-0.009874312028196804,0.16030703808773739,-0.06159624771304495,0.9508843651615158,0.9901742789252231,0.72319520029953,1.355712955836832,3592.084209053074,False,-0.0022641770769602793,-0.0024685616613268624,0.07332751791588431,0.1632151930554621,0.44926894698440795,0.6532376558903759,1.0760829156402298,0.7814733268034422,1.4817581120385817,3586.3213936014163,False,0.01670300736553654,0.018231358803210085,0.08897841807480525,0.16396525355841637,0.5426663036452699,0.5873595787249198,1.0930570657959389,0.7926341771147178,1.5073457385291478,3583.110922647448,False,0.020154231569445014,0.02223482767472751,178,0.9879125725276184,False,False,0.9280871820473942,False,False,0.9327829500226703,False,False,3583.110922647448,5.762815451657843,3.21047095396807,0.10288278687071573,1.0531047534537972,0.09769473220332349,low,-0.22641770769602793,-0.24685616613268624,-0.004528354153920559,-0.004937123322653725,1.6703007365536542,1.8231358803210085,0.03340601473107308,0.03646271760642017,2.015423156944501,2.223482767472751,0.04030846313889003,0.04446965534945502
19557351-b65f-4b04-b971-66abdc07000a,Stoneforge Mystic,0.16275975892107727,0.20057385810476838,0.8114704501324437,0.41709555588064284,1.1767539510882776,0.7942436483034996,1.7434824494469567,3591.4268836898964,False,0.037273045355667916,0.04061096441395157,0.08087301971126773,0.20482113542755795,0.3948470432138155,0.692955774348597,1.084233211579046,0.7257306012162481,1.6198320080769573,3586.367211547296,False,0.01842205571992223,0.020124614964068754,0.08762995611579578,0.20584585462017227,0.4257066836613785,0.6703215912393118,1.091584113257115,0.7291849182858336,1.6340928705936881,3583.2241100707733,False,0.019850798638613634,0.021893572744312306,113,0.846426910556781,False,False,0.9367226555934245,False,False,0.9485959700416463,False,False,3583.2241100707733,5.059672142600448,3.143101476522588,0.09252073950923156,1.1175237586414795,0.08279084788470595,low,3.7273045355667915,4.061096441395157,0.07454609071133583,0.08122192882790313,1.842205571992223,2.0124614964068757,0.03684411143984446,0.04024922992813751,1.9850798638613634,2.189357274431231,0.03970159727722727,0.04378714548862461
89f5cc05-5d9d-4709-b3c5-a6249c294acc,Hexdrinker,0.11054251668767244,0.14079743875313772,0.7851173832891116,0.4323847485794672,1.1168838342438014,0.8475372708685629,1.4718284871611131,3591.471518993789,False,0.025322014226943156,0.027614262154087243,0.09486706190606274,0.1502851685867573,0.6312470006066996,0.5278790347951365,1.0995126782903715,0.8189830686645801,1.4761332388623414,3586.1247883714095,False,0.02159759974239998,0.023612574265418074,0.08400032223536094,0.15090160127810678,0.5566562682164721,0.5777623013847307,1.0876292442813718,0.809153356967633,1.4619445903916413,3583.0957205925124,False,0.019022086082610384,0.020989492414164146,241,0.846426910556781,False,False,0.9280871820473942,False,False,0.9310648760323454,False,False,3583.0957205925124,5.346730622379255,3.029067778897115,0.02925458996242969,1.101341918938515,0.026562677275214924,low,2.5322014226943157,2.7614262154087243,0.05064402845388631,0.05522852430817449,2.159759974239998,2.3612574265418074,0.04319519948479996,0.04722514853083615,1.9022086082610383,2.0989492414164146,0.03804417216522077,0.04197898482832829
21c950d7-b4f6-4902-8c9a-98f2933f9fa5,Adanto Vanguard,0.28180766375212013,0.16002321186933574,1.761042416660312,0.0782312240574856,1.3255237492031187,0.9686636560633275,1.8138527224630645,3588.9798088185626,False,0.06424564559939691,0.07007550144572156,0.08502493281017602,0.17389661495199576,0.4889395508569686,0.6248844937394988,1.0887442118127586,0.7742871862878968,1.5309099514337576,3586.284287113216,False,0.019363150843776045,0.02116017622692229,0.08303822616146987,0.17427835391079174,0.4764689607062437,0.6337403154425274,1.0865833436647143,0.7721724697447941,1.5290150957075748,3583.1786259749038,False,0.018807479456886742,0.020747651275205115,191,0.5242744212266087,False,False,0.9280871820473942,False,False,0.9445055524793186,False,False,3583.1786259749038,2.6955217053464366,3.105661138312371,0.23894040553840434,1.1669504348935307,0.20475625904385958,low,6.424564559939691,7.007550144572155,0.12849129119879382,0.1401510028914431,1.9363150843776045,2.1160176226922287,0.03872630168755209,0.04232035245384458,1.8807479456886742,2.0747651275205117,0.037614958913773484,0.04149530255041023
54a3ea87-005e-4985-b2a5-21711d0b71c0,Springheart Nantuko,0.12465704711096963,0.16013207314990457,0.7784639557765191,0.4362955477401548,1.1327599031621112,0.8276194627721775,1.5504045710982184,3591.4811695780813,False,0.028561165495451273,0.03113142984037065,0.08229426580641407,0.16364745507030803,0.5028753167658971,0.615051936208652,1.0857752693594582,0.7878443404547034,1.4963716498517954,3586.270200905869,False,0.018744386686278917,0.02047422927458442,0.08285243888645094,0.1643800851882165,0.5040296626661571,0.6142405326442869,1.0863814890578032,0.7871530883411032,1.4993585837981414,3583.151329795815,False,0.01876810935686532,0.02070309737394027,181,0.846426910556781,False,False,0.9280871820473942,False,False,0.9400164398749471,False,False,3583.151329795815,5.2109686722124025,3.1188711100539876,0.04698463380265294,1.1016388871931244,0.04264975968882644,low,2.8561165495451273,3.113142984037065,0.057122330990902546,0.0622628596807413,1.8744386686278918,2.047422927458442,0.037488773372557835,0.04094845854916884,1.8768109356865321,2.070309737394027,0.03753621871373064,0.04140619474788054
68924203-c3d9-41ce-8ca8-c6dd491eb3ca,Psychic Frog,-0.03839182237875738,0.1487964786699201,-0.2580156648997263,0.7963948176056038,0.9623358023071326,0.718900066441108,1.2882043550040172,3592.021464288469,False,-0.008800809281119879,-0.009597031123641242,0.07875250911725457,0.15399763804585548,0.5113877726735304,0.6090795550942185,1.081936519508048,0.8000485533626036,1.4631444895753056,3586.261613406768,False,0.01794016874707818,0.019578933621712036,0.08276036362294009,0.15417812823407473,0.5367840728828444,0.5914167745744784,1.0862814648008754,0.8029773535669283,1.469540100387877,3583.117243503053,False,0.018749409178145597,0.020683020086213533,216,0.9286631876624786,False,False,0.9280871820473942,False,False,0.9347748545999457,False,False,3583.117243503053,5.759850881700913,3.14436990371496,0.12394566249374284,1.0435179288720187,0.1187767445718166,low,-0.8800809281119879,-0.9597031123641242,-0.017601618562239758,-0.019194062247282484,1.794016874707818,1.9578933621712036,0.03588033749415636,0.03915786724342407,1.8749409178145597,2.0683020086213535,0.037498818356291194,0.041366040172427065
2c723fc9-d5c9-4126-a9a6-f80c247a4b6b,Baloth Prime,0.12992338821686492,0.24877924655507755,0.5222436759333983,0.6015006797791553,1.1387411389935052,0.6992940624375985,1.8543434747838128,3591.815944578744,False,0.02975136036980573,0.03243872775173384,0.07707772623884786,0.26231552202815955,0.29383593331763863,0.7688832756710425,1.0801260272635462,0.6459322241136649,1.8061836694600812,3586.437120417386,False,0.017551494241669654,0.01917629995104264,0.0826084330808223,0.26222495423550307,0.31502887786427847,0.7527397280007877,1.0861164380056585,0.6496298906765461,1.8158784468454399,3583.306524628901,False,0.01870672445405792,0.020640916461527603,70,0.883561866482415,False,False,0.9499601391111803,False,False,0.9485959700416463,False,False,3583.306524628901,5.378824161358352,3.1305957884846976,0.058615111729958924,1.1016612014209033,0.05320611423399334,low,2.975136036980573,3.2438727751733842,0.05950272073961146,0.06487745550346768,1.7551494241669654,1.9176299951042641,0.03510298848333931,0.03835259990208528,1.8706724454057921,2.06409164615276,0.03741344890811584,0.041281832923055206
0d60eabe-b281-4eba-9c26-287364ed2067,Earthshaker Khenra,0.24745836060534812,0.19365190999725818,1.2778513809073806,0.20130183368974575,1.280766030951166,0.8762539060193127,1.8720163354139145,3590.4484600418828,False,0.05652834314632407,0.06159060112823611,0.08951110416473411,0.20133206909856324,0.4445943687238095,0.6566129177602054,1.0936394771978413,0.7370498490672113,1.6227495434660901,3586.3254798165667,False,0.020387108146112408,0.022279739957998757,0.08188297980162482,0.20199814529006796,0.4053650080996606,0.685209228116353,1.085328797007033,0.7304946402129415,1.612521889646392,3583.241170269999,False,0.018548868816913613,0.020459615918594798,122,0.7198724552304672,False,False,0.9280871820473942,False,False,0.9485959700416463,False,False,3583.241170269999,4.1229802253160415,3.0843095465675106,0.19543723394413282,1.1532447683853466,0.16946726254632286,low,5.652834314632408,6.159060112823611,0.11305668629264815,0.12318120225647222,2.0387108146112407,2.227973995799876,0.040774216292224816,0.04455947991599751,1.8548868816913613,2.04596159185948,0.037097737633827226,0.040919231837189596
abcd0e32-2e6b-419b-9e8a-af38f2b48a66,Monastery Mentor,-0.07632776739256138,0.3453740378953317,-0.22100030406944804,0.8250921962188751,0.9265124762071466,0.4708287300005578,1.8232221482458841,3592.039074141193,False,-0.01749702169791741,-0.01907305223329253,0.025716389233434774,0.3508145661196295,0.07330479323559604,0.9415635775140357,1.0260499084032877,0.5158804840632804,2.040740921700105,3586.5180126997743,False,0.0058586459108175715,0.006386854584529367,0.0815228381886664,0.3528577548065374,0.231035982851966,0.8172868478568183,1.0849379953196878,0.5433082930990857,2.1665239950122226,3583.352406258321,False,0.018461955842530103,0.02036955112274702,37,0.940165660217785,False,False,0.987457399688462,False,False,0.9544483027935096,False,False,3583.352406258321,5.521061441418624,3.165606441453292,0.1584255191125412,1.012500126643374,0.15646962893501185,low,-1.749702169791741,-1.9073052233292531,-0.03499404339583482,-0.03814610446658506,0.5858645910817571,0.6386854584529367,0.011717291821635143,0.012773709169058733,1.8461955842530102,2.0369551122747023,0.03692391168506021,0.04073910224549404
b34bf7fd-9fe3-43e2-8cfe-7ce7cff08afe,Stonecoil Serpent,0.048824217852799445,0.18186678162114497,0.26846143873875444,0.7883441531612755,1.0500357569763608,0.7351838506389049,1.4997270274241417,3592.0160058179968,False,0.01119160045610824,0.012203979908789797,0.08107029748710702,0.18485939169825838,0.43855114280282903,0.660986804969544,1.0844471277952814,0.7548364994223411,1.55798715865412,3586.3313641101677,False,0.018455134416707594,0.020169216130523304,0.08111285218433935,0.1862540822780601,0.43549570131432275,0.663202658549225,1.084493277096397,0.7528079357811244,1.5623183712149868,3583.2163137201333,False,0.01836400877601965,0.020269157957413575,138,0.923912705502736,False,False,0.9280871820473942,False,False,0.9485959700416463,False,False,3583.2163137201333,5.684641707829087,3.115050390034412,0.03445752012003633,1.072992053956013,0.0321134904895101,low,1.119160045610824,1.2203979908789797,0.02238320091221648,0.024407959817579594,1.8455134416707593,2.0169216130523306,0.03691026883341519,0.04033843226104661,1.836400877601965,2.0269157957413575,0.0367280175520393,0.04053831591482715
01c6f877-6b00-4d57-8a88-36cd3b16edbc,Llanowar Elves,0.11918220395990636,0.153542912125676,0.7762142993768077,0.43762246446321795,1.1265751660456937,0.8337998413520735,1.5221538093516764,3591.4865921127985,False,0.027281215280545616,0.0297675029331827,0.08453236418567996,0.16903971780029797,0.500073978386226,0.6170229879659609,1.088208062629891,0.7813082796960273,1.5156588229596384,3586.2735254190643,False,0.019240054269459586,0.021035511838915832,0.07989593685731822,0.17057953607794585,0.46837937711830796,0.6395133132068392,1.0831743432835987,0.7753506085077302,1.513207889532672,3583.18645945318,False,0.018087059283250453,0.019963633064205788,202,0.846426910556781,False,False,0.9280871820473942,False,False,0.9452974293912983,False,False,3583.18645945318,5.213066693734163,3.087065965884449,0.043400822762095004,1.099319190653061,0.03947972811819316,low,2.7281215280545617,2.97675029331827,0.05456243056109123,0.0595350058663654,1.9240054269459586,2.1035511838915832,0.03848010853891917,0.042071023677831665,1.8087059283250453,1.9963633064205788,0.03617411856650091,0.039927266128411576
3003d481-1b52-4aa9-bbdc-e948fbc8d49d,Sylvan Library,0.12499543239400317,0.20131868771468048,0.6208834053754281,0.534676340499642,1.1331432773029773,0.7636931584708019,1.681321447828609,3591.701710372419,False,0.028639071094375995,0.031213000556359394,0.10345202400010106,0.21862493337468575,0.47319407902483834,0.6360747216449056,1.1089925870605204,0.722489172393599,1.7022601931606225,3586.299158091042,False,0.023558004032376213,0.025759742343099967,0.07822859438271669,0.21942533657928223,0.35651577708507387,0.7214543388826404,1.0813698254862794,0.7033890929036104,1.662466352222028,3583.2784235663094,False,0.017721460274215475,0.019547127656754704,113,0.8552257053075808,False,False,0.9280871820473942,False,False,0.9485959700416463,False,False,3583.2784235663094,5.402552281376757,3.0207345247326884,0.0517734518166979,1.1078352299499257,0.04673389184331868,low,2.8639071094375996,3.121300055635939,0.05727814218875199,0.06242600111271879,2.3558004032376214,2.5759742343099967,0.04711600806475243,0.051519484686199934,1.7721460274215475,1.9547127656754704,0.03544292054843095,0.03909425531350941
1ac01fff-4de6-4783-9489-4127e25bc641,Prismatic Vista,0.05667190802880742,0.1498400185079987,0.3782161040362004,0.7052700631896909,1.058308530896776,0.7889798254406649,1.4195761544895455,3591.9448126687,False,0.012996519507010019,0.014164991446665276,0.06164630514961353,0.15134235510393548,0.40733015623602176,0.6837655169976026,1.0635860932687224,0.7905829368742013,1.430862373867075,3586.357293701558,False,0.014045718257655809,0.015324529578954249,0.07815028627914272,0.151807361063887,0.5147990567219843,0.6066934445850906,1.0812851487814628,0.803006764202817,1.455999656660487,3583.1403376654735,False,0.01770664997294639,0.019529471774201723,213,0.9112555625741898,False,False,0.9367226555934245,False,False,0.9400164398749471,False,False,3583.1403376654735,5.587518967141932,3.2169560360844116,0.022976617884686856,1.0677265909823204,0.021519196092651502,low,1.2996519507010018,1.4164991446665276,0.025993039014020038,0.028329982893330552,1.4045718257655808,1.532452957895425,0.028091436515311617,0.030649059157908498,1.770664997294639,1.9529471774201723,0.03541329994589278,0.039058943548403446
fc310a26-b6a0-4e42-98ab-bdfd7b06cb63,"Beza, the Bounding Spring",0.0655043801779619,0.18017442883582094,0.36356091483798175,0.7161859176542246,1.0676974140079385,0.7500334298286638,1.5199026103938507,3591.9557495112344,False,0.015017512772788181,0.016371097776485433,0.0786030522539117,0.18334728242093182,0.428711302485812,0.6681333343393765,1.0817748287527036,0.7552113604531158,1.549548697759017,3586.339473101193,False,0.01790209222653641,0.01955713718704144,0.07810305720377624,0.184156570857111,0.4241122477480166,0.6714839537113776,1.081234081889609,0.7536374805074454,1.5512327479420205,3583.225691914148,False,0.01769085301441392,0.019515941404650183,139,0.9179625798096755,False,False,0.9303652066896955,False,False,0.9485959700416463,False,False,3583.225691914148,5.616276410041337,3.1137811870453334,0.014077414744765093,1.0769021082167505,0.013072139647006523,low,1.5017512772788182,1.6371097776485433,0.030035025545576362,0.032742195552970865,1.7902092226536408,1.955713718704144,0.03580418445307282,0.03911427437408288,1.769085301441392,1.9515941404650183,0.03538170602882784,0.03903188280930037
72c6d541-e2cb-4d6e-acac-90a8f53b7006,Elegant Parlor,0.16220021650308822,0.17796540750554224,0.9114142954890654,0.3620771241770415,1.1760956915163583,0.8297656377604631,1.6669780148242819,3591.2544287105356,False,0.03714814271695642,0.04047471878874287,0.07424973376026063,0.18072894536475356,0.4108347647932498,0.6811936995565371,1.0770757540902047,0.7557996137198579,1.5349203135197407,3586.3543218384175,False,0.016915321999905905,0.018467628701595573,0.07795860539136958,0.18185477232738148,0.4286860575263084,0.6681517084727453,1.0810779069469925,0.7569358675377934,1.5440270318945295,3583.2215777089664,False,0.017662486712774404,0.01948130681229343,148,0.8120473943540878,False,False,0.9367226555934245,False,False,0.9485959700416463,False,False,3583.2215777089664,4.900106872118158,3.132744129451112,0.09901993742615356,1.1114164508511852,0.08909346028693252,low,3.714814271695642,4.047471878874287,0.07429628543391284,0.08094943757748574,1.6915321999905906,1.8467628701595573,0.03383064399981181,0.036935257403191146,1.7662486712774403,1.948130681229343,0.03532497342554881,0.03896261362458686
54f449ff-4025-465e-9ec5-a5cf42c4c9d3,Xander's Lounge,0.0007865141828194487,0.1470962577564949,0.005346935366101935,0.9957337831521088,1.0007868235662054,0.7501199506649882,1.3352188077864489,3592.087974118408,False,0.00018035514494778006,0.0001966285377983934,0.09045509932637998,0.15186290188954432,0.5956365787884879,0.551418034826177,1.0946723550120285,0.8128601606273586,1.4741866102808345,3586.1682812123645,False,0.02060213531320079,0.022496018649501015,0.0778913893450627,0.15218262061574073,0.5118284139799216,0.6087711024275202,1.0810052436064364,0.8022086466270012,1.456693768657365,3583.143494941335,False,0.01764580906437529,0.01946650952796597,214,0.9972288789226075,False,False,0.9280871820473942,False,False,0.9400164398749471,False,False,3583.143494941335,5.919692906043565,3.0247862710293703,0.09388553144582312,1.058821474061557,0.08866984071043206,low,0.018035514494778006,0.01966285377983934,0.0003607102898955601,0.0003932570755967868,2.0602135313200787,2.2496018649501015,0.04120427062640158,0.04499203729900203,1.764580906437529,1.946650952796597,0.03529161812875058,0.03893301905593194
32a180dd-9641-4546-8940-9b21084f0c71,Lightning Bolt,0.11246719647002838,0.15429584110530112,0.7289062081282783,0.46605903701529827,1.1190355479945548,0.8269982896517121,1.5141996946606155,3591.55519111032,False,0.02578625150717725,0.0280931448476609,0.057879790119478934,0.15845159302761927,0.3652837375348449,0.7148996165060615,1.059587615153621,0.7767122496978355,1.4454850102128713,3586.3897633280185,False,0.013189273962879694,0.014389722804131533,0.07756544372188941,0.1596831968152745,0.4857458096334272,0.6271473999165689,1.0806529520957124,0.7902439197216393,1.4777852429216225,3583.169291777205,False,0.017577199474218548,0.019381792777216245,197,0.846426910556781,False,False,0.938118457477708,False,False,0.9400164398749471,False,False,3583.169291777205,5.165427782301322,3.220471550813272,0.05944793284093386,1.0864253717479626,0.054718837010670485,low,2.578625150717725,2.80931448476609,0.0515725030143545,0.0561862896953218,1.3189273962879695,1.4389722804131533,0.026378547925759388,0.028779445608263066,1.7577199474218548,1.9381792777216245,0.035154398948437096,0.03876358555443249
1fc6d14a-1328-4032-ad9e-cd85cd365bd3,Endurance,0.011415980859816278,0.17672481850427257,0.0645974965850101,0.9484944779844082,1.0114813918425114,0.7153633644088778,1.430174729298686,3592.083830209636,False,0.0026177195334481877,0.0028539689299292292,0.06971606211456813,0.1863538320097315,0.3741058681901831,0.7083255529973873,1.0722036987782235,0.7441315474984193,1.5449160508493904,3586.38346953952,False,0.015876159025566102,0.017340914613667935,0.07681284409537095,0.18691658134816122,0.41094719120876216,0.6811112578156912,1.0798399590550722,0.7486051115816081,1.557636087614323,3583.236849391186,False,0.017395108969233096,0.01919420377986697,145,0.9877141508563902,False,False,0.9367226555934245,False,False,0.9485959700416463,False,False,3583.236849391186,5.70036067011597,3.146620148334023,0.06835856721256084,1.0545083498919359,0.0648250601520283,low,0.2617719533448188,0.2853968929929229,0.005235439066896375,0.0057079378598584585,1.5876159025566101,1.7340914613667935,0.031752318051132204,0.03468182922733587,1.7395108969233095,1.919420377986697,0.03479021793846619,0.03838840755973394
ec3de5f4-bb55-4ab9-995f-f3e0dc22c1bb,Voice of Victory,0.1754687532123513,0.19966797491995816,0.8788026887270844,0.3795082681945159,1.1918047479995604,0.8058316110211686,1.762649340045538,3591.3132931748737,False,0.04016524376569063,0.043768364845079344,0.03126713890788079,0.20564682007032534,0.15204290004186946,0.8791530996222843,1.0317610906058545,0.6894916938633597,1.5439358553014653,3586.5002517135995,False,0.007123854720819116,0.0077673293245051345,0.07591874997972672,0.20586986281798225,0.3687705861389217,0.7122987306789021,1.0788749119875842,0.7206611811945357,1.615143296308636,3583.2695045029323,False,0.017198356086381737,0.01897004458284335,115,0.8218571911874742,False,False,0.9679438177072203,False,False,0.9485959700416463,False,False,3583.2695045029323,4.813041461274224,3.230747210667232,0.16004365739370585,1.1008135835309998,0.14538670287874303,low,4.0165243765690635,4.376836484507934,0.08033048753138126,0.08753672969015869,0.7123854720819116,0.7767329324505134,0.014247709441638232,0.015534658649010269,1.7198356086381736,1.8970044582843348,0.03439671217276347,0.0379400891656867
fe30c0ff-f74b-456a-a61e-3720d84d713f,Parallax Wave,0.05949405871140232,0.14455986166610388,0.4115530965906588,0.680667015960684,1.0612994554744515,0.7994404207249505,1.4089311785973517,3591.9184251124316,False,0.013644822695245126,0.014870132497605826,0.028411729349470335,0.14998239142397335,0.18943376672235787,0.8497528615340444,1.0288191922868961,0.7667812212742757,1.3804053895045112,3586.4874773043543,False,0.006474110826409193,0.007056993082826757,0.0755103834180579,0.15073100008125195,0.5009612049104286,0.6163984263275462,1.0784344254954037,0.8025810945046269,1.44910068036358,3583.1543277074607,False,0.017111116984564943,0.018868436192903126,227,0.9056993328965004,False,False,0.9610784368295511,False,False,0.9400164398749471,False,False,3583.1543277074607,5.430947808077235,3.3331495968936906,0.04961523320850758,1.0561843577522503,0.04697592124361479,low,1.3644822695245127,1.4870132497605826,0.027289645390490253,0.02974026499521165,0.6474110826409193,0.7056993082826757,0.012948221652818385,0.014113986165653514,1.7111116984564942,1.8868436192903126,0.034222233969129885,0.03773687238580625
33ab05b5-d6f5-439c-9aed-1a58ceb282ad,Flametongue Yearling,0.2523441003512879,0.22189010485473343,1.1372481008853101,0.25543458395803254,1.2870388316117085,0.8331342334798776,1.9882377743111188,3590.794548011795,False,0.05760368184786266,0.06278541253449377,0.08718519604737954,0.22784794401978123,0.3826464022857732,0.7019819599176844,1.0910987281801718,0.6980973093702866,1.7053445395889963,3586.3769109765594,False,0.019853054862615134,0.02169745348079316,0.07458158566195404,0.22873121445103203,0.32606649617523387,0.7443740451099812,1.0774332430408808,0.6881615932881238,1.6869037803502536,3583.299323334677,False,0.01689252387732782,0.01863737104589369,93,0.7714631446865359,False,False,0.9367226555934245,False,False,0.9485959700416463,False,False,3583.299323334677,4.417637035235657,3.0775876418824737,0.20960558857082767,1.151856934277587,0.18197189454112764,low,5.760368184786266,6.278541253449377,0.11520736369572532,0.12557082506898753,1.9853054862615134,2.1697453480793163,0.03970610972523027,0.04339490696158632,1.689252387732782,1.8637371045893691,0.03378504775465564,0.03727474209178738
f823be95-bef4-4e86-a924-239be62394bf,Izzet Signet,-0.09604629623318456,0.2811596412082587,-0.3416076924142956,0.7326461474083283,0.9084219585803376,0.5235518582117186,1.5762153106468826,3591.9714258802132,False,-0.02200877176605321,-0.023994238086918862,0.08605171894232026,0.2905027841657512,0.29621650336136546,0.7670647462388274,1.0898626933933213,0.6167239647875709,1.9259843272989725,3586.4356030518898,False,0.019595972905698932,0.021406407560670138,0.07356140292184664,0.293032180881978,0.251035236814056,0.8017868662290464,1.0763346247337144,0.6060567371672937,1.9115309728516037,3583.3426376199714,False,0.01666211897687135,0.018384048972338418,56,0.9179625798096755,False,False,0.9499601391111803,False,False,0.9485959700416463,False,False,3583.3426376199714,5.535822828323489,3.092965431918401,0.18144073481298373,1.0248730922357911,0.17703727045576478,low,-2.2008771766053212,-2.3994238086918864,-0.04401754353210642,-0.047988476173837724,1.9595972905698933,2.1406407560670138,0.039191945811397864,0.042812815121340275,1.6662118976871352,1.8384048972338418,0.0333242379537427,0.036768097944676836
345a1c80-41d6-43b1-83ab-1aa56dd06b1b,Bitter Reunion,0.08203068444751441,0.30201424757203466,0.27161196899477047,0.785920395406334,1.0854891169523777,0.6005452774062507,1.9620279558454963,3592.0142988986095,False,0.018800827376237228,0.020496776171489484,0.12078053000817539,0.3041920136791165,0.39705358647444083,0.691327945217231,1.128377240246347,0.6216140875586347,2.048272749587359,3586.3659677694827,False,0.02748764087637895,0.03007774634189747,0.07294926120564087,0.3062195271541757,0.2382253734227481,0.8117062983906324,1.0756759570288756,0.5902311660132215,1.9603823572136962,3583.348962198884,False,0.016522423816864844,0.018230362325050986,49,0.923912705502736,False,False,0.9367226555934245,False,False,0.9531832764551968,False,False,3583.348962198884,5.6483311291267455,3.01700557059894,0.05270128321747136,1.0965141047425335,0.04806256753974529,low,1.8800827376237228,2.0496776171489484,0.037601654752474456,0.04099355234297897,2.7487640876378947,3.0077746341897473,0.0549752817527579,0.06015549268379494,1.6522423816864844,1.8230362325050986,0.03304484763372969,0.03646072465010197
ca4c8b04-66af-4cb3-8003-9088d8344b20,Alpha Deathclaw,0.03911988316699564,0.25032784275503644,0.1562745986880781,0.8758165776371982,1.039895142100762,0.6366579813044059,1.6985287836165865,3592.0635836658976,False,0.0089694358230444,0.009778818142057943,0.11193892700287411,0.2561153946341544,0.4370644223193698,0.6620646281376459,1.118444551798256,0.6770248866996998,1.847669472750205,3586.3325186405073,False,0.025479436820175533,0.027874854996991938,0.0717620586821009,0.2554021161077729,0.2809767584377383,0.7787282261079778,1.0743996695739286,0.6512731829754289,1.7724277310280676,3583.326762272794,False,0.01625375371629168,0.01793344714492484,72,0.9576551758754281,False,False,0.9280871820473942,False,False,0.9485959700416463,False,False,3583.326762272794,5.731065025390308,3.005756367713275,0.07854940969749391,1.0775797878243154,0.07289428642317883,low,0.8969435823044399,0.9778818142057943,0.0179388716460888,0.019557636284115887,2.547943682017553,2.787485499699194,0.050958873640351066,0.055749709993983876,1.6253753716291681,1.7933447144924841,0.03250750743258336,0.03586689428984968
b277752b-430a-4f09-8a98-b72f813dd52e,Bountiful Landscape,0.05485171165564613,0.21061149701837387,0.2604402534153244,0.7945241962017927,1.056383953632792,0.6991102509531687,1.5962390137626552,3592.020197222102,False,0.012574705013760807,0.01370985840368788,0.03696277308109151,0.21196698384964036,0.17437986053201193,0.8615669407953876,1.0376543914432497,0.6848930972797738,1.5721090493654453,3586.4929798008043,False,0.008420267848794629,0.009182711875242833,0.07118289342272724,0.21354834977309695,0.33333384921195464,0.7388822909956823,1.073777594770075,0.7065425359186399,1.6318880526153887,3583.2946004845844,False,0.01612197439186558,0.01778927514046008,100,0.928104446351306,False,False,0.9610784368295511,False,False,0.9485959700416463,False,False,3583.2946004845844,5.527217421297792,3.198379316219871,0.03612320332682528,1.0559386466153722,0.03420956647681372,low,1.2574705013760807,1.370985840368788,0.025149410027521614,0.02741971680737576,0.8420267848794629,0.9182711875242833,0.016840535697589257,0.018365423750485665,1.612197439186558,1.7789275140460081,0.03224394878373116,0.03557855028092016
cda40e31-ba99-4565-ad92-7c687ff44bd9,"Daretti, Scrap Savant",0.05440365253230611,0.5136325135139695,0.1059194095017633,0.9156462941392267,1.0559107371870065,0.3858463391202005,2.8896152998343574,3592.076815014978,False,0.012472135066891392,0.013597619702203523,0.04765966034650664,0.510064270767905,0.09343853917616053,0.9255551745923651,1.048813641703574,0.38594272152545755,2.850189921125262,3586.5146735185294,False,0.01085625922360921,0.011846139107615228,0.07038079618285407,0.5087413495937025,0.13834298359876288,0.8899693560857925,1.0729166660455065,0.39583720567919733,2.9081404066174215,3583.386601212418,False,0.01594077166031212,0.017588296539682524,17,0.9794854952985347,False,False,0.9853444864883499,False,False,0.9791552533588449,False,False,3583.386601212418,5.562141496448476,3.128072306111335,0.024103024341932455,1.0592136816453623,0.022755582522774136,low,1.2472135066891392,1.3597619702203523,0.024944270133782784,0.027195239404407046,1.085625922360921,1.1846139107615228,0.02171251844721842,0.023692278215230456,1.594077166031212,1.7588296539682524,0.03188154332062424,0.03517659307936505
900c9dfd-ece1-4b09-a801-0fa05e1994b9,Fallen Shinobi,0.02819908527085343,0.2845551090713213,0.09909885421802625,0.921059781812757,1.0286004432363582,0.5888823100175039,1.7966558917257751,3592.0781808492266,False,0.0064659797868577545,0.007049331566037931,0.06347657821819447,0.2901419262205776,0.2187776825123061,0.8268232325207153,1.0655345287919595,0.603383922671296,1.8816607294099426,3586.4754956547113,False,0.014458104039002195,0.01578606879462685,0.06941581682097266,0.290966211013643,0.23857002701154822,0.8114390090530251,1.0718818229871534,0.6059983857072654,1.8959302030307186,3583.34871657009,False,0.0157235813660165,0.017347405813240402,58,0.9807819754557375,False,False,0.9607858816921901,False,False,0.9531832764551968,False,False,3583.34871657009,5.6026851945152885,3.1267790846213757,0.04328137975079516,1.0553389316718238,0.041011828950752914,low,0.6465979786857754,0.7049331566037931,0.012931959573715509,0.014098663132075862,1.4458104039002195,1.578606879462685,0.02891620807800439,0.0315721375892537,1.57235813660165,1.7347405813240402,0.031447162732033,0.034694811626480804
93f99e67-901f-4c8d-8a09-e443b7eb928f,Archangel Elspeth,0.17925073346423126,0.17009875710529732,1.0538038990682839,0.2919727080193403,1.196320664190783,0.857149585196497,1.6697005473575366,3590.975672972214,False,0.04101663724572792,0.04471271462961973,0.08048319724745147,0.17482649433343497,0.4603604136450349,0.6452575440339918,1.083810635487335,0.7693750387744529,1.526752798565662,3586.3112934905544,False,0.018330595133023257,0.020027278573252816,0.06825525535093505,0.17496694091535758,0.3901037247027961,0.6964598486912063,1.0706385598241692,0.7598152640683843,1.5086126588781004,3583.253399763551,False,0.015462211603636858,0.017057014984746433,164,0.788790461572665,False,False,0.9280871820473942,False,False,0.9485959700416463,False,False,3583.253399763551,4.66437948165958,3.057893727003375,0.12568210436661387,1.1169232865007623,0.11252527893868751,low,4.101663724572792,4.471271462961973,0.08203327449145584,0.08942542925923946,1.8330595133023257,2.0027278573252816,0.036661190266046514,0.04005455714650563,1.5462211603636857,1.7057014984746433,0.030924423207273715,0.034114029969492865
f3405184-dcda-4bb6-ade6-c2a87bc3296d,Sleight of Hand,-0.09129792252506186,0.28916216093106095,-0.3157326056462421,0.7522054759511484,0.9127457428721207,0.5178571960922043,1.6087539140478522,3591.9880317510556,False,-0.02092733923212301,-0.02280954303671856,0.05296864243109882,0.29287366710099094,0.18085833033542673,0.8564787769733215,1.0543965812875111,0.5938884659049621,1.8719881163826146,3586.4907310690496,False,0.012064225230010505,0.013166679691474392,0.06817279672928488,0.29325825417689017,0.2324667618329467,0.8161755003432413,1.0705502800840034,0.6025326757623746,1.902100829200383,3583.351748886013,False,0.015439629279989863,0.01703722364753496,55,0.9209000795118067,False,False,0.9610784368295511,False,False,0.9544483027935096,False,False,3583.351748886013,5.497300682005971,3.13898218303666,0.1578045372118827,1.012564201414545,0.15584645101163055,low,-2.0927339232123012,-2.280954303671856,-0.04185467846424602,-0.04561908607343712,1.2064225230010506,1.3166679691474392,0.02412845046002101,0.026333359382948784,1.5439629279989864,1.703722364753496,0.030879258559979725,0.03407444729506992
7c59e0cd-10a8-4a32-9c0a-a2c6ef1ed9a6,Unable to Scream,0.024715088478248402,0.33180435659874835,0.07448693179196682,0.9406229391990857,1.025023038043973,0.5349288933982868,1.9641343765265784,3592.082459098434,False,0.005666924706913838,0.006178471193797219,0.10357794326097955,0.33948830724892687,0.3051001788554441,0.7602898549845516,1.1091322393796768,0.5701708997625935,2.1575536824899233,3586.4306520959544,False,0.023577014097575146,0.02578943970082309,0.06759753790654661,0.34181134062800894,0.1977627125605308,0.8432307210043679,1.0699346136909407,0.5475219702838079,2.0908020859520873,3583.366653204417,False,0.015310138654894155,0.01689318761667713,41,0.9864709126506135,False,False,0.9461069650647311,False,False,0.9601649687173707,False,False,3583.366653204417,5.651807002479472,3.063998891537267,0.08410920133570365,1.0680299637048636,0.07875172438415422,low,0.5666924706913837,0.6178471193797219,0.011333849413827675,0.012356942387594438,2.3577014097575146,2.5789439700823094,0.04715402819515029,0.05157887940164618,1.5310138654894156,1.689318761667713,0.03062027730978831,0.03378637523335426
a87606cc-fbf0-4e2c-9798-f1c935d0573d,Esika's Chariot,0.12426943534796991,0.25250036431531375,0.4921554694978045,0.6226094416627777,1.1323209171825521,0.6902984223644084,1.85738604920683,3591.845433801598,False,0.028469045019541422,0.031030412663757723,0.047722003665524516,0.25791414141148217,0.18503058189968627,0.8532050488221901,1.048879030265278,0.632680506388334,1.7388669463050734,3586.489126196818,False,0.010871517583026107,0.011862254977691444,0.06671134935246635,0.25965809986744803,0.25691996277613366,0.797240559656378,1.0689868698845544,0.6426091930452243,1.7782704330299801,3583.339612647086,False,0.015112169452012844,0.01667164733318649,68,0.8942231637972977,False,False,0.9610784368295511,False,False,0.9485959700416463,False,False,3583.339612647086,5.356307604780341,3.149513549731637,0.08344188691727417,1.0833956057774614,0.07701885301389512,low,2.846904501954142,3.1030412663757723,0.056938090039082845,0.062060825327515445,1.0871517583026107,1.1862254977691444,0.021743035166052214,0.02372450995538289,1.5112169452012845,1.667164733318649,0.030224338904025688,0.03334329466637298
b51666ae-2aef-4cb1-9cd4-44aec81530f8,Griselbrand,-0.1475851828729322,0.22877037795666513,-0.6451236571409982,0.5188470542116066,0.8627889403503625,0.551024986301348,1.3509455543705537,3591.670654308142,False,-0.03380056892624493,-0.036835543004525795,0.03662200397341033,0.24090751008394423,0.1520168630718461,0.8791736354192528,1.0373008511234267,0.6469044249023961,1.6632952478315939,3586.500289664841,False,0.00834219182345531,0.009096130867606078,0.06662506451167977,0.24352911303009636,0.2735815183765974,0.7844062385072569,1.068894636501912,0.6631911649971477,1.722784928758013,3583.3309219032635,False,0.015089018775377347,0.01665200353716545,85,0.8493954793707131,False,False,0.9679438177072203,False,False,0.9485959700416463,False,False,3583.3309219032635,5.1703646433006725,3.1693677615776323,0.2061056961515496,0.9896614759919004,0.20825878459599292,low,-3.380056892624493,-3.6835543004525793,-0.06760113785248986,-0.07367108600905159,0.8342191823455309,0.9096130867606078,0.01668438364691062,0.018192261735212156,1.5089018775377347,1.665200353716545,0.030178037550754693,0.0333040070743309
c8090bcf-e17a-4110-a518-77ccd045b18f,Charming Scoundrel,0.09801558816895167,0.17189797141158547,0.5701963051923816,0.5685445618151252,1.1029799784127552,0.7874901346434113,1.5448635852819699,3591.762482552984,False,0.022465448213769463,0.02448744866065178,0.06197470934205716,0.174707335427894,0.3547344431203671,0.7227885449707496,1.0639354367605707,0.7554424551316438,1.4984048168138109,3586.397454942039,False,0.014118233572743638,0.01540734536658378,0.0664817840644757,0.1753583948700265,0.37911948335151674,0.7045991387677201,1.068741495771678,0.7578872357704578,1.507095423797619,3583.2618229800073,False,0.015061509338037704,0.016615368134763275,155,0.8684521446552185,False,False,0.9422432422336935,False,False,0.9485959700416463,False,False,3583.2618229800073,5.365027610944708,3.1356319620317663,0.03904454165218452,1.0785523036483347,0.03620087919715307,low,2.246544821376946,2.448744866065178,0.044930896427538926,0.04897489732130356,1.411823357274364,1.540734536658378,0.028236467145487276,0.03081469073316756,1.5061509338037704,1.6615368134763275,0.03012301867607541,0.03323073626952655
69c68c95-b788-43b1-9f22-1b22c5a00b25,Deep-Cavern Bat,0.04486425626477207,0.14711293285109403,0.30496473284359804,0.7603930127347029,1.0458858778166682,0.783897433252281,1.3954341767366154,3591.9949662903787,False,0.010287547426826147,0.01121459582940465,0.06908566620951574,0.14949156465594468,0.4621375551758832,0.643982680140261,1.0715279989587083,0.7993808403613174,1.436326960292773,3586.3097150648823,False,0.01573711208744404,0.01717915502187567,0.06574086895230077,0.1503630403366587,0.43721428354407293,0.6619559519248261,1.0679499423196206,0.7953518448404979,1.4339780396551456,3583.2144260667656,False,0.014893480669223223,0.016430570698685365,218,0.9209000795118067,False,False,0.9280871820473942,False,False,0.9485959700416463,False,False,3583.2144260667656,5.6852512254963585,3.0952889981167573,0.02564212114204012,1.0617879396983325,0.02414994575030243,low,1.0287547426826147,1.121459582940465,0.020575094853652293,0.0224291916588093,1.5737112087444038,1.717915502187567,0.03147422417488808,0.03435831004375134,1.4893480669223222,1.6430570698685365,0.029786961338446445,0.03286114139737073
2aef4608-5ba8-4636-b5e7-cac57c5c0608,Windfall,0.006056798658259938,0.22529058211312994,0.026884384608756123,0.9785519482936454,1.0060751781514798,0.6469328721845293,1.5645939596091794,3592.087279894639,False,0.0013888827987604715,0.0015141954684575465,0.06164543470420377,0.23157807429352104,0.26619719890264437,0.7900873401769495,1.0635851674754926,0.6755368364724657,1.6745399323904657,3586.452494605418,False,0.014041872581233747,0.01532643388248145,0.06511327794417447,0.23357357026429446,0.27876988766536015,0.7804214248621527,1.0672799168116756,0.675237417870368,1.686942089823907,3583.327930216724,False,0.014750083277075374,0.01627346289417536,86,0.9902532860966762,False,False,0.9499601391111803,False,False,0.9485959700416463,False,False,3583.327930216724,5.634785289220872,3.1245643886941252,0.06120473866019571,1.045646754146216,0.058532901687406054,low,0.13888827987604715,0.15141954684575465,0.002777765597520943,0.003028390936915093,1.4041872581233747,1.532643388248145,0.028083745162467495,0.0306528677649629,1.4750083277075374,1.6273462894175361,0.029500166554150747,0.03254692578835072
4e117771-5a8b-4812-b487-32ba34b7f724,Giver of Runes,0.21485139200274225,0.14548429030602192,1.4768013202718224,0.13972890257200435,1.2396776572627632,0.9321161785236394,1.648722261586106,3589.898976990574,False,0.0491456749918425,0.05355340051423435,0.06826063341153125,0.156042468541809,0.4374490742771218,0.6617857009337078,1.070644317798704,0.7885317516802229,1.45368813975104,3586.331957696898,False,0.015552757797825296,0.016977219597817728,0.06451021190071458,0.15705724968415877,0.41074329284668015,0.681260778297284,1.066636470574769,0.7840190209735046,1.4511297939525993,3583.2369089535464,False,0.014617821619407249,0.01612231241104134,224,0.6576051010039601,False,False,0.9280871820473942,False,False,0.9485959700416463,False,False,3583.2369089535464,3.567019293675912,3.0950487433515264,0.17304118668799418,1.1256528152120788,0.15372518448807176,low,4.914567499184249,5.355340051423435,0.098291349983685,0.1071068010284687,1.5552757797825296,1.6977219597817728,0.03110551559565059,0.033954439195635455,1.461782161940725,1.612231241104134,0.029235643238814498,0.03224462482208268
1453f92e-df2d-4789-aa1b-a5b5c51567d4,Preordain,-0.05947276481440815,0.15066627277605218,-0.3947317718731084,0.6930408523196301,0.942261195900316,0.7013286584973865,1.265963041068002,3591.9320992097732,False,-0.013636337566941872,-0.014864726798294148,0.07839815515168021,0.15754020366145668,0.49763903644654783,0.6187384843345207,1.0815531989314546,0.7942312255876922,1.4728170895740085,3586.275849279871,False,0.017848138299189846,0.01948692441637806,0.06342709425646606,0.15799310175923165,0.40145483283899114,0.6880852858924291,1.0654818032266622,0.7817350667261698,1.4522202231012382,3583.2445680437963,False,0.014363875393113994,0.015853872645720024,208,0.9063887225435162,False,False,0.9280871820473942,False,False,0.9485959700416463,False,False,3583.2445680437963,5.65624992990206,3.0312812360748467,0.13929200303113864,1.0297653993528109,0.135265763560012,low,-1.3636337566941872,-1.4864726798294148,-0.027272675133883744,-0.029729453596588296,1.7848138299189846,1.948692441637806,0.03569627659837969,0.03897384883275612,1.4363875393113994,1.5853872645720024,0.02872775078622799,0.03170774529144005
825969b9-3c70-4fca-8cab-696e9ca7cdb2,Prismatic Ending,0.06873469054529473,0.17325802056376094,0.3967186645769139,0.6915749349351821,1.0711519846973299,0.7627301120302727,1.5042890745022661,3591.930205998533,False,0.015764896279326788,0.01717799669860176,0.03556128203034191,0.17624106891206487,0.20177636376050997,0.8400915604667857,1.0362011466924963,0.7335414207128459,1.4637384966801525,3586.4826170336373,False,0.008103691779432785,0.008835565510323218,0.062223574192635994,0.17715702685189327,0.35123401706586616,0.7254127918665001,1.0642002458435353,0.7520110970414843,1.505991291496814,3583.282036550948,False,0.014101899897980481,0.015550780806797726,155,0.9062484903767514,False,False,0.9610784368295511,False,False,0.9485959700416463,False,False,3583.282036550948,5.447588964895658,3.2005804826894746,0.03495083800483356,1.057184459077787,0.033060302489995176,low,1.5764896279326788,1.717799669860176,0.031529792558653576,0.03435599339720352,0.8103691779432786,0.8835565510323218,0.01620738355886557,0.017671131020646436,1.410189989798048,1.5550780806797726,0.028203799795960962,0.031101561613595452
cb94a02f-4660-45b6-8a39-941b710cf8f3,Collective Brutality,0.02876172364736411,0.15322771528850607,0.18770575279550347,0.8511073203545413,1.0291793361582346,0.7621860459410724,1.3897002072076718,3592.0527658576098,False,0.006595092869684636,0.0071900354202125705,0.05799739744307785,0.15495096396230207,0.37429517029134457,0.7081847249266955,1.0597122377452788,0.7821517590974709,1.4357699944610884,3586.3832475469926,False,0.013211078182306747,0.014414338911000857,0.06221648683172425,0.15570827742418777,0.39957083760056755,0.6894726392965551,1.0641927034990384,0.7842936800135816,1.4439821957522092,3583.245976882983,False,0.014093817158247568,0.01555056856970305,202,0.9540984582797968,False,False,0.9367226555934245,False,False,0.9485959700416463,False,False,3583.245976882983,5.66951831061715,3.1372706640095203,0.035013367340803736,1.0510280924675173,0.03331344575062902,low,0.6595092869684637,0.719003542021257,0.013190185739369273,0.014380070840425141,1.3211078182306748,1.4414338911000857,0.026422156364613494,0.028828677822001714,1.4093817158247568,1.555056856970305,0.028187634316495135,0.0311011371394061
fa6ac7d2-0127-49a8-b7d2-a38308d3c27b,"Liliana, the Last Hope",-0.02073422815031254,0.31157417707946655,-0.06654668350459707,0.9469425919904813,0.9794792479913934,0.5318362619911415,1.8039003088167862,3592.0835750657334,False,-0.004754367286297336,-0.005183380413609606,0.03637642991986372,0.3162504247377842,0.11502412984907409,0.9084259961262618,1.0370461482241609,0.5579564297324604,1.9275066228061075,3586.5101481927404,False,0.008287106018280909,0.00903772489657495,0.061486790824816465,0.31451293789984475,0.19549844669473235,0.8450027535788555,1.0634164495818499,0.5740960469617532,1.9698002646525898,3583.367442147681,False,0.013928399621184804,0.015367203897678594,46,0.9877141508563902,False,False,0.9852359990507589,False,False,0.9601649687173707,False,False,3583.367442147681,5.573426872992968,3.14270604505964,0.08393720159045648,1.0266472819324681,0.08175855823867831,low,-0.47543672862973363,-0.5183380413609606,-0.009508734572594673,-0.010366760827219212,0.8287106018280909,0.903772489657495,0.016574212036561817,0.0180754497931499,1.3928399621184804,1.5367203897678594,0.02785679924236961,0.030734407795357188
2573e694-eaa0-42ca-b470-2ab507cbcec1,Moonshadow,-0.12818549859324624,0.47980514238848926,-0.2671615772084761,0.7893447581679435,0.8796901827173713,0.34348783675842753,2.2529322286121256,3592.0158368719613,False,-0.02936890816320722,-0.03200348663949609,-0.010909624091400045,0.4851921854899011,-0.02248516035019101,0.9820609493336308,0.9891496700360705,0.3821713129628545,2.5601530950795497,3586.5228765646243,False,-0.0024856501296300374,-0.002705363683832507,0.061484833072490475,0.4856353435964718,0.12660699819982618,0.8992514577565656,1.0634143676778602,0.4105077625106042,2.7547593995972024,3583.389725230969,False,0.013926280892714258,0.015366368012646903,20,0.923912705502736,False,False,0.9909752695998967,False,False,0.9791552533588449,False,False,3583.389725230969,5.4929603073369435,3.1331513336554053,0.18372418496048892,0.9774180734771006,0.18796888449883292,low,-2.936890816320722,-3.200348663949609,-0.05873781632641444,-0.06400697327899219,-0.24856501296300373,-0.2705363683832507,-0.004971300259260075,-0.005410727367665014,1.3926280892714258,1.5366368012646903,0.027852561785428515,0.030732736025293805
3e1766e9-2fa7-4446-a255-7beea1467ece,Lion Sash,0.3255866948571652,0.4776689569922649,0.6816157719506933,0.49548193930989604,1.3848428878886838,0.5430008135234959,3.531836005348611,3591.611244235849,False,0.07417836688300952,0.08070043304497398,0.08136458663765292,0.4840857356241125,0.16807887663277826,0.8665212269361753,1.0847663157838097,0.4200239879430279,2.801549420122143,3586.4949405302514,False,0.01853197297896459,0.02024722186086858,0.06131295063016747,0.4841033348802578,0.12665260949985632,0.8992153558171558,1.0632316011267728,0.4116714967194997,2.7460279534603362,3583.3895465442374,False,0.013890612350394236,0.015323468085509662,20,0.846426910556781,False,False,0.9632827639440482,False,False,0.9791552533588449,False,False,3583.3895465442374,5.116303705597602,3.105393986013951,0.321611286761911,1.1776136015997554,0.2731042562051007,low,7.4178366883009526,8.070043304497398,0.14835673376601904,0.16140086608994797,1.853197297896459,2.024722186086858,0.03706394595792918,0.04049444372173716,1.3890612350394236,1.5323468085509662,0.027781224700788473,0.030646936171019323
60d0e6a6-629a-45a7-bfcb-25ba7156788b,Elvish Mystic,0.10285971750806691,0.1534504365173037,0.6703123160973741,0.5026587175443826,1.1083359180454453,0.820449319597101,1.497238742099117,3591.6386453750733,False,0.02356597981160534,0.025696850548515393,0.06617542237430313,0.16493451344452068,0.40122240634955203,0.6882563855709938,1.0684141244702492,0.7732938007804823,1.4761643507492352,3586.362398611865,False,0.015071545475286965,0.016458457299341367,0.06046049644955477,0.16554388002441597,0.3652233863350157,0.7149446625152336,1.0623256311072606,0.7679693093642165,1.4695063106645854,3583.272272454415,False,0.01369533612169119,0.015110671880182447,202,0.846426910556781,False,False,0.9367226555934245,False,False,0.9485959700416463,False,False,3583.272272454415,5.276246763208292,3.0901261574499586,0.04601028693818465,1.0796918912076516,0.04261427478789477,low,2.356597981160534,2.569685054851539,0.04713195962321068,0.051393701097030786,1.5071545475286965,1.6458457299341367,0.03014309095057393,0.032916914598682734,1.369533612169119,1.5110671880182447,0.02739067224338238,0.030221343760364894
a15570c0-4210-4959-8584-987ec85f8283,Wight of the Reliquary,-0.13573106784894484,0.4387014530484158,-0.30939279299347416,0.757022752002424,0.8730773995021912,0.36950688117760316,2.062922733920961,3591.991960393885,False,-0.03108861000454625,-0.03388205386560195,0.013904453359996433,0.4559418359338079,0.030496112144477644,0.9756713939999032,1.0140015698668943,0.41489012822459975,2.478244512812108,3586.5224529322545,False,0.003167848469675006,0.003451729471697418,0.059800891948769974,0.46224479398100843,0.12937061212468068,0.8970644003649888,1.0616251473861877,0.4290426686600364,2.626890134453718,3583.388959381659,False,0.013546058412520965,0.014945726715978713,22,0.9209000795118067,False,False,0.9909752695998967,False,False,0.9791552533588449,False,False,3583.388959381659,5.469507461630656,3.133493550595631,0.18854774788399653,0.9829013722517578,0.19182773898468258,low,-3.1088610004546253,-3.3882053865601947,-0.0621772200090925,-0.0677641077312039,0.3167848469675006,0.3451729471697418,0.006335696939350012,0.006903458943394836,1.3546058412520965,1.4945726715978713,0.02709211682504193,0.029891453431957427
f3537373-ef54-4578-9d05-6216420ee349,Esper Sentinel,0.14091322603781622,0.15484365677342254,0.9100355091975757,0.36280378338458497,1.15132473864071,0.8499478016235434,1.5595647771240515,3591.2593515215626,False,0.032266820525423796,0.03518165274997831,0.07370393072944426,0.15928592130607833,0.46271465880413454,0.6435689096151538,1.0764880432809638,0.7878114652636576,1.4709439484217874,3586.309232986401,False,0.016786538280706174,0.018335428431402845,0.058503081196081046,0.16032604446100177,0.36490067095936823,0.7151855534422418,1.0602482525223251,0.7743463956201269,1.4517099367091386,3583.2724931605912,False,0.013253317476330097,0.014621970267243933,192,0.8120473943540878,False,False,0.9280871820473942,False,False,0.9485959700416463,False,False,3583.2724931605912,4.950118535161437,3.0367398258099456,0.09107648611838481,1.0960203448146661,0.08309744116454844,low,3.2266820525423796,3.518165274997831,0.06453364105084759,0.07036330549995662,1.6786538280706174,1.8335428431402845,0.03357307656141235,0.03667085686280569,1.3253317476330098,1.4621970267243933,0.026506634952660195,0.029243940534487867
b0f61742-522c-4b36-97db-41d0c412a072,Nexus of Becoming,0.298849697020839,0.46404656212562273,0.644007997068055,0.519570248250751,1.348306953690393,0.5429806664506256,3.3480596155538733,3591.6668408889377,False,0.06814688228506117,0.07417362601367039,0.11984629896521419,0.49657489344502703,0.24134586856329193,0.8092870633747413,1.1273235674638853,0.4259469409685312,2.983607354638548,3586.464825444507,False,0.027282581825891588,0.0298541336775886,0.05783997139263972,0.500123543445172,0.11565136684868078,0.9079288511471167,1.0595454245638043,0.3975628779959323,2.82379610584663,3583.392258803676,False,0.013103633716941482,0.014455985602317312,20,0.8493954793707131,False,False,0.9544429359034526,False,False,0.9791552533588449,False,False,3583.392258803676,5.202015444430799,3.0725666408307006,0.2887615291265888,1.1783919819060278,0.2450470926147361,low,6.814688228506117,7.417362601367039,0.13629376457012235,0.14834725202734078,2.7282581825891588,2.98541336775886,0.054565163651783176,0.0597082673551772,1.310363371694148,1.4455985602317312,0.026207267433882964,0.028911971204634623
6efb6a69-562c-4d95-858d-b067444cfd7e,Palantír of Orthanc,-0.001832749779429209,0.18412508170307676,-0.00995383009461325,0.9920581237920425,0.9981689286808919,0.695782679211718,1.431971849763143,3592.0879036319493,False,-0.00042026360801653896,-0.00045818733457864136,0.04218530865984277,0.1866294154929777,0.22603783304154468,0.821171995193947,1.043087754036217,0.7235335619206581,1.503775525950836,3586.4722593325387,False,0.009610858746433373,0.010481016213136463,0.05541631500871018,0.18873951625926516,0.2936126790353041,0.7690538861509374,1.0569805599622544,0.7301442680793755,1.5301193928111023,3583.3193980506594,False,0.012555110223609778,0.013851269029289792,135,0.9950417572470561,False,False,0.9576562437337601,False,False,0.9485959700416463,False,False,3583.3193980506594,5.615644299410633,3.152861281879268,0.058811631281362464,1.0327457475597877,0.056946863659642175,low,-0.042026360801653895,-0.045818733457864136,-0.0008405272160330779,-0.0009163746691572827,0.9610858746433373,1.0481016213136463,0.019221717492866747,0.020962032426272925,1.2555110223609778,1.3851269029289792,0.025110220447219556,0.027702538058579584
f05e9a3e-8a35-4687-85cb-e31b3927a5e2,Daze,-0.06539659404618768,0.14698069516917966,-0.4449332204539789,0.6563680143559141,0.9366959016849994,0.7022409104297739,1.2494276525366526,3591.8901478188513,False,-0.014987080144475936,-0.016344609910584396,0.05070356050370117,0.15198727229916242,0.33360399023346765,0.7386784068316933,1.0520109894473675,0.7809911247194088,1.4170802802857065,3586.4120482539756,False,0.011551657194882473,0.012597853300549522,0.05438712222881767,0.15355190686922443,0.3541937273051096,0.7231937041756604,1.0558932828063274,0.781473049566419,1.4266782780213643,3583.2801657984987,False,0.01232263413547032,0.013594562717981706,221,0.8942231637972977,False,False,0.9450893689161072,False,False,0.9485959700416463,False,False,3583.2801657984987,5.47809956487572,3.131882455476898,0.11919738112132805,1.0148667246462315,0.11745126549782052,low,-1.4987080144475937,-1.6344609910584396,-0.029974160288951873,-0.03268921982116879,1.1551657194882472,1.2597853300549522,0.023103314389764946,0.025195706601099044,1.232263413547032,1.3594562717981706,0.02464526827094064,0.027189125435963413
9c769202-178c-442a-a9e2-aa08b5ae5c9a,"Agent Bishop, Man in Black",0.13948903185424338,0.5114045733959178,0.2727567157406982,0.7850402341402367,1.1496861957231395,0.42195190864299126,3.1325331668417373,3592.0126126212563,False,0.03195286075796202,0.03481687276402179,0.03248260497930919,0.5155141095265591,0.06301011820828872,0.9497584471683493,1.0330159236543173,0.3760906592261019,2.8374060146009623,3586.5193999501607,False,0.0074005475888085205,0.008069655142494248,0.05385129452552842,0.5220282593076755,0.1031578148603432,0.9178377200962266,1.0553276574860742,0.3793393493218597,2.935937088113906,3583.394975655998,False,0.012200588382057523,0.013459552468057967,18,0.923912705502736,False,False,0.9882821907352403,False,False,0.9809570724712602,False,False,3583.394975655998,5.4932126710955345,3.124424294162509,0.11667027206882219,1.0793432589545102,0.10809376081324963,low,3.195286075796202,3.481687276402179,0.06390572151592404,0.06963374552804358,0.740054758880852,0.8069655142494248,0.014801095177617041,0.016139310284988495,1.2200588382057522,1.3459552468057967,0.024401176764115046,0.026919104936115934
2b73d294-6ab1-4051-9b0f-d8e335d37674,Unholy Heat,0.16178871875095094,0.16338602616576028,0.990223720765515,0.32206478073855815,1.175611830343721,0.8534674346576772,1.6193508029963144,3591.102092595266,False,0.037078482447710046,0.04037502042111957,0.07877935468002455,0.1672786324183623,0.47094690780946913,0.6376786492846951,1.0819655650926663,0.7795123361717868,1.5017715945271557,3586.301053943371,False,0.01795248512315514,0.019599838832568384,0.05307514404989146,0.16816690136478846,0.3156099304866217,0.7522985992449734,1.0545088822102764,0.7584093628214635,1.4662120975451869,3583.3059014998817,False,0.012029018636369968,0.01326603957957928,178,0.7976724107377573,False,False,0.9280871820473942,False,False,0.9485959700416463,False,False,3583.3059014998817,4.8010386518953965,2.9951524434891326,0.12110294813344469,1.1040287592155547,0.10969184192220857,low,3.7078482447710046,4.0375020421119565,0.07415696489542009,0.08075004084223913,1.795248512315514,1.9599838832568384,0.03590497024631028,0.03919967766513677,1.2029018636369968,1.326603957957928,0.024058037272739936,0.02653207915915856
c86b8a75-9e31-4a44-95b8-c83b9a49646f,Ocelot Pride,0.1587522746551035,0.14164550602806536,1.120771700470671,0.2623850530691977,1.1720475648274984,0.8879206330681029,1.547092660153002,3590.8277708937094,False,0.0363717668506887,0.039624669908892796,0.054779017451651514,0.14685516366126436,0.3730139008118544,0.7091380980755533,1.0563071634333048,0.7921083402133079,1.4086265310879613,3586.3841091480335,False,0.012482848798040378,0.0136190160925998,0.05272238795135167,0.14715933488618776,0.3582673704806214,0.7201432341977692,1.054136963373288,0.7900098158864214,1.4065707984945002,3583.277199850125,False,0.011948235610225882,0.013177708745849448,234,0.7714631446865359,False,False,0.9367226555934245,False,False,0.9485959700416463,False,False,3583.277199850125,4.443661745675854,3.1069092979087145,0.1179106014542104,1.0941638972113636,0.10776319868963212,low,3.63717668506887,3.9624669908892796,0.0727435337013774,0.07924933981778559,1.2482848798040378,1.36190160925998,0.024965697596080756,0.0272380321851996,1.1948235610225881,1.3177708745849448,0.023896471220451763,0.026355417491698896
0ad38866-fc5f-4f62-89c1-afc0f50765aa,Novice Inspector,0.1309614663887066,0.16033608932109514,0.8167934427191759,0.4140464801740287,1.1399238550829418,0.8325206366378168,1.5608338558849002,3591.4192452695297,False,0.03001145283853254,0.03270230269306179,0.06052144496513362,0.16391517593503366,0.36922417109884176,0.7119606408243723,1.0623903802507,0.7704717419332862,1.4649120254782255,3586.386921430731,False,0.013789246576484665,0.015048763235736728,0.051001676166773834,0.16462558556356388,0.3098040683784325,0.7567099576125396,1.0523246571533513,0.762109927767798,1.4530544002968564,3583.3096144606784,False,0.011556815203734394,0.012747952939785534,183,0.846426910556781,False,False,0.9367226555934245,False,False,0.9485959700416463,False,False,3583.3096144606784,5.032323838798675,3.077306970052632,0.08759919792959048,1.0848796308289976,0.08074554581013989,low,3.001145283853254,3.270230269306179,0.06002290567706508,0.06540460538612358,1.3789246576484666,1.5048763235736728,0.02757849315296933,0.030097526471473457,1.1556815203734394,1.2747952939785534,0.023113630407468787,0.025495905879571068
fe964e7e-e2c5-4263-889d-0a531eb51442,Luminarch Aspirant,0.19446517302986235,0.15143750951642906,1.2841281770337443,0.1990971104813929,1.2146611791797781,0.9027114292073234,1.6344113217908058,3590.431588457278,False,0.04452275674164304,0.048495396351317,0.037896737557545926,0.16076235146186524,0.23573142102574612,0.8136410864345273,1.038623976492211,0.757904817876812,1.4233182572535492,3586.467778305521,False,0.008635706185052706,0.009416626777113413,0.05069723635760638,0.16146673944706924,0.3139794395503078,0.7535366545647962,1.0520043363972142,0.7666096232492541,1.443646270846131,3583.307004278419,False,0.011489184704200286,0.012671566760036002,207,0.7198724552304672,False,False,0.9545942328299735,False,False,0.9485959700416463,False,False,3583.307004278419,3.963810151757116,3.1607740271019793,0.17603720268756717,1.1017631640230678,0.15977771669618232,low,4.452275674164304,4.8495396351317,0.08904551348328608,0.096990792702634,0.8635706185052706,0.9416626777113413,0.01727141237010541,0.018833253554226825,1.1489184704200286,1.2671566760036002,0.022978369408400572,0.025343133520072003
da13a060-36ee-41e9-bab1-af8ddcc893b8,Norman Osborn // Green Goblin,-0.007095218564678398,0.2311925146380527,-0.030689655224289746,0.975517041213095,0.9929298930726109,0.6311368592958985,1.562117246102653,3592.0870607800352,False,-0.001627003443078595,-0.0017737978606557903,0.051085304205499865,0.23574941408354055,0.21669323931976853,0.8284474170717407,1.0524126646804293,0.6629978395504171,1.6705520752990883,3586.4764564192515,False,0.011636002619755987,0.012697657252513594,0.05043282081519106,0.23850957118172222,0.21144988255740024,0.8325362359047355,1.0517262068724875,0.6589906460745133,1.6785185355989387,3583.3609878138022,False,0.011424432407485498,0.012605739327639198,84,0.9902532860966762,False,False,0.9609990038032193,False,False,0.9590702406709128,False,False,3583.3609878138022,5.610604360783782,3.115468605449223,0.05948277160781834,1.032356254875176,0.05761845421763877,low,-0.1627003443078595,-0.17737978606557903,-0.00325400688615719,-0.0035475957213115805,1.1636002619755987,1.2697657252513594,0.023272005239511975,0.02539531450502719,1.1424432407485499,1.2605739327639198,0.022848864814970997,0.025211478655278396
02551196-ecea-472f-9547-3c9658d0489e,Ravenous Chupacabra,0.03712060245913356,0.41307821182183774,0.08986337549835192,0.9283957854772789,1.0378181767151975,0.4618511191709857,2.332064432048517,3592.0799440024357,False,0.008510776072852092,0.009279114800886445,0.07991103830151015,0.4183243848367708,0.1910264885292098,0.8485048404355034,1.0831907009040054,0.4771116463828772,2.45917722491173,3586.4870554867666,False,0.018196022740131598,0.019883571114225285,0.05018563593774607,0.4230927147136125,0.11861616660479786,0.9055794566814581,1.0514662681867157,0.4588297352529059,2.4095677071258352,3583.391638140621,False,0.011368375064485532,0.012543863030205715,27,0.9829206173227698,False,False,0.9610784368295511,False,False,0.9791552533588449,False,False,3583.391638140621,5.592888515669074,3.0954173461454957,0.04537252418880788,1.0574917152686396,0.04290579636104448,low,0.8510776072852092,0.9279114800886445,0.017021552145704184,0.01855822960177289,1.8196022740131597,1.9883571114225285,0.036392045480263195,0.03976714222845057,1.1368375064485532,1.2543863030205715,0.022736750128971063,0.02508772606041143
53d4fd57-74b6-42c7-88b1-110e5a8dfc3c,Spell Pierce,-0.027567313633060832,0.16641572498928706,-0.16565329769668982,0.8684298011834984,0.9728091970281174,0.7020559799535729,1.3479804472074626,3592.0605572410414,False,-0.006321296893489095,-0.006891466761609233,0.0747964415776624,0.1712733269543042,0.43670805552587955,0.6623230864386201,1.0776647608175203,0.7703585067921305,1.507559566706075,3586.332832068609,False,0.017031683491286878,0.018597667366142268,0.04975131611041931,0.17302259042020512,0.28754231450120216,0.7736971069311442,1.051009694695314,0.7487329050640751,1.4753210001489194,3583.3230330871656,False,0.011269796189772134,0.012435944335693172,168,0.9554585981725874,False,False,0.9280871820473942,False,False,0.9485959700416463,False,False,3583.3230330871656,5.727725172432201,3.0097989814435095,0.10485556378940286,1.0338278841803172,0.1014245846856209,low,-0.6321296893489095,-0.6891466761609233,-0.01264259378697819,-0.013782933523218466,1.7031683491286878,1.8597667366142268,0.034063366982573756,0.037195334732284535,1.1269796189772134,1.2435944335693172,0.022539592379544268,0.024871888671386344
18092f68-b96e-4084-9eba-b240d2195d81,"Adeline, Resplendent Cathar",0.18913218083026664,0.17571430586772127,1.0763618812724698,0.2817654432757982,1.20820064289277,0.8561858099732146,1.7049439227825682,3590.929672692603,False,0.04324891607309549,0.04716422807647419,0.05364423276232956,0.18189974673995865,0.29491098104176366,0.7680618831705417,1.055109162102363,0.7386882721960157,1.5070705544610847,3586.4364070538722,False,0.012219166343675071,0.013337059848281763,0.04833515052916902,0.1826443684918414,0.2646407930794106,0.7912861918211109,1.0495223443558817,0.7337053131425272,1.5012800528654378,3583.3356388149828,False,0.01094985302209828,0.012081434431139848,151,0.7740158532703953,False,False,0.9499601391111803,False,False,0.9485959700416463,False,False,3583.3356388149828,4.493265638730918,3.1007682388894864,0.15867829853688842,1.104277383117005,0.14369423929429104,low,4.324891607309549,4.716422807647419,0.08649783214619099,0.09432845615294838,1.2219166343675072,1.3337059848281763,0.024438332687350142,0.026674119696563525,1.0949853022098281,1.2081434431139848,0.02189970604419656,0.024162868862279696
2b5315a4-6a78-456f-8d5a-fea9d62f3f0e,Strip Mine,0.10617808152884206,0.1474296643197567,0.7201948265890027,0.4714050487502407,1.1120198890767665,0.8329480026620358,1.4845923512035157,3591.56884303437,False,0.024332920242969902,0.026525050524158378,0.0499967093229922,0.1520896309881774,0.32873187342323595,0.7423583605412498,1.05126763698809,0.780282716894098,1.4163630959014544,3586.4152849320226,False,0.011390343698895553,0.012424686780428185,0.047545973546680186,0.15257194935685348,0.31162984904567215,0.7553218468401525,1.0486944122145725,0.7776373090879299,1.4142325186274134,3583.308530740887,False,0.010772664885704811,0.011884774884976801,214,0.846426910556781,False,False,0.9450893689161072,False,False,0.9485959700416463,False,False,3583.308530740887,5.153558102347233,3.1067541911356784,0.06332547686219403,1.070660646093143,0.05914617025784002,low,2.43329202429699,2.6525050524158376,0.048665840485939804,0.053050101048316756,1.1390343698895553,1.2424686780428185,0.022780687397791106,0.02484937356085637,1.077266488570481,1.18847748849768,0.021545329771409622,0.023769549769953602
01e7b0bc-1c6c-48f4-8b72-1a809f536c6c,Birds of Paradise,0.10162438201103839,0.13930359283840035,0.7295173077763194,0.465685284527104,1.1069675966852368,0.8424755314621835,1.454495963798912,3591.555202047581,False,0.02329383206718674,0.025389598956412907,0.053552405362967424,0.14507247582343658,0.3691424238747016,0.712021568794402,1.0550122786203109,0.7939064488759723,1.401992526468955,3586.3870364695235,False,0.012201070676425107,0.013313534508672564,0.047019553753546724,0.14590193425035655,0.32226820017933944,0.7472495216645194,1.0481425039994836,0.7874556420871748,1.3951296428309643,3583.301758369534,False,0.010654185132593492,0.011752872990370644,244,0.846426910556781,False,False,0.9367226555934245,False,False,0.9485959700416463,False,False,3583.301758369534,5.168165578057597,3.0852780999894094,0.0588250926857532,1.070040793101677,0.054974626261901346,low,2.3293832067186737,2.5389598956412907,0.04658766413437348,0.05077919791282581,1.2201070676425108,1.3313534508672564,0.024402141352850213,0.02662706901734513,1.0654185132593492,1.1752872990370644,0.021308370265186984,0.02350574598074129
784287c2-43c5-4210-93ae-cdd33b9acb1b,Commune with Beavers,0.0867283851804562,0.23321134030717766,0.37188751227200467,0.7099766031630599,1.0906004162500706,0.6904816773499717,1.7225790443704614,3591.949840594835,False,0.019874828729128605,0.021669700600426667,0.06756212763555901,0.2445913499633679,0.27622451752965793,0.7823756272517276,1.0698967276871116,0.6624322978338343,1.7279939575088814,3586.447099410355,False,0.015386750240510245,0.016805240432324953,0.046883944401922874,0.24561642487569046,0.19088277351830776,0.8486174367583735,1.0480003757112872,0.6475726775709558,1.6960332415671688,3583.3692420533953,False,0.010620884928587919,0.011718875272757334,84,0.9141976724126659,False,False,0.9499601391111803,False,False,0.9626323644861142,False,False,3583.3692420533953,5.502741184480328,3.077857356959612,0.04260004053878341,1.0694991732161565,0.039831765751326596,low,1.9874828729128606,2.166970060042667,0.03974965745825721,0.043339401200853334,1.5386750240510245,1.6805240432324953,0.03077350048102049,0.033610480864649905,1.062088492858792,1.1718875272757334,0.021241769857175838,0.02343775054551467
059164e1-894d-4586-9800-e60d6fbd6eb6,Shifting Woodland,0.16656786746587238,0.2608908934439104,0.63845795944458,0.5231756122350883,1.181243701166611,0.7083773948840298,1.969764551527266,3591.6806311912246,False,0.0381204150865542,0.041552636331081805,0.08489783200867686,0.26872616626773027,0.315926927354345,0.7520579728057858,1.0886058403445582,0.6428746920700089,1.8433805067305846,3586.4235621631824,False,0.01933242614607835,0.02112860433016167,0.045708695023461636,0.2710491048605866,0.168636214633403,0.866082793332918,1.0467694373925345,0.615360163734047,1.7806259157403732,3583.3772274759585,False,0.010355300839128067,0.01142523698230391,66,0.850904528652425,False,False,0.9450893689161072,False,False,0.9708860893328678,False,False,3583.3772274759585,5.257069028042224,3.0463346872238617,0.13447426377407656,1.105539659634568,0.12163676137907756,low,3.81204150865542,4.155263633108181,0.0762408301731084,0.08310527266216361,1.933242614607835,2.1128604330161673,0.0386648522921567,0.04225720866032334,1.0355300839128068,1.142523698230391,0.020710601678256134,0.02285047396460782
b045c28a-39f9-4cd9-8f3a-a626b697f409,Cathartic Pyre,0.09252637093741851,0.16311150694225293,0.5672583907288407,0.5705386421706209,1.0969420685695281,0.7967835781549728,1.510174073346124,3591.7659632024906,False,0.021207736905389414,0.023118045844197133,0.05533234401390243,0.16567842654631487,0.33397434516578084,0.7383989178527777,1.05689180797949,0.7638396668243672,1.4623753416971947,3586.411800398162,False,0.012605146039470437,0.013752800450528957,0.04539755670178694,0.1667859612622624,0.27219051506620273,0.7854755344949322,1.046443797968683,0.7546487065343686,1.4510653935073703,3583.3315539676914,False,0.010285753332234356,0.011347928174117394,175,0.8684521446552185,False,False,0.9450893689161072,False,False,0.9485959700416463,False,False,3583.3315539676914,5.354162804328553,3.080246430470652,0.05049827060084522,1.0667592248392337,0.04733802101261939,low,2.1207736905389414,2.311804584419713,0.04241547381077883,0.046236091688394265,1.2605146039470436,1.3752800450528957,0.025210292078940873,0.027505600901057914,1.0285753332234355,1.1347928174117394,0.020571506664468713,0.02269585634823479
672b9b16-daef-44e6-9a3a-cfd9f3c78bc7,Pentad Prism,-0.05754017872340884,0.16644125612462052,-0.3457086305592794,0.7295616975090979,0.9440839575361759,0.6812914841267372,1.3082425652503313,3591.968547120478,False,-0.013189483227708501,-0.01438175780323181,0.05660671448823404,0.16914644419792013,0.33466097828221497,0.7378808404834222,1.058239538265589,0.7596326512754538,1.4742269417569913,3586.411346171195,False,0.01289499186809847,0.014069269354690661,0.04537831255637275,0.16930881837318512,0.26802096306851136,0.7886831826803937,1.046423660245834,0.750911879648271,1.458230328217994,3583.3338158851943,False,0.010281135320470085,0.011343191280864029,163,0.9179625798096755,False,False,0.9450893689161072,False,False,0.9485959700416463,False,False,3583.3338158851943,5.557200949283015,3.0775302860006377,0.11415558072941301,1.0162490520158662,0.11233031952450052,low,-1.31894832277085,-1.438175780323181,-0.026378966455417003,-0.02876351560646362,1.2894991868098469,1.406926935469066,0.02578998373619694,0.028138538709381322,1.0281135320470085,1.134319128086403,0.02056227064094017,0.022686382561728058
55d35442-5ca0-4fd7-8ff1-b7347b3e6690,Piggy Bank,0.12304714659804886,0.21618949504775525,0.5691633933039545,0.5692452606837298,1.130937739557609,0.7403114790605216,1.7276784258144842,3591.7636381751754,False,0.028189837008445996,0.030726969235078228,0.04004094979897888,0.22057043978246302,0.18153361728103348,0.8559487487038973,1.040853396057039,0.6755168940658416,1.6037730537911257,3586.4904145098235,False,0.009122139146455767,0.009949733373509406,0.04469264259921427,0.22143497171160498,0.2018319069194797,0.8400481367157477,1.0457064049078633,0.6775174961706998,1.6139832424192062,3583.3649126770547,False,0.010125786641324583,0.011171379419393668,95,0.8684521446552185,False,False,0.9610784368295511,False,False,0.9601649687173707,False,False,3583.3649126770547,5.273223665351907,3.125501832768805,0.09008434350057004,1.0724991801741706,0.08399479008080978,low,2.8189837008445995,3.0726969235078228,0.05637967401689199,0.061453938470156455,0.9122139146455768,0.9949733373509406,0.018244278292911534,0.019899466747018812,1.0125786641324583,1.1171379419393668,0.020251573282649166,0.022342758838787335
345a4aee-5846-4ae9-9af1-4c8fe8d692ec,Winds of Abandon,0.07808685307161563,0.16676834564279133,0.4682354602166132,0.6396162164118222,1.0812165615716005,0.7797521982009779,1.49923175043798,3591.8688719541433,False,0.01789523518883228,0.01951349363491023,0.029830920446545277,0.17066987963993638,0.17478725894387345,0.8612468001114326,1.0302803198894936,0.7373577847150731,1.439569174633139,3586.4928354598946,False,0.006795698000064267,0.00741011129409519,0.042683110245198726,0.17157180104891828,0.2487769550954879,0.8035333179513195,1.04360713403721,0.7455764362808938,1.4607702137773009,3583.343791614021,False,0.009669128109615586,0.010669183636746904,165,0.8942231637972977,False,False,0.9610784368295511,False,False,0.9485959700416463,False,False,3583.343791614021,5.376036494248638,3.1490438458736207,0.050936241682106864,1.0517013384994347,0.04843223053683909,low,1.789523518883228,1.9513493634910228,0.03579047037766456,0.03902698726982046,0.6795698000064267,0.741011129409519,0.013591396000128535,0.01482022258819038,0.9669128109615587,1.0669183636746904,0.019338256219231173,0.021338367273493808
928036c9-11b8-493e-b9f2-8fbd3487cd19,"Minsc & Boo, Timeless Heroes",0.18754321671581717,0.15887777570633432,1.180424485942372,0.23783142799385493,1.206282379857325,0.8835059756199798,1.646980575239638,3590.690201429457,False,0.0429235058036847,0.04677465964147365,0.042344885490823735,0.1641723622668782,0.2579294401696431,0.796461363427176,1.0432542199561399,0.7562124342784462,1.4392508217545916,3586.4568087779026,False,0.009648186251194468,0.010522578400441518,0.04168051724774073,0.16570368509571878,0.2515364533001422,0.80139938226482,1.042561345170426,0.7534454149528247,1.442618319618581,3583.3423574360936,False,0.009444678120338964,0.010418849465600566,183,0.7619296890896718,False,False,0.9499601391111803,False,False,0.9485959700416463,False,False,3583.3423574360936,4.233392651554368,3.1144513418089446,0.16372103468689891,1.0973659816612968,0.14919455990338107,low,4.2923505803684705,4.677465964147364,0.0858470116073694,0.0935493192829473,0.9648186251194467,1.0522578400441518,0.019296372502388935,0.021045156800883036,0.9444678120338964,1.0418849465600566,0.01888935624067793,0.020837698931201132
8870ef0b-cb1f-463b-8509-fece4743d3d4,Ramunap Excavator,0.04996501300488526,0.17383827597982074,0.28742239143400866,0.7737889182900781,1.0512343162027284,0.7476965927842515,1.4779973564505648,3592.0054923317434,False,0.011451730810085338,0.012489067810641075,0.027256603672123878,0.17899033343739862,0.1522797524797997,0.8789662938487433,1.0276314629409384,0.7235653227320854,1.4594762773300407,3586.5002097592287,False,0.006208610391506603,0.006769126586165408,0.0403397007073394,0.17982382212904646,0.22432901397452523,0.8225013015542749,1.0411643984083854,0.7318973620244374,1.4811138292870365,3583.35539770336,False,0.009136882918157873,0.010083798658149234,158,0.923912705502736,False,False,0.9679438177072203,False,False,0.9544483027935096,False,False,3583.35539770336,5.505282572514716,3.144812055868897,0.023602853261790013,1.0400100591840173,0.02269483170221315,low,1.1451730810085337,1.2489067810641075,0.022903461620170675,0.02497813562128215,0.6208610391506603,0.6769126586165408,0.012417220783013206,0.013538253172330816,0.9136882918157874,1.0083798658149234,0.018273765836315747,0.02016759731629847
0ce44270-a684-4489-9077-521456e6dfaa,Lórien Revealed,-0.02394706178408639,0.1480484023023215,-0.16175157186219014,0.8715014907677445,0.9763373939496283,0.7304299611877142,1.3050323199699339,3592.061846294453,False,-0.005490424203497491,-0.005986541577281457,0.02957961238445094,0.15336407757502232,0.1928718436035404,0.8470593365352057,1.0300214346702223,0.7626058353582771,1.3912090711732683,3586.486171393707,False,0.00673961659004374,0.007345792216214564,0.03864336834855991,0.1544155527114914,0.2502556748332263,0.802389632342704,1.0393997346997896,0.7679650037043907,1.4067721879027812,3583.3430163065277,False,0.008756263916547201,0.009659949924368083,217,0.9554585981725874,False,False,0.9610784368295511,False,False,0.9485959700416463,False,False,3583.3430163065277,5.57567490074598,3.143155087179366,0.06306234075016137,1.01525285443988,0.062114911053319004,low,-0.5490424203497491,-0.5986541577281457,-0.010980848406994983,-0.011973083154562913,0.673961659004374,0.7345792216214564,0.01347923318008748,0.014691584432429128,0.8756263916547201,0.9659949924368083,0.017512527833094402,0.019319899848736166
3a9d1082-a862-45d4-9e5e-392e879fead6,Zuran Orb,0.06636651825880291,0.2039344535468865,0.32543063275742473,0.7448551745582292,1.0686183135215992,0.7165229434287487,1.5937313807834854,3591.9822591148927,False,0.015210087407488042,0.016586239838322858,0.019348929586552866,0.21209712444331455,0.09122674169834911,0.9273124267419476,1.0195373332995281,0.6727634921720492,1.5450546679273252,3586.5150628819856,False,0.004407972600721225,0.004804062565749834,0.03864019701939928,0.213089760206761,0.1813329602600646,0.8561062363021352,1.0393964384263283,0.6845348428045602,1.5782176284659666,3583.3728076734983,False,0.00875321465268091,0.009658980342209966,112,0.9179625798096755,False,False,0.9853444864883499,False,False,0.966197732002579,False,False,3583.3728076734983,5.467196232907099,3.142255208487313,0.04908098022207108,1.0425173617491519,0.04707929289515356,low,1.5210087407488042,1.6586239838322858,0.030420174814976084,0.033172479676645716,0.4407972600721225,0.48040625657498337,0.00881594520144245,0.009608125131499667,0.875321465268091,0.9658980342209966,0.01750642930536182,0.019317960684419933
396bca07-82ba-49b7-b79e-7784b3a06d48,Sunset Saboteur,0.08462569731901937,0.25745293190075513,0.32870356804342593,0.7423797571590591,1.0883096332379794,0.6570586144327261,1.8026060868574967,3591.979702334506,False,0.01939958524205338,0.02114471437629617,0.025052674840260625,0.2604664404171538,0.09618388764455472,0.9233745272766457,1.0253691302570838,0.6154130882921187,1.7084164657627627,3586.514124588531,False,0.005707963002813159,0.006222039468634422,0.036738127679128214,0.262705449268979,0.13984532022977858,0.8887822047359768,1.0374213133363275,0.6199201789327252,1.7360992881653983,3583.386093187494,False,0.008324156255914313,0.009183485742724207,68,0.9179625798096755,False,False,0.9853444864883499,False,False,0.9791552533588449,False,False,3583.386093187494,5.46557774597477,3.1280314010368784,0.0629405029808956,1.0503666922771302,0.05992240942488805,low,1.939958524205338,2.114471437629617,0.03879917048410676,0.04228942875259234,0.5707963002813159,0.6222039468634422,0.011415926005626319,0.012444078937268843,0.8324156255914313,0.9183485742724207,0.016648312511828627,0.018366971485448413
9d48aaff-46ab-411b-9456-171d4709f951,Fear of Missing Out,0.12004482091855262,0.1585392261983439,0.7571931804963395,0.4489341352234165,1.1275473881564682,0.8263870245859787,1.5384596741162873,3591.513354123218,False,0.0275152245393553,0.02998203678066441,0.05809795136287352,0.16408281086281687,0.3540770118293921,0.7232811694507512,1.0598188013222425,0.7683542739991375,1.4618463508896622,3586.3978975778928,False,0.013237500564138473,0.014443388413503955,0.036730851327146014,0.16485030602452638,0.22281336451799616,0.823680766086662,1.037413764721161,0.7509803831877536,1.433096447425929,3583.3559960761177,False,0.008323429816064163,0.009181909407768418,188,0.846426910556781,False,False,0.9422432422336935,False,False,0.9544483027935096,False,False,3583.3559960761177,5.115456545325287,3.0419015017751008,0.09013362343530718,1.0749266513999574,0.08385095235839526,low,2.75152245393553,2.9982036780664414,0.0550304490787106,0.05996407356132882,1.3237500564138474,1.4443388413503955,0.026475001128276946,0.02888677682700791,0.8323429816064163,0.9181909407768418,0.016646859632128325,0.018363818815536836
995486ce-58bb-4753-a812-0ca73ef1a235,Gitaxian Probe,-0.037649506295023,0.15017673328135545,-0.250701326845929,0.8020450347608533,0.9630504248562296,0.7174902620282827,1.2926532524551595,3592.02513430839,False,-0.008633211406513772,-0.009411498904367044,0.04957009941436552,0.1539956914934726,0.3218927681263514,0.7475339320535832,1.0508192514471901,0.7770415494000505,1.4210579859784793,3586.41979514036,False,0.011289996776233147,0.012316859103555955,0.03599449950850074,0.15454411795953768,0.23290759935570451,0.8158331572755662,1.0366501443899345,0.7657404753368692,1.4034043601925426,3583.351433338149,False,0.008154129617841935,0.008997969472729406,214,0.9303722403225899,False,False,0.9450893689161072,False,False,0.9544483027935096,False,False,3583.351433338149,5.605339168030241,3.068361802210802,0.08776882659096052,1.0168399402311181,0.08631528239440664,low,-0.8633211406513772,-0.9411498904367044,-0.017266422813027545,-0.018822997808734088,1.1289996776233147,1.2316859103555955,0.022579993552466295,0.02463371820711191,0.8154129617841935,0.8997969472729406,0.01630825923568387,0.01799593894545881
a211d505-4d40-4914-a9da-220770d6ddbc,Consider,-0.010847306732949912,0.28744076889988696,-0.037737537282778184,0.9698969468775088,0.989211313151317,0.5631376348888484,1.737655168899689,3592.0865790276043,False,-0.0024873117298476895,-0.0027118016232545172,0.07580914157390453,0.2921682279909591,0.25947086065857367,0.7952719621432547,1.078756664708966,0.6084499719571198,1.9125910021999715,3586.455932673349,False,0.017267014138645675,0.01885776494463204,0.033979670925272557,0.29299776192659166,0.11597245897661806,0.9076743690397686,1.0345635747941164,0.5825758179445476,1.8372231687664382,3583.39220794013,False,0.007699017572465512,0.00849419059346318,54,0.9902532860966762,False,False,0.9499601391111803,False,False,0.9791552533588449,False,False,3583.39220794013,5.630646354255532,3.0637247332188053,0.08954535155764887,1.034177184218133,0.08658608304663737,low,-0.24873117298476896,-0.2711801623254517,-0.004974623459695379,-0.0054236032465090345,1.7267014138645675,1.8857764944632038,0.03453402827729135,0.03771552988926408,0.7699017572465512,0.849419059346318,0.015398035144931025,0.01698838118692636
c1c7aa22-51b0-45ee-9a8e-5493a1820d8c,"Wolverine, Fierce Fighter",0.16050843808039703,0.47802018811069424,0.3357775300553381,0.7370386358071328,1.1741076803138186,0.46005412627007486,2.996449257282893,3591.975115874161,False,0.03674414310035065,0.040042965005086584,0.06692740933117683,0.47941243928183197,0.13960298867387594,0.8889736791285575,1.0692178601178772,0.41781314344204906,2.7362155794737912,3586.5038791117136,False,0.015243860864805973,0.016647027080706756,0.03299993351524044,0.48466585239344573,0.06808801022864616,0.9457155746587926,1.0335504705259486,0.3997383235098765,2.6723146426014788,3583.401031812656,False,0.007476709423094753,0.008249233895814778,19,0.9179625798096755,False,False,0.973637839045563,False,False,0.9824432262544275,False,False,3583.401031812656,5.471236762447461,3.10284729905743,0.14055720978787,1.092292003652548,0.1286809839473845,low,3.6744143100350652,4.004296500508659,0.0734882862007013,0.08008593001017317,1.5243860864805974,1.6647027080706756,0.030487721729611946,0.03329405416141351,0.7476709423094753,0.8249233895814778,0.014953418846189505,0.016498467791629556
045ce37b-86d2-4e56-84af-b6625b53d13c,Path to Exile,0.10753717315775843,0.14549520199213084,0.7391114736798992,0.4598393102695788,1.1135322534873098,0.8372492837840079,1.4809855362938809,3591.542090664512,False,0.02462683015518204,0.02686425346095067,0.022864988172348888,0.15072209298597578,0.15170296350964557,0.8794212196860202,1.0231283957872697,0.7614351173038687,1.3747615397261548,3586.5003720754435,False,0.00520879685820664,0.005677924922304123,0.03290819991828454,0.15157289661205756,0.21711137448610787,0.8281215498250322,1.0334556635722099,0.767839403719378,1.390955717297115,3583.3585406864254,False,0.007454925957785129,0.008226384771002127,230,0.846426910556781,False,False,0.9679438177072203,False,False,0.9556350756631427,False,False,3583.3585406864254,5.041718589068751,3.14183138901808,0.09040385770004011,1.0567054376155964,0.0855525622202077,low,2.462683015518204,2.686425346095067,0.04925366031036408,0.05372850692190134,0.520879685820664,0.5677924922304123,0.01041759371641328,0.011355849844608246,0.7454925957785129,0.8226384771002127,0.014909851915570259,0.016452769542004253
492b368b-de32-45c1-8459-238aae54f9fc,Unmarked Grave,-0.13873227413911432,0.2509464527064872,-0.5528361634239908,0.5803756029756124,0.8704610421968475,0.5322790902612107,1.4235059010313313,3591.78113207968,False,-0.03178250885229571,-0.03463175543425229,0.04612734972278231,0.262062932041231,0.17601630785205816,0.8602811306556071,1.0472077640839665,0.6265567055574441,1.7502711110274727,3586.492440323247,False,0.010506267604790197,0.011461008444088427,0.032778580588449145,0.2622477377355377,0.12499089933620142,0.9005307551152875,1.0333217164229402,0.6180246192318317,1.7276880829737928,3583.3900606132593,False,0.0074257263270510404,0.00819410957175315,75,0.8738386618165541,False,False,0.9610784368295511,False,False,0.9791552533588449,False,False,3583.3900606132593,5.288691756432854,3.102379709987872,0.17674672188711904,0.983663507567918,0.17968209710668298,low,-3.1782508852295708,-3.463175543425229,-0.06356501770459141,-0.06926351086850457,1.0506267604790196,1.1461008444088427,0.021012535209580394,0.022922016888176855,0.7425726327051041,0.819410957175315,0.014851452654102081,0.0163882191435063
bb9ad57f-cca2-4717-a951-cbe3c7782efe,Recruiter of the Guard,0.1721840296093839,0.20192476568791604,0.8527137769494911,0.3938180489611852,1.1878964212143415,0.7996441113241758,1.764657411404085,3591.3566337792636,False,0.03943266454417793,0.0429524175181763,0.04164392006878908,0.2069424172758956,0.20123433666704207,0.8405153438434858,1.0425231910644794,0.6949167548454721,1.5640069063364974,3586.4828344825337,False,0.009488691145651719,0.010349165125715543,0.030905430830186903,0.20793212857164214,0.14863230152303553,0.881843783177676,1.031387961771057,0.6861619906420694,1.5503061116673793,3583.3835570104857,False,0.0070032260455580725,0.007725749028441031,113,0.833894090974954,False,False,0.9610784368295511,False,False,0.9791552533588449,False,False,3583.3835570104857,4.873799296729885,3.0992774720480156,0.1565084594432844,1.0872691913499593,0.1439463756431493,low,3.943266454417793,4.29524175181763,0.07886532908835586,0.0859048350363526,0.9488691145651719,1.0349165125715543,0.018977382291303437,0.020698330251431085,0.7003226045558073,0.7725749028441031,0.014006452091116145,0.015451498056882063
c2089ec9-0665-448f-bfe9-d181de127814,Brazen Borrower // Petty Theft,-0.04699112137373664,0.14988353844242722,-0.3135175607812777,0.75388748114596,0.9540958686134023,0.7112275510430067,1.2798982901748117,3591.9897539936865,False,-0.010771650475562371,-0.011746077439588554,0.0293373421376811,0.16220052350950886,0.18087082275021896,0.8564689711709095,1.0297719213491139,0.7493300907470003,1.4151709948574362,3586.490661663738,False,0.006684306833108291,0.007285730863743178,0.03045088789368444,0.16306287389158,0.18674323079777888,0.851861959004703,1.0309192581892614,0.7488981058792754,1.4191443516306912,3583.3707898836697,False,0.006899846755071406,0.007612283785728868,215,0.9209000795118067,False,False,0.9610784368295511,False,False,0.9630371638239608,False,False,3583.3707898836697,5.499092329948326,3.119871780068479,0.0768233895758591,1.0049290160505926,0.07644658314054639,low,-1.077165047556237,-1.1746077439588554,-0.021543300951124743,-0.023492154879177107,0.6684306833108291,0.7285730863743178,0.013368613666216582,0.014571461727486357,0.6899846755071406,0.7612283785728868,0.013799693510142812,0.015224567571457737
b689a206-aec3-4a31-95cf-3d4b840db04c,Securitron Squadron,0.12282712949624167,0.21108901409062814,0.5818736234350289,0.5606518083198442,1.1306889412847683,0.7475849474343745,1.710116671464814,3591.7505397294904,False,0.02812125987018006,0.03067236473836915,0.0674228316451214,0.21571817183312503,0.31255054255363457,0.7546221580369156,1.0697477057420832,0.7009036939826675,1.6326924280252817,3586.425831917721,False,0.015352193616900916,0.016770412896449316,0.029661411318290594,0.2165258494746517,0.13698785336834807,0.8910403962038707,1.0301056927714747,0.6738624603530062,1.5746799988299212,3583.386915639538,False,0.006719568091732228,0.007414825998981411,105,0.8684521446552185,False,False,0.9450893689161072,False,False,0.9791552533588449,False,False,3583.386915639538,5.324707811769258,3.0389162781830237,0.10058324851329359,1.076847446599442,0.0934052904438077,low,2.812125987018006,3.067236473836915,0.05624251974036012,0.0613447294767383,1.5352193616900915,1.6770412896449316,0.03070438723380183,0.03354082579289863,0.6719568091732229,0.7414825998981411,0.013439136183464456,0.014829651997962823
068bb15a-fc2d-42a2-859b-837b946d23c0,Underground Sea,-0.09523730107734461,0.16443318684174038,-0.5791853998974446,0.562464081161726,0.9091571648933628,0.658674137342776,1.254894800957988,3591.752906634221,False,-0.021817032050014788,-0.02379451416644668,-0.0008346567105344347,0.16988594495510745,-0.004913041574775322,0.9960799757511534,0.9991656915184871,0.7161890512444142,1.393950490269245,3586.523358476679,False,-0.00019016459706036566,-0.00020707180447787632,0.02892359469419691,0.17096209890219222,0.16918132662107851,0.8656540172615623,1.0293459439788846,0.7362672467568254,1.4390876099038676,3583.3770389219235,False,0.006553654621474254,0.007230499126328671,173,0.8684521446552185,False,False,0.9960799757511534,False,False,0.9708860893328678,False,False,3583.3770389219235,5.229548157542013,3.146319554755337,0.12018877908552172,0.9792229334635781,0.12273893408562832,low,-2.1817032050014786,-2.3794514166446676,-0.043634064100029575,-0.04758902833289336,-0.019016459706036565,-0.020707180447787632,-0.0003803291941207313,-0.00041414360895575264,0.6553654621474254,0.7230499126328671,0.013107309242948508,0.014460998252657342
026e7167-d665-43d0-a51e-8df2d68cdb5e,"Cecil, Dark Knight // Cecil, Redeemed Paladin",0.02170290939423867,0.2788909798738828,0.07781861358174057,0.9379723398507342,1.0219401305538707,0.5916006726418447,1.7653151504591327,3592.0819448508773,False,0.004976615559946124,0.005425527392066254,0.011040887312256624,0.27982098604005323,0.0394569666432247,0.9685260624226578,1.0111020628453318,0.5842605517887053,1.7497799198666495,3586.521825497122,False,0.0025155095963440475,0.0027404946514014705,0.028791546704218636,0.2809059259409938,0.10249533400824908,0.9183635162682611,1.0292100298897786,0.5934608283889615,1.7849085145202848,3583.395159845077,False,0.006523448914362398,0.007197428402635708,55,0.9864709126506135,False,False,0.9909752695998967,False,False,0.9809570724712602,False,False,3583.395159845077,5.560119353755454,3.1266656520447214,0.018107967044446838,1.020750741096327,0.017739851969147884,low,0.4976615559946124,0.5425527392066254,0.009953231119892249,0.010851054784132508,0.25155095963440477,0.27404946514014705,0.005031019192688095,0.005480989302802941,0.6523448914362397,0.7197428402635708,0.013046897828724795,0.014394856805271417
8b1e10e8-ea14-4761-910b-4072e2a18456,Grave Researcher // Reanimate,0.004882769076856025,0.46519143688225123,0.010496257432382503,0.9916253520232488,1.004894709219528,0.4037770348878697,2.5009183023443335,3592.0878925418883,False,0.0011196583946833797,0.0012206898971300895,-0.015341587557329488,0.48923467886717814,-0.03135834032218015,0.9749837644055229,0.984775495087819,0.3774785405488798,2.5691070393440856,3586.522399092528,False,-0.0034953476127182336,-0.003803626738899335,0.02794385980980371,0.4887858019830153,0.057169949897142726,0.9544098155041227,1.0283379517126823,0.3945236023073307,2.680394624676644,3583.40240197682,False,0.006331209533205805,0.006985510298415765,21,0.9950417572470561,False,False,0.9909752695998967,False,False,0.9824432262544275,False,False,3583.40240197682,5.565493449360474,3.1199971157079744,0.043562456624863244,1.006002718673343,0.0433025237569048,low,0.11196583946833796,0.12206898971300895,0.0022393167893667593,0.002441379794260179,-0.34953476127182337,-0.3803626738899335,-0.006990695225436467,-0.00760725347779867,0.6331209533205805,0.6985510298415765,0.01266241906641161,0.01397102059683153
0c0e7131-db26-448d-afda-f48337a026f0,Pyroclasm,-0.1185680836567221,0.4685542129729556,-0.2530509391953023,0.8002288500363212,0.8881913422837521,0.3545399160849243,2.225091801282112,3592.0244592074205,False,-0.027158745191589038,-0.0296080871070179,-0.006397876744382424,0.4705150162864612,-0.013597603738298627,0.9891510162344899,0.993622546091562,0.3951035847186353,2.498802345224362,3586.523197791781,False,-0.0014576551656010639,-0.0015868752756918458,0.027344011385658007,0.4742040981681804,0.05766295882149932,0.9540170991568268,1.0277212897831922,0.40571837365450236,2.6033108630497117,3583.4023388801743,False,0.006195573311665609,0.006835596959710366,20,0.9303722403225899,False,False,0.9921259065088793,False,False,0.9824432262544275,False,False,3583.4023388801743,5.501261415639419,3.120858911606774,0.13952994749944014,0.9698450593861687,0.14386828715480698,low,-2.7158745191589038,-2.96080871070179,-0.054317490383178076,-0.0592161742140358,-0.1457655165601064,-0.15868752756918458,-0.0029153103312021277,-0.0031737505513836917,0.619557331166561,0.6835596959710366,0.012391146623331219,0.013671193919420732
aced2c55-7543-4076-bcdd-36c4d649b8ae,Mox Emerald,0.1063250245795922,0.14227827139562765,0.747303320012501,0.4548804888859469,1.1121833046778618,0.8415243011840444,1.4698942163212034,3591.5294522854583,False,0.024358909675124225,0.02656211297128941,0.02391707751909254,0.1438864496333749,0.1662218894137263,0.8679823338113777,1.024205384717776,0.7725176954336828,1.357893387148876,3586.495751269875,False,0.00544890844173408,0.00593920537808279,0.027027874854392377,0.14446207253848886,0.18709322370542186,0.8515875410514574,1.0273964408905387,0.7740507900535903,1.3636617394079107,3583.370662822646,False,0.006123696384350396,0.00675660411041612,235,0.846426910556781,False,False,0.9633015252116288,False,False,0.9630371638239608,False,False,3583.370662822646,5.033701015583119,3.1250884472292455,0.08797791996008586,1.0545950434287255,0.08342341499543737,low,2.4358909675124227,2.656211297128941,0.04871781935024845,0.05312422594257882,0.5448908441734079,0.593920537808279,0.01089781688346816,0.01187841075616558,0.6123696384350396,0.675660411041612,0.012247392768700792,0.01351320822083224
4e4b6e22-93b2-4896-bba5-0ceaa5d8ea3c,"Yavimaya, Cradle of Growth",0.034842164251233224,0.21453820271125904,0.16240540757268446,0.8709866127446244,1.0354562638865117,0.6800066421018612,1.5767047085125503,3592.061603075197,False,0.007989844397619657,0.008709751201151694,0.056729007120175076,0.220722879843227,0.25701462014480797,0.7971674868509327,1.0583689610775144,0.6866793484830348,1.6312487920990268,3586.4572246596417,False,0.012924144144123738,0.014103932902465088,0.024866624459737717,0.2219617307915255,0.11203113424580993,0.910798720398983,1.0251783776855676,0.6635318867968315,1.5839339856711627,3583.3931101938547,False,0.005634547750148305,0.006216381309930297,97,0.9554585981725874,False,False,0.9499601391111803,False,False,0.9791552533588449,False,False,3583.3931101938547,5.604378415555402,3.0641144657870427,0.033190583391946804,1.0396678675498645,0.03192421775058362,low,0.7989844397619658,0.8709751201151694,0.015979688795239314,0.01741950240230339,1.2924144144123737,1.4103932902465088,0.025848288288247475,0.028207865804930177,0.5634547750148304,0.6216381309930297,0.01126909550029661,0.012432762619860593
340c5799-4964-44dd-8c48-8f3f3aba5211,Badgermole Cub,0.20884965063033736,0.23888054575392834,0.8742848856577634,0.38196312829475043,1.232259715130552,0.7715481339449759,1.968074237662431,3591.3269645785226,False,0.047723619124143725,0.05203915052685154,0.019435435554541174,0.24956666738608402,0.07787672832315469,0.9379261112868095,1.0196255331782984,0.6251802739461783,1.66293830953251,3586.517319485437,False,0.004427802711134008,0.004825784893295715,0.021225716522028447,0.25017280469120556,0.08484422017104486,0.932385237647415,1.0214525843437845,0.6255569033238871,1.6678984382055257,3583.3984728783676,False,0.004809040339346251,0.0053062321789985045,80,0.8244964613999952,False,False,0.9866541518906815,False,False,0.9824432262544275,False,False,3583.3984728783676,4.809645093085692,3.118846607069372,0.2126341819522537,1.0911126108842117,0.19487831029644137,low,4.772361912414373,5.203915052685154,0.09544723824828745,0.10407830105370308,0.44278027111340085,0.4825784893295715,0.008855605422268016,0.00965156978659143,0.4809040339346251,0.5306232178998505,0.009618080678692503,0.010612464357997009
5ab21006-7f61-49e0-8b6a-0397c5d4c3bd,Imperial Seal,-0.04603564778385591,0.16902267466534568,-0.2723637398059379,0.7853423505717249,0.9550079176680826,0.6856965540671145,1.3300929068391654,3592.0139001079633,False,-0.010551858708318313,-0.011507220593120648,0.04770801770929428,0.17941195225304626,0.2659132633594328,0.7903060100586587,1.0488643607916535,0.7379055757492657,1.4908634430927437,3586.452611678194,False,0.010870394273911075,0.011851186863020502,0.019772834243783823,0.18081935480642208,0.10935131510092945,0.9129238470204579,1.019969611539241,0.7156005912080469,1.4537970220332759,3583.3937072964227,False,0.004480514605675366,0.004943122937556943,164,0.923912705502736,False,False,0.9499601391111803,False,False,0.9791552533588449,False,False,3583.3937072964227,5.56128842976932,3.058904381771299,0.09385644312357089,1.0079472966663257,0.09311641931477042,low,-1.0551858708318314,-1.1507220593120648,-0.021103717416636626,-0.023014441186241297,1.0870394273911075,1.1851186863020502,0.02174078854782215,0.023702373726041004,0.44805146056753664,0.4943122937556943,0.008961029211350733,0.009886245875113886
1ee98955-4c47-4d45-9377-608dfa755337,Bone Shards,-0.09106614208077869,0.1575442069223051,-0.578035485149188,0.5632401619902786,0.9129573240051585,0.670418732689645,1.2432395379389043,3591.7537115533905,False,-0.020871161269890418,-0.022753820727591967,-0.010605338413645261,0.16231237113427474,-0.06533906404997235,0.9479040401654747,0.9894506999110354,0.7198318860470065,1.3600574058072585,3586.5191132051636,False,-0.0024163021481955205,-0.0026303466273285836,0.018818147232594347,0.16309292588298177,0.11538297648848521,0.9081415716316131,1.0189963244654836,0.7401932431388497,1.402814087941336,3583.39235757845,False,0.004263604700835785,0.00470445317189494,190,0.8684521446552185,False,False,0.9878937418599557,False,False,0.9791552533588449,False,False,3583.39235757845,5.234598348226882,3.126755626713475,0.1060390004603251,0.973801449460559,0.10889180799542433,low,-2.087116126989042,-2.2753820727591965,-0.041742322539780836,-0.045507641455183934,-0.24163021481955205,-0.26303466273285836,-0.004832604296391041,-0.005260693254657167,0.4263604700835785,0.470445317189494,0.00852720940167157,0.00940890634378988
fadb218d-29e2-42d1-a7a1-1066741d63ad,Mox Diamond,0.055700455688949345,0.15178155748632258,0.36697775811115035,0.7136356087595215,1.0572809338097553,0.7852199597201388,1.4236048882354442,3591.953356675418,False,0.012768428291234429,0.013922256823751145,0.04145820866223395,0.15328404643271792,0.2704665594826367,0.7868013401992779,1.0423296005928362,0.7718396001696424,1.40761240552212,3586.450242360763,False,0.00944364628973086,0.010300500601174989,0.01766654190823469,0.15350782751673073,0.11508560960065195,0.9083772659870506,1.0178235183072484,0.7533624693341351,1.3751212153360792,3583.392425265917,False,0.004002715372835096,0.004416547094464263,206,0.9171386339934505,False,False,0.9499601391111803,False,False,0.9791552533588449,False,False,3583.392425265917,5.5031143146552495,3.057817094845632,0.03945741550250692,1.0391446842366134,0.03797105071224371,low,1.2768428291234428,1.3922256823751145,0.025536856582468858,0.02784451364750229,0.944364628973086,1.030050060117499,0.01888729257946172,0.020601001202349978,0.40027153728350956,0.44165470944642626,0.008005430745670191,0.008833094188928525
f1a21287-e244-4960-84fb-c4f6e5c346d9,Third Path Iconoclast,-0.04690140681109093,0.18633314490160832,-0.2517072678393145,0.8012673389161686,0.954181468746709,0.66224852981439,1.37480452475267,3592.0246193289067,False,-0.010753940501055383,-0.011723496564433056,0.03787862536436563,0.19035343195976415,0.19899102934152613,0.8422697618201027,1.038605164904467,0.7151849479490969,1.5082821466804854,3586.483797617717,False,0.008628509541034729,0.009409759132699036,0.01715384217423752,0.19232174647489955,0.08919346089900611,0.9289281621129117,1.01730181421036,0.6978181216218421,1.4830554683653216,3583.3977148176773,False,0.00388654650561692,0.004288377624124928,129,0.9303722403225899,False,False,0.9610784368295511,False,False,0.9824432262544275,False,False,3583.3977148176773,5.540821711189892,3.0860828000395486,0.08442369615775802,1.0033628159538452,0.08414074631368591,low,-1.0753940501055383,-1.1723496564433056,-0.021507881002110766,-0.02344699312886611,0.8628509541034729,0.9409759132699036,0.017257019082069457,0.018819518265398072,0.388654650561692,0.42883776241249283,0.00777309301123384,0.008576755248249857
cdfadb17-76ad-4d4d-9fa7-33c4b88b4c0a,Sowing Mycospawn,0.19536206271041354,0.28436522947506704,0.6870110775183319,0.4920757478031258,1.215751084946307,0.6962866938152841,2.1227616636606736,3591.6165209419905,False,0.04467850765506934,0.04869482252992735,0.020413416634831535,0.29264867124892835,0.06975400417064524,0.9443894573087531,1.0206231954266118,0.5751191863745462,1.8112275363465955,3586.5185169556175,False,0.004650753171657566,0.0050688975438615835,0.01713965159139491,0.29350394210815334,0.058396665708425534,0.9534326706211556,1.0172873782071175,0.5722793258221764,1.8083365293211302,3583.402259272694,False,0.003883450055304755,0.004284809204386564,54,0.846426910556781,False,False,0.9875289054538968,False,False,0.9824432262544275,False,False,3583.402259272694,5.098003986372987,3.116257682923333,0.19846370673918945,1.0845538861933453,0.18299109824388107,low,4.467850765506934,4.869482252992735,0.08935701531013868,0.0973896450598547,0.4650753171657566,0.5068897543861584,0.009301506343315133,0.010137795087723167,0.38834500553047546,0.4284809204386564,0.00776690011060951,0.008569618408773128
89af0f45-c11c-4f13-9950-b1489440ee5b,Chain Lightning,0.11167496710212592,0.14919377936784173,0.7485229449599768,0.4541447904775605,1.1181493662456594,0.8346483000048869,1.4979459075496226,3591.5277824281056,False,0.025580454722967955,0.02789595110580012,0.05044098127638045,0.15183358372280142,0.3322122816284783,0.7397289705205141,1.0517347894783995,0.7810213109083387,1.416281543089663,3586.413013130392,False,0.011489442334467474,0.012535969066810648,0.01708963520320954,0.15239186020480872,0.11214270355543751,0.9107102584135204,1.0172364984391347,0.7545766535304548,1.3713253503342697,3583.393093366628,False,0.0038720711400939147,0.004272330034747196,213,0.846426910556781,False,False,0.9450893689161072,False,False,0.9791552533588449,False,False,3583.393093366628,5.114769297713792,3.0199197637639372,0.10091286780652475,1.0623735513877313,0.09498812133896478,low,2.5580454722967954,2.789595110580012,0.05116090944593591,0.05579190221160024,1.1489442334467475,1.2535969066810648,0.022978884668934947,0.025071938133621297,0.38720711400939145,0.4272330034747196,0.007744142280187829,0.008544660069494392
00cb17a0-5a13-4d02-b7fb-f99531bc8ca5,Dark Depths,-0.05101907577831048,0.2280163426772003,-0.22375183804494886,0.8229504074473203,0.9502605434000698,0.6077868054578888,1.4857102724740887,3592.037905313604,False,-0.011697841820258136,-0.012752255651827527,0.02454575119647852,0.23657439811049852,0.1037548922982518,0.9173638639243297,1.0248494781244564,0.6445904860969622,1.629432136319147,3586.512620810178,False,0.005591898902008482,0.006094976778905303,0.014004667797756913,0.23782906728258937,0.05888543380240614,0.9530433600600791,1.014103192556052,0.6362648929043171,1.6163162491302674,3583.4022023852904,False,0.003173088601961991,0.003501124874589423,89,0.939910824944114,False,False,0.9853444864883499,False,False,0.9824432262544275,False,False,3583.4022023852904,5.5252845034260645,3.1104184248874844,0.07458893472438655,0.996404404693526,0.07485809413631467,low,-1.1697841820258137,-1.2752255651827527,-0.023395683640516272,-0.025504511303655053,0.5591898902008482,0.6094976778905303,0.011183797804016965,0.012189953557810607,0.3173088601961991,0.3501124874589423,0.006346177203923982,0.007002249749178846
b256ddc8-8b12-434c-a610-1a872e948f2f,White Plume Adventurer,0.06309846608132644,0.15068042607085114,0.4187568865225868,0.6753938164757891,1.0651317134138623,0.7927596688709146,1.4310838599241125,3591.912504853275,False,0.014468133012917344,0.01577048004637105,0.007963003581485785,0.15551705694229637,0.051203409696985246,0.9591634348655009,1.0079947926172181,0.7431551592340937,1.3672158355067978,3586.520760541031,False,0.001814305740789335,0.0019762961418667846,0.013814358645222936,0.15645187869969096,0.08829781246500445,0.9296399775664808,1.0139102177999082,0.7461479876350361,1.3777614451757936,3583.3978713393353,False,0.003130210649368316,0.003453534568800931,205,0.9056993328965004,False,False,0.9909752695998967,False,False,0.9824432262544275,False,False,3583.3978713393353,5.3917443122441,3.1228892016956706,0.05713692079664412,1.0290122412769962,0.05552598745155611,low,1.4468133012917344,1.577048004637105,0.028936266025834687,0.0315409600927421,0.1814305740789335,0.19762961418667846,0.00362861148157867,0.003952592283733569,0.31302106493683163,0.3453534568800931,0.006260421298736632,0.006907069137601862
44afd414-cc69-4888-ba12-7ea87e60b1f7,Craterhoof Behemoth,0.1530768383565935,0.18198689344551303,0.8411421034692522,0.40026833045559185,1.1654145240392222,0.8157743673973255,1.66491013584404,3591.3800525616457,False,0.035044405087266216,0.03820534058557307,-0.009918608188684836,0.22728312142707152,-0.04363988019175206,0.9651914621672186,0.9901304189778736,0.6341983451791173,1.5458227761669983,3586.5214780889874,False,-0.0022597841356260424,-0.002459721175080032,0.013156667757133911,0.2287313543813339,0.05752017598426632,0.9541308346033995,1.0132435975273897,0.6471631924576807,1.586404480192038,3583.4023609682163,False,0.002981066672747347,0.0032891191023968203,137,0.8353544756078359,False,False,0.9909752695998967,False,False,0.9824432262544275,False,False,3583.4023609682163,4.858574472658347,3.1191171207710795,0.17528410506134862,1.0562628468481619,0.16594743021056554,low,3.5044405087266215,3.820534058557307,0.07008881017453243,0.07641068117114613,-0.22597841356260423,-0.24597211750800319,-0.004519568271252085,-0.004919442350160064,0.2981066672747347,0.328911910239682,0.005962133345494694,0.0065782382047936405
0324641d-af55-4c53-b4dc-c8262e967da5,Volcanic Island,-0.03358895645482121,0.16056331753195877,-0.20919445967560812,0.8342964372848872,0.966968889281043,0.7058919780308601,1.3246061181283693,3592.044250104005,False,-0.007701123987614214,-0.008396595113024985,-0.0027089551203464653,0.16923126268406857,-0.016007415399385817,0.9872284758203816,0.9972947107875684,0.7157658218449336,1.3895560668169666,3586.5231263805335,False,-0.0006171956838427368,-0.0006720250183635534,0.013154181551343956,0.170257424314079,0.07726054593118971,0.9384162768389026,1.0132410783984225,0.7257494963101861,1.4146168728654598,3583.3996997915124,False,0.002980513686683869,0.0032885069593974747,175,0.9463872851513943,False,False,0.9921259065088793,False,False,0.9824432262544275,False,False,3583.3996997915124,5.521123723471646,3.1234265890211645,0.046272189117379514,0.9925015594890113,0.04662177975942196,low,-0.7701123987614215,-0.8396595113024985,-0.015402247975228428,-0.01679319022604997,-0.061719568384273685,-0.06720250183635534,-0.0012343913676854737,-0.0013440500367271069,0.2980513686683869,0.3288506959397475,0.005961027373367738,0.0065770139187949495
6a058e68-70af-4a64-859c-c881e5578368,Chrome Mox,0.04954861617309528,0.14893371752508505,0.33268904447208036,0.739369020171952,1.0507966766861703,0.784772454438915,1.406998486617558,3591.9772307836856,False,0.011362966576159197,0.012385164861369868,0.01242190650840187,0.15258720350092206,0.08140857308736775,0.9351170314049858,1.0124993788414083,0.7507751954165667,1.3654619897044302,3586.5167542104637,False,0.002830316323185515,0.003083192307157534,0.011305508475989894,0.1532447536399233,0.07377419590202913,0.941190059746616,1.0113696572538653,0.7489716035564901,1.3656974159723971,3583.4002259736835,False,0.0025617524341557166,0.0028263551507066165,213,0.9179625798096755,False,False,0.9853444864883499,False,False,0.9824432262544275,False,False,3583.4002259736835,5.4604765732219676,3.116528236780141,0.03942701943230498,1.0248885709271478,0.03846956688826962,low,1.1362966576159197,1.2385164861369868,0.022725933152318394,0.024770329722739737,0.2830316323185515,0.3083192307157534,0.00566063264637103,0.006166384614315068,0.2561752434155717,0.28263551507066165,0.005123504868311433,0.005652710301413233
07313dd3-d0dc-40ca-98a3-fa4d39e5bcae,Oust,0.07000647928216511,0.15219555293769835,0.4599771670780844,0.6455326096147453,1.0725151303598597,0.7958880016548795,1.4452896669619932,3591.8764961348847,False,0.01604440132497367,0.01749594238991653,-0.010533142222421833,0.1557270578744418,-0.06763848470645609,0.9460734191679762,0.9895221370616865,0.7292357758097157,1.3427125933967123,3586.5188073985296,False,-0.0023998720258639698,-0.0026120775148031905,0.009724080724560557,0.15627563982495954,0.06222390601281337,0.9503845251291652,1.0097715132186629,0.743359000975181,1.3716636343547168,3583.4017977107587,False,0.0022032338121884447,0.0024310014318051354,207,0.8942231637972977,False,False,0.9875289054538968,False,False,0.9824432262544275,False,False,3583.4017977107587,5.357688736355158,3.11700968777086,0.08299299329817322,1.023936260213403,0.08105289022665951,low,1.604440132497367,1.749594238991653,0.03208880264994734,0.03499188477983306,-0.23998720258639697,-0.26120775148031905,-0.0047997440517279395,-0.005224155029606381,0.22032338121884448,0.24310014318051354,0.0044064676243768894,0.004862002863610271
345fd005-5052-4500-a260-3649500e21f4,Mulldrifter,-0.047888849388301034,0.5019995519697331,-0.09539619945953334,0.9240001347047803,0.9532397343689134,0.35636208538231373,2.5498391339945106,3592.0789291263955,False,-0.010979013799532691,-0.01196996787053084,-0.010410049146965944,0.5103676523653515,-0.020397157027330196,0.9837265517432364,0.9896439478816494,0.3639529609763357,2.6909937508173134,3586.5229668060415,False,-0.002371749873473385,-0.0025815358435967717,0.008631906058225808,0.5124363926084757,0.016844834174025904,0.9865604024637346,1.008669268384648,0.36944868560752164,2.753870111381194,3583.405385417992,False,0.001955841419191535,0.0021579630949608575,18,0.9807819754557375,False,False,0.9911565105932609,False,False,0.9965463492614516,False,False,3583.405385417992,5.555962320353956,3.11758138804953,0.055429534015734694,0.9838509835450703,0.05633935925541052,low,-1.097901379953269,-1.196996787053084,-0.021958027599065382,-0.02393993574106168,-0.2371749873473385,-0.25815358435967717,-0.00474349974694677,-0.005163071687193543,0.1955841419191535,0.21579630949608575,0.00391168283838307,0.004315926189921715
5f1cdcba-a04a-4a2f-8bc1-0dd7fa03754d,Exhume,-0.14131884137174736,0.19157532916381567,-0.7376672246294611,0.4607166935822993,0.8682124455147205,0.5964221921937035,1.2638578181910407,3591.5445754875595,False,-0.03235022878416776,-0.03527862942577764,0.018135389773393656,0.2049167136197463,0.08850127182425242,0.9294782735375751,1.0183008345765288,0.6814711451677467,1.5216148138510093,3586.515549344508,False,0.004131875793853599,0.004501673842682796,0.00856436951735576,0.20573496769454938,0.04162816663267038,0.966795118972733,1.008601148651691,0.6738982342940139,1.5095399057206684,3583.403936305417,False,0.0019405417969827758,0.0021410847757359908,125,0.846426910556781,False,False,0.9853444864883499,False,False,0.9905565965511718,False,False,3583.403936305417,5.0290261430513965,3.1116130390910257,0.15008838906180821,0.9650381429143134,0.155525862022984,low,-3.235022878416776,-3.527862942577764,-0.06470045756833552,-0.07055725885155528,0.41318757938535994,0.4501673842682796,0.008263751587707199,0.009003347685365592,0.1940541796982776,0.21410847757359908,0.0038810835939655517,0.0042821695514719815
7832abb5-5107-4603-904e-491b221bd3e3,Smuggler's Copter,0.08418089668192195,0.1577335321167782,0.5336905574370738,0.5935556431795854,1.0878256600635234,0.7985347235754681,1.4819201116190441,3591.802916119984,False,0.019297500959454407,0.02103517539738531,0.03231164269702331,0.16138868714686735,0.20021008453720787,0.8413162805279434,1.0328393319900588,0.7527589784862893,1.4171296738974744,3586.4832869364673,False,0.007361774359421699,0.00802598378273639,0.00807151607020857,0.1624431455349805,0.04968825273375694,0.9603708178573472,1.0081041785755487,0.7332144543286678,1.3860529192540043,3583.4032002275344,False,0.0018288884798971562,0.002017870001305766,189,0.883561866482415,False,False,0.9610784368295511,False,False,0.9870066802940688,False,False,3583.4032002275344,5.319629183516554,3.0800867089328676,0.07972148148797475,1.0429230568763768,0.07644042478718022,low,1.9297500959454408,2.103517539738531,0.038595001918908814,0.04207035079477062,0.7361774359421699,0.802598378273639,0.014723548718843397,0.01605196756547278,0.1828888479897156,0.2017870001305766,0.0036577769597943123,0.004035740002611532
2605df98-0b02-4aab-bc36-01e93c693743,Territorial Kavu,0.07289175697501545,0.3042145763303364,0.2396063918247781,0.8106354091466965,1.075614102889019,0.5925210894295105,1.9525814675181874,3592.0304531309334,False,0.016710920253619116,0.018215290350058533,0.008900098420846762,0.3128650647612694,0.028447082858669284,0.9773055726883707,1.0089398220574322,0.5464483816077776,1.8628650002370029,3586.5225731457053,False,0.0020277811479792116,0.0022089560853519874,0.004732902137444036,0.3122705825274817,0.01515641370742155,0.987907394486741,1.0047441200094798,0.5448103973513837,1.8529579310552784,3583.405439549062,False,0.0010723961004955737,0.0011832233528332736,48,0.9346145511271703,False,False,0.9909752695998967,False,False,0.9965463492614516,False,False,3583.405439549062,5.507879985228101,3.1171335966432707,0.07086998287953916,1.0297660149853103,0.0688214427823685,low,1.6710920253619115,1.8215290350058533,0.03342184050723823,0.036430580700117066,0.20277811479792116,0.22089560853519874,0.004055562295958423,0.004417912170703975,0.10723961004955737,0.11832233528332736,0.0021447922009911473,0.0023664467056665472
329a8738-3e17-403a-857a-0ba529ce8cd1,Walking Ballista,-0.06839838804245191,0.16787253286724055,-0.40744240212628313,0.6836830895263561,0.9338883495058168,0.6720459569612004,1.2977497153413435,3591.9217015207873,False,-0.015685862144077665,-0.017094065299959882,0.006899862780727479,0.16985222318644572,0.04062274046983502,0.9675966548446896,1.0069237216767268,0.7217976123680395,1.4046809852265516,3586.5217326833535,False,0.0015719567148181094,0.0017122699890669835,0.0034595151418453404,0.17084621554414542,0.02024929338251234,0.9838445055004921,1.003465506171047,0.7179186140063685,1.4025865918921319,3583.4052592983426,False,0.0007838442479015877,0.0008648781374449022,168,0.9056993328965004,False,False,0.9909752695998967,False,False,0.9965463492614516,False,False,3583.4052592983426,5.399968837433789,3.116473385010977,0.07303537217091005,0.9814258591178634,0.07441761544428487,low,-1.5685862144077665,-1.7094065299959882,-0.03137172428815533,-0.034188130599919764,0.15719567148181093,0.17122699890669835,0.003143913429636219,0.003424539978133967,0.07838442479015877,0.08648781374449022,0.0015676884958031754,0.0017297562748898043
187e887c-c39d-4d25-a506-cdc95fc70316,"Gideon, Ally of Zendikar",0.11402690617081378,0.20022877615520987,0.5694831100721726,0.5690283296108546,1.1207822804379486,0.7569776918803338,1.6594318876470486,3591.763578441046,False,0.026123292664575908,0.02847953054481489,0.017740033751527096,0.20468431607513568,0.08667021534280658,0.9309336520168743,1.017898322782481,0.6815121322321954,1.5203206905939222,3586.515870308626,False,0.0040417347791577,0.00440458800035215,0.0024273155760343884,0.20537483721740762,0.011818953134287127,0.9905700593108582,1.002430263891502,0.6702480807391811,1.4992455224301013,3583.40552961104,False,0.000549985060896478,0.0006068285971400633,116,0.8684521446552185,False,False,0.9853444864883499,False,False,0.9965463492614516,False,False,3583.40552961104,5.24770813242003,3.110340697585798,0.11835201654644667,1.0470369557039771,0.1130351855316057,low,2.6123292664575906,2.847953054481489,0.052246585329151815,0.05695906108962978,0.40417347791577,0.440458800035215,0.0080834695583154,0.0088091760007043,0.0549985060896478,0.06068285971400633,0.001099970121792956,0.0012136571942801266
1e14e677-9bfa-4bcc-9772-8e7758d7538a,Sea Gate Stormcaller,-0.12969904108090113,0.3944495578787032,-0.32881020777005093,0.7422991470379585,0.8783597413436114,0.40542467762787443,1.9029819292878964,3591.97936626385,False,-0.02971216680404981,-0.03238077544603141,0.014718804708950739,0.3967204484792556,0.037101200014700984,0.9704043152153509,1.0148276597312018,0.46633394827555585,2.2084499375691102,3586.522006959375,False,0.003353342403632409,0.0036538866242382118,0.002225498636973764,0.400609304098934,0.005555284448471414,0.9955675471061665,1.0022279768971791,0.45704714229712334,2.1977184073988134,3583.4056384408027,False,0.0005042552951807268,0.0005563744479035182,28,0.9179625798096755,False,False,0.9909752695998967,False,False,0.9988503355450191,False,False,3583.4056384408027,5.457359304474721,3.1163685185724717,0.13646791838759043,0.9651384593239974,0.14139724416657826,low,-2.9712166804049813,-3.238077544603141,-0.05942433360809962,-0.06476155089206281,0.3353342403632409,0.3653886624238212,0.006706684807264818,0.0073077732484764235,0.05042552951807268,0.05563744479035182,0.0010085105903614535,0.0011127488958070364
19d6834d-afa3-4747-a62d-0654f4d9729f,"Malcolm, Alluring Scoundrel",-0.14698913843448574,0.1975336537302046,-0.7441220048268152,0.4568026679360032,0.8633033541913363,0.5861643313777634,1.2714739561280053,3591.534146122204,False,-0.033654796917854876,-0.036689290890281945,-0.046275582782646416,0.2017053901471393,-0.22942164683298483,0.8185412130586099,0.9547788053316453,0.6429951178953807,1.4177441503667016,3586.4707345108704,False,-0.01054210496399613,-0.011458490676226507,0.0006336174086251515,0.20307924784437606,0.003120050006836277,0.997510564309603,1.0006338181865386,0.6720639976694548,1.489840315164495,3583.4056595645416,False,0.00014356594180764854,0.00015840434745889587,115,0.846426910556781,False,False,0.9576562437337601,False,False,0.9990083279196775,False,False,3583.4056595645416,5.063411611333777,3.0650749463288776,0.13733046399520232,0.93957199256984,0.14616279016532552,low,-3.3654796917854877,-3.6689290890281945,-0.06730959383570975,-0.07337858178056389,-1.0542104963996128,-1.1458490676226507,-0.02108420992799226,-0.022916981352453014,0.014356594180764853,0.015840434745889587,0.0002871318836152971,0.00031680869491779173
ebc01ab4-d89a-4d25-bf54-6aed33772f4b,Force of Will,-0.06596015821119539,0.15182149035889683,-0.43445863991500516,0.6639554230693541,0.9361681621628094,0.6952176761827006,1.260627941250698,3591.89918349866,False,-0.015121531972915504,-0.016485293670952694,0.012066789867719606,0.15850961908350633,0.07612654637295266,0.9393184204656413,1.0121398872977938,0.7418471431777844,1.3809140614479467,3586.5175875487234,False,0.0027491531203467923,0.0029949111349225066,-0.00014425268838345233,0.15923943543476976,-0.0009058854547530938,0.9992772080806539,0.9998557577155354,0.7317959606628536,1.366106934139645,3583.4056684785824,False,-3.268500428927331e-05,-3.6063172054179304e-05,207,0.894663166034867,False,False,0.9866541518906815,False,False,0.9992772080806539,False,False,3583.4056684785824,5.381595949936582,3.1119190701410844,0.0759717251349844,0.9827212690587128,0.07730750063825621,low,-1.5121531972915503,-1.6485293670952694,-0.030243063945831008,-0.03297058734190539,0.2749153120346792,0.29949111349225066,0.0054983062406935845,0.005989822269845013,-0.0032685004289273313,-0.0036063172054179304,-6.537000857854662e-05,-7.212634410835861e-05
7aa37f85-5336-4372-97a2-9c8b00798c7a,Tough Cookie,-0.09461212712103478,0.34486892105830513,-0.2743422829482487,0.7838215934014157,0.9097257239806956,0.46275606906769456,1.788417155802088,3592.012304368114,False,-0.021687824232068713,-0.02363611599492521,-0.01705566451673661,0.34888650984257846,-0.048885995977409155,0.9610101491097929,0.9830889599399477,0.49615186295431285,1.94791952891408,3586.5209904753556,False,-0.003886033687850132,-0.0042283672669712336,-0.0018222710546729809,0.35079718908022184,-0.005194656945373231,0.9958552820651241,0.9981793882731573,0.5018847528455427,1.985240805830994,3583.4056423120737,False,-0.0004128949255964651,-0.0004555676445504586,39,0.923912705502736,False,False,0.9909752695998967,False,False,0.9988503355450191,False,False,3583.4056423120737,5.491313892758626,3.115348163281851,0.08845366429246171,0.9636646907312668,0.0917888401881152,low,-2.168782423206871,-2.363611599492521,-0.043375648464137426,-0.04727223198985042,-0.3886033687850132,-0.42283672669712336,-0.007772067375700264,-0.008456734533942467,-0.041289492559646514,-0.04555676445504586,-0.0008257898511929302,-0.0009111352891009172
87cc2855-6b14-44dd-a398-7dc2bbae081f,Kaldra Compleat,0.11658088558414752,0.22115003124862648,0.527157445675792,0.5980842571301554,1.1236483937482855,0.7284231310483542,1.733313590626887,3591.809652382106,False,0.02671238039635356,0.029115458595851185,-0.005048589867780657,0.22396646804091608,-0.022541722035185813,0.9820158310741038,0.9949641328424591,0.6414507524590161,1.5433041770516862,3586.5228745201475,False,-0.0011502415742221516,-0.001252275935372138,-0.0029498116848964947,0.22554243386696393,-0.013078743695017672,0.9895649698233651,0.9970545347348347,0.6408159568644612,1.5513311342925302,3583.405498253225,False,-0.0006683690478049141,-0.000737452395910887,92,0.883561866482415,False,False,0.9909752695998967,False,False,0.9965463492614516,False,False,3583.405498253225,5.286777861958399,3.117376266922747,0.1286842609058264,1.0385556871085264,0.12390694355937722,low,2.6712380396353557,2.9115458595851185,0.05342476079270712,0.05823091719170237,-0.11502415742221515,-0.1252275935372138,-0.002300483148444303,-0.002504551870744276,-0.06683690478049141,-0.0737452395910887,-0.0013367380956098283,-0.001474904791821774
991037a2-fea2-49f5-8ace-ebbf9f678cff,Talisman of Dominance,-0.019693747375177855,0.3091850086939377,-0.06369567353335912,0.9492125497735324,0.9804989076947408,0.5348888212575653,1.7973419330961247,3592.0839475808707,False,-0.00451570924261486,-0.004923285626936502,0.049474116038627995,0.3115487646541392,0.1588005527595363,0.8738260132988132,1.0507183951084895,0.5705460109668139,1.935004582625283,3586.498135338241,False,0.011270630777202017,0.012297283216359256,-0.0045066730294000806,0.31297712912666753,-0.01439936854803262,0.9885113631640544,0.9955034667835042,0.5390527501750747,1.8384604327797376,3583.4054619796752,False,-0.0010211215605407547,-0.0011266665030571499,46,0.9877141508563902,False,False,0.9679438177072203,False,False,0.9965463492614516,False,False,3583.4054619796752,5.5858122426298,3.092673358565662,0.07021948741374873,1.008906923195578,0.06959956939470478,low,-0.45157092426148604,-0.4923285626936502,-0.00903141848522972,-0.009846571253873004,1.1270630777202018,1.2297283216359256,0.022541261554404033,0.024594566432718512,-0.10211215605407548,-0.11266665030571499,-0.0020422431210815094,-0.0022533330061142998
120be808-ff3b-4fca-96a1-4db6b9825856,Quantum Riddler,-0.0689866832488454,0.242859204365955,-0.2840604021122134,0.7763640920225757,0.933339109040103,0.5798471620895971,1.5023301818439683,3592.0074615695353,False,-0.015811187253898802,-0.017240385237836775,-0.011671673153622102,0.24494145001630013,-0.04765086984193727,0.9619944897743578,0.9883961765935718,0.611551006528465,1.597457924974112,3586.521112599519,False,-0.0026591403259864283,-0.0028942684895936766,-0.0046166573201810454,0.2471029882812433,-0.018683130270065938,0.9850938860015174,0.9953939830615952,0.6132770335708786,1.6155980532095304,3583.4053202734444,False,-0.0010460364055486305,-0.0011541622649092198,76,0.923912705502736,False,False,0.9909752695998967,False,False,0.9965463492614516,False,False,3583.4053202734444,5.486348970016479,3.11579232607437,0.062054874021492235,0.9723764228984234,0.06381774851813188,low,-1.5811187253898802,-1.7240385237836775,-0.031622374507797604,-0.03448077047567355,-0.2659140325986428,-0.28942684895936766,-0.005318280651972857,-0.005788536979187353,-0.10460364055486304,-0.11541622649092198,-0.002092072811097261,-0.0023083245298184396
1a6f256b-943e-4cfb-9fc9-d1ded68b5f97,Chart a Course,-0.177562675326333,0.20892465522754938,-0.8498885645303154,0.39538704393223334,0.837308519106487,0.5559621850345331,1.2610310108137137,3591.364918518091,False,-0.040630694644098554,-0.044287042803177135,-0.06165006159793064,0.21253382772311719,-0.29007176061519263,0.7717613392117062,0.9402118454609036,0.6198880610511308,1.4260612034469922,3586.4391990381755,False,-0.014043671047035522,-0.015256362382150168,-0.005593217477640768,0.2145659839635132,-0.026067587109203157,0.979203430012598,0.9944223954408565,0.6530232496035884,1.51430427807068,3583.404989748051,False,-0.0012673265647540235,-0.0013983014000124028,102,0.8345669566544293,False,False,0.9499601391111803,False,False,0.9965463492614516,False,False,3583.404989748051,4.925719479915642,3.034209290124636,0.15711387633436957,0.923980920002749,0.170040173918204,low,-4.063069464409855,-4.428704280317714,-0.08126138928819711,-0.08857408560635427,-1.4043671047035522,-1.5256362382150168,-0.028087342094071044,-0.030512724764300336,-0.12673265647540236,-0.13983014000124028,-0.002534653129508047,-0.0027966028000248055
75fdce80-e338-4a50-bdc6-786511feaeef,Ziatora's Proving Ground,-0.0062239133657488906,0.19762280036336669,-0.031493903306223044,0.9748756541916892,0.9937954150627657,0.6746477325236413,1.4639185450240373,3592.0870109693597,False,-0.001427165612191861,-0.0015559739307937637,0.0061288036721137956,0.19952966039719716,0.030716253713424794,0.9754958286898503,1.0061476232167934,0.6804851150311603,1.4876637524370335,3586.5224390088415,False,0.001396383412259225,0.001520934480853886,-0.006169636870095975,0.20001456458424335,-0.030845938059162737,0.9753924045602214,0.9938493562591476,0.6715289285500889,1.4708771297006713,3583.404717948558,False,-0.0013978944279081464,-0.0015424048809896673,114,0.9902532860966762,False,False,0.9909752695998967,False,False,0.9950659438417292,False,False,3583.404717948558,5.564571960518151,3.1177210602836567,0.01235220815402771,0.9979307981795689,0.012377820362454672,low,-0.1427165612191861,-0.15559739307937637,-0.002854331224383722,-0.0031119478615875273,0.1396383412259225,0.1520934480853886,0.00279276682451845,0.003041868961707772,-0.13978944279081465,-0.15424048809896673,-0.002795788855816293,-0.0030848097619793347
98e7bf8f-dba7-4005-8cee-634c9153931d,Phantasmal Image,-0.026359245193402877,0.17991647657533263,-0.14650823368234442,0.883520190515941,0.9739851272759503,0.684548666238672,1.3857992498432503,3592.066531886043,False,-0.006044440690660968,-0.006589485747693413,0.019904732891336437,0.18153043568763685,0.10964956270796881,0.9126873022466971,1.0201041530242727,0.7146982016024898,1.4560166524613003,3586.511362020851,False,0.004534655475581896,0.004942026827077062,-0.0062450668258690455,0.1828587040271681,-0.03415241762263167,0.9727556096210556,0.9937743930734303,0.6944409631120531,1.4221331931554135,3583.40450283909,False,-0.0014150319322315265,-0.00156126247614502,143,0.9613506803819456,False,False,0.9853444864883499,False,False,0.9950659438417292,False,False,3583.40450283909,5.555169865192056,3.106859181760683,0.046119025748322384,0.9959545577912178,0.046306355433126424,low,-0.6044440690660968,-0.6589485747693413,-0.012088881381321937,-0.013178971495386826,0.45346554755818963,0.4942026827077062,0.009069310951163792,0.009884053654154124,-0.14150319322315266,-0.156126247614502,-0.002830063864463053,-0.00312252495229004
37dbe1a3-3c44-452b-9fb9-37f5d793d0b5,Memory Jar,-0.08088015391226239,0.21078490506669473,-0.383709421159314,0.7011938291031834,0.9223042193737017,0.6101694534548913,1.3941128456333316,3591.9405712538514,False,-0.018541224740160542,-0.020210201604983158,0.017714645832711724,0.2145518306058779,0.08256581070730985,0.9341967875228953,1.0178724807905384,0.6684411346726132,1.549971019748994,3586.5165678559615,False,0.004035738989552724,0.004397677456611959,-0.006620529076394082,0.21709831511899952,-0.03049553412132714,0.9756718549812458,0.9934013383416599,0.649122890417297,1.5202764123517416,3583.404739203907,False,-0.0015001091769533113,-0.0016551277790498586,102,0.9103966247853263,False,False,0.9853444864883499,False,False,0.9950659438417292,False,False,3583.404739203907,5.424003397889919,3.1118286520545553,0.09556826141683672,0.9778593461686333,0.09773211432838913,low,-1.8541224740160542,-2.021020160498316,-0.037082449480321085,-0.040420403209966316,0.4035738989552724,0.4397677456611959,0.008071477979105448,0.008795354913223918,-0.15001091769533112,-0.16551277790498586,-0.0030002183539066226,-0.0033102555580997173
0020c31b-002a-4121-bc61-2c2c16e9afc8,Ornery Tumblewagg,0.11662586419152136,0.33948822428917086,0.343534343306651,0.7311965088339323,1.1236989350248439,0.5776592855891886,2.185889378179158,3591.969942058824,False,0.026719258797919702,0.02912482093856822,-0.005432032708673407,0.35616761501412564,-0.015251338077039857,0.9878316645510972,0.994582694103426,0.4948401201724759,1.9990188650533154,3586.5231500118643,False,-0.0012376117257076474,-0.0013473640005706722,-0.00671762367909632,0.3606676072328818,-0.01862552539895487,0.9851398400424677,0.9933048891158152,0.48986465816542024,2.0141371423618866,3583.4053223879882,False,-0.0015220817295017275,-0.0016793995732664602,37,0.9179625798096755,False,False,0.9921259065088793,False,False,0.9965463492614516,False,False,3583.4053223879882,5.446792046959672,3.11782762387611,0.1303940459090287,1.0371955060813616,0.12571790481591238,low,2.6719258797919703,2.9124820938568217,0.053438517595839403,0.05824964187713644,-0.12376117257076474,-0.13473640005706722,-0.002475223451415295,-0.0026947280011413444,-0.15220817295017275,-0.16793995732664602,-0.003044163459003455,-0.0033587991465329203
a9738cda-adb1-47fb-9f4c-ecd930228c4d,"Ragavan, Nimble Pilferer",0.11322128654809123,0.15010179856814315,0.754296668182101,0.45067110252958875,1.1198797198491037,0.8344535173370407,1.5029364259037048,3591.5177515938904,False,0.02595593311909274,0.028281513564873073,-0.016055962318400206,0.15838588122164385,-0.10137243417506153,0.9192548180694796,0.9840722475498608,0.7214499377576615,1.3422943682103745,3586.513108926725,False,-0.0036576728014318946,-0.0039807687786734824,-0.009079059114259371,0.15897500291833772,-0.05710997922687948,0.9544575871257406,0.9909620310954323,0.7256626331188505,1.3532538431146555,3583.402408255978,False,-0.0020570053541588396,-0.00226975017337111,209,0.846426910556781,False,False,0.9853444864883499,False,False,0.9824432262544275,False,False,3583.402408255978,5.004642667165172,3.1107006707470646,0.13580747229924295,1.0316379994981322,0.1316425648970958,low,2.595593311909274,2.8281513564873073,0.05191186623818548,0.056563027129746146,-0.3657672801431895,-0.39807687786734824,-0.007315345602863789,-0.007961537557346965,-0.20570053541588396,-0.226975017337111,-0.004114010708317679,-0.00453950034674222
94b67489-5eb0-4406-9bf3-27e50dc632eb,"Nadu, Winged Wisdom",-0.08991097236983561,0.1970569249175091,-0.45626903194330093,0.6481965300848682,0.914012554020766,0.6211749304265354,1.3449012636970323,3591.8794206166385,False,-0.020611508505327125,-0.02246446799456442,-0.005438157907010712,0.21539644500815988,-0.025247203624018482,0.9798577858936981,0.9945766021058191,0.6520622865349505,1.5170063318841196,3586.5227451673354,False,-0.0012390320919249708,-0.001348893016454078,-0.009251643426435644,0.2160640838913065,-0.042818978794688475,0.9658458349731935,0.9907910213521269,0.6487309248562446,1.5132111178598786,3583.4038357208315,False,-0.0020963017632305548,-0.0023128957111935855,119,0.8942231637972977,False,False,0.9909752695998967,False,False,0.9905565965511718,False,False,3583.4038357208315,5.356675449303111,3.118909446503949,0.08056404808505313,0.9664600591595707,0.08335993538637412,low,-2.0611508505327123,-2.246446799456442,-0.04122301701065425,-0.04492893598912884,-0.12390320919249709,-0.1348893016454078,-0.0024780641838499417,-0.002697786032908156,-0.20963017632305547,-0.23128957111935855,-0.0041926035264611096,-0.004625791422387171
327cf118-cc92-4073-85d0-94d2a0a6989a,Scalding Tarn,-0.023857599001812942,0.14832525114158365,-0.16084651007291878,0.8722142923818497,0.9764247437165469,0.7300990338452769,1.3058574740477888,3592.062139551779,False,-0.0054697839246852535,-0.005964178286439192,-0.010143965500738674,0.1492892424719046,-0.0679484022611188,0.9458267083243469,0.9899073109885226,0.7387831185474,1.3263926310000769,3586.518766245179,False,-0.002311023548883357,-0.002515794540151828,-0.011530326382764744,0.1499593154738305,-0.07688969735779375,0.9387112936011186,0.9885358930754653,0.73679131268524,1.3262957842663552,3583.3997581697827,False,-0.002612365630140152,-0.002882557800190255,217,0.9554585981725874,False,False,0.9875289054538968,False,False,0.9824432262544275,False,False,3583.3997581697827,5.543373306600188,3.119008075396323,0.01348256727197572,0.9849559825935116,0.013688497263070015,low,-0.5469783924685253,-0.5964178286439192,-0.010939567849370507,-0.011928356572878385,-0.2311023548883357,-0.2515794540151828,-0.004622047097766714,-0.005031589080303656,-0.2612365630140152,-0.2882557800190255,-0.005224731260280304,-0.00576511560038051
4216656e-90e8-45fc-a0f6-0d0d79d0a021,Shelldock Isle,-0.1165320353183362,0.17516841548596876,-0.6652571183854237,0.5058860528274017,0.8900015850358891,0.6313706867909958,1.2545764919691411,3591.6452103773277,False,-0.026697594423955136,-0.029105176728048077,-0.006251182369008103,0.17952994841263575,-0.034819719073500996,0.9722234966180159,0.9937683156218424,0.6989822844123936,1.412876244730707,3586.522170159744,False,-0.0014242556176983932,-0.0015506023933226643,-0.01172165152111884,0.1809197212126623,-0.06478924156278469,0.9483418074425911,0.9883467794006315,0.693277931181109,1.4090010837174878,3583.4014713869574,False,-0.0026559180165472702,-0.0029303917484194697,155,0.846426910556781,False,False,0.9909752695998967,False,False,0.9824432262544275,False,False,3583.4014713869574,5.123040217583821,3.1206987727864544,0.10376673058595332,0.957372226686121,0.10838702825664247,low,-2.6697594423955135,-2.910517672804808,-0.05339518884791027,-0.05821035345609615,-0.1424255617698393,-0.15506023933226643,-0.0028485112353967864,-0.0031012047866453285,-0.265591801654727,-0.29303917484194697,-0.0053118360330945405,-0.005860783496838939
eeeffc0b-dc92-458e-ad58-86ff6077a508,Sentinel of the Nameless City,0.053704432293591634,0.1602795613932343,0.3350672526600675,0.7375743549998923,1.0551726810912392,0.7707096940496815,1.4446287564789637,3591.9756846657983,False,0.012313587958773265,0.013423478127973676,0.007920072038152851,0.16652750092487326,0.04756014468580712,0.9620667959960189,1.0079515187740127,0.7272581102152091,1.39698169044577,3586.5211204511124,False,0.0018044991308358571,0.0019656176807628656,-0.01333971830633496,0.1677644381210776,-0.07951457684200942,0.9366233376802151,0.9867488614222423,0.710235966468126,1.3709152471677708,3583.399347511866,False,-0.003022394220290926,-0.0033348870703648337,176,0.9179625798096755,False,False,0.9909752695998967,False,False,0.9824432262544275,False,False,3583.399347511866,5.454564214685888,3.1217729392465117,0.06842381966899691,1.016624353762498,0.06730491888745561,low,1.2313587958773264,1.3423478127973676,0.02462717591754653,0.026846956255947352,0.1804499130835857,0.19656176807628656,0.0036089982616717142,0.003931235361525731,-0.3022394220290926,-0.33348870703648337,-0.006044788440581852,-0.006669774140729667
33672990-4860-4aa6-ac1b-f9da66f5da59,Wurmcoil Engine,-0.09293167634784687,0.18248298718191905,-0.5092621388053143,0.6105684925918016,0.9112557584907284,0.6372467529018562,1.3030855843535423,3591.8289040517952,False,-0.021292245514527765,-0.023218597960403875,-0.006510704217820151,0.18530413837632537,-0.03513523375607441,0.971971906273023,0.9935104444943247,0.6909368729710167,1.4285863758796904,3586.5221482109837,False,-0.0014833557517350017,-0.0016149358103574318,-0.015099815998014052,0.1863809317105714,-0.0810158842936914,0.9354293201899363,0.9850136145789424,0.6835835155880583,1.4193610565216839,3583.399106769746,False,-0.0034211863946449227,-0.0037749009090823904,138,0.8891903592985407,False,False,0.9909752695998967,False,False,0.9824432262544275,False,False,3583.399106769746,5.306755840811547,3.1230414412375467,0.08225468600359631,0.9632599391879985,0.08539199302000947,low,-2.1292245514527766,-2.3218597960403873,-0.04258449102905553,-0.04643719592080775,-0.14833557517350018,-0.16149358103574318,-0.0029667115034700034,-0.0032298716207148637,-0.3421186394644923,-0.37749009090823904,-0.0068423727892898455,-0.007549801818164781
8683a978-1bef-4b01-9361-56b1fc157d26,Courser of Kruphix,0.052375838725865216,0.18128185361851726,0.28891936881935776,0.772643081338184,1.0537717163167721,0.7386459291988601,1.503338455156153,3592.004579846617,False,0.01200629579551313,0.013091400058343694,-0.00490823405644894,0.19012146603984198,-0.025816306589074835,0.9794038554065613,0.9951037916413029,0.6855414551420594,1.4444517522776208,3586.5227160916947,False,-0.001118285140613089,-0.0012174847662163035,-0.017095863916288433,0.191556165005639,-0.08924726549931279,0.9288854027801531,0.9830494411483733,0.675335315786885,1.4309724090411566,3583.3977025159493,False,-0.0038736567964689976,-0.004273870255709744,139,0.923912705502736,False,False,0.9909752695998967,False,False,0.9824432262544275,False,False,3583.3977025159493,5.481863754922415,3.12501357574547,0.0707222751683988,1.0106416497021493,0.06997759808260591,low,1.2006295795513129,1.3091400058343694,0.02401259159102626,0.026182800116687388,-0.11182851406130889,-0.12174847662163035,-0.002236570281226178,-0.002434969532432607,-0.3873656796468998,-0.4273870255709744,-0.007747313592937995,-0.008547740511419488
22c26e44-e129-4c4d-b552-3cc8774ce1a4,Mox Poison,-0.09759620905284397,0.20171999929630524,-0.48382019330411313,0.6285134826663393,0.9070150742967056,0.6108111764986995,1.346858696524211,3591.8539803062677,False,-0.022363269724250085,-0.024381959903294503,-0.04618130922050946,0.20440836958381656,-0.22592670405099563,0.8212584279096113,0.9548688199736105,0.6396579404176735,1.4254094348652024,3586.472343343604,False,-0.010520204807450702,-0.011434647533450693,-0.017185341419581366,0.2054046204011585,-0.08366579771194105,0.9333221512397119,0.9829614842739053,0.6571924392290285,1.4702136267718657,3583.3986695308195,False,-0.003893785161128099,-0.004296237468826569,111,0.8942231637972977,False,False,0.9576562437337601,False,False,0.9824432262544275,False,False,3583.3986695308195,5.381636962663833,3.0736738127843637,0.0759464099771997,0.9482817928480739,0.08008844053527792,low,-2.2363269724250086,-2.4381959903294503,-0.04472653944850017,-0.04876391980658901,-1.0520204807450702,-1.1434647533450693,-0.021040409614901404,-0.022869295066901385,-0.3893785161128099,-0.4296237468826569,-0.007787570322256198,-0.008592474937653138
43aa7e35-55ee-4e02-a8aa-ea2b267055d1,Woodfall Primus,-0.1025568916829874,0.18111232773984737,-0.5662612421960682,0.5712162034602317,0.9025268020236017,0.6328403792916195,1.2871407309418765,3591.7675361466586,False,-0.023495398182128095,-0.025620025391633883,-0.01773201979705981,0.18705239673238613,-0.09479707347684414,0.9244760114323921,0.9824242673403787,0.6808898608621433,1.4174942182825234,3586.5143966038186,False,-0.004039835251908512,-0.00439670458101038,-0.017261892637503683,0.1887679273083639,-0.09144505045767298,0.9271389665884195,0.9828862402551608,0.6789233596622021,1.4229372837658596,3583.397307512105,False,-0.0039110490355898945,-0.004315402008439384,144,0.8684521446552185,False,False,0.9853444864883499,False,False,0.9824432262544275,False,False,3583.397307512105,5.253139542840017,3.1170890917137513,0.08035943823155911,0.955945769873047,0.08406275833223377,low,-2.3495398182128095,-2.5620025391633883,-0.04699079636425619,-0.051240050783267765,-0.4039835251908512,-0.439670458101038,-0.008079670503817023,-0.00879340916202076,-0.39110490355898947,-0.4315402008439384,-0.007822098071179789,-0.008630804016878768
265522eb-4f6a-40e7-b374-3833fa63c80b,Formidable Speaker,0.10557793582561406,0.26209847530781644,0.402817817622251,0.6870822525421727,1.1113527153391838,0.6648890623493383,1.8576104313216126,3591.92572958537,False,0.024191225157754584,0.026371684307031573,-0.02285242882467299,0.268735259608007,-0.08503695740561504,0.9322320093458443,0.9774067101881795,0.577195910221208,1.6551119995891101,3586.516151736352,False,-0.005206457876947584,-0.005663797538860815,-0.019558917359560446,0.26884620109932056,-0.07275132503112716,0.9420040052544277,0.9806311172904888,0.5789741365868196,1.6609332393800125,3583.4003769208366,False,-0.004431559137138876,-0.004889571328808018,66,0.9056993328965004,False,False,0.9853444864883499,False,False,0.9824432262544275,False,False,3583.4003769208366,5.409577849017751,3.1157748155155787,0.1339460051510043,1.0231301809392839,0.1309178515563242,low,2.4191225157754586,2.6371684307031575,0.04838245031550917,0.052743368614063146,-0.5206457876947584,-0.5663797538860815,-0.010412915753895169,-0.01132759507772163,-0.4431559137138876,-0.4889571328808018,-0.008863118274277751,-0.009779142657616036
d2507bc2-da17-4e46-b4c5-ba0080ce2c6f,Rishadan Port,0.1338820720801857,0.19888043871679828,0.6731786843593556,0.5008336203086429,1.1432579896581618,0.7742011249396242,1.6882419681567247,3591.633895839791,False,0.030670435976501785,0.0334266089952735,-0.018003616311368615,0.20457007709086528,-0.08800708572530784,0.9298710444029126,0.9821574805646158,0.6577298676673912,1.4666101754662009,3586.515639154154,False,-0.004101613719733145,-0.004463068868271913,-0.02084822466100002,0.20548820889387998,-0.10145703626122238,0.919187661611001,0.9793675971388563,0.6546823557074969,1.4650782657629422,3583.3953789417455,False,-0.004723410347782369,-0.005211869653588386,117,0.846426910556781,False,False,0.9853444864883499,False,False,0.9809570724712602,False,False,3583.3953789417455,5.118256685636879,3.120260212408539,0.16389039251930548,1.0349276891205446,0.15835926919548882,low,3.0670435976501786,3.34266089952735,0.06134087195300357,0.066853217990547,-0.4101613719733145,-0.44630688682719133,-0.00820322743946629,-0.008926137736543827,-0.47234103477823686,-0.5211869653588386,-0.009446820695564738,-0.010423739307176771
2dc16614-5cf8-444d-a5ae-cac25018af68,Burst Lightning,0.06014254844469592,0.1569446251349023,0.38320871704271614,0.7015650152018857,1.0619879204823943,0.780774489387969,1.4444866713493556,3591.941024532638,False,0.01379078154357212,0.015031981370184688,-0.014104442690447003,0.16168141902619812,-0.0872360149694232,0.930483912658681,0.9859945589604205,0.7182051518167211,1.3536317135018914,3586.5157737827662,False,-0.0032132727731527854,-0.003497228252830109,-0.021253284726944124,0.16214556335714012,-0.1310753392624864,0.8957157092494774,0.9789709747687404,0.7124407067441177,1.345212535397523,3583.3884928956168,False,-0.004814994596511214,-0.005313134050848822,186,0.9103966247853263,False,False,0.9853444864883499,False,False,0.9791552533588449,False,False,3583.3884928956168,5.425250749871793,3.1272808871494817,0.08301694571365392,1.0089844847371852,0.08227772276922349,low,1.379078154357212,1.5031981370184688,0.02758156308714424,0.030063962740369377,-0.32132727731527855,-0.3497228252830109,-0.006426545546305571,-0.006994456505660218,-0.4814994596511214,-0.5313134050848822,-0.009629989193022428,-0.010626268101697645
f88d81d9-8ded-4c20-8237-2218046595fb,"Shadow, Mysterious Assassin",-0.051738716423126836,0.2988068578598428,-0.1731510340615917,0.8625327113402945,0.9495769432925869,0.5286650847011926,1.705609841328072,3592.057993665134,False,-0.01186256544915568,-0.01293194796410807,-0.0738261662660541,0.30228369674841765,-0.24422807799488297,0.8070541822668846,0.9288331423416287,0.5136042704545729,1.679758241785357,3586.463659077812,False,-0.01681578629865565,-0.018253079575085374,-0.02238644797094026,0.30364301600144755,-0.07372620739228047,0.941228245049608,0.9778622691340672,0.5392765502925145,1.7731433285525886,3583.4002314890013,False,-0.005072304903677996,-0.005596390410871399,47,0.9554585981725874,False,False,0.9544417368298086,False,False,0.9824432262544275,False,False,3583.4002314890013,5.59433458732201,3.063427588810555,0.04902912679243843,0.952090784922761,0.05149627280177483,low,-1.186256544915568,-1.293194796410807,-0.02372513089831136,-0.02586389592821614,-1.681578629865565,-1.8253079575085374,-0.0336315725973113,-0.03650615915017075,-0.5072304903677995,-0.5596390410871399,-0.010144609807355992,-0.011192780821742798
80c72839-0fa6-4b5f-83b7-6553ebf09bef,"Otharri, Suns' Glory",0.18590725820832257,0.1692845170389975,1.0981941022137054,0.2721197410321661,1.204310565278748,0.8642524242179871,1.6781716741545378,3590.878301797804,False,0.042547766532740755,0.04636554788313535,0.01629815392892551,0.17622499720529208,0.09248491523560126,0.9263127757499826,1.0164316933352002,0.7195690120375725,1.4357669242742725,3586.514826494148,False,0.0037134675880564965,0.0040462809545684375,-0.023595006381390816,0.17704693783355024,-0.13326977958564604,0.8939800267744218,0.9766811793162189,0.690315178992419,1.3818414472977942,3583.3879160339166,False,-0.005345450221516142,-0.005898503129721067,163,0.7714631446865359,False,False,0.9853444864883499,False,False,0.9791552533588449,False,False,3583.3879160339166,4.363475303655832,3.1269104602315565,0.22762938596252913,1.0658078126433892,0.21357451433759767,low,4.254776653274075,4.636554788313535,0.08509553306548151,0.0927310957662707,0.37134675880564966,0.40462809545684375,0.007426935176112993,0.008092561909136875,-0.5345450221516143,-0.5898503129721067,-0.010690900443032284,-0.011797006259442133
4d9dbadd-c1b6-44fe-92ac-6f69d7178342,Talisman of Creativity,-0.07678775514145073,0.21688519540590326,-0.3540479330446761,0.7233029613300435,0.9260863898236693,0.6053897956194906,1.416667422580232,3591.9626425570373,False,-0.017600903639861724,-0.01918846229615867,0.032415016262563066,0.2194679670147135,0.14769816617652412,0.8825809789432705,1.0329461057931357,0.6718352050681428,1.5881538350836832,3586.50157094082,False,0.007384586400258069,0.008051751602160429,-0.024882027622538334,0.221082646495031,-0.11254627179930007,0.9103902831786147,0.9754249784446125,0.6324184403534278,1.5044689209915378,3583.3930018442784,False,-0.0056375954348702444,-0.006220231553821509,95,0.9179625798096755,False,False,0.9682261726236208,False,False,0.9791552533588449,False,False,3583.3930018442784,5.461071616217396,3.108569096541487,0.10685971596946642,0.9781524913538059,0.10924647937211497,low,-1.7600903639861725,-1.918846229615867,-0.03520180727972345,-0.03837692459231734,0.738458640025807,0.8051751602160429,0.014769172800516138,0.016103503204320857,-0.5637595434870244,-0.6220231553821509,-0.011275190869740489,-0.012440463107643018
2a717b98-cdac-416d-bf6c-f6b6638e65d1,"Tamiyo, Inquisitive Student // Tamiyo, Seasoned Scholar",-0.134237189412781,0.15581857728341747,-0.8614966954076201,0.38896454042807815,0.8743826456992432,0.6442672845325298,1.1866891730421327,3591.345213401526,False,-0.030743774459501674,-0.033518832725894565,-0.027341478038755244,0.1622776411417072,-0.16848579906876754,0.8662011146718289,0.9730289167806109,0.7079331188323977,1.337393671386349,3586.4949884955186,False,-0.006229359473231744,-0.0067767668143078885,-0.025466237128570643,0.16299324442012295,-0.15624105906457195,0.8758430136690872,0.9748552923240101,0.7082678085181939,1.3417846039909618,3583.381253562223,False,-0.005770111681790641,-0.006366300711098005,194,0.8287814860586152,False,False,0.9632827639440482,False,False,0.9785381744008059,False,False,3583.381253562223,4.850224906007497,3.1137349332957456,0.10047264662476696,0.9407556182679547,0.10679994323047393,low,-3.0743774459501676,-3.3518832725894567,-0.06148754891900335,-0.06703766545178913,-0.6229359473231744,-0.6776766814307889,-0.012458718946463488,-0.013553533628615777,-0.5770111681790641,-0.6366300711098005,-0.011540223363581282,-0.01273260142219601
441f8b2f-c8cb-4340-a92f-116c2276e906,Frantic Search,-0.12459061321464754,0.16301488202422598,-0.7642898100317729,0.44469455648544975,0.8828582591168757,0.6414014173294126,1.2152120101888928,3591.502417272667,False,-0.028554198379449634,-0.031114634122790252,0.019064441862058523,0.1724865708608073,0.11052710809262416,0.9119913524202701,1.0192473286968713,0.7268688351696369,1.4292332629906432,3586.5111699772256,False,0.004342959838548049,0.004732242628252503,-0.025972724876635815,0.17420325870387846,-0.14909436866956588,0.8814791693774962,0.9743616650809395,0.6925248812686777,1.370897537486413,3583.383431918933,False,-0.005885461324601036,-0.006492990405383758,179,0.846426910556781,False,False,0.9853444864883499,False,False,0.9791552533588449,False,False,3583.383431918933,4.991247295441553,3.1277380582923797,0.13638906957999564,0.9588224176315622,0.14224643382546007,low,-2.8554198379449636,-3.1114634122790252,-0.05710839675889927,-0.062229268245580505,0.4342959838548049,0.4732242628252503,0.008685919677096098,0.009464485256505006,-0.5885461324601036,-0.6492990405383758,-0.011770922649202072,-0.012985980810767517
d51269cf-a333-4a64-94cd-245798d840d2,Elder Gargaroth,0.017967323164541266,0.17104437097715547,0.10504480832602767,0.9163402534726921,1.018129706589323,0.7281271103112814,1.423636182144776,3592.0769684850975,False,0.004119968587946537,0.004491729547263568,-0.034304965047213205,0.1771379490833791,-0.19366242651407128,0.8464402140900589,0.9662767790557446,0.6828395644977259,1.3673648427638143,3586.4858859679625,False,-0.007815243515315226,-0.00849790723549182,-0.0309706739078471,0.1792114389893146,-0.17281638986054743,0.8627957536365479,0.9695040044229101,0.6823414447296205,1.3775185749775332,3583.375808320189,False,-0.007016827881252998,-0.007742094246915576,154,0.9794854952985347,False,False,0.9610784368295511,False,False,0.9708860893328678,False,False,3583.375808320189,5.591082517134964,3.1100776477733234,0.051852927533578286,0.9846368300226592,0.05266198252241388,low,0.4119968587946537,0.44917295472635677,0.008239937175893074,0.008983459094527135,-0.7815243515315226,-0.849790723549182,-0.01563048703063045,-0.01699581447098364,-0.7016827881252998,-0.7742094246915576,-0.014033655762505997,-0.015484188493831152
c7bbb911-9de2-455d-9677-e1004db65dbd,"Chandra, Torch of Defiance",0.16859815829383298,0.15392084262103808,1.0953562585993066,0.2733605893715093,1.1836444056581727,0.8753891984902308,1.600447071385156,3590.8860461358267,False,0.038593254969458854,0.04206994197854458,0.006841736436266609,0.1629024525468007,0.04199897748194446,0.9664995132505944,1.0068651945826343,0.731654353980335,1.3855962375495872,3586.5216185871195,False,0.0015588184455296924,0.0016979056013595728,-0.032742227798142426,0.1648903551681946,-0.19856969660077495,0.8425993601409455,0.967787996281461,0.700523529683899,1.3370194805149773,3583.366250752704,False,-0.007417442620068282,-0.00818492431669321,202,0.7714631446865359,False,False,0.9909752695998967,False,False,0.9601649687173707,False,False,3583.366250752704,4.364427548707226,3.1553678344153013,0.2158564093767118,1.0527658655074226,0.2050374318250442,low,3.8593254969458854,4.206994197854458,0.07718650993891771,0.08413988395708916,0.15588184455296925,0.16979056013595728,0.0031176368910593847,0.0033958112027191456,-0.7417442620068282,-0.818492431669321,-0.014834885240136564,-0.01636984863338642
e4775a26-0b66-40e9-8f64-41d9308ca032,"Surrak, Elusive Hunter",0.1449417583197135,0.2233902643795185,0.6488275517391011,0.5164498468541696,1.1559722425416306,0.7460943890808943,1.7910224833252872,3591.6673523287577,False,0.033183516432772314,0.03617815264424867,-0.018991105107234424,0.23202888298692328,-0.08184802194778797,0.9347675681564656,0.9811880897668321,0.6226518679860363,1.5461771127648416,3586.5166832510135,False,-0.004326806677299087,-0.004707654075701229,-0.03360896828299912,0.23342327548690053,-0.1439829349189525,0.8855139451766955,0.9669495386593986,0.6119415006343554,1.5279097909594068,3583.3849365778015,False,-0.007614661498392453,-0.0084014464485751,90,0.8493954793707131,False,False,0.9853444864883499,False,False,0.9791552533588449,False,False,3583.3849365778015,5.150669077744169,3.131746673212092,0.18902270388223197,1.0347032903226203,0.18268300260579506,low,3.3183516432772313,3.617815264424867,0.06636703286554463,0.07235630528849735,-0.43268066772990876,-0.47076540757012286,-0.008653613354598175,-0.009415308151402457,-0.7614661498392453,-0.8401446448575101,-0.015229322996784906,-0.0168028928971502
35f1a6ba-e46f-44fb-93f4-fb883d677b36,Baleful Mastery,-0.0805326194311828,0.1690739976463836,-0.4763158176434432,0.6338493981444593,0.9226248075964834,0.6623788175106965,1.2851204070678206,3591.8609202266416,False,-0.018461688940311586,-0.02012408731120996,-0.022907602564728843,0.17080342029434964,-0.13411676724770277,0.8933102410812863,0.9773527844920776,0.699295201371376,1.3659731447908618,3586.505391025805,False,-0.005219332269913656,-0.005678404840343543,-0.03495195125316291,0.17207425669893628,-0.2031213263603711,0.8390402031484394,0.9656518135024126,0.6892043281518804,1.352985445435285,3583.364394867227,False,-0.0079194864828979,-0.008737292539356845,163,0.8942231637972977,False,False,0.9767834931167507,False,False,0.9601649687173707,False,False,3583.364394867227,5.355529200836827,3.1409961585777637,0.05472797689559428,0.9552098018636578,0.05729419525304023,low,-1.8461688940311587,-2.012408731120996,-0.03692337788062317,-0.04024817462241992,-0.5219332269913656,-0.5678404840343543,-0.010438664539827312,-0.011356809680687086,-0.7919486482897901,-0.8737292539356845,-0.0158389729657958,-0.01747458507871369
ed0216a0-c5c9-4a99-b869-53e4d0256326,Mox Pearl,0.042707465825932565,0.14280020600237645,0.2990714580987498,0.764885523312655,1.0436325520045509,0.7888485424747151,1.3807072523537591,3591.998581636488,False,0.00979059970790569,0.010675622306950794,-0.02921429554088548,0.14487763642804657,-0.2016480684056076,0.8401918638879433,0.9712083165533083,0.7311223476873608,1.29013371992516,3586.4827127153753,False,-0.006656197159957484,-0.007238845841866182,-0.03521273834229734,0.145370181425356,-0.24222806903751587,0.8086034466115303,0.965400016810942,0.7260486220087923,1.2836567196835489,3583.346980452002,False,-0.007978502837825646,-0.008802346064312516,234,0.9209000795118067,False,False,0.9610784368295511,False,False,0.9528948743637645,False,False,3583.346980452002,5.515868921112542,3.135732263373484,0.07823253519360884,0.9934136284562669,0.07875121998797188,low,0.979059970790569,1.0675622306950794,0.01958119941581138,0.021351244613901588,-0.6656197159957484,-0.7238845841866182,-0.013312394319914968,-0.014477691683732363,-0.7978502837825646,-0.8802346064312516,-0.01595700567565129,-0.017604692128625032
b841bfa8-7c17-4df2-8466-780ab9a4a53a,Fabled Passage,-0.04935910060147243,0.16124735279815083,-0.30610797476632107,0.759522436210604,0.951839262268193,0.6939163130804575,1.3056300365289297,3591.9942838964093,False,-0.01131690137467208,-0.01233772746592171,-0.06238749155828957,0.16353846028904914,-0.38148513473846835,0.7028432995371523,0.9395187606591338,0.6818654870031994,1.2945302533347505,3586.377813533528,False,-0.01421101353956982,-0.015437194901934015,-0.03653443173076391,0.16449082963839415,-0.2221061916404629,0.82423121800459,0.9641248968359405,0.6984187289888173,1.3309162227718498,3583.356330140042,False,-0.008277485417430666,-0.009132713960162575,180,0.9209000795118067,False,False,0.9367226555934245,False,False,0.9544483027935096,False,False,3583.356330140042,5.6164703628815005,3.0214833934860508,0.024606136176806737,0.9518276399210891,0.025851462118547743,low,-1.1316901374672081,-1.233772746592171,-0.02263380274934416,-0.02467545493184342,-1.421101353956982,-1.5437194901934015,-0.02842202707913964,-0.03087438980386803,-0.8277485417430666,-0.9132713960162575,-0.01655497083486133,-0.01826542792032515
7054012b-4f9d-44a0-aaf9-7fd3bddc7b2d,Slickshot Show-Off,0.1327753721434522,0.1885301649605224,0.7042659309784984,0.48126717881143044,1.1419934459776089,0.789193492010969,1.6525085975210847,3591.5927745110403,False,0.030397375317423234,0.03315168115215417,-0.02936762725122573,0.19635502743035657,-0.14956391815148137,0.8811086770530697,0.9710594109373026,0.6608532466077979,1.4268771234917235,3586.501011220782,False,-0.0066910910334958724,-0.00727658447755869,-0.038625289397889055,0.19715374219052775,-0.19591456377511665,0.8446770379207987,0.9621111548608695,0.6537393044182541,1.4159434319639619,3583.367283586038,False,-0.008751531484579788,-0.009655194074066453,133,0.846426910556781,False,False,0.968203439199996,False,False,0.9601649687173707,False,False,3583.367283586038,5.091763290258314,3.133727634743991,0.17988229111673937,1.025054670591927,0.17548555826087278,low,3.0397375317423236,3.3151681152154167,0.06079475063484647,0.06630336230430833,-0.6691091033495873,-0.727658447755869,-0.013382182066991745,-0.01455316895511738,-0.8751531484579788,-0.9655194074066453,-0.017503062969159575,-0.019310388148132906
ce54c7c1-3401-4414-8da0-5846cb0ae1b4,Channel,0.026610402799484248,0.33924306249796243,0.07844052168242667,0.9374776411705101,1.0269676211035217,0.5281864145657217,1.9967618736695014,3592.0818539393194,False,0.00610152901849052,0.006652224347896807,0.0025517229654799436,0.3490135848519345,0.007311242531039261,0.9941665244349386,1.0025549813814618,0.50585009762194,1.9869848704546114,3586.523329162545,False,0.0005813725198022205,0.0006331498878607289,-0.039433514613012505,0.3510413484088431,-0.11233296246083795,0.9105594069322769,0.9613338665200898,0.4831275616061283,1.9128753487922376,3583.393041734601,False,-0.008934347265760364,-0.0098571408331668,39,0.9864709126506135,False,False,0.9956592669641201,False,False,0.9791552533588449,False,False,3583.393041734601,5.558524776774448,3.1302874279440402,0.0656337545834319,0.9969521563350244,0.06583440756546774,low,0.610152901849052,0.6652224347896807,0.01220305803698104,0.013304448695793614,0.05813725198022205,0.06331498878607289,0.001162745039604441,0.0012662997757214578,-0.8934347265760364,-0.98571408331668,-0.017868694531520728,-0.0197142816663336
4b4956a2-9a39-4152-9c98-70e4b2acfa26,Miscalculation,-0.10826151862282968,0.14339192847731916,-0.7550042723635857,0.4502464187500278,0.8973928807901956,0.6775244092673646,1.1886125008599262,3591.51765335583,False,-0.024805840035782407,-0.027045071343436866,-0.0470700368490917,0.14801240456497677,-0.31801413528437183,0.7504742146862698,0.954020578655207,0.7137843808918188,1.275112329244928,3586.4222080933605,False,-0.010723395051083155,-0.011657211361709663,-0.03944229081732087,0.14866619710994963,-0.26530772686779885,0.7907724125579546,0.9613254296946904,0.7183286842660068,1.2865232894353653,3583.3352574572036,False,-0.00893629849754874,-0.009859623776579673,236,0.846426910556781,False,False,0.9450893689161072,False,False,0.9485959700416463,False,False,3583.3352574572036,5.095445262469639,3.086950636156871,0.06393254890449473,0.9375796297133644,0.0681889269757707,low,-2.4805840035782407,-2.704507134343687,-0.049611680071564815,-0.05409014268687373,-1.0723395051083155,-1.1657211361709663,-0.02144679010216631,-0.023314422723419326,-0.893629849754874,-0.9859623776579673,-0.01787259699509748,-0.019719247553159347
19477aca-b8db-4061-9a78-ebb189a9df22,Breeding Pool,-0.07992303333161588,0.18040907199424913,-0.44301005735545035,0.6577584601253784,0.9231873983106279,0.6482202071943892,1.3147923544197142,3591.8915555220806,False,-0.018321588584334286,-0.019971680140515258,-0.022875694676886587,0.1836367601379883,-0.12457034560889299,0.9008637062642928,0.9773839702526407,0.6819467219164478,1.4008124016231518,3586.5078606680654,False,-0.005212037767754228,-0.005669907544383013,-0.04049474805334724,0.18453596913046588,-0.2194409482560968,0.8263065751577406,0.9603142080171593,0.6688568301247207,1.3787754517624673,3583.357489868461,False,-0.00917517685118316,-0.010122422711756396,139,0.8942231637972977,False,False,0.9798794948621984,False,False,0.9551932159969029,False,False,3583.357489868461,5.383694854015175,3.1503707996043886,0.05419657194201277,0.9536285255268093,0.05683195341925533,low,-1.8321588584334285,-1.9971680140515258,-0.03664317716866857,-0.039943360281030516,-0.5212037767754228,-0.5669907544383013,-0.010424075535508457,-0.011339815088766025,-0.9175176851183161,-1.0122422711756396,-0.01835035370236632,-0.02024484542351279
f83ed433-fae3-4fa5-acad-bb8a5b535ce3,Coveted Jewel,-0.12516925642595964,0.2529062493578394,-0.4949235408131671,0.6206540928743423,0.8823475469530002,0.5374790453329584,1.448497760748398,3591.843199135993,False,-0.028669942387556237,-0.03125454497797581,-0.03134586462160929,0.2546115324681202,-0.12311250915366176,0.9020180057652021,0.9691403237525666,0.5883787132473458,1.5963068445142574,3586.508226023404,False,-0.007141305198445938,-0.00776702539275459,-0.040532336317808615,0.25550132713189316,-0.1586384570788757,0.8739537280777347,0.960278112151137,0.5819824784288049,1.5844704726610739,3583.380502798389,False,-0.009182834164404446,-0.010131939911263432,70,0.8942231637972977,False,False,0.9798794948621984,False,False,0.9780656654829682,False,False,3583.380502798389,5.3349731125890685,3.127723225014961,0.08679277679956643,0.9372553276189013,0.0926031298430318,low,-2.8669942387556238,-3.1254544977975804,-0.057339884775112475,-0.06250908995595161,-0.7141305198445939,-0.776702539275459,-0.014282610396891876,-0.01553405078550918,-0.9182834164404445,-1.0131939911263432,-0.01836566832880889,-0.020263879822526865
b2996f07-9dbc-444f-aaae-710866da2b4b,Cosmic Spider-Man,-0.16076196741981938,0.4915874637320137,-0.3270261739372954,0.7436480887359173,0.8514947304741332,0.3248884467524887,2.231668387326743,3591.9805897146402,False,-0.03680416259285212,-0.0401058590132885,-0.052189079154793594,0.49680998700991946,-0.1050483696370451,0.9163374275921995,0.9491493855117497,0.3584605547117051,2.5132041564290826,3586.5123310787435,False,-0.011889072308142174,-0.012915789456674653,-0.041483882744298504,0.49550257787410784,-0.08372082123624854,0.9332784023090419,0.9593647975446209,0.36324819870372743,2.5337519031127047,3583.398651967067,False,-0.009398675280381394,-0.010369475933549699,18,0.9179625798096755,False,False,0.9853444864883499,False,False,0.9824432262544275,False,False,3583.398651967067,5.4682586358967455,3.113679111676447,0.10787006707048774,0.9200029711768346,0.11724969424012212,low,-3.680416259285212,-4.0105859013288505,-0.07360832518570425,-0.080211718026577,-1.1889072308142175,-1.2915789456674653,-0.023778144616284348,-0.025831578913349307,-0.9398675280381394,-1.0369475933549699,-0.018797350560762788,-0.020738951867099398
71384418-173a-4f77-adab-56e52fa23692,Delighted Halfling,0.02734222272929612,0.14981808683389827,0.1825028159624689,0.8551881446522449,1.0277194515446129,0.7662082897545345,1.3784858310806458,3592.054693996026,False,0.006269504573851812,0.006835219857213359,-0.008661578459722836,0.16263865221763318,-0.053256580410740474,0.957527474888589,0.991375824942248,0.7207713385933989,1.363575344432992,3586.5205465007384,False,-0.0019734031588454497,-0.002148134142113234,-0.04169521283270048,0.16401650361678868,-0.25421352067178543,0.799330605662097,0.9591620763184479,0.6954698908550384,1.3228349648845923,3583.341058805998,False,-0.009445832414102998,-0.010422365543199863,207,0.9554585981725874,False,False,0.9909752695998967,False,False,0.9485959700416463,False,False,3583.341058805998,5.5341474952874705,3.179487694740601,0.06855737522616501,0.9927524509351029,0.06905787556765917,low,0.6269504573851812,0.6835219857213359,0.012539009147703624,0.013670439714426719,-0.19734031588454498,-0.21481341421132338,-0.003946806317690899,-0.004296268284226468,-0.9445832414102998,-1.0422365543199863,-0.018891664828205996,-0.020844731086399726
005dae9a-dddc-4a11-95bb-cce319edcce4,Skullclamp,0.012715569265137366,0.15487266740460845,0.08210337871896818,0.9345645063685033,1.0127967558623325,0.7476391338119108,1.3719951542067392,3592.0812613106846,False,0.0029158161685808154,0.0031788579598389655,-0.03723596877446682,0.1576183415089384,-0.23624134360248425,0.8132453997273347,0.963448764699654,0.7073936929054393,1.3121880100298982,3586.4675777079524,False,-0.008482381111541155,-0.009223108583334916,-0.04232351858888131,0.15818242828150925,-0.26756144186609837,0.7890369140061619,0.9585596185484482,0.7030262288223199,1.3069733455762285,3583.3340875707245,False,-0.009587720820496254,-0.010579476194980064,194,0.9864709126506135,False,False,0.9545942328299735,False,False,0.9485959700416463,False,False,3583.3340875707245,5.613683602732181,3.133490137227909,0.054237137313884354,0.9782683797034782,0.05544198140220387,low,0.29158161685808154,0.31788579598389655,0.005831632337161631,0.006357715919677931,-0.8482381111541155,-0.9223108583334916,-0.01696476222308231,-0.01844621716666983,-0.9587720820496254,-1.0579476194980064,-0.019175441640992507,-0.02115895238996013
1c7d50d6-b63a-4d8c-88fa-1d78ae693a45,Overgrown Tomb,-0.08312373111942524,0.1846837155796717,-0.45008695465392046,0.6526477428080963,0.9202372781871315,0.6407577531746885,1.3216174817542765,3591.885680262281,False,-0.019046311300528515,-0.02077064507582599,-0.051595350817182944,0.1873997105942421,-0.27532246796739834,0.7830685043055953,0.9497130897255772,0.6577707690997585,1.3712299104299515,3586.447647168532,False,-0.011751351524572377,-0.012770994849703288,-0.04233130932054097,0.18839471266539784,-0.22469478427308273,0.8222167224156037,0.9585521506967704,0.6625992333534395,1.386693765030802,3583.355219608014,False,-0.00958893670915878,-0.010581360379164129,136,0.8942231637972977,False,False,0.9499601391111803,False,False,0.9544483027935096,False,False,3583.355219608014,5.4380330937488,3.09242756051799,0.03831487250963883,0.9428341728698264,0.040637976021822474,low,-1.9046311300528516,-2.077064507582599,-0.03809262260105703,-0.04154129015165198,-1.1751351524572378,-1.2770994849703288,-0.023502703049144754,-0.025541989699406575,-0.958893670915878,-1.0581360379164129,-0.01917787341831756,-0.021162720758328257
486d7edc-d983-41f0-8b78-c99aecd72996,"Otawara, Soaring City",-0.12605510485393773,0.19855749037492973,-0.6348544424887317,0.5255233520095879,0.8815662668645616,0.5973645078544013,1.3009796743112507,3591.6857747179247,False,-0.02886314633388339,-0.031477139149888755,-0.03574758424138629,0.20513245987461906,-0.17426585857370358,0.8616565295713217,0.9648838146275862,0.6454502100512669,1.442405256412163,3586.4930244719335,False,-0.008143303500689637,-0.008855880549760275,-0.043299308247022286,0.2071666279374785,-0.20900715852791563,0.834442650335494,0.9576247221912368,0.6380453612642667,1.4372725894202063,3583.362004407916,False,-0.009808559961471622,-0.010823328141182642,115,0.850904528652425,False,False,0.9610784368295511,False,False,0.9596090478858181,False,False,3583.362004407916,5.192750245991192,3.1310200640173207,0.08331754776302458,0.9346916012277949,0.0891390782302741,low,-2.8863146333883387,-3.1477139149888753,-0.05772629266776678,-0.06295427829977751,-0.8143303500689637,-0.8855880549760275,-0.016286607001379273,-0.01771176109952055,-0.9808559961471622,-1.0823328141182642,-0.019617119922943245,-0.021646656282365284
9b32531e-c759-4603-abd0-1724e8df70db,Tribal Flames,-0.06788508090193161,0.40867734696628855,-0.16610923361879268,0.868070987732001,0.9343678441175426,0.41941571922139115,2.081570213299572,3592.0603237480113,False,-0.015563236468628108,-0.016964941872377293,-0.0827278191710984,0.4112693503517367,-0.20115240559586003,0.8405794055997172,0.9206016832522613,0.41114236160485423,2.06134793772827,3586.4827794761004,False,-0.018842487598918618,-0.020439442732312962,-0.044688183113966065,0.409475657035315,-0.10913513989456021,0.9130953037319363,0.9562956244714802,0.4285874529355781,2.1337566350099357,3583.3937358257863,False,-0.01012478990470309,-0.011170172072619278,26,0.9554585981725874,False,False,0.9610784368295511,False,False,0.9791552533588449,False,False,3583.3937358257863,5.577544271910938,3.0890436503141245,0.03569394121921887,0.9370883839470947,0.03809026110095721,low,-1.5563236468628108,-1.6964941872377293,-0.031126472937256216,-0.033929883744754585,-1.8842487598918618,-2.043944273231296,-0.037684975197837235,-0.040878885464625925,-1.012478990470309,-1.1170172072619278,-0.02024957980940618,-0.022340344145238555
3c02b8ee-84cb-44cb-ba14-9e725a9d03ee,Ponder,-0.14338949220601654,0.14674497651972288,-0.9771339067729153,0.3285028634603998,0.8664165406776931,0.6498526421459188,1.155150526865662,3591.133312529165,False,-0.032822725530773256,-0.03579962606284681,-0.051048312989420634,0.15089955341164735,-0.3382933337792133,0.7351421467785839,0.950232760838097,0.7069386176791715,1.2772570025022632,3586.408934471014,False,-0.011628284353444953,-0.012641259870369181,-0.04471433306089282,0.15168796645191845,-0.2947783802946968,0.7681631829937021,0.9562706177186181,0.7103320463845142,1.2873606068688317,3583.3187748388054,False,-0.010129678987584852,-0.011177248779811633,216,0.7976724107377573,False,False,0.9450893689161072,False,False,0.9485959700416463,False,False,3583.3187748388054,4.724378058150705,3.0901596322087244,0.08985407704092496,0.9243066397448026,0.09721241109523276,low,-3.2822725530773256,-3.579962606284681,-0.06564545106154651,-0.07159925212569362,-1.1628284353444953,-1.2641259870369181,-0.023256568706889906,-0.025282519740738363,-1.0129678987584851,-1.1177248779811633,-0.020259357975169704,-0.022354497559623265
0027e5ca-8046-40a0-bd73-79be55f28bff,Remand,-0.10158948258844679,0.1450697157699676,-0.7002804275809982,0.48375219240580725,0.9034003371247196,0.679820745244613,1.2005108329305196,3591.5974623495135,False,-0.023277284754611247,-0.025380473610514764,-0.06289973540699714,0.14986921192551883,-0.4196975122432532,0.6747064427035199,0.9390376211941271,0.7000220875588671,1.2596626159224902,3586.3471897951413,False,-0.014327369280666118,-0.01557122205022432,-0.045860097571403406,0.15086541081135577,-0.3039801988061234,0.7611429768359134,0.9551755842274425,0.7106634541783535,1.2838149919487252,3583.313248252164,False,-0.010389713171948015,-0.011463695416978892,226,0.846426910556781,False,False,0.9364013848447416,False,False,0.9485959700416463,False,False,3583.313248252164,5.250272554372259,3.033941542977118,0.051775247102722965,0.9325378475154298,0.05552079976235634,low,-2.3277284754611247,-2.5380473610514764,-0.046554569509222495,-0.05076094722102953,-1.4327369280666118,-1.557122205022432,-0.028654738561332237,-0.03114244410044864,-1.0389713171948014,-1.1463695416978892,-0.02077942634389603,-0.022927390833957784
2be39749-ad6f-4160-99eb-c677eee7f1b2,Thraben Inspector,-0.017268289865704015,0.15643282493506316,-0.11038789252110134,0.9121017548147682,0.9828799525276989,0.7233394776256862,1.335545799673283,3592.0758205074203,False,-0.003959345334013329,-0.004316986104536069,-0.06902230308689519,0.16098449953555996,-0.42875123559115585,0.6681042700839143,0.9333058642442841,0.680755599363106,1.279548544364096,3586.339714386419,False,-0.01571524883263427,-0.017067894236006298,-0.04632761675931421,0.16119942552392066,-0.28739318771604166,0.773811276711721,0.9547291256860917,0.696088486616055,1.3094710240999776,3583.3231210183103,False,-0.01049297386120113,-0.011579941397050597,194,0.9794854952985347,False,False,0.9303652066896955,False,False,0.9485959700416463,False,False,3583.3231210183103,5.736106121001285,3.0165933681087154,0.04957408828341481,0.9569716474860249,0.05180308989680779,low,-0.3959345334013329,-0.4316986104536069,-0.007918690668026657,-0.008633972209072138,-1.5715248832634272,-1.7067894236006298,-0.03143049766526854,-0.034135788472012596,-1.0492973861201131,-1.1579941397050597,-0.02098594772240226,-0.023159882794101194
1bd3fa8a-6c50-4f7f-9ae3-0810eec5e3db,Reprieve,0.03214979380770734,0.1565551468977737,0.20535762921100442,0.8372927217425079,1.0326721816182503,0.7598013251810112,1.403540372128385,3592.0458349144687,False,0.007371350534665295,0.008036890287933973,-0.04496176237270713,0.1615788962350702,-0.2782650669137837,0.780808890072059,0.9560340376074018,0.6965216522710392,1.312236422347777,3586.4459497178086,False,-0.010243170481748191,-0.011131361611741608,-0.046876053714689885,0.16245708645969414,-0.28854422257732604,0.7729301844844239,0.9542056605081369,0.6939940144837633,1.3119831346428308,3583.322407411772,False,-0.01062019609692434,-0.011716898915678009,194,0.9465665176309369,False,False,0.9499601391111803,False,False,0.9485959700416463,False,False,3583.322407411772,5.599885196660125,3.1235423060365974,0.07846652111011332,0.9809706265779297,0.0799886550974927,low,0.7371350534665295,0.8036890287933973,0.01474270106933059,0.016073780575867946,-1.0243170481748192,-1.1131361611741608,-0.020486340963496382,-0.022262723223483216,-1.062019609692434,-1.171689891567801,-0.02124039219384868,-0.023433797831356018
04fc99dc-bfbe-4567-b791-6b1db96471ec,Reanimate,-0.2113044294088807,0.14972725507226117,-1.4112622936078085,0.1581672882244971,0.8095275853607841,0.603644488612061,1.085630572005802,3590.0986811271973,False,-0.048258713996545154,-0.05267221215543966,-0.08456597563199011,0.1545615722618924,-0.5471345457634174,0.5842863002615645,0.9189110276410858,0.6787471156367537,1.2440531344700314,3586.224120307234,False,-0.01925393315938175,-0.02092420416479357,-0.04769553255855605,0.1558487418184789,-0.30603732825837165,0.7595762245709656,0.9534240294654465,0.7024654457539987,1.2940385686678513,3583.312028529709,False,-0.010804118239956032,-0.011922498716483987,208,0.6578500872874363,False,False,0.9280871820473942,False,False,0.9485959700416463,False,False,3583.312028529709,3.8745608199633352,2.9120917775248927,0.1438964441046624,0.8939542141557721,0.16096623498839321,low,-4.825871399654515,-5.267221215543966,-0.09651742799309031,-0.10534442431087931,-1.925393315938175,-2.092420416479357,-0.0385078663187635,-0.04184840832958714,-1.0804118239956033,-1.1922498716483987,-0.021608236479912064,-0.023844997432967974
63c59228-c742-4abd-b4d7-9f7880190e95,Windswept Heath,0.005553663229109275,0.13978163357696027,0.03973099388662937,0.9683075916302251,1.00556911340519,0.7645878575894012,1.3225023544351369,3592.0864241950294,False,0.0012734829348809574,0.0013884131060560856,-0.030626027679749684,0.1442494161119743,-0.21231300968300684,0.8318628465280599,0.9698381979071137,0.7309904502587439,1.2867283420553368,3586.478297001586,False,-0.006977764822671824,-0.0075881292477811835,-0.048996134476161676,0.1448559553867533,-0.3382403874617795,0.7351820427333478,0.952184810384474,0.7168319773671324,1.2648095254581033,3583.291225213699,False,-0.01110067628041955,-0.012246829114041347,247,0.9902532860966762,False,False,0.9610784368295511,False,False,0.9485959700416463,False,False,3583.291225213699,5.608127193443579,3.1870717878869073,0.05338430302071606,0.9758640405655926,0.05470465228924258,low,0.12734829348809573,0.13884131060560856,0.002546965869761915,0.002776826212112171,-0.6977764822671824,-0.7588129247781183,-0.013955529645343648,-0.015176258495562367,-1.110067628041955,-1.2246829114041347,-0.0222013525608391,-0.024493658228082693
6920c895-bc98-4871-a53f-219fa27a74e5,Occult Epiphany,-0.17114847294806584,0.1612409893269721,-1.0614451924566333,0.2884876280996207,0.842696446557124,0.6143559399574696,1.155905322717584,3590.959006479267,False,-0.03917841578764729,-0.0427020070900162,-0.041231803507447415,0.16702471561170326,-0.2468604922118385,0.8050161928204378,0.9596066639741194,0.6917018657036302,1.3312743469425425,3586.4624150327995,False,-0.009394369040169314,-0.010216435663551238,-0.049952552941596964,0.16761424645510695,-0.2980209260134462,0.7656871922720185,0.9512745586095048,0.6849040825535887,1.321240899139924,3583.3168103363905,False,-0.011318075303772688,-0.012486557619120708,182,0.7853928487446816,False,False,0.953722558812135,False,False,0.9485959700416463,False,False,3583.3168103363905,4.4965914464673915,3.145604696409009,0.11691021741699548,0.917859223046916,0.12737271084873072,low,-3.9178415787647287,-4.27020070900162,-0.07835683157529458,-0.0854040141800324,-0.9394369040169314,-1.0216435663551238,-0.018788738080338627,-0.020432871327102475,-1.1318075303772688,-1.2486557619120708,-0.022636150607545376,-0.024973115238241417
fc7d1912-7e27-49ef-bd98-375d975a42b0,Starting Town,-0.03480198824055397,0.19616831690692274,-0.17740881294845742,0.859187285387368,0.9657966364162655,0.6575122464145501,1.4186247450133134,3592.0565263196413,False,-0.007979781601592567,-0.008699727252362066,-0.07580357618832598,0.1998883857687979,-0.3792295179971319,0.7045174335983635,0.9269982732119234,0.6265135904052073,1.3715996136366422,3586.3795575266204,False,-0.017264516284568102,-0.018741824561061105,-0.05061576245045768,0.2016049849478236,-0.2510640422088635,0.8017645958305298,0.9506438734380163,0.6403364530023494,1.411326451692606,3583.342631599874,False,-0.011466695678006721,-0.01265138640815383,115,0.9554585981725874,False,False,0.9367226555934245,False,False,0.9485959700416463,False,False,3583.342631599874,5.676968793020933,3.036925926746335,0.038798363204342046,0.947812927688735,0.0409346212431949,low,-0.7979781601592567,-0.8699727252362066,-0.015959563203185135,-0.017399454504724132,-1.7264516284568103,-1.8741824561061105,-0.034529032569136205,-0.03748364912212221,-1.1466695678006722,-1.265138640815383,-0.022933391356013442,-0.02530277281630766
73a065e3-b530-4e62-ab3c-4f6f908184ec,"Elspeth, Storm Slayer",0.08313948984162381,0.22064879298414536,0.3767955796050866,0.7063255260132776,1.0866933806641697,0.7051588767919315,1.6746616151976288,3591.9456714506764,False,0.01906069377537876,0.02077408079930021,-0.07049114652339668,0.22804483861742922,-0.30911090534109165,0.7572371638929078,0.9319359903627624,0.5960331276157608,1.4571416417869205,3586.4280138723834,False,-0.016051101752482682,-0.017427949957057376,-0.05081516440967525,0.22875829405800044,-0.22213474103278344,0.8242089939432148,0.9504543320852211,0.6070273563821171,1.4881758258204532,3583.356388832933,False,-0.011509635886031374,-0.012700938366845327,91,0.9112555625741898,False,False,0.9450893689161072,False,False,0.9544483027935096,False,False,3583.356388832933,5.517657578292983,3.071625039450282,0.15475739030140723,0.9896945677040511,0.15636883878267827,low,1.906069377537876,2.077408079930021,0.03812138755075752,0.04154816159860042,-1.6051101752482682,-1.7427949957057376,-0.032102203504965364,-0.03485589991411475,-1.1509635886031373,-1.2700938366845327,-0.023019271772062748,-0.025401876733690654
652236c2-84ef-45e4-b5fc-ed6170bc3d6c,Meticulous Archive,-0.09555719938603296,0.1758396418862415,-0.5434337693195098,0.5868311802357798,0.9088663735682879,0.6439057609700528,1.282855559109664,3591.792740208477,False,-0.02189607448387877,-0.023873926381174415,-0.07890948837013095,0.178149757369062,-0.442939072920874,0.6578098045336587,0.9241235645898582,0.6517573083451185,1.310310374269027,3586.3271959954186,False,-0.01797025183115628,-0.019504869562172678,-0.05089869714890152,0.17889720002312168,-0.2845136600367311,0.7760167672053786,0.9503749413472616,0.6692904154793347,1.3495076401085846,3583.324721301764,False,-0.011530404963565914,-0.012722134828912879,145,0.8795874094770004,False,False,0.9280871820473942,False,False,0.9485959700416463,False,False,3583.324721301764,5.465544213058365,3.0024746936546762,0.041508567778973715,0.9277882931684692,0.04473926658119249,low,-2.1896074483878767,-2.3873926381174417,-0.04379214896775754,-0.04774785276234883,-1.7970251831156279,-1.9504869562172678,-0.03594050366231256,-0.039009739124345355,-1.1530404963565914,-1.2722134828912879,-0.023060809927131828,-0.025444269657825758
78cef262-c753-4658-b3ec-fec8db47f944,Palace Jailer,0.010963608134427765,0.1469932265677719,0.07458580500900118,0.9405442686234626,1.011023928728323,0.7579460151927231,1.3486044704666018,3592.082440274684,False,0.002513914906249184,0.0027408806275153186,-0.05894332234735137,0.15110624921835433,-0.3900786542731003,0.6964783864956625,0.9427602010780952,0.7010952170797864,1.2677262304524652,3586.3711324669976,False,-0.013429169736785962,-0.014583194106001951,-0.05130095618667276,0.15200500804345843,-0.3374951710275608,0.7357436518021027,0.9499927213187178,0.705230364102115,1.2797040747211306,3583.2917103759314,False,-0.011623758144114654,-0.012822601381785259,221,0.9864709126506135,False,False,0.9367226555934245,False,False,0.9485959700416463,False,False,3583.2917103759314,5.711307807686353,3.079422091066135,0.0682637276502277,0.9679256170417121,0.07052579914029274,low,0.2513914906249184,0.27408806275153186,0.005027829812498368,0.005481761255030637,-1.3429169736785962,-1.458319410600195,-0.026858339473571923,-0.029166388212003902,-1.1623758144114653,-1.282260138178526,-0.023247516288229308,-0.025645202763570518
df3784d4-80cd-4f78-afb3-d61f3bab5b2c,Zealous Conscripts,0.18900920779662309,0.15831714848618084,1.1938644019546707,0.23253101442968105,1.2080520759295157,0.8857749182697329,1.6475853945022234,3590.659935708879,False,0.04324164083611334,0.04713870299575973,-0.029989556467339265,0.16910593606459756,-0.177341831784565,0.8592398944863174,0.9704556684810554,0.6966743520134734,1.3518284428946488,3586.491942613601,False,-0.006831731207984302,-0.007430137526543368,-0.05266394470818716,0.16978431135660926,-0.3101814548552344,0.7564229724013077,0.9486987741619171,0.6801504910246462,1.323279738783149,3583.3095120979724,False,-0.011928383577252713,-0.01316302874735642,189,0.756591837904134,False,False,0.9610784368295511,False,False,0.9485959700416463,False,False,3583.3095120979724,4.1679930952777795,3.1824305156287664,0.25935330176759863,1.0424021728574961,0.24880349304783547,low,4.324164083611334,4.713870299575973,0.08648328167222669,0.09427740599151946,-0.6831731207984302,-0.7430137526543368,-0.013663462415968605,-0.014860275053086736,-1.1928383577252712,-1.316302874735642,-0.023856767154505427,-0.02632605749471284
5eccf31d-869d-4003-a92b-71b4f4b479ee,Strix Serenade,-0.13357970579373246,0.1930881489507253,-0.6918068587825192,0.4890586287806977,0.8749577269981209,0.5992763243905295,1.2774591501045733,3591.609576228697,False,-0.03058869276083724,-0.033351668624034714,-0.06704877536801171,0.19759618360458428,-0.3393222183996481,0.7343670066257026,0.9351495879590822,0.634868558989454,1.377457962719127,3586.4082343400705,False,-0.015271276623572893,-0.016583689818266967,-0.05281118778432136,0.19707223863387077,-0.26797882923751754,0.7887156147481749,0.948559095119723,0.6446338643665604,1.3957758142577374,3583.3338553170574,False,-0.011963401746436777,-0.013199928228855295,125,0.846426910556781,False,False,0.9450893689161072,False,False,0.9485959700416463,False,False,3583.3338553170574,5.2013418886263025,3.07437902301308,0.07360136812160212,0.919555470025642,0.08004016127439242,low,-3.058869276083724,-3.3351668624034714,-0.06117738552167448,-0.06670333724806943,-1.5271276623572894,-1.6583689818266967,-0.030542553247145787,-0.033167379636533934,-1.1963401746436777,-1.3199928228855295,-0.023926803492873554,-0.02639985645771059
16e040c3-bf42-4a5b-aeb3-5dc9921151e5,Death's Shadow,-0.18332742229691742,0.39199102452546103,-0.4676827040079581,0.6400115116160009,0.8324955335084735,0.38611121457061764,1.794946085889466,3591.8679105798774,False,-0.04195252519402257,-0.04570789871260267,-0.11305153239603769,0.3992015043094165,-0.2831941542695509,0.7770280092353892,0.8931046351083768,0.40840886721544717,1.9530327406708614,3586.4428778613947,False,-0.025740177419068262,-0.027881074373111603,-0.05426953462699079,0.399375670911514,-0.1358859304151624,0.8919114582038102,0.9471767751542388,0.43298774686489083,2.0719843688129296,3583.3871679218455,False,-0.012294964449080193,-0.013564092748281742,28,0.8942231637972977,False,False,0.9499601391111803,False,False,0.9791552533588449,False,False,3583.3871679218455,5.425032718482726,3.0557099395491605,0.11468124164576532,0.8909256479236963,0.1287214504521563,low,-4.195252519402257,-4.570789871260267,-0.08390505038804515,-0.09141579742520534,-2.574017741906826,-2.7881074373111603,-0.051480354838136524,-0.055762148746223206,-1.2294964449080192,-1.3564092748281742,-0.024589928898160387,-0.027128185496563484
0e606072-a3aa-4300-ba90-ec92a721fa76,"Jace, the Mind Sculptor",-0.13501437056193175,0.18639221552888838,-0.7243562730279702,0.4688470376749777,0.8737033559896312,0.606322586857557,1.2589957405741168,3591.5641649541712,False,-0.030908354752955162,-0.03370942224398665,-0.056364292415372656,0.19425020712516972,-0.2901633581222026,0.7716912668390407,0.945194745887895,0.6459102618584625,1.3831536057091633,3586.4392191575607,False,-0.012837603753715014,-0.013948910503274514,-0.05536991964969011,0.19571816483729207,-0.28290639091022146,0.7772485954003074,0.9461350892499044,0.6446952704561009,1.3885189610226547,3583.3256606451055,False,-0.012541573433065535,-0.013839240217287219,133,0.846426910556781,False,False,0.9499601391111803,False,False,0.9485959700416463,False,False,3583.3256606451055,5.124945796610518,3.1135585124552563,0.07243173326027319,0.9216777303758102,0.07858683233101385,low,-3.090835475295516,-3.3709422243986653,-0.061816709505910325,-0.0674188444879733,-1.2837603753715014,-1.3948910503274514,-0.025675207507430027,-0.02789782100654903,-1.2541573433065536,-1.3839240217287219,-0.02508314686613107,-0.027678480434574437
1be9d9a4-d7ee-4854-abc2-85cabf993ec9,Archon of Cruelty,-0.23887837190574934,0.17683648732408155,-1.3508432310576604,0.17674565639523587,0.7875106599687207,0.5568396917339187,1.1137371289629883,3590.261073933678,False,-0.0545550389989874,-0.05948013429988752,-0.07257804951294,0.19115962794917937,-0.3796724773508933,0.7041885528808933,0.9299931583145288,0.6393834538612143,1.352689484359985,3586.3791909287866,False,-0.016531548130208795,-0.01796850129490013,-0.05660215537706633,0.19196964853770046,-0.29484950255534986,0.7681088489278334,0.9449699458031277,0.6486495669965331,1.376657356923725,3583.318715152168,False,-0.012822944695716215,-0.014148479392506352,149,0.6934667812683666,False,False,0.9367226555934245,False,False,0.9485959700416463,False,False,3583.318715152168,3.8818830048912787,3.0604757766186594,0.15745928583440694,0.8874912546954591,0.17742066189535444,low,-5.45550389989874,-5.948013429988752,-0.1091100779979748,-0.11896026859977504,-1.6531548130208795,-1.796850129490013,-0.03306309626041759,-0.03593700258980026,-1.2822944695716214,-1.4148479392506352,-0.02564588939143243,-0.028296958785012705
68c72226-6f52-4322-8b14-18737293dfa0,Bloodstained Mire,-0.07426455181946356,0.15297564059075658,-0.4854665195888118,0.6273454565068932,0.9284260445499134,0.687910313812112,1.253033866321748,3591.852434092309,False,-0.017019118905843844,-0.018559343330696088,-0.0728012766275931,0.15482206260756884,-0.4702254665869181,0.6381939413515149,0.929785581794367,0.6864289745645034,1.2594183231574132,3586.3023561185482,False,-0.016577507914420034,-0.01800942496122515,-0.05720146176078527,0.15523662180720119,-0.3684791713119577,0.7125159731847399,0.9444037889498389,0.6966548110255272,1.2802588921619182,3583.2699357730316,False,-0.01295574854407594,-0.014297471182325938,201,0.8942231637972977,False,False,0.9280871820473942,False,False,0.9485959700416463,False,False,3583.2699357730316,5.5500779737608354,3.0324203455165843,0.015977744399925498,0.9342051384313731,0.01710303630608774,low,-1.7019118905843844,-1.8559343330696088,-0.03403823781168769,-0.037118686661392175,-1.6577507914420035,-1.8009424961225151,-0.03315501582884007,-0.0360188499224503,-1.295574854407594,-1.4297471182325938,-0.02591149708815188,-0.028594942364651876
16c8d2fa-54a7-46e8-980c-905258497c90,Arid Mesa,0.01402739465132363,0.14688501817764923,0.09549915182199371,0.9239183639303975,1.01412624019271,0.760433022905156,1.3524557719998889,3592.07888162348,False,0.003216689322793279,0.0035068038219859266,-0.05034080962794515,0.14897632422782242,-0.33791147612798755,0.7354298990445213,0.9509052915914049,0.7101107003500123,1.2733519902331367,3586.4092607968973,False,-0.01146556843276856,-0.012462298626583768,-0.05833643506853171,0.1498296951962905,-0.3893516234689371,0.697016053024007,0.9433325239012612,0.7032782669696802,1.2653259633406075,3583.2541634104177,False,-0.013212157022933255,-0.014580581213864463,220,0.9807819754557375,False,False,0.9450893689161072,False,False,0.9485959700416463,False,False,3583.2541634104177,5.669620826582559,3.1550973864796106,0.07079371629144882,0.9694546852284587,0.07302426546607053,low,0.3216689322793279,0.35068038219859266,0.006433378645586558,0.007013607643971853,-1.146556843276856,-1.2462298626583768,-0.02293113686553712,-0.024924597253167535,-1.3212157022933255,-1.4580581213864463,-0.02642431404586651,-0.029161162427728926
cd062615-648f-4cc7-9373-520f3f6a90e3,Spitting Dilophosaurus,-0.12043427585035264,0.3859663563606116,-0.31203309269222906,0.7550153736840741,0.8865353522128094,0.41605894488763556,1.889023034789816,3591.9902964698504,False,-0.02759330555222945,-0.030073391945790284,-0.051370997538504624,0.3956289956909838,-0.12984639169023207,0.8966879583195606,0.9499261848744647,0.4374452039719251,2.0627949478400693,3586.5064959722113,False,-0.011703005254627185,-0.012715120191363116,-0.058951692282535634,0.3969750293620944,-0.14850226820882428,0.8819463960317631,0.9427523102693407,0.4329977489026786,2.0526248017930078,3583.3835712112964,False,-0.013355254782593879,-0.014733929851701744,32,0.9209000795118067,False,False,0.9772894961810531,False,False,0.9791552533588449,False,False,3583.3835712112964,5.483800497639095,3.1229247609148842,0.06339083266165524,0.9264046157855382,0.06842672368153459,low,-2.7593305552229452,-3.0073391945790284,-0.0551866111044589,-0.06014678389158057,-1.1703005254627186,-1.2715120191363116,-0.02340601050925437,-0.025430240382726232,-1.335525478259388,-1.4733929851701744,-0.026710509565187758,-0.029467859703403487
3028075c-5fc5-4942-a984-1ffcf7a8933d,Knight of Autumn,-0.046723526915484655,0.20190032260944488,-0.23141878285091425,0.8169894745582462,0.9543512135434048,0.6424616458112536,1.4176507574108883,3592.0344364627576,False,-0.01071278454001379,-0.011679004432947282,-0.047786220414099106,0.20349095761086747,-0.23483215654957965,0.8143390082162743,0.953337569405289,0.6397815446819589,1.4205669556963902,3586.468235490951,False,-0.010886136165510422,-0.011829613755328705,-0.05991660703892372,0.20392862283472518,-0.2938116592268825,0.7689018253409324,0.941843073392129,0.6315256579851876,1.4046434435092066,3583.319346389989,False,-0.013572939391687654,-0.01497483784285586,113,0.9376269960852369,False,False,0.9545942328299735,False,False,0.9485959700416463,False,False,3583.319346389989,5.566200971806666,3.148889100962151,0.01250814015127577,0.9498439521136076,0.013168626407993083,low,-1.071278454001379,-1.1679004432947282,-0.02142556908002758,-0.023358008865894564,-1.0886136165510423,-1.1829613755328705,-0.021772272331020845,-0.02365922751065741,-1.3572939391687653,-1.497483784285586,-0.027145878783375307,-0.02994967568571172
f61693a2-7042-44e0-85ba-9bf12ab94e7e,Suplex,0.08148054140311697,0.1914845461426263,0.42552019494265925,0.6704575030186786,1.0848921069004385,0.7454038186198501,1.5789976576644402,3591.9068010711544,False,0.01867738166379233,0.0203603309195729,-0.04979013109459622,0.19614739064115877,-0.2538403948777714,0.799618864669271,0.9514290789287172,0.6477574121087557,1.3974634258282557,3586.4589755086477,False,-0.011341257056788106,-0.012324285455975914,-0.06111824679227152,0.19708431074760352,-0.3101121878267761,0.7564756443028049,0.9407119970229907,0.6392859070117959,1.3842618015457904,3583.309547224026,False,-0.013843234646822808,-0.01527502731142305,127,0.9016031340997149,False,False,0.9507054950702385,False,False,0.9485959700416463,False,False,3583.309547224026,5.44782556250675,3.1494282846215356,0.14418010987744778,0.9923443942840487,0.14529241129181777,low,1.867738166379233,2.03603309195729,0.03735476332758466,0.0407206618391458,-1.1341257056788105,-1.2324285455975914,-0.022682514113576212,-0.024648570911951828,-1.3843234646822808,-1.527502731142305,-0.027686469293645617,-0.0305500546228461
9a71531f-d4b6-4cc7-8193-b2f5bce33b21,Night Scythe,-0.06957154403123003,0.23167537559119064,-0.3002975342273513,0.763950213896045,0.9327933951974278,0.5923513756701464,1.4688976068293391,3591.9979741091875,False,-0.015945208520973697,-0.01738649494925326,-0.0897402248065957,0.23585599109912056,-0.380487365991401,0.7035836731074232,0.9141686327617888,0.5757867184297693,1.4514129318658333,3586.3788813723577,False,-0.020431093242199192,-0.022169266260237352,-0.06182125659539044,0.2367543771791709,-0.2611198041276566,0.7940001198515056,0.9400508996733582,0.5910469424584932,1.495136224376541,3583.337577330862,False,-0.01400184777704235,-0.01545070830912637,83,0.9209000795118067,False,False,0.9367226555934245,False,False,0.9485959700416463,False,False,3583.337577330862,5.619092736829771,3.0413040414955503,0.025882266911569363,0.9290043092108583,0.027860222665226413,low,-1.5945208520973697,-1.7386494949253262,-0.031890417041947394,-0.03477298989850652,-2.043109324219919,-2.216926626023735,-0.040862186484398384,-0.044338532520474705,-1.400184777704235,-1.545070830912637,-0.0280036955540847,-0.03090141661825274
18bd50f2-c3ba-4217-a2d5-bb771e199706,Vampiric Tutor,-0.2031441217024158,0.14659105994257315,-1.385787931283103,0.16581166866053432,0.8161606064928877,0.6123430592510881,1.0878185447313122,3590.1593893717923,False,-0.04649952875259344,-0.050650659370996,-0.06769753303428323,0.1524434251185,-0.4440829965717406,0.6569825792939197,0.9345430992481554,0.6931653927666482,1.2599746228911417,3586.32593854716,False,-0.0154268082556131,-0.016761288380877648,-0.06249521911217859,0.15326511102178986,-0.4077589393667916,0.6834506615521498,0.9394175540526831,0.6956595875000122,1.2685879081085911,3583.239219436844,False,-0.014162818812296477,-0.015621026500742263,226,0.66359629244796,False,False,0.9280871820473942,False,False,0.9485959700416463,False,False,3583.239219436844,3.8334508246321093,3.086719110316153,0.12325694755979544,0.8967070865979087,0.13745508360754702,low,-4.649952875259344,-5.0650659370996,-0.09299905750518687,-0.101301318741992,-1.54268082556131,-1.6761288380877648,-0.0308536165112262,-0.033522576761755296,-1.4162818812296478,-1.5621026500742263,-0.028325637624592954,-0.031242053001484527
24da9431-7e52-44f5-bc18-2f2d8a4ca81e,Abrade,0.06900473624560537,0.16747001872545958,0.41204232716261674,0.680308399358629,1.0714412837454004,0.7716405081298553,1.4877218243716195,3591.9180941015384,False,0.015820450174236254,0.017245500497814037,-0.04278992914804536,0.17079269093708985,-0.25053723852741855,0.8021719105340894,0.9581126404665204,0.6855433089239314,1.339054469458162,3586.460645148136,False,-0.009746783403335681,-0.010594767135970795,-0.06251688054778011,0.1711979336115534,-0.36517310243726636,0.7149821950694942,0.9393972051402272,0.6716184849378051,1.3139410674603313,3583.272411872149,False,-0.01415870514928126,-0.015624349137836724,166,0.9056993328965004,False,False,0.9520438867014904,False,False,0.9485959700416463,False,False,3583.272411872149,5.457448953402491,3.1882332759869314,0.1320440786051732,0.989650376450716,0.13342497688803628,low,1.5820450174236254,1.7245500497814037,0.03164090034847251,0.034491000995628074,-0.9746783403335681,-1.0594767135970795,-0.019493566806671362,-0.02118953427194159,-1.4158705149281259,-1.5624349137836724,-0.02831741029856252,-0.031248698275673448
117bb5db-4a1c-4704-b0b5-c67b45ac2f52,"Yuffie, Materia Hunter",0.20538887236273168,0.29627679799850504,0.6932330636426279,0.48816330187779,1.2280025083617567,0.6870737431337643,2.1948010320766698,3591.6100103821764,False,0.04694735232375283,0.051177136253777455,-0.03976981887725691,0.30632965048297905,-0.12982686728024287,0.8967034057913111,0.9610106201990213,0.5271996636306616,1.7517868008017348,3586.5065166510894,False,-0.009060617158666408,-0.009848541785500486,-0.06273560602195635,0.3078647510549931,-0.20377651487211035,0.8385281461740418,0.9391917575102272,0.5136821869492783,1.71717295204213,3583.3641081769883,False,-0.014212005654986377,-0.015678739127497565,50,0.846426910556781,False,False,0.9772894961810531,False,False,0.9601649687173707,False,False,3583.3641081769883,5.103493731086928,3.142408474101103,0.2888107508515295,1.0427349620236683,0.276974266107876,low,4.694735232375283,5.117713625377745,0.09389470464750566,0.10235427250755491,-0.9060617158666409,-0.9848541785500486,-0.018121234317332816,-0.019697083571000973,-1.4212005654986377,-1.5678739127497565,-0.028424011309972755,-0.03135747825499513
245cdc59-d560-4c10-b721-f51cc312e370,Mishra's Factory,-0.10765826579933595,0.17893202862595378,-0.6016712973415667,0.547392959510485,0.8979343988990575,0.6323166120110001,1.2751304795898437,3591.7248370633015,False,-0.024681603161979506,-0.02689248054913934,-0.08292749173297218,0.1807666917532457,-0.45875427009623965,0.6464106372467286,0.9204178827062747,0.6458227410130246,1.311767184717976,3586.3124192855335,False,-0.018894389589140408,-0.020495300558328322,-0.06287787673491077,0.18217675990820928,-0.3451476289653638,0.7299833882003256,0.939058147533904,0.6570834011561627,1.342036951318804,3583.2863269662394,False,-0.014248328235287386,-0.015714776732161317,144,0.8672472778942839,False,False,0.9280871820473942,False,False,0.9485959700416463,False,False,3583.2863269662394,5.412417777768042,3.0260923192940936,0.04112374863484658,0.9191368097130788,0.04474170569633037,low,-2.4681603161979506,-2.689248054913934,-0.04936320632395901,-0.05378496109827868,-1.8894389589140408,-2.0495300558328324,-0.037788779178280815,-0.040990601116656644,-1.4248328235287386,-1.5714776732161317,-0.028496656470574772,-0.031429553464322635
2c695df6-6bf2-4e6b-8500-e3116137ca27,Jacked Rabbit,0.006155606932511953,0.15804859679217986,0.038947558266563036,0.9689321992981142,1.0061745916149563,0.7381415705389118,1.371535419787274,3592.0864859154026,False,0.001411494646611273,0.0015388978002142117,-0.06463534730882936,0.16350639491070754,-0.3953077636145508,0.6926157705072766,0.937409229858979,0.6803772322418877,1.2915424305562238,3586.367006683541,False,-0.014725543443035569,-0.015985533617692282,-0.06363693969433858,0.1644697458500451,-0.38692185827513476,0.6988140585298255,0.9383456137405792,0.6797721288799199,1.2952759511882268,3583.2558599877525,False,-0.014418135283753037,-0.015903833859706173,191,0.9902532860966762,False,False,0.9367226555934245,False,False,0.9485959700416463,False,False,3583.2558599877525,5.719479231861442,3.1111466957886478,0.06876536175597725,0.9606431450715048,0.07158262889687174,low,0.14114946466112732,0.15388978002142117,0.002822989293222546,0.0030777956004284235,-1.472554344303557,-1.5985533617692282,-0.029451086886071138,-0.031971067235384565,-1.4418135283753037,-1.5903833859706173,-0.028836270567506074,-0.03180766771941235
8c39f9b4-02b9-4d44-b8d6-4fd02ebbb0c5,"Narset, Parter of Veils",-0.10572182712276568,0.17328248168120117,-0.610112609751682,0.5417872141224034,0.8996748784201687,0.6405965091169271,1.263533090394353,3591.71568250618,False,-0.02422318119380519,-0.02640975310956495,-0.058969521323806194,0.18151927154451292,-0.3248664498377818,0.7452821499465887,0.9427355020493307,0.6605071740390402,1.3455572653199868,3586.417824623633,False,-0.013432550359391218,-0.014598507850701381,-0.06382922811853296,0.18255251399569244,-0.3496485845165578,0.7266024443986597,0.93816519808764,0.655975291889425,1.3417486142926012,3583.2833974565024,False,-0.014458473217355336,-0.01595345470309406,153,0.8604096948086739,False,False,0.9450893689161072,False,False,0.9485959700416463,False,False,3583.2833974565024,5.297857882547305,3.134427167130525,0.043060623629161965,0.9268585261857131,0.04645867995234257,low,-2.422318119380519,-2.640975310956495,-0.04844636238761038,-0.0528195062191299,-1.3432550359391218,-1.459850785070138,-0.026865100718782436,-0.029197015701402762,-1.4458473217355337,-1.595345470309406,-0.028916946434710673,-0.03190690940618812
cea3b218-0e6e-443a-84f7-380f1021e8e1,Barrowgoyf,-0.1546232354937349,0.14334004026229644,-1.0787162833970987,0.28071422446001326,0.8567379051174572,0.6468960160943767,1.134648876795625,3590.9238239996293,False,-0.03539021442082204,-0.03859676198497497,-0.08404613692362452,0.14582480741104206,-0.576350062899246,0.5643785906524652,0.9193888373440271,0.6908291339025789,1.2235671496043234,3586.1911203873874,False,-0.019139249510969146,-0.020787425570791607,-0.06392035266648988,0.14617350851907385,-0.4372909517879504,0.6619003564775886,0.9380797121030503,0.7043918804253285,1.2492954145467732,3583.2144054483256,False,-0.014479009040959261,-0.015976270981964802,233,0.7740158532703953,False,False,0.9280871820473942,False,False,0.9485959700416463,False,False,3583.2144054483256,4.732703612241949,2.9767149390618215,0.08134180698559312,0.9047354848548449,0.0899067278196163,low,-3.539021442082204,-3.859676198497497,-0.07078042884164408,-0.07719352396994994,-1.9139249510969145,-2.0787425570791607,-0.03827849902193829,-0.04157485114158321,-1.447900904095926,-1.5976270981964802,-0.028958018081918523,-0.031952541963929604
e7c53ba4-9956-4cd6-85ca-2d6b61a5127c,Dance of the Dead,-0.17461314391853916,0.23182902836735172,-0.7531979284399648,0.45133098401002103,0.8397818326464911,0.5331257043746223,1.3228278446456943,3591.521754804995,False,-0.03994717497938844,-0.043552458879448586,-0.06738307709072631,0.2376852989041298,-0.2834970332679483,0.7767958555332296,0.9348370180900655,0.5866973012492785,1.4895590085903778,3586.4430539593104,False,-0.015347087566687661,-0.01667164936295551,-0.06623004044203798,0.23908532523652656,-0.2770142432477474,0.7817691694341222,0.9359155411012623,0.5857645992325312,1.495375277410964,3583.3289777423633,False,-0.01500119572276733,-0.016552762996781767,82,0.846426910556781,False,False,0.9499601391111803,False,False,0.9485959700416463,False,False,3583.3289777423633,5.07870084568458,3.114076216947069,0.0961337084547712,0.9035114639459397,0.1064000981624769,low,-3.994717497938844,-4.355245887944859,-0.07989434995877688,-0.08710491775889717,-1.534708756668766,-1.667164936295551,-0.030694175133375322,-0.03334329872591102,-1.500119572276733,-1.6552762996781767,-0.03000239144553466,-0.033105525993563534
02c532e8-21f1-4d6f-a931-1ea48a6aeea2,Coalition Relic,-0.14645606750893295,0.18528241033893958,-0.7904477669575807,0.4292663152934759,0.8637636787913175,0.6007300629956573,1.2419682961738239,3591.462308763892,False,-0.03353863814374818,-0.03655774307547016,-0.06053366292810223,0.1886974047048653,-0.32079753838046005,0.7483638249754081,0.9412620828472638,0.6502615735800514,1.362489103774329,3586.4203972262794,False,-0.013790058432898076,-0.014981173853053253,-0.06699865064475795,0.18954124177468115,-0.35347795560189055,0.723730152368961,0.9351964632481752,0.645003533102461,1.3559498204065863,3583.2806201862404,False,-0.01517777014312224,-0.016744705493998258,132,0.846426910556781,False,False,0.9450893689161072,False,False,0.9485959700416463,False,False,3583.2806201862404,5.041911537612577,3.1397770400390073,0.07749840405594621,0.9134074082955855,0.08484538591662828,low,-3.3538638143748183,-3.6557743075470164,-0.06707727628749637,-0.07311548615094032,-1.3790058432898076,-1.4981173853053253,-0.027580116865796152,-0.029962347706106507,-1.517777014312224,-1.6744705493998258,-0.03035554028624448,-0.033489410987996515
32aa6e33-221f-414c-9b51-850d97a7e051,Galvanic Discharge,0.08076692807488364,0.17096554612115974,0.4724164014756856,0.6366295996101952,1.0841181896049503,0.7754393226342211,1.515672747984585,3591.864610516018,False,0.01851525827104458,0.02018254512972767,-0.055232853092922966,0.1750555397035621,-0.31551616810558475,0.7523697771429472,0.9462647816168644,0.6714325526273403,1.3335919347738092,3586.423898564438,False,-0.012579629308846622,-0.013667690913264363,-0.07020353264221944,0.17628899757950686,-0.39822980223458043,0.6904607997704326,0.9322040666393406,0.6598584293876699,1.3169558547055855,3583.247219250116,False,-0.01589806222361687,-0.017544005960956954,158,0.8942231637972977,False,False,0.9450893689161072,False,False,0.9485959700416463,False,False,3583.247219250116,5.440711951579942,3.176679314321973,0.1519141229656097,0.9875290126203852,0.15383256696682673,low,1.851525827104458,2.018254512972767,0.03703051654208916,0.04036509025945534,-1.2579629308846623,-1.3667690913264363,-0.025159258617693244,-0.027335381826528726,-1.589806222361687,-1.7544005960956954,-0.03179612444723374,-0.03508801192191391
50bc0f5b-7421-45b9-af85-86dd9821b7d8,Soulherder,-0.14457299636494667,0.2641145471795376,-0.5473874798220412,0.5841125550101067,0.8653917396461951,0.5156961678931175,1.4522172350194475,3591.7869998825413,False,-0.033116043331065326,-0.03608472613509445,-0.07487666202195332,0.2755095797130028,-0.27177516694683373,0.7857949006666646,0.9278579193911288,0.5407082426746204,1.5922086083213398,3586.4493684517693,False,-0.017057030877750335,-0.018507932522654813,-0.07041244228033497,0.2762419833932777,-0.25489406575860996,0.7988049197611842,0.9320093405659141,0.5423483728248538,1.60162997517212,3583.340576340239,False,-0.01595174967553187,-0.01759597162388582,65,0.8774844013327504,False,False,0.9499601391111803,False,False,0.9485959700416463,False,False,3583.340576340239,5.337631430772035,3.10879211153042,0.06661760091971902,0.9084196665344128,0.07333350804024608,low,-3.3116043331065326,-3.608472613509445,-0.06623208666213065,-0.0721694522701889,-1.7057030877750334,-1.8507932522654813,-0.03411406175550067,-0.037015865045309626,-1.5951749675531872,-1.759597162388582,-0.03190349935106374,-0.03519194324777164
106f9629-b3aa-4703-82fb-c1e771bbce72,The Wandering Emperor,-0.033246933676018456,0.1770457876582689,-0.18778720530866955,0.8510434660199812,0.967299671231827,0.6836858999105194,1.3685650882776152,3592.0527346286826,False,-0.007623403849376298,-0.00831108374732259,-0.09359490126747949,0.18158638500516797,-0.5154290684558525,0.6062532240440983,0.9106515913350414,0.6379443559133937,1.299935195153017,3586.257645810306,False,-0.02131288598269357,-0.023109790615091108,-0.07064297554243813,0.18231145635521262,-0.3874851145108431,0.6983971028151358,0.9317945061765106,0.65182873365898,1.3320078678749512,3583.2554764656784,False,-0.016001796968558024,-0.017653130926859606,150,0.9540984582797968,False,False,0.9280871820473942,False,False,0.9485959700416463,False,False,3583.2554764656784,5.795088818376826,3.0021693446274185,0.056648079896785664,0.9365819229144597,0.06048384931507958,low,-0.7623403849376298,-0.831108374732259,-0.015246807698752597,-0.01662216749464518,-2.131288598269357,-2.310979061509111,-0.04262577196538714,-0.046219581230182216,-1.6001796968558024,-1.7653130926859606,-0.03200359393711605,-0.03530626185371921
29632951-3c3d-478c-8c5a-9a34f30a5c28,Dauthi Voidwalker,-0.024545895816923433,0.16622470186102906,-0.14766695648788017,0.8826056105922006,0.9757529049140296,0.7044440904066369,1.3515532948804718,3592.0662066571977,False,-0.0056276801624114605,-0.006136219081365801,-0.08508707549398281,0.1676523105128228,-0.5075210430068899,0.6117892753194433,0.9184323079726079,0.6612087999271427,1.2757209287305868,3586.2662270336486,False,-0.019367842308613183,-0.02102709642154027,-0.07135768025765907,0.16836296799351225,-0.4238323968036058,0.6716880495130573,0.9311287861742792,0.6694163286591195,1.2951593490093685,3583.2262664151776,False,-0.016156747917079533,-0.0178327359152749,169,0.9613506803819456,False,False,0.9280871820473942,False,False,0.9485959700416463,False,False,3583.2262664151776,5.799979623549007,3.0399606184710137,0.057320596941421664,0.9417713330203056,0.06086466526602777,low,-0.562768016241146,-0.6136219081365801,-0.011255360324822921,-0.012272438162731603,-1.9367842308613183,-2.102709642154027,-0.03873568461722637,-0.04205419284308054,-1.6156747917079533,-1.78327359152749,-0.032313495834159066,-0.0356654718305498
985453e7-997e-4d77-a338-cc0290791ebe,Finale of Devastation,0.012471692377076469,0.23239593266981726,0.05366570849067294,0.9572015040731039,1.0125497882573442,0.6420915811779733,1.5967458595533504,3592.085123642254,False,0.0028597288424240972,0.0031178862452802547,-0.04706068476391342,0.244092585815868,-0.19279850146457864,0.8471167771295831,0.9540295007786406,0.5912702129439242,1.539350822061896,3586.486176420045,False,-0.010722162230496492,-0.011649740485523585,-0.07168993742619606,0.2448759768123379,-0.2927601897067104,0.7697054596258842,0.9308194633504501,0.5760004413935008,1.5042086968820787,3583.3198409405804,False,-0.01624129804555933,-0.017915031919661484,88,0.9902532860966762,False,False,0.9610784368295511,False,False,0.9485959700416463,False,False,3583.3198409405804,5.598947222209063,3.1663354794645784,0.08173032490689414,0.9657995841288116,0.084624518637185,low,0.28597288424240974,0.31178862452802547,0.0057194576848481945,0.006235772490560509,-1.0722162230496493,-1.1649740485523585,-0.021444324460992984,-0.02329948097104717,-1.624129804555933,-1.7915031919661484,-0.03248259609111866,-0.03583006383932297
5c70da33-ce5d-4b8b-9c1d-9a356a7e196f,Grave Titan,-0.19451090460838869,0.26999272882725384,-0.7204301591871396,0.47126018648047996,0.8232372011282879,0.48495622341917877,1.3974859102606891,3591.5677687747166,False,-0.04449497016837029,-0.04848493469644782,-0.07205489138918428,0.27681649578542356,-0.26029840159900797,0.7946336054605853,0.9304798190795049,0.5408489614485087,1.6008030992524254,3586.455556029979,False,-0.016412649735094702,-0.01782181420093437,-0.07184730301756292,0.2774015239901796,-0.2590011114001898,0.7956343829731303,0.9306729959199134,0.5403413064839622,1.6029724452691927,3583.338517637564,False,-0.016274900596468907,-0.017955743815094183,64,0.846426910556781,False,False,0.9499601391111803,False,False,0.9485959700416463,False,False,3583.338517637564,5.112212744737462,3.1170383924149974,0.10743579479162546,0.8947966720425686,0.12006727131246456,low,-4.44949701683703,-4.848493469644782,-0.08898994033674058,-0.09696986939289565,-1.6412649735094702,-1.7821814200934372,-0.032825299470189404,-0.03564362840186874,-1.6274900596468906,-1.7955743815094183,-0.032549801192937815,-0.035911487630188366
19adde22-e5eb-4815-beb6-c520b3274cc9,Lotus Cobra,-0.002575211947778015,0.1519241297859822,-0.016950644715923367,0.9864759899181931,0.9974281010659956,0.7405615669487687,1.3433897479923387,3592.0877153808524,False,-0.0005905205073693892,-0.0006438027043054184,-0.06349171833948154,0.15941324973750953,-0.39828382172766225,0.6904209845458029,0.9384818914569085,0.6866423714850537,1.2826884811778736,3586.3647421496617,False,-0.014462717563561277,-0.015705148844578465,-0.07435149598366975,0.16034780520551006,-0.46368889108508227,0.6428706573626038,0.9283453268324608,0.6779829124832049,1.2711604230482987,3583.1906474338894,False,-0.01684129705176516,-0.018579537796803547,201,0.9924275796009575,False,False,0.9367226555934245,False,False,0.9452974293912983,False,False,3583.1906474338894,5.7229732311907355,3.1740947157722985,0.0690827742335347,0.9547517731184549,0.07235679071628567,low,-0.05905205073693892,-0.06438027043054184,-0.0011810410147387784,-0.0012876054086108368,-1.4462717563561278,-1.5705148844578465,-0.028925435127122555,-0.03141029768915693,-1.684129705176516,-1.8579537796803547,-0.03368259410353032,-0.037159075593607094
e4e6794a-feeb-4fc8-a2ee-38c75c18aaae,Heartless Act,-0.07276479510484482,0.1631091801278358,-0.4461109733236098,0.6555170866391979,0.9298195024069542,0.675394180019031,1.2800884766758793,3591.8888366529154,False,-0.016682277369649848,-0.018184608549156767,-0.06015952975526777,0.16648618041569724,-0.36134848913619255,0.7178389498253668,0.9416143061018815,0.6794494484536943,1.3049351993346328,3586.392748085327,False,-0.013705237982826381,-0.014887405174001778,-0.07539351269483902,0.16781295739736707,-0.4492711043540784,0.6532360997998481,0.927378479311286,0.6674392465905754,1.2885530005658759,3583.2036860337084,False,-0.01707901641630005,-0.018841356853976365,178,0.8942231637972977,False,False,0.9388207441833718,False,False,0.9485959700416463,False,False,3583.2036860337084,5.496088567588231,3.1890620516187482,0.01423582679059543,0.9329374292733738,0.015259144229729451,low,-1.6682277369649847,-1.8184608549156767,-0.033364554739299696,-0.03636921709831353,-1.3705237982826382,-1.4887405174001778,-0.027410475965652763,-0.029774810348003555,-1.7079016416300048,-1.8841356853976365,-0.0341580328326001,-0.03768271370795273
aac0c8df-f01d-4178-8d66-ee603f814d24,Mishra's Workshop,-0.1898496838053763,0.20196948274715593,-0.9399919295879353,0.34722170035100874,0.8270834486365077,0.5567105294136347,1.2287661088949844,3591.2002534321405,False,-0.043450226700490514,-0.047336971959664575,-0.04559987991180521,0.20777314455474388,-0.21946955661438042,0.826284292086205,0.955424170124293,0.6358228811156456,1.4356755190313204,3586.4751617674974,False,-0.010389807027210698,-0.011294313703403336,-0.07804347964191291,0.20972268551573087,-0.3721270278892124,0.70979827373432,0.9249242102957913,0.6131780409234919,1.395165413136565,3583.266946886267,False,-0.017680747656226126,-0.01950350595153244,112,0.801373266900079,False,False,0.9607858816921901,False,False,0.9485959700416463,False,False,3583.266946886267,4.72509166464306,3.2082148812305604,0.1283407214877853,0.9024772763521973,0.14220936620868396,low,-4.345022670049051,-4.7336971959664575,-0.08690045340098103,-0.09467394391932915,-1.0389807027210698,-1.1294313703403336,-0.020779614054421396,-0.02258862740680667,-1.7680747656226126,-1.950350595153244,-0.03536149531245225,-0.03900701190306488
079e6263-e54c-4899-a336-5315909b9322,"Magda, Brazen Outlaw",0.06623732000066382,0.1615795041342523,0.40993639852755653,0.6818526038605228,1.0684802588152824,0.7784437784531656,1.466579983138319,3591.9196143581503,False,0.015192592335988325,0.01655439459843111,-0.07357441195286905,0.16549466949571173,-0.44457269939304905,0.6566285804168246,0.9290670095287438,0.6716996658594616,1.2850468030086548,3586.326147549936,False,-0.016745409104476968,-0.018188975352439407,-0.08095936968919047,0.16599222545316267,-0.48772988896419395,0.6257411779546935,0.9222311612221172,0.6661075522750312,1.2768363184357425,3583.1683332625953,False,-0.018321473978275563,-0.020228960718549516,185,0.9056993328965004,False,False,0.9280871820473942,False,False,0.9400164398749471,False,False,3583.1683332625953,5.593466808214089,3.157814287340898,0.14624909759316518,0.9732594765220478,0.15026732451225416,low,1.5192592335988326,1.655439459843111,0.03038518467197665,0.03310878919686222,-1.6745409104476967,-1.8188975352439407,-0.033490818208953936,-0.036377950704878814,-1.8321473978275562,-2.0228960718549516,-0.036642947956551125,-0.04045792143709903
30377bf0-d9b1-4c14-8dde-f74b1e02d604,Gilded Goose,-0.08260321775939254,0.14738030162375756,-0.5604766501989367,0.5751543620115693,0.9207163986683163,0.6897206565504699,1.2290753926618447,3591.7736064597325,False,-0.018937001719158415,-0.02064163575296296,-0.09479276439904277,0.15434575406550835,-0.614158549245289,0.5391105614232317,0.9095614084433844,0.6721253370605932,1.230874526092937,3586.14586714453,False,-0.021589782570152708,-0.02340975019889574,-0.08224728768685856,0.15494137712393538,-0.5308284282323767,0.5955376782771065,0.9210441676508362,0.6798164886608279,1.2478696426365499,3583.1236422487486,False,-0.018631453438645355,-0.020551024265287043,219,0.8699046699812171,False,False,0.9280871820473942,False,False,0.9368481872896934,False,False,3583.1236422487486,5.627739315202689,3.0222248957811644,0.011482759207451787,0.9171073249208456,0.012520627515915709,low,-1.8937001719158415,-2.064163575296296,-0.03787400343831683,-0.04128327150592592,-2.1589782570152707,-2.340975019889574,-0.043179565140305416,-0.04681950039779148,-1.8631453438645356,-2.0551024265287046,-0.03726290687729071,-0.04110204853057409
14065271-d942-42a8-aa38-d8a622c0375d,Scrubland,-0.08136387339091956,0.17141357251073772,-0.4746641248949103,0.6350263923123773,0.9218581907426083,0.6588005304440265,1.2899542191723212,3591.8627276715033,False,-0.01864721188665801,-0.02033156592543639,-0.10847216137686022,0.17365043161849666,-0.6246581731231708,0.5321954305377978,0.8972038713897679,0.638376523589225,1.26097178873508,3586.1332357621072,False,-0.02469169878507931,-0.02676829666451158,-0.08302643103550614,0.1742828587759719,-0.47638896687040605,0.633797293483531,0.92032682170775,0.6540177192507322,1.295074175857263,3583.1787571538716,False,-0.018801720072617583,-0.02074535187151877,156,0.8942231637972977,False,False,0.9280871820473942,False,False,0.9445055524793186,False,False,3583.1787571538716,5.729491909396074,2.954478608235604,0.02465431935284046,0.9131296279467088,0.02699980221677717,low,-1.864721188665801,-2.033156592543639,-0.03729442377331602,-0.04066313185087278,-2.469169878507931,-2.676829666451158,-0.04938339757015862,-0.05353659332902316,-1.8801720072617583,-2.074535187151877,-0.037603440145235166,-0.04149070374303754
5de097e5-e960-4404-a370-defe93ce892f,Oracle of Mul Daya,0.014770827499652198,0.22215973266236996,0.06648742021174624,0.9469897727652258,1.014880455271416,0.6566118355817179,1.5686320024667466,3592.0835841512617,False,0.003386837729752767,0.0036926462300624907,-0.09734293514498468,0.23236743997879983,-0.41891813738562433,0.6752759611848886,0.9072448266429691,0.5753463236456302,1.4306047360396348,3586.3474643510335,False,-0.022171846738020168,-0.02403287590755193,-0.08309505448934906,0.23267749275669708,-0.3571254507896848,0.7209978921247289,0.9202636678695222,0.5832479165111437,1.4520158485375156,3583.2778478717773,False,-0.018824434166384386,-0.020761970832434418,94,0.9877141508563902,False,False,0.9364013848447416,False,False,0.9485959700416463,False,False,3583.2778478717773,5.736119800228153,3.069616479256183,0.10763562862844678,0.9474629832613024,0.11360404631107553,low,0.3386837729752767,0.36926462300624907,0.006773675459505534,0.007385292460124981,-2.217184673802017,-2.403287590755193,-0.044343693476040336,-0.04806575181510386,-1.8824434166384387,-2.076197083243442,-0.03764886833276877,-0.041523941664868835
cc520518-2063-4b57-a0d4-10cf62a7175e,Zagoth Triome,-0.19561268518750544,0.1588884517883409,-1.2311321747164214,0.21827343359443108,0.8223306738568538,0.6022792621078595,1.122781041471032,3590.565665210588,False,-0.04477670283958354,-0.04877714945974404,-0.08516909624482824,0.16184836526168034,-0.5262277200460121,0.5987299962634443,0.9183569805543552,0.6687186287465859,1.2611874523575073,3586.2459311166876,False,-0.019404973064531903,-0.021065280170150302,-0.08384139662245856,0.16302187598813767,-0.5142953736378257,0.6070454957395749,0.919577092562531,0.6680686952320066,1.2657710729464586,3583.1406742531253,False,-0.018996730889813306,-0.020952727312813835,187,0.7504555680798223,False,False,0.9280871820473942,False,False,0.9400164398749471,False,False,3583.1406742531253,4.319734093900479,3.1052568635623174,0.09724641870567718,0.8867549156579133,0.10966549718365733,low,-4.477670283958354,-4.877714945974404,-0.08955340567916709,-0.09755429891948808,-1.9404973064531903,-2.1065280170150302,-0.038809946129063806,-0.042130560340300605,-1.8996730889813307,-2.0952727312813835,-0.03799346177962661,-0.04190545462562767
2970683e-e69c-42cb-a067-34abd56fb42b,Elite Interceptor // Rejoinder,-0.076387497951552,0.47551336886253415,-0.1606421668738294,0.8723752418097537,0.9264571367517758,0.3648044943125549,2.3528296378468134,3592.0622293535516,False,-0.017509043430622834,-0.01908778831740643,-0.1692865559103046,0.48639321886859144,-0.3480446464777722,0.7278066540396435,0.8442669390382769,0.3254269505176661,2.190312336514266,3586.402603665374,False,-0.03849772764097799,-0.04159361202330253,-0.08404996744242191,0.49340380428362945,-0.1703472221185113,0.8647370760359697,0.9193853156145485,0.34954554053449544,2.4181952293688216,3583.376680099045,False,-0.019035040487756134,-0.02099997250032415,19,0.9554585981725874,False,False,0.944449490747942,False,False,0.9708860893328678,False,False,3583.376680099045,5.659625688177584,3.0259235663288564,0.08219019771349889,0.8967031304682004,0.09165820316762414,low,-1.7509043430622835,-1.908778831740643,-0.03501808686124567,-0.03817557663481286,-3.849772764097799,-4.159361202330253,-0.07699545528195598,-0.08318722404660506,-1.9035040487756134,-2.099997250032415,-0.03807008097551227,-0.0419999450006483
400382a4-aea2-4827-b06a-1b0b3745908b,Noble Hierarch,-0.01877563128711429,0.14296407841087588,-0.13133111125406974,0.8955133817050492,0.9813995328922014,0.741570366076671,1.2987911696857792,3592.070755791192,False,-0.004305191831175512,-0.004693801951806187,-0.059612369307902494,0.15064719665284318,-0.3957084541392123,0.6923201180362976,0.9421296611849552,0.701256975647371,1.2657389934197456,3586.3668271970887,False,-0.013577056887479415,-0.014749114251896844,-0.0843690860686905,0.15163250029110403,-0.5564050312876114,0.5779340002050123,0.919091969444221,0.6827894176533552,1.2371750739782514,3583.096154253656,False,-0.019102981098289205,-0.021081317648127762,235,0.9696549116838763,False,False,0.9367226555934245,False,False,0.9310648760323454,False,False,3583.096154253656,5.703928594103218,3.2706729434326007,0.062307563447980385,0.9475403878404592,0.06575715847847462,low,-0.4305191831175512,-0.4693801951806187,-0.008610383662351024,-0.009387603903612374,-1.3577056887479415,-1.4749114251896844,-0.02715411377495883,-0.02949822850379369,-1.9102981098289205,-2.108131764812776,-0.03820596219657841,-0.042162635296255524
25b0b816-0583-44aa-9dc5-f3ff48993a51,Gaea's Cradle,0.026735634747154718,0.1622302430915848,0.16480055899356258,0.8691009640453102,1.0270962383122308,0.7473395528957409,1.411576141885674,3592.060851186062,False,0.006129891919624043,0.006683582515052855,-0.07278839969666472,0.1786749990072591,-0.40737876088476993,0.6837298238402576,0.9297975546561686,0.6550842682856308,1.3197134086383524,3586.357299789104,False,-0.016580903342595238,-0.01799381278883011,-0.08451455399206742,0.18026524620353532,-0.4688344302186959,0.639187987602005,0.9189582807679764,0.6454326340647184,1.3084004080700966,3583.185694683174,False,-0.01914329118936539,-0.021116195768093093,177,0.9554585981725874,False,False,0.9367226555934245,False,False,0.9452974293912983,False,False,3583.185694683174,5.703551396957664,3.1716051059302117,0.10813795754425448,0.9586173579121252,0.1128061751143122,low,0.6129891919624043,0.6683582515052855,0.012259783839248086,0.01336716503010571,-1.6580903342595237,-1.799381278883011,-0.033161806685190476,-0.03598762557766022,-1.9143291189365392,-2.1116195768093093,-0.03828658237873078,-0.04223239153618619
de0e01e4-e143-47fd-8565-7b48219bb546,Goldvein Hydra,-0.0032054061692085726,0.162575820561696,-0.01971637699956834,0.9842696263628459,0.9967997256604824,0.7248039935018902,1.3708667474032368,3592.0876139403226,False,-0.0007350441276763439,-0.0008013509808253438,-0.0764851776324138,0.1736687732847647,-0.4404083485233183,0.6596413794084635,0.9263666451339938,0.6591026612224057,1.3020053046443967,3586.329114213988,False,-0.017427998597888038,-0.0189077623833534,-0.08816348312965483,0.17500582890323807,-0.5037745524373421,0.614419812083224,0.9156111775061652,0.6497452553352517,1.2902654101593438,3583.1514185741803,False,-0.019976476714710114,-0.022028283483711053,179,0.9917036869849217,False,False,0.9280871820473942,False,False,0.9400164398749471,False,False,3583.1514185741803,5.758499726334776,3.1776956398075527,0.0811885481543172,0.9462591827668804,0.08579948245989043,low,-0.07350441276763439,-0.08013509808253438,-0.0014700882553526878,-0.0016027019616506877,-1.7427998597888037,-1.89077623833534,-0.034855997195776076,-0.0378155247667068,-1.9976476714710114,-2.2028283483711055,-0.03995295342942023,-0.044056566967422106
4e4fb50c-a81f-44d3-93c5-fa9a0b37f617,"Omnath, Locus of Creation",-0.0903364782252387,0.19166829378300515,-0.47131675480719837,0.6374145525534812,0.9136237190587614,0.6275033094037358,1.3302054148844515,3591.865851009956,False,-0.020702721875664496,-0.022570755392488207,-0.0754884672851876,0.20002077999415271,-0.3774031242523621,0.7058740454424103,0.9272904246483483,0.6265484356927609,1.3723879634202223,3586.3809285868533,False,-0.017192752935625902,-0.018658373564508668,-0.09162482942045451,0.2001961073915147,-0.4576753794781228,0.6471856789068815,0.9124474087614315,0.6163075319137236,1.350884470242042,3583.196172244893,False,-0.02074841404233827,-0.022890349503180696,123,0.8942231637972977,False,False,0.9367226555934245,False,False,0.946650982085285,False,False,3583.196172244893,5.484922423102489,3.18475634196011,0.014843015886916833,0.9177871841561803,0.016172611846354774,low,-2.0702721875664496,-2.2570755392488207,-0.04140544375132899,-0.04514151078497641,-1.7192752935625901,-1.8658373564508668,-0.034385505871251804,-0.037316747129017336,-2.074841404233827,-2.2890349503180696,-0.04149682808467654,-0.04578069900636139
55707746-da6e-46e5-a5ca-7ac843fdc38e,"Phelia, Exuberant Shepherd",0.00016742530767329279,0.14812471141174394,0.0011302996379037578,0.9990981515618657,1.0001674393240723,0.7481460926422336,1.3370849844997263,3592.0880014308027,False,3.839208980948932e-05,4.185632684172713e-05,-0.11203177332421858,0.1545570150494314,-0.7248572527645405,0.4685396078602919,0.8940158511935817,0.6603643684948589,1.2103383833490509,3585.9981141264216,False,-0.025496784108641573,-0.027631042905381653,-0.09203209073418805,0.1550203155836506,-0.5936776117871245,0.5527277599783502,0.9120758798908296,0.6730929073722081,1.2359102310650487,3583.0532808252215,False,-0.020836552210302787,-0.02299171237694342,219,0.9990981515618657,False,False,0.9065169545120224,False,False,0.9310648760323454,False,False,3583.0532808252215,6.089887304381136,2.944833301200106,0.10615158813049053,0.9354197234694945,0.11348016881317373,low,0.003839208980948932,0.004185632684172713,7.678417961897864e-05,8.371265368345426e-05,-2.5496784108641575,-2.7631042905381653,-0.050993568217283146,-0.055262085810763306,-2.083655221030279,-2.299171237694342,-0.041673104420605574,-0.04598342475388684
01d1e394-1b0c-4b40-ba85-f55973703d41,Smirking Spelljacker,-0.21049563940296043,0.20325546995092825,-1.035621031275469,0.30037897637099986,0.8101825880254399,0.5439617427062641,1.2066948360632213,3591.0093525804164,False,-0.04815456948743761,-0.05245279993559765,-0.10960150184871079,0.2072054292186212,-0.528950917270951,0.5968394991449543,0.8961911946823331,0.597068075296962,1.3451709958310578,3586.242789653532,False,-0.02496236888006858,-0.027050587210794785,-0.09297580623908241,0.20833211705717594,-0.44628647542407285,0.6553903244244312,0.9112155457605167,0.6057385899668576,1.3707460356472683,3583.2060277727146,False,-0.0210619294438771,-0.023228977362223013,112,0.788790461572665,False,False,0.9280871820473942,False,False,0.9485959700416463,False,False,3583.2060277727146,4.76656292688449,3.0367618808172665,0.10103295773507681,0.8725297761560965,0.11579313451074924,low,-4.815456948743761,-5.245279993559765,-0.09630913897487522,-0.1049055998711953,-2.496236888006858,-2.7050587210794785,-0.04992473776013716,-0.05410117442158957,-2.10619294438771,-2.322897736222301,-0.0421238588877542,-0.04645795472444603
45fd6e91-df76-497f-b642-33dc3d5f6a5a,Mox Ruby,-0.05640744108158781,0.147003715811116,-0.38371438960131676,0.7011901462140129,0.945153962875169,0.7085499480206906,1.260766465418681,3591.9408300107198,False,-0.012929146608770448,-0.014098945723027445,-0.08493356228552251,0.14841716619465636,-0.5722623902825903,0.5671442252666664,0.9185733102855401,0.6867182357861792,1.2287090722193357,3586.196064442898,False,-0.019335536154944516,-0.020996574698228188,-0.09347356509342353,0.1488730819195732,-0.6278741857706783,0.530086362829027,0.9107620930188222,0.6802704728828228,1.2193496897856766,3583.0116635332624,False,-0.02115896062352325,-0.02335579368373053,219,0.9103966247853263,False,False,0.9280871820473942,False,False,0.9310648760323454,False,False,3583.0116635332624,5.74476556782156,3.1844009096357695,0.03439186985634679,0.9248297887265103,0.037187242750586956,low,-1.2929146608770448,-1.4098945723027445,-0.025858293217540896,-0.02819789144605489,-1.9335536154944517,-2.0996574698228185,-0.03867107230988903,-0.041993149396456375,-2.1158960623523253,-2.335579368373053,-0.0423179212470465,-0.04671158736746106
0645f487-efe5-4764-b361-85e07bb5ccca,"Ulamog, the Infinite Gyre",-0.1776336028045441,0.316911856684801,-0.5605142220387722,0.5751287416884183,0.8372491330308192,0.44987710122535723,1.5581724627715892,3591.77290530522,False,-0.04065263356000953,-0.044297505905893375,-0.0687515687863765,0.3206858491226228,-0.21438915678529832,0.8302435967291599,0.9335585763619859,0.4979299706318712,1.7503096156133113,3586.477357346397,False,-0.01566081160892331,-0.017006016182784633,-0.09395465817747924,0.3239063517229141,-0.29006735334987443,0.7717647108300887,0.9103240370559468,0.4824822687638081,1.7175550400330033,3583.3213894084165,False,-0.021278072707766493,-0.02347418453493494,46,0.8699046699812171,False,False,0.9610784368295511,False,False,0.9485959700416463,False,False,3583.3213894084165,5.295547958822681,3.1559679379806767,0.09630944333116676,0.893710582149584,0.10776357050569986,low,-4.065263356000953,-4.429750590589338,-0.08130526712001906,-0.08859501181178675,-1.566081160892331,-1.7006016182784633,-0.03132162321784662,-0.03401203236556927,-2.1278072707766493,-2.3474184534934937,-0.04255614541553299,-0.04694836906986988
9417f14c-a853-42c6-a992-29139484260a,Ignoble Hierarch,-0.05406467814090824,0.1578316491463006,-0.3425464945297092,0.7319396602939535,0.9473708303361486,0.6952980263308317,1.2908299120422875,3591.9706509745142,False,-0.012395098399455445,-0.013513505003286186,-0.07933222101819196,0.1609703109775459,-0.4928375955567246,0.6221273440096962,0.9237329899484062,0.6737918588441766,1.266389056974871,3586.280480923453,False,-0.018067175769799822,-0.019609021194625986,-0.0960055735220208,0.16153666272954256,-0.5943268351579165,0.5522935335381675,0.9084589527386178,0.6619154617577416,1.2468324378151507,3583.0524023445405,False,-0.021739084239137733,-0.023984990668905415,185,0.9179625798096755,False,False,0.9280871820473942,False,False,0.9310648760323454,False,False,3583.0524023445405,5.690170051061159,3.228078578912573,0.038911877597530786,0.9265209243410575,0.04199784006519329,low,-1.2395098399455444,-1.3513505003286186,-0.02479019679891089,-0.027027010006572372,-1.8067175769799821,-1.9609021194625986,-0.036134351539599645,-0.03921804238925197,-2.1739084239137734,-2.3984990668905413,-0.043478168478275465,-0.04796998133781083
5cb76266-ae50-4bbc-8f96-d98f309b02d3,"Teferi, Time Raveler",-0.12981807718325,0.18687171272152242,-0.6946908940504326,0.4872490358620001,0.8782551910462951,0.6089088865037772,1.2667448245477029,3591.6056782240025,False,-0.02972758588818971,-0.0324152056248016,-0.11105872544347369,0.1957318549418303,-0.5674024060952129,0.5704408155473978,0.8948861947972658,0.6097579760435313,1.3133428886571192,3586.2015418876776,False,-0.025279219038174892,-0.027396700734827917,-0.09602593107001448,0.1958949678906113,-0.4901909023188172,0.6239988179496689,0.908440458930132,0.6187957254357072,1.333661551782865,3583.165458757685,False,-0.021741407903919128,-0.02398811977097709,131,0.846426910556781,False,False,0.9280871820473942,False,False,0.9400164398749471,False,False,3583.165458757685,5.404136336324882,3.036083129992676,0.030185267883836908,0.8938606149245644,0.03376954681730141,low,-2.972758588818971,-3.24152056248016,-0.05945517177637942,-0.0648304112496032,-2.5279219038174894,-2.7396700734827917,-0.050558438076349785,-0.054793401469655834,-2.1741407903919128,-2.3988119770977088,-0.043482815807838256,-0.04797623954195418
be77b98a-dd79-477c-8ab2-7ebf5637a89e,Headliner Scarlett,0.00414600963330807,0.16424135656206804,0.025243396182868607,0.9798608228242973,1.0041546162214696,0.7277723037892169,1.3854972056904853,3592.087365425932,False,0.0009507350782556786,0.0010365011862956686,-0.11367952390161806,0.171087030732261,-0.6644543622918935,0.5063995492067436,0.8925439490554001,0.6382596495983425,1.2481357727951812,3586.0826772096934,False,-0.025860675824432387,-0.028049638976873514,-0.09825759175407886,0.17229775238236625,-0.5702778498005235,0.5684892617716573,0.9064153885495561,0.6466428239690698,1.2705450770435534,3583.0809454178716,False,-0.02223606058399701,-0.024546131896499346,170,0.9902532860966762,False,False,0.9280871820473942,False,False,0.9310648760323454,False,False,3583.0809454178716,6.004688216238719,3.0017317918218396,0.11161066716606949,0.9343713179421419,0.11945001416768729,low,0.09507350782556787,0.10365011862956686,0.0019014701565113572,0.002073002372591337,-2.586067582443239,-2.8049638976873514,-0.05172135164886477,-0.05609927795374703,-2.223606058399701,-2.4546131896499346,-0.04447212116799402,-0.04909226379299869
a3012af9-621d-4fae-b00d-079a89ae35fe,Harvester of Misery,-0.24080851663810734,0.3269588678222497,-0.7365101250871172,0.46142030801333556,0.7859921163925877,0.41409995480550066,1.491870742467159,3591.546511143744,False,-0.054999238902033405,-0.05992565807786937,-0.10972688161073582,0.33394439307952634,-0.3285783019108969,0.7424744507905852,0.8960788374874213,0.4656793871525073,1.724270614386985,3586.415448368105,False,-0.024980400024601845,-0.02708192884605326,-0.10001128084970286,0.3344365151155879,-0.2990441423991545,0.7649063649436603,0.9048272107586147,0.46977244998867185,1.7427847915495192,3583.3162513888956,False,-0.02264549304695659,-0.02498482408115421,40,0.846426910556781,False,False,0.9450893689161072,False,False,0.9485959700416463,False,False,3583.3162513888956,5.1310627756388385,3.0991969792094096,0.11883509436602702,0.8622993882128746,0.13781187368381895,low,-5.49992389020334,-5.992565807786937,-0.10999847780406681,-0.11985131615573874,-2.4980400024601845,-2.7081928846053263,-0.04996080004920369,-0.05416385769210652,-2.264549304695659,-2.498482408115421,-0.04529098609391318,-0.04996964816230842
d13a898e-6a97-4fd9-980e-3bfd8d755386,Tarfire,0.06337457790495894,0.22874570509287623,0.2770525369174794,0.7817397657640465,1.0654258494790156,0.6804730886717496,1.668151554610051,3592.0113624830906,False,0.014525734116663025,0.015838825690519365,-0.07265459191315157,0.2339816238463085,-0.31051409387976103,0.7561700434399261,0.9299219771302352,0.5878646323661388,1.4710102223180044,3586.426806937816,False,-0.016550896237829012,-0.017960950920415497,-0.1001482737512101,0.2344832319081501,-0.42710207009787116,0.6693049852403845,0.9047032643437335,0.5713602210276959,1.432525342842396,3583.2228583115448,False,-0.022681846299647538,-0.02501721853366462,88,0.923912705502736,False,False,0.9450893689161072,False,False,0.9485959700416463,False,False,3583.2228583115448,5.584555545274725,3.2039486262710852,0.16072258513528215,0.9666836969843281,0.16626181411424773,low,1.4525734116663025,1.5838825690519365,0.02905146823332605,0.03167765138103873,-1.6550896237829011,-1.7960950920415497,-0.033101792475658025,-0.035921901840830994,-2.268184629964754,-2.501721853366462,-0.045363692599295076,-0.05003443706732924
a9225cc3-90f0-448f-a8d9-7c6c2796d077,Sheoldred's Edict,-0.08854590808109233,0.17993486658274804,-0.4920997790073779,0.6226488084797219,0.9152610918910755,0.6432523036348284,1.3022928353245418,3591.8461086616526,False,-0.020287831651087357,-0.02212414892593345,-0.07859634898864871,0.18220181421853962,-0.43136973869193934,0.6661995496915889,0.9244129893840726,0.6468040401984967,1.3211719807435793,3586.337456961206,False,-0.01789588605256048,-0.01943455809504746,-0.10015744089893161,0.18266905478018838,-0.5482999899433121,0.583485934305128,0.9046949708332791,0.6324280699364448,1.2941756211631772,3583.1053620870453,False,-0.022671248317193766,-0.025022351958043143,140,0.8942231637972977,False,False,0.9303652066896955,False,False,0.9310648760323454,False,False,3583.1053620870453,5.508651700446535,3.2320948741607936,0.01971801855079347,0.9147896840361424,0.02155470147389029,low,-2.028783165108736,-2.212414892593345,-0.040575663302174714,-0.0442482978518669,-1.789588605256048,-1.943455809504746,-0.03579177210512096,-0.03886911619009492,-2.2671248317193764,-2.5022351958043143,-0.04534249663438753,-0.050044703916086286
01006833-6007-4c16-9ebb-20d31c60a57a,Taiga,-0.06284367809024408,0.15679168581980896,-0.4008100159243549,0.6885600041305354,0.9390902625989557,0.6906270110883903,1.2769418327823066,3591.9273989417006,False,-0.014404856905066123,-0.015706749581582136,-0.11560722894583667,0.16135711586448045,-0.7164681168627983,0.47370234766764086,0.8908250448850331,0.6492956129722819,1.222200250147537,3586.010509057497,False,-0.02630896065991457,-0.02852364127888518,-0.10067689905914254,0.16222994116830675,-0.6205814927510482,0.534875019788446,0.9042251416870347,0.6579360217618772,1.2427091386020135,3583.020801632375,False,-0.022790997339254306,-0.025150676261165628,188,0.9058570468541759,False,False,0.9065169545120224,False,False,0.9310648760323454,False,False,3583.020801632375,5.916889884203556,2.9897074251221056,0.04826521771392256,0.9113801497236745,0.05295838155851464,low,-1.4404856905066123,-1.5706749581582136,-0.028809713810132247,-0.03141349916316427,-2.630896065991457,-2.852364127888518,-0.05261792131982914,-0.05704728255777036,-2.2790997339254306,-2.5150676261165628,-0.04558199467850861,-0.050301352522331255
7ea4b5bc-18a4-45db-a56a-ab3f8bd2fb0d,Ledger Shredder,-0.2501326692059898,0.2771355267633051,-0.902564431660262,0.3667571109706115,0.7786974670434698,0.45234129725345396,1.340513786518495,3591.27153603668,False,-0.057120695811189184,-0.06222915876171664,-0.12813979437294687,0.27972563111733495,-0.4580910010323537,0.6468870638661982,0.8797303891900732,0.5084430675257731,1.5221479199837595,3586.313235215399,False,-0.029167044325529325,-0.03159179762949488,-0.10091995421650712,0.2819321885338917,-0.35795825493113326,0.7203745540522326,0.9040053918096813,0.5202181460497489,1.5709289547597274,3583.2773860689936,False,-0.022853014346212723,-0.025210156459362865,57,0.8154233100579928,False,False,0.9280871820473942,False,False,0.9485959700416463,False,False,3583.2773860689936,4.958300821281227,3.035849146405326,0.12530792476621155,0.854144416014408,0.14670578232065362,low,-5.712069581118919,-6.222915876171664,-0.11424139162237837,-0.12445831752343328,-2.9167044325529323,-3.1591797629494875,-0.05833408865105865,-0.06318359525898976,-2.2853014346212723,-2.5210156459362865,-0.045706028692425446,-0.05042031291872573
0d08f5e4-d2d3-4659-86d4-a983d80e3b2c,Tundra,-0.14795657081130464,0.17608694162063812,-0.8402472633664251,0.4007697634100562,0.862468570438998,0.6107381469578465,1.2179557453555134,3591.380365120387,False,-0.033887391497216056,-0.036932133064316364,-0.14345553771008623,0.18238213966807218,-0.7865657129100979,0.4315361372101516,0.8663593196501463,0.6059701621753004,1.2386393218607528,3585.9034133748205,False,-0.0326512047206335,-0.03532498778398013,-0.10101719811093017,0.18357703721758695,-0.550271426328764,0.5821332194912021,0.9039174870789707,0.63076103847614,1.2953666659898948,3583.102429892859,False,-0.022879137065003212,-0.025233472218853192,148,0.8353544756078359,False,False,0.901029995682603,False,False,0.9310648760323454,False,False,3583.102429892859,5.476951745566566,2.800983481961339,0.04144891663997263,0.8775817923893717,0.04723083021939257,low,-3.3887391497216055,-3.6932133064316366,-0.06777478299443211,-0.07386426612863273,-3.26512047206335,-3.532498778398013,-0.065302409441267,-0.07064997556796027,-2.287913706500321,-2.5233472218853192,-0.045758274130006424,-0.050466944437706385
3ee3945e-5089-4751-b7b3-5961c39d2a33,Nethergoyf,-0.16437034677630452,0.1738077009920718,-0.9457023241093456,0.3443004367623166,0.8484277512066467,0.6034853941030532,1.1927871926170377,3591.193042825768,False,-0.037618434913360164,-0.041014823837049796,-0.12474135169931162,0.17495340546836943,-0.7129975627817324,0.4758472652842278,0.882725188430412,0.6264727342036117,1.2437951657705428,3586.01475847411,False,-0.02839131081190946,-0.030770280387811433,-0.10116618920831168,0.17612335799020154,-0.5744052938959974,0.5656935713819781,0.9037828214528673,0.6399482464185989,1.2763897595228506,3583.0755820904324,False,-0.022907183977214664,-0.025273162109127445,154,0.801373266900079,False,False,0.9065169545120224,False,False,0.9310648760323454,False,False,3583.0755820904324,5.1782843516580215,2.939176383677477,0.05535507024622055,0.8783119203633086,0.06302438685259247,low,-3.7618434913360166,-4.10148238370498,-0.07523686982672033,-0.08202964767409959,-2.839131081190946,-3.077028038781143,-0.05678262162381892,-0.061540560775622866,-2.2907183977214665,-2.5273162109127445,-0.04581436795442933,-0.05054632421825489
1834ac92-8b4e-4442-a834-acd580e1ef99,Jack-in-the-Mox,-0.08119208132242886,0.17658212385606106,-0.45979785240668913,0.6456613248632672,0.9220165722720068,0.6522723796586659,1.3033122144296307,3591.876550941558,False,-0.01860934410572942,-0.02028857271215212,-0.10864874405125992,0.17951611329300485,-0.6052311520020727,0.5450254197513359,0.8970454547179075,0.6309678768193184,1.2753272827239122,3586.157026991368,False,-0.024734133028939842,-0.02680774984988682,-0.10144715461463048,0.18042625599404633,-0.562263812745624,0.5739362897683521,0.9035289254148858,0.6343955543297692,1.286838335309359,3583.089477037934,False,-0.022969397073670107,-0.025340833825839293,143,0.8942231637972977,False,False,0.9280871820473942,False,False,0.9310648760323454,False,False,3583.089477037934,5.719523950189796,3.0675499534340815,0.02497111755409931,0.9075303174682667,0.027515463751956105,low,-1.8609344105729422,-2.028857271215212,-0.03721868821145884,-0.04057714542430424,-2.4734133028939844,-2.680774984988682,-0.049468266057879684,-0.05361549969977364,-2.296939707367011,-2.5340833825839293,-0.045938794147340214,-0.050681667651678586
4df8aabc-7fcb-4b7b-980b-18f499e6c170,Hullbreacher,-0.1944188976928836,0.15978282698775234,-1.2167696701710389,0.223691862791784,0.8233129481284632,0.6019425689804759,1.1260944905492598,3590.6022091281766,False,-0.04449262847693269,-0.048480621900363285,-0.11557399468450377,0.16706623002603113,-0.6917854952882807,0.48907204683667216,0.8908546512893475,0.6420919215638069,1.2359943850266926,3586.0440100983083,False,-0.02632151898464698,-0.02855597576989971,-0.10318899975642609,0.1678605250626181,-0.6147305908755667,0.5387326539662041,0.9019564878146453,0.649082385004473,1.2533470707348253,3583.0272298460554,False,-0.023374191029541472,-0.02578317326889934,184,0.7504665208937782,False,False,0.9112040649163695,False,False,0.9310648760323454,False,False,3583.0272298460554,4.5581990298683195,3.016780252252829,0.0786435396861821,0.8720413624108186,0.09018326776239902,low,-4.4492628476932685,-4.8480621900363285,-0.08898525695386537,-0.09696124380072657,-2.632151898464698,-2.855597576989971,-0.05264303796929396,-0.05711195153979942,-2.337419102954147,-2.578317326889934,-0.046748382059082945,-0.05156634653779868
3ca1e1de-b916-445f-b3b2-0f4d0cc7ceeb,Stern Scolding,-0.21595453249596627,0.1894733515465217,-1.1397620337282237,0.254385455029724,0.8057719374794262,0.5558135951157405,1.1681405797462496,3590.7842997078114,False,-0.049380558309951486,-0.05380744715036556,-0.1167463167726153,0.19586785114358493,-0.5960463449769101,0.5511442666040167,0.8898108946333749,0.6061381764173382,1.3062424691479952,3586.1676146648974,False,-0.026583268682364936,-0.028825069157637717,-0.1060310860045556,0.1972280235958606,-0.5376065939890144,0.5908486769048695,0.8993966889917869,0.611036849029125,1.3238389885236401,3583.116286955736,False,-0.02401316820420245,-0.02648908558531471,128,0.7714631446865359,False,False,0.9280871820473942,False,False,0.9347748545999457,False,False,3583.116286955736,4.616685042914014,3.0513277091613418,0.09362475151236072,0.8649931737015294,0.10823756112631062,low,-4.9380558309951486,-5.380744715036556,-0.09876111661990297,-0.10761489430073112,-2.6583268682364936,-2.8825069157637717,-0.05316653736472987,-0.057650138315275434,-2.401316820420245,-2.648908558531471,-0.0480263364084049,-0.05297817117062942
3b5233ff-03bc-4053-9b49-c4185c2de38d,Restoration Angel,-0.11682524555422344,0.17359831885357918,-0.6729630005965624,0.5009708299164453,0.8897406657151777,0.6331309852577194,1.2503549354878707,3591.634955230856,False,-0.026763500624064896,-0.02917836276501956,-0.1232025414372629,0.1812054381131338,-0.6799053202826211,0.4965644126909974,0.884084580664051,0.6197958061309712,1.2610694329267005,3586.060965362516,False,-0.028042785713739953,-0.030365040861255743,-0.10623814700270398,0.18178882187098805,-0.5844041779317933,0.5589484165366783,0.8992104782947846,0.6296795512134351,1.2841126613004152,3583.0640471626493,False,-0.024054006191551357,-0.026535164985106663,151,0.846426910556781,False,False,0.916678384188925,False,False,0.9310648760323454,False,False,3583.0640471626493,5.57398986834005,2.996918199866741,0.015125897630733576,0.8910119082246711,0.01697608919825967,low,-2.6763500624064895,-2.917836276501956,-0.05352700124812979,-0.05835672553003912,-2.8042785713739953,-3.036504086125574,-0.056085571427479906,-0.060730081722511486,-2.405400619155136,-2.6535164985106663,-0.048108012383102715,-0.053070329970213326
15faa763-b897-4e86-b094-73f3236291a9,Verdant Catacombs,-0.14736493806398762,0.1498278571491714,-0.9835616744973422,0.32533107694931895,0.8629789860632121,0.6433749890194256,1.157540692593202,3591.1196664342615,False,-0.033742216654314254,-0.03678878326117002,-0.10389889498030795,0.15137503153488863,-0.6863674539110601,0.4924814225242109,0.9013164204290667,0.6699220231096126,1.212635592966834,3586.0520816079197,False,-0.02365686989673807,-0.0256590169588079,-0.10669361595075988,0.15190433972352332,-0.7023737185188378,0.482446130851255,0.898801009101485,0.667359684155028,1.2105065276526132,3582.912061834676,False,-0.024158093222232245,-0.026652927210239263,210,0.7976724107377573,False,False,0.9124586356212463,False,False,0.9175734772327648,False,False,3582.912061834676,5.067584826341772,3.1400197732436936,0.03833743436585457,0.8876988051979212,0.04318743490626515,low,-3.3742216654314254,-3.678878326117002,-0.06748443330862851,-0.07357756652234004,-2.365686989673807,-2.56590169588079,-0.04731373979347614,-0.0513180339176158,-2.4158093222232244,-2.6652927210239263,-0.04831618644446449,-0.05330585442047853
162e81d3-6cd4-4cb8-8ed8-cfbd8d34ca71,Mind Stone,-0.2150050255911628,0.20750431012626333,-1.0361472754967616,0.30013343976044815,0.8065373868399779,0.5370234733386163,1.2113112157398944,3591.0087835938984,False,-0.049174916218878054,-0.05356795685909166,-0.10634130221756447,0.213279200402293,-0.4986013733030723,0.6180602374886258,0.8991177248287754,0.5919290288369906,1.3657256929764459,3586.274144842895,False,-0.024219436383352208,-0.026254374877090703,-0.10723491258360386,0.21573284636354445,-0.4970727192969764,0.6191377717347313,0.8983146227931731,0.5885630086687177,1.3710837236430138,3583.1579428984824,False,-0.02428741771463568,-0.026786464641741836,108,0.788790461572665,False,False,0.9280871820473942,False,False,0.9400164398749471,False,False,3583.1579428984824,4.734638751003331,3.116201944412751,0.0925803379887975,0.8679899114873088,0.10666061524858075,low,-4.917491621887805,-5.356795685909166,-0.09834983243775611,-0.10713591371818332,-2.421943638335221,-2.6254374877090703,-0.048438872766704416,-0.052508749754181405,-2.4287417714635677,-2.6786464641741836,-0.04857483542927136,-0.05357292928348367
0055ea30-20fb-4324-a632-8fed87628f05,"Boseiju, Who Endures",-0.058190750361256004,0.16311681997696184,-0.35674279555888044,0.721284364485929,0.9434699630350163,0.685299220728172,1.2989006031605757,3591.9607705150506,False,-0.013339119896748103,-0.014544316338722385,-0.13089295779322258,0.17268067064106174,-0.7580058457457574,0.448447483168269,0.8773116787432136,0.6254104828604714,1.230672978391617,3585.949242827901,False,-0.029779981518798137,-0.03225152633199091,-0.10881246345294443,0.1732702634411571,-0.6279927166492556,0.530008711245481,0.8968986029943434,0.6386350083115441,1.2596038325239802,3583.011511551669,False,-0.02462964497562467,-0.027176123410839415,174,0.9179625798096755,False,False,0.9022995490595991,False,False,0.9310648760323454,False,False,3583.011511551669,6.011527687149737,2.937731276231716,0.0661582842918027,0.9058934149241912,0.0730309804684242,low,-1.3339119896748102,-1.4544316338722385,-0.026678239793496206,-0.02908863267744477,-2.9779981518798135,-3.225152633199091,-0.059559963037596274,-0.06450305266398182,-2.462964497562467,-2.7176123410839415,-0.04925928995124934,-0.05435224682167883
c78da035-6b5b-4136-9ab6-f622b64fdc54,Unstoppable Slasher,-0.164506964388873,0.15174958283696768,-1.0840686433096243,0.27833436463602024,0.8483118489501651,0.6300625702007152,1.1421611552643072,3590.9099343496628,False,-0.03767112183319319,-0.041053333075880716,-0.1426443684779713,0.15307675756870792,-0.9318486407967317,0.35141475307035397,0.8670623687815644,0.6423160457573361,1.1704474087529224,3585.653543368697,False,-0.032470560774155374,-0.035160319873152546,-0.10959856399641613,0.1542494268994734,-0.7105281763402798,0.4773766645877947,0.8961938275635584,0.662372335568688,1.2125557385687842,3582.9001210167307,False,-0.024823056119292364,-0.027377362189230037,205,0.7740158532703953,False,False,0.8732266834816466,False,False,0.9172213903864512,False,False,3582.9001210167307,5.256390980965989,2.7534223519660372,0.04788197861339327,0.8705226817650958,0.0550037116968698,low,-3.767112183319319,-4.105333307588071,-0.07534224366638638,-0.08210666615176143,-3.2470560774155373,-3.5160319873152543,-0.06494112154831075,-0.07032063974630509,-2.4823056119292364,-2.7377362189230037,-0.04964611223858473,-0.05475472437846007
5d10b752-d9cb-419d-a5c4-d4ee1acb655e,"Teferi, Hero of Dominaria",-0.18930919826487647,0.1867884263318352,-1.0134953325671423,0.3108236244075897,0.8275305961087689,0.5738343495909978,1.1933877572582272,3591.057109670294,False,-0.043323489364831214,-0.04720566583925573,-0.1205202733183872,0.19312853540088348,-0.6240417712909134,0.5326001528850872,0.8864591156953168,0.6071058003470922,1.2943539056126014,3586.1332222463802,False,-0.027443404430642238,-0.029724960034968606,-0.11227498003492634,0.1935974281912408,-0.5799404521222156,0.5619547751907465,0.8937984469772461,0.6115699501621235,1.3062703025339293,3583.068716978949,False,-0.02542726980282427,-0.028043006150412275,132,0.7976724107377573,False,False,0.9280871820473942,False,False,0.9310648760323454,False,False,3583.068716978949,4.923887423913584,3.0645052674312865,0.0662678508684772,0.8692627195937773,0.07623454839918292,low,-4.332348936483122,-4.720566583925573,-0.08664697872966243,-0.09441133167851146,-2.7443404430642238,-2.9724960034968606,-0.054886808861284477,-0.05944992006993721,-2.5427269802824273,-2.8043006150412273,-0.05085453960564854,-0.05608601230082455
d6ec3293-b09e-4931-ac4e-dc5eac0ca004,Mana Vault,-0.06496503315290528,0.14811730071091808,-0.43860530026602457,0.6609475558501765,0.9371002302449865,0.7009806872963102,1.252754687026067,3591.895583204837,False,-0.014893086463180903,-0.016236783374260544,-0.0910879231899041,0.15106897374687345,-0.6029558613572648,0.5465380527320065,0.9129374389986171,0.6789667567630887,1.2275339833996768,3586.1597766104114,False,-0.02074223482666221,-0.022518610892478252,-0.11283943670443641,0.15201597234491224,-0.7422867147697654,0.45791363933024654,0.8932940788430221,0.6631256811049397,1.2033530506108145,3582.8546041916143,False,-0.025544562792338465,-0.02818919110155832,212,0.8942231637972977,False,False,0.9280871820473942,False,False,0.9069985608047941,False,False,3582.8546041916143,5.735806594425412,3.305172418797156,0.04380615140196431,0.9144439160288753,0.04790468899634633,low,-1.4893086463180902,-1.6236783374260544,-0.029786172926361806,-0.03247356674852109,-2.0742234826662207,-2.251861089247825,-0.04148446965332442,-0.045037221784956505,-2.5544562792338468,-2.818919110155832,-0.05108912558467693,-0.05637838220311664
b768efa2-e56b-4a7e-ace8-d673f10e0714,Birthing Pod,-0.13490414895830088,0.21662477475039058,-0.6227549416438927,0.5334455721570912,0.8737996622820455,0.5715011934522405,1.336000446809257,3591.700967899119,False,-0.030887580765351332,-0.0336801446060262,-0.09826232081331603,0.22267271388207047,-0.44128586345499277,0.6590060589647189,0.9064111020676257,0.5858445251669926,1.4023875800789627,3586.3288796079414,False,-0.022370058399042606,-0.024255213511100326,-0.11299848109989816,0.2234051733090009,-0.5058006465392155,0.6129966046055708,0.8931520167236744,0.5764465715839856,1.3838585643515142,3583.1501599477315,False,-0.025576396322505576,-0.028219782659964998,92,0.8552257053075808,False,False,0.9280871820473942,False,False,0.9400164398749471,False,False,3583.1501599477315,5.372088291177533,3.1787196602099357,0.03261143978558012,0.8911209270244486,0.03659597569375161,low,-3.0887580765351332,-3.3680144606026197,-0.061775161530702664,-0.0673602892120524,-2.2370058399042607,-2.4255213511100324,-0.04474011679808521,-0.04851042702220065,-2.5576396322505577,-2.8219782659965,-0.05115279264501115,-0.056439565319929996
4820d223-4ea1-4850-931c-3d2ab5eb003b,Birthing Ritual,-0.151154265862254,0.24107125660545078,-0.6270107352932606,0.5306521981892162,0.8597150637433476,0.5359824136473986,1.3789817949390015,3591.6935164805554,False,-0.03461775876895046,-0.037722663680563207,-0.12143336341017856,0.2454864781359466,-0.494664163713859,0.6208372017915494,0.8856500680828874,0.5473937716191132,1.4329283301400195,3586.2780416044898,False,-0.027648254789393617,-0.02993249968445938,-0.11427491821857683,0.24675752268078394,-0.46310611719995154,0.6432883054897065,0.8920126916300165,0.5499545378245101,1.4468225776926489,3583.190643959254,False,-0.02587696802125117,-0.02853771246450526,79,0.8532520695944418,False,False,0.9280871820473942,False,False,0.9452974293912983,False,False,3583.190643959254,5.415474876065673,3.0873976452357965,0.0322976278866689,0.8791259411520839,0.03673834017950062,low,-3.4617758768950457,-3.7722663680563207,-0.06923551753790091,-0.07544532736112641,-2.7648254789393616,-2.993249968445938,-0.055296509578787234,-0.05986499936891876,-2.587696802125117,-2.853771246450526,-0.05175393604250234,-0.05707542492901052
7eb39e97-53c2-4df0-9fb3-a3d6a24ec41f,Avacyn's Pilgrim,-0.03705632145988526,0.1685573160554674,-0.21984404075164013,0.8259926190219221,0.9636218612306672,0.6925127282614615,1.3408664614335726,3592.0396677697026,False,-0.008496598868230803,-0.009263197390239453,-0.08924737252792,0.18213741166003633,-0.4900002240863194,0.6241337402657661,0.9146192939011017,0.6400322588909397,1.3070098282635045,3586.2832052977055,False,-0.020322938555853574,-0.022044756649077124,-0.11437095275355302,0.18372812022022045,-0.6225010772246815,0.5336124356663681,0.8919270317192037,0.6222097226561746,1.2785621968672316,3583.0180257437687,False,-0.025889881341153182,-0.028563910370957346,158,0.940165660217785,False,False,0.9280871820473942,False,False,0.9310648760323454,False,False,3583.0180257437687,5.756462471997111,3.2651795539368322,0.07169482951146344,0.9233893956169908,0.07764311551743384,low,-0.8496598868230802,-0.9263197390239453,-0.016993197736461605,-0.018526394780478905,-2.0322938555853574,-2.2044756649077124,-0.04064587711170715,-0.04408951329815425,-2.588988134115318,-2.856391037095735,-0.051779762682306364,-0.05712782074191469
1f9fb33a-3b39-4aff-93b8-aedafe0ea694,Fanatic of Rhonas,-0.09687615135048548,0.17447833392992265,-0.5552331293431237,0.5787352113261632,0.9076684126795468,0.6447751124490185,1.277750849047155,3591.7787830002535,False,-0.0222143056534438,-0.024203096555155734,-0.12820421396924178,0.1948294800658543,-0.6580329318022482,0.5105169702651757,0.8796737191389037,0.6004535486562531,1.2887355797553455,3586.0891863800744,False,-0.02920218803695494,-0.03158801090440638,-0.11521525323105451,0.19565633597660675,-0.5888654341601797,0.5559515468756997,0.8911742951130799,0.6073186470279468,1.307701695241623,3583.0580846674175,False,-0.0261015572480799,-0.028772248091038177,156,0.8733402397161785,False,False,0.9280871820473942,False,False,0.9310648760323454,False,False,3583.0580846674175,5.689596620179145,3.0311017126568913,0.0279946935406431,0.8928388089771767,0.03135470060123553,low,-2.22143056534438,-2.4203096555155734,-0.0444286113068876,-0.04840619311031147,-2.920218803695494,-3.1588010904406385,-0.05840437607390988,-0.06317602180881277,-2.6101557248079903,-2.8772248091038177,-0.0522031144961598,-0.057544496182076355
4a706ecf-3277-40e3-871c-4ba4ead16e20,Wrenn and Six,0.00661249440086244,0.19603640872893519,0.03373095050932969,0.9730916980720723,1.006634405210374,0.6854917145979712,1.478227678284242,3592.0868649426775,False,0.001516296123060815,0.001653118320174396,-0.09271713363411209,0.20261768879951567,-0.45759644275605676,0.6472423996440396,0.9114512827474638,0.6127196407621464,1.3558296250935526,3586.3139138993947,False,-0.02111196065925772,-0.0228974806285705,-0.11686799946882477,0.20293059483740467,-0.5759013300210529,0.5646818765804676,0.8897026266319041,0.5977324905411795,1.3242893373907636,3583.0738729131444,False,-0.026454206612179145,-0.029186268280652128,120,0.9902532860966762,False,False,0.9280871820473942,False,False,0.9310648760323454,False,False,3583.0738729131444,5.772951043282774,3.2400409862502784,0.11693177857846981,0.9359294381965807,0.12493653239904791,low,0.15162961230608152,0.1653118320174396,0.00303259224612163,0.003306236640348792,-2.111196065925772,-2.2897480628570497,-0.04222392131851544,-0.045794961257141,-2.6454206612179143,-2.9186268280652126,-0.05290841322435829,-0.058372536561304256
69af2825-18c2-4463-b6ba-42eaa070ccc1,"Grist, the Hunger Tide",-0.1722149092339275,0.18193170644611073,-0.9465909631586872,0.34384725057861,0.8417982435118346,0.5893110985505009,1.2024621367603254,3591.190357987525,False,-0.03941707516174958,-0.042962854956568264,-0.1350987170954336,0.19206073043204783,-0.7034166578015401,0.4817961284605631,0.8736296652480675,0.5995728771147335,1.2729541664297133,3586.0285101957315,False,-0.03074960283260911,-0.03327101880118821,-0.11876871039268798,0.19268896447675227,-0.6163752590357467,0.5376468784282554,0.8880131652279747,0.6086943164212378,1.2955063984407076,3583.0257758376547,False,-0.026889805634718142,-0.029657549422537732,138,0.801373266900079,False,False,0.9065169545120224,False,False,0.9310648760323454,False,False,3583.0257758376547,5.161847791793662,3.00273435807685,0.046214921716140056,0.8678136913292923,0.053254427969843796,low,-3.941707516174958,-4.296285495656827,-0.07883415032349916,-0.08592570991313653,-3.074960283260911,-3.3271018801188212,-0.06149920566521822,-0.06654203760237642,-2.688980563471814,-2.9657549422537732,-0.053779611269436284,-0.059315098845075465
64a5d494-efa1-446b-bebe-2ad36e154376,"Ugin, Eye of the Storms",-0.15206802977322587,0.2065680037111949,-0.7361644932476277,0.4616305977944277,0.8589298459508563,0.5729588859862728,1.287632495646184,3591.5455949035554,False,-0.034816397937311144,-0.03795204389787671,-0.10734402601540041,0.20868243675326756,-0.5143893644596309,0.606979793583106,0.8982166099492032,0.5966875902024975,1.352119755188537,3586.2586569365576,False,-0.02443996089581863,-0.02650037856833848,-0.11883081078900326,0.21022247138181185,-0.56526217205952,0.5718954542747106,0.8879580209707387,0.5880949557814114,1.3407179219189502,3583.0860101269254,False,-0.026900380686348948,-0.029677949552386118,105,0.846426910556781,False,False,0.9280871820473942,False,False,0.9310648760323454,False,False,3583.0860101269254,5.286937966997812,3.1726468096321696,0.03928676399834685,0.8817014922902661,0.044557896682580644,low,-3.4816397937311145,-3.7952043897876706,-0.06963279587462229,-0.07590408779575342,-2.443996089581863,-2.6500378568338476,-0.04887992179163726,-0.05300075713667696,-2.6900380686348946,-2.967794955238612,-0.053800761372697896,-0.059355899104772236
dea15b53-2940-40e7-8d48-8ec11341da83,Careful Study,-0.2816727879437786,0.3834682294703775,-0.7345400904080308,0.4626196356863066,0.7545205323599488,0.3558412702280374,1.5998741050691203,3591.547960247116,False,-0.06424990900941012,-0.06997112645733833,-0.11085457556781395,0.390060954189771,-0.2841980833433571,0.7762585842074416,0.8950689043520952,0.41670612335730145,1.922573964316626,3586.4425365382144,False,-0.025238128321362553,-0.027357768875028776,-0.12055865457871247,0.39341594955175413,-0.3064406888334681,0.7592691322674736,0.886425092930152,0.4099771241074919,1.9165689965916561,3583.3116578629333,False,-0.02729146629104237,-0.030107805386757003,29,0.846426910556781,False,False,0.9499601391111803,False,False,0.9485959700416463,False,False,3583.3116578629333,5.105423708901526,3.13087867528111,0.14054837199214643,0.8453381765473987,0.16626289441485526,low,-6.424990900941012,-6.997112645733833,-0.12849981801882024,-0.13994225291467666,-2.5238128321362554,-2.735776887502878,-0.050476256642725106,-0.05471553775005755,-2.729146629104237,-3.0107805386757,-0.05458293258208474,-0.060215610773514006
586a4c31-65c7-4c7f-b5f6-74b105b2a629,Trinket Mage,-0.2609217548991053,0.3033570491269836,-0.8601143624319898,0.38972600485764397,0.770341192681357,0.4250699347729705,1.3960656931868958,3591.3470583328544,False,-0.05956054522995502,-0.06488178130766581,-0.10808648200953423,0.30821608166837183,-0.35068410909795084,0.7258253484784669,0.8975499711487257,0.4905686737755449,1.6421675369301532,3586.400269010579,False,-0.02460925234224869,-0.026682940806361355,-0.12226338772220387,0.3085775597942048,-0.3962160689965376,0.691945637965079,0.884915261990079,0.4833204417083722,1.6201984301244703,3583.248488546136,False,-0.02767714330321807,-0.030533776580974004,48,0.8287814860586152,False,False,0.9437144394447123,False,False,0.9485959700416463,False,False,3583.248488546136,4.9467893222754356,3.1517804644431635,0.12720877846736867,0.8509354752733872,0.14949286069722176,low,-5.956054522995502,-6.488178130766581,-0.11912109045991004,-0.12976356261533162,-2.460925234224869,-2.6682940806361355,-0.04921850468449738,-0.05336588161272271,-2.767714330321807,-3.0533776580974004,-0.05535428660643614,-0.06106755316194801
1571b584-9007-45ee-a3c3-6c72f227fee2,Mystical Tutor,-0.25221789035289566,0.16009928934707976,-1.5753841967787359,0.11516778990546278,0.7770754023876576,0.5677849747743231,1.0635120826082975,3589.58814236751,False,-0.057662065872428836,-0.0627842355761582,-0.14308904720443286,0.16628994621276935,-0.8604792440148441,0.3895249201558,0.8666768903050429,0.6256167337535621,1.200621389524242,3585.780290775077,False,-0.03258848092742719,-0.035320470831947504,-0.12380102181145515,0.16744647635838975,-0.7393468319182831,0.4596964184913437,0.8835556316919752,0.63635664166427,1.2267814982694447,3582.8573945876706,False,-0.028045862271476246,-0.030925914466637894,182,0.6380003566265245,False,False,0.8996605708591937,False,False,0.9069985608047941,False,False,3582.8573945876706,3.807851592433053,2.9228961874064225,0.10648022930431755,0.8424359747948919,0.1263956341967024,low,-5.766206587242884,-6.27842355761582,-0.11532413174485767,-0.1255684711523164,-3.258848092742719,-3.53204708319475,-0.06517696185485437,-0.07064094166389501,-2.8045862271476247,-3.092591446663789,-0.05609172454295249,-0.06185182893327579
748e6a61-9c1f-4225-9f04-e54002f63ac3,Savai Triome,-0.06624910115573276,0.19306194941940932,-0.34314944687423976,0.7314860336763591,0.9358977020531039,0.6410482691453181,1.3663628011601778,3591.9703391883418,False,-0.015184682069395493,-0.016556992114262814,-0.14080563036634006,0.19728407800563194,-0.7137201936910511,0.4754002169204945,0.8686581360536527,0.590088694772826,1.278734813963351,3586.015118988421,False,-0.03202758170002039,-0.03467150587772566,-0.12482222076145977,0.19799246271771218,-0.6304392553540035,0.5284072341784942,0.8826538061586368,0.5987641801060009,1.301142866275678,3583.008985531813,False,-0.028244351853505524,-0.031165737858748488,125,0.9179625798096755,False,False,0.9065169545120224,False,False,0.9310648760323454,False,False,3583.008985531813,5.955220199920859,3.0061334566080404,0.06723956599945113,0.8957365480884644,0.07506623029164425,low,-1.5184682069395492,-1.6556992114262814,-0.030369364138790985,-0.03311398422852563,-3.202758170002039,-3.467150587772566,-0.06405516340004078,-0.06934301175545132,-2.8244351853505525,-3.1165737858748486,-0.05648870370701105,-0.062331475717496976
1af92296-455a-425e-9397-a96d09937767,Incinerate,0.06302345504176086,0.1817127696450522,0.34683008335004434,0.7287189750904319,1.0650518197732548,0.7459224985916746,1.5207147940221442,3591.9677148158544,False,0.014447512178328448,0.01575139968462691,-0.08753909426304948,0.18848263730886497,-0.46444115762026333,0.642331708252169,0.9161830534494461,0.6332024616247816,1.32562874956944,3586.307688553211,False,-0.019933710734749817,-0.021624981552674838,-0.12624293631600683,0.18956752291069123,-0.6659523444608295,0.5054415613470685,0.8814006965338911,0.607869364439627,1.2780166813746148,3582.9622659871125,False,-0.02857041467276583,-0.03152345677514151,141,0.9179625798096755,False,False,0.9280871820473942,False,False,0.9287314639627954,False,False,3582.9622659871125,5.660026262643441,3.3454225660984775,0.18365112323936372,0.9542118565855308,0.19246367771673373,low,1.4447512178328448,1.575139968462691,0.028895024356656897,0.03150279936925382,-1.9933710734749817,-2.1624981552674836,-0.039867421469499634,-0.043249963105349676,-2.8570414672765834,-3.152345677514151,-0.05714082934553166,-0.06304691355028302
a249b1f4-2b22-4b67-a207-e0c4ae95d2e1,Ketria Triome,-0.1900950422565748,0.17340138337533068,-1.096271774516991,0.2729598576315577,0.8268805416160324,0.5886274820874624,1.161568990422417,3590.8857539715223,False,-0.043475148093371795,-0.0474036922820843,-0.10671872369983805,0.17797786248970765,-0.5996179648803768,0.5487608716788818,0.8987784425145765,0.6340957351189245,1.273944365163448,3586.1638318952237,False,-0.02429629763011728,-0.026342548780412922,-0.12630108518366714,0.17903429782820474,-0.7054574833748414,0.4805255818809834,0.8813494455715398,0.620513257378856,1.251829571684715,3582.9079267671887,False,-0.028585925001691402,-0.03153934273612852,151,0.7714631446865359,False,False,0.9280871820473942,False,False,0.9175734772327648,False,False,3582.9079267671887,4.721922076298597,3.2559051280350104,0.07189790089854409,0.8690028099007163,0.08273609714421802,low,-4.34751480933718,-4.740369228208429,-0.08695029618674359,-0.0948073845641686,-2.429629763011728,-2.6342548780412924,-0.04859259526023456,-0.052685097560825844,-2.85859250016914,-3.153934273612852,-0.057171850003382804,-0.06307868547225703
31276460-fa9d-47da-85c5-c4baa8074d0d,Rot-Curse Rakshasa,-0.008717436459017068,0.30651012184584087,-0.028440941547116343,0.977310470764218,0.9913204502186931,0.5436349662529424,1.8076766507409576,3592.0871938853716,False,-0.0019989643097633194,-0.0021793460103658457,-0.15246761672926804,0.30873408875463904,-0.4938476905620843,0.6214137495598286,0.858586697351677,0.4687965355953214,1.572475606998955,3586.280054711358,False,-0.0346814579409059,-0.03750512189054683,-0.12640684354597795,0.3120581792970971,-0.40507460445582955,0.685422673061066,0.8812562404262513,0.478049557556513,1.6245440436338086,3583.2418577675794,False,-0.028608669110299332,-0.03155853974871825,46,0.9902532860966762,False,False,0.9280871820473942,False,False,0.9485959700416463,False,False,3583.2418577675794,5.807139174013628,3.03819694377853,0.13273375286701605,0.9103877959988739,0.1457991346658828,low,-0.19989643097633195,-0.21793460103658457,-0.003997928619526639,-0.0043586920207316915,-3.46814579409059,-3.7505121890546835,-0.0693629158818118,-0.07501024378109367,-2.8608669110299334,-3.155853974871825,-0.057217338220598664,-0.0631170794974365
45026d57-0324-4312-8b86-2e7d4f581ee9,Marsh Flats,-0.1068155218522491,0.15240229782416145,-0.7008786834401315,0.48337872852191544,0.8986914466325026,0.6666273895041063,1.21154085320619,3591.596531395599,False,-0.024474420873218668,-0.026683702512057428,-0.12978264765614486,0.15449041752240958,-0.8400692401347111,0.400869565563432,0.8782863077636136,0.6488304360392205,1.1888881833502831,3585.81721037903,False,-0.029537046370978644,-0.03199298356188224,-0.12773167535712251,0.154724469970894,-0.8255428206097637,0.40906348247302593,0.8800894971651124,0.6498643458924295,1.1918757013152883,3582.723766483299,False,-0.02890983635934329,-0.031895770684334857,208,0.846426910556781,False,False,0.8996605708591937,False,False,0.8887470449821118,False,False,3582.723766483299,5.779321016569156,3.0934438957306156,0.02040513886888895,0.8856890838537429,0.023038715550273765,low,-2.4474420873218667,-2.668370251205743,-0.048948841746437335,-0.053367405024114856,-2.9537046370978643,-3.1992983561882236,-0.05907409274195729,-0.06398596712376448,-2.890983635934329,-3.1895770684334854,-0.05781967271868658,-0.06379154136866971
62d37423-3445-412a-9abd-0480da404637,Phyrexian Fleshgorger,-0.2417570385011709,0.23833047488564993,-1.014377362429899,0.3104027219547735,0.7852469391503161,0.4921928000270946,1.2527870286013865,3591.0610578249566,False,-0.05520075411014115,-0.06017098837204943,-0.12843527477154798,0.24545248415467563,-0.523259217415834,0.6007938772575437,0.8794704845042749,0.543610574748456,1.422835332944157,3586.2497162513346,False,-0.02922851540708356,-0.03169090074496966,-0.12854965656602613,0.24639187990538367,-0.521728462055609,0.6018594047590998,0.8793698948449893,0.5425485300904511,1.4252944558356244,3583.1335583030923,False,-0.029092537471533467,-0.03210511134106758,77,0.7976724107377573,False,False,0.9280871820473942,False,False,0.9400164398749471,False,False,3583.1335583030923,4.81134157362203,3.1161579482422894,0.09422354535395883,0.8480291061665267,0.11110885778424713,low,-5.5200754110141155,-6.0170988372049425,-0.1104015082202823,-0.12034197674409886,-2.922851540708356,-3.1690900744969666,-0.05845703081416712,-0.06338180148993933,-2.909253747153347,-3.210511134106758,-0.05818507494306693,-0.06421022268213517
2f8f22fb-7291-4517-9b15-e98501f2856b,Splinter Twin,-0.013518291743119162,0.31126244711448636,-0.043430525810095426,0.9653583445735439,0.9865726700188356,0.5360152386021833,1.8158544069872453,3592.086117762651,False,-0.0030997066702913197,-0.0033795240053303144,-0.14765669440880924,0.3162062118420048,-0.4669632944547819,0.6405261394815152,0.8627272431941558,0.4642087806686648,1.6033697059268703,3586.306753510369,False,-0.03358039014108147,-0.036333186429859776,-0.1316838895052554,0.316543787177403,-0.4160052884925358,0.6774061333771442,0.8766180594540639,0.4713710456661594,1.6302639485948764,3583.2336516810637,False,-0.029791495103725765,-0.03287374333848142,49,0.9902532860966762,False,False,0.9280871820473942,False,False,0.9485959700416463,False,False,3583.2336516810637,5.779364252281994,3.073101829305415,0.1238454268246798,0.9086393242223517,0.13629767447129967,low,-0.30997066702913195,-0.33795240053303144,-0.006199413340582639,-0.006759048010660629,-3.358039014108147,-3.6333186429859774,-0.06716078028216294,-0.07266637285971955,-2.9791495103725767,-3.287374333848142,-0.05958299020745153,-0.06574748667696284
99e96b34-b1c4-4647-a38e-2cf1aedaaace,Tersa Lightshatter,-0.01501361879522157,0.38726271614320085,-0.03876856244965725,0.9690749095134366,0.9850985236566416,0.46114232969336144,2.1043808794473047,3592.086500426673,False,-0.0034426483892180814,-0.003753336428035381,-0.12430756727610505,0.3933742261583062,-0.31600333476367554,0.7519999769626822,0.8831081839298605,0.4084764360040924,1.9092412579610416,3586.423887761697,False,-0.028290463614349188,-0.03063502762304887,-0.1319861524460038,0.3954245786002483,-0.33378338016624476,0.7385430255995546,0.8763531303426434,0.4037262109202552,1.9022664079965967,3583.2946967830817,False,-0.02986735135865547,-0.032948703706449145,29,0.9902532860966762,False,False,0.9450893689161072,False,False,0.9485959700416463,False,False,3583.2946967830817,5.662612664975768,3.1291909786154974,0.10874539331399824,0.9148532793097152,0.11886648468489938,low,-0.34426483892180815,-0.3753336428035381,-0.006885296778436163,-0.007506672856070762,-2.829046361434919,-3.0635027623048874,-0.056580927228698376,-0.06127005524609774,-2.986735135865547,-3.2948703706449143,-0.05973470271731094,-0.06589740741289829
2d9b12cc-f616-4b52-91eb-a430e70f9251,Wrath of God,-0.07346978105968784,0.2615405074177796,-0.28091167133177064,0.7787781485322405,0.9291642237254915,0.5564994060300599,1.5513873784885237,3592.008930529232,False,-0.016843794339836047,-0.01835976285584623,-0.12938879901538566,0.2688967399988291,-0.48118396309285516,0.6303857576192975,0.878632287759527,0.5187016537280408,1.4883212566318573,3586.2912358635635,False,-0.02945592857128164,-0.03187743121227338,-0.1332323047626261,0.2699951472052643,-0.49346184974701046,0.6216862897294897,0.8752617410189892,0.5156006262647224,1.4858071853820165,3583.1614743022974,False,-0.03016096730708145,-0.03326010452390338,66,0.923912705502736,False,False,0.9280871820473942,False,False,0.9400164398749471,False,False,3583.1614743022974,5.71769466566866,3.1297615612661502,0.05390248270650222,0.8943527508346693,0.06026982379849209,low,-1.6843794339836047,-1.835976285584623,-0.033687588679672094,-0.03671952571169246,-2.945592857128164,-3.1877431212273377,-0.05891185714256328,-0.06375486242454675,-3.016096730708145,-3.3260104523903378,-0.0603219346141629,-0.06652020904780676
89175ce1-0746-4ba1-970e-617d134b0527,"Gau, Feral Youth",0.07523105742186191,0.26300884325416024,0.2860400300272866,0.7748474622930178,1.0781332327926043,0.6438649528855431,1.8053029015518742,3592.0064015948738,False,0.01724068858001456,0.018799508581265667,-0.09847390565232962,0.27057002122783275,-0.36394980199750193,0.7158954945369616,0.9062193395082551,0.5332360153671386,1.540093818931848,3586.390548438931,False,-0.02242778417115302,-0.024307640615355064,-0.133490514600186,0.2719101068087866,-0.4909362000804905,0.6234715725208191,0.8750357690023727,0.5135364216221765,1.4910093321421942,3583.163759712467,False,-0.030220695831915657,-0.03332278117956933,65,0.923912705502736,False,False,0.938118457477708,False,False,0.9400164398749471,False,False,3583.163759712467,5.615853155942659,3.2267887264642923,0.20309746379023164,0.9531294471010773,0.21308486943504706,low,1.724068858001456,1.8799508581265667,0.03448137716002912,0.037599017162531334,-2.2427784171153022,-2.4307640615355064,-0.04485556834230604,-0.04861528123071013,-3.022069583191566,-3.3322781179569327,-0.06044139166383131,-0.06664556235913865
32e670da-7563-4f6a-a7db-4c126a440eb8,Erode,-0.05503069076898026,0.4491061032965329,-0.12253382967865158,0.9024762556377911,0.9464561000422185,0.39247648545222713,2.2823766072889007,3592.0730252493026,False,-0.012615738332531547,-0.013754283311943727,-0.12965075289908065,0.4560017867033805,-0.2843207125050493,0.7761646145628913,0.8784021567625787,0.3593658765163545,2.147088522941703,3586.4430042356444,False,-0.029504218359112683,-0.03194091556300904,-0.1342829075770863,0.45952338167071066,-0.2922221434932596,0.770116782114285,0.8743426714435631,0.3552445918406574,2.1519683189152303,3583.3207690479844,False,-0.03038639907161656,-0.033520546341425206,21,0.9755090457542709,False,False,0.9499601391111803,False,False,0.9485959700416463,False,False,3583.3207690479844,5.630021013658279,3.1222351876599532,0.07211342859865533,0.8997336427494534,0.08014975229589873,low,-1.2615738332531548,-1.3754283311943727,-0.025231476665063094,-0.027508566623887454,-2.950421835911268,-3.1940915563009042,-0.059008436718225366,-0.06388183112601808,-3.0386399071616563,-3.3520546341425206,-0.06077279814323312,-0.06704109268285041
1716b4dd-9045-462b-b053-72de450a8cde,Blood Crypt,-0.14493368915074864,0.1537797744095546,-0.9424756259867662,0.3459491843552328,0.865079655375468,0.639964836572389,1.1693811399900067,3591.200056179503,False,-0.03317546836926091,-0.03618286130549464,-0.18113745539881668,0.1561255812939604,-1.1602035611176542,0.24596593744892314,0.8343206689333174,0.614378805048564,1.1329996622430931,3585.1778226775205,False,-0.041160284714310165,-0.0445683544641885,-0.13570630076157178,0.15740217565342635,-0.8621628017415381,0.38859793626063244,0.8730990233542069,0.6413277995370611,1.188630689535575,3582.662464979253,False,-0.030702434346501075,-0.03388373599850636,195,0.801373266900079,False,False,0.8202964013921586,False,False,0.8807993303358596,False,False,3582.662464979253,6.022233501982555,2.5153576982675077,0.038778354420889505,0.8574997825543308,0.045222582220809514,low,-3.317546836926091,-3.618286130549464,-0.06635093673852183,-0.07236572261098928,-4.116028471431017,-4.45683544641885,-0.08232056942862033,-0.089136708928377,-3.0702434346501075,-3.388373599850636,-0.06140486869300215,-0.06776747199701272
9814d8e8-c462-41ca-9909-1c659f488543,Lotus Petal,-0.11883420452138388,0.16437309929231259,-0.7229540906207244,0.46970809007442593,0.8879550074839638,0.6433891813475562,1.225485473138413,3591.564547563444,False,-0.027230287372426127,-0.02967977742897676,-0.12611393748824876,0.168196718199476,-0.749800227009671,0.4533750320176556,0.8815144035244057,0.6339536051881483,1.225748441623526,3585.9604051899287,False,-0.02871174179817008,-0.03113013114326807,-0.1392028212193892,0.16977197073414899,-0.8199399501427186,0.4122503407997402,0.8700515456462076,0.6237810311230947,1.213550355512451,3582.7323802631013,False,-0.031509410622988586,-0.03476223789389482,176,0.846426910556781,False,False,0.9026899891217203,False,False,0.889873712988436,False,False,3582.7323802631013,5.604142373515515,3.228024926827402,0.017903461837756263,0.879840318884859,0.020348535357470034,low,-2.7230287372426125,-2.967977742897676,-0.054460574744852254,-0.05935955485795352,-2.8711741798170083,-3.113013114326807,-0.05742348359634016,-0.06226026228653614,-3.1509410622988585,-3.476223789389482,-0.06301882124597717,-0.06952447578778964
59faa45d-868b-4bc7-934c-0e077642e129,Loran of the Third Path,-0.138524039853288,0.20218337951071078,-0.6851405896395635,0.49325520913997756,0.8706423209038749,0.585784406735376,1.294022241345382,3591.619465687501,False,-0.031712256087708494,-0.0345821617428409,-0.14762078777874482,0.20813316995770556,-0.7092612283219567,0.47816238382346543,0.8627582213782814,0.5737498374632659,1.2973454630450725,3586.0211424612908,False,-0.03357467606582869,-0.036324315351383196,-0.13977438532774292,0.20815075796137927,-0.6715055313595204,0.5018985369218572,0.8695543974998513,0.5782494835874427,1.3076100743235484,3582.955399657461,False,-0.03161933548985471,-0.03488604561439729,109,0.846426910556781,False,False,0.9065169545120224,False,False,0.9273305377475864,False,False,3582.955399657461,5.598323226210141,3.065742803829835,0.007884099525593546,0.8676516465940026,0.009086710728369916,low,-3.1712256087708495,-3.45821617428409,-0.06342451217541699,-0.0691643234856818,-3.3574676065828686,-3.63243153513832,-0.06714935213165737,-0.07264863070276639,-3.161933548985471,-3.488604561439729,-0.06323867097970942,-0.06977209122879457
73cc6df4-3564-4ace-bf8a-eac3e62d725a,Ursine Monstrosity,-0.016767272951640964,0.16254945770222123,-0.10315182338139439,0.9178424752378213,0.9833725153892677,0.7150776004724639,1.352330856656799,3592.0773627681133,False,-0.0038447609359939495,-0.004191737666292439,-0.14701887476297332,0.1746216166911304,-0.841928264946827,0.3998281080263226,0.8632776831008956,0.6130693339561367,1.2156020809766526,3585.8150625899843,False,-0.033438927908498756,-0.036177583934605684,-0.13994767382435638,0.17599208188138177,-0.7951930128236154,0.4265012355908957,0.8694037267807132,0.6157636006327742,1.2275211450684145,3582.773673936086,False,-0.03165948426210546,-0.0349322717739986,172,0.9795214895738028,False,False,0.8996605708591937,False,False,0.8961910321041715,False,False,3582.773673936086,6.262300178128953,3.0413886538981387,0.12009483228837214,0.9053513084236254,0.13264997926327426,low,-0.38447609359939494,-0.4191737666292439,-0.007689521871987899,-0.008383475332584878,-3.3438927908498757,-3.6177583934605684,-0.06687785581699751,-0.07235516786921137,-3.1659484262105457,-3.49322717739986,-0.06331896852421091,-0.0698645435479972
b5aaaee0-9a61-45df-821e-cce516f8de6a,Old One Eye,-0.15742529631057742,0.18651087776966183,-0.8440542352977145,0.3986390994831809,0.8543406336220097,0.5927475918379894,1.2313806556250906,3591.37296211565,False,-0.03605764382952834,-0.039286352465353835,-0.14184572433889298,0.19314346916850345,-0.7344060089090718,0.4627013256485313,0.8677551196544978,0.5942786725605197,1.2670805506820682,3585.9826154009506,False,-0.03229241727976016,-0.034933204739437895,-0.14083421640952837,0.19377164643781677,-0.7268050769993506,0.46734537251135366,0.8686333049095734,0.5941481122805824,1.2699254660625923,3582.876112865759,False,-0.03188477195233213,-0.035155665882587395,135,0.8353544756078359,False,False,0.9065169545120224,False,False,0.9088028089360727,False,False,3582.876112865759,5.3903467146992625,3.106502535191794,0.014292671287563619,0.8635763527286936,0.016550558896618942,low,-3.605764382952834,-3.9286352465353835,-0.07211528765905668,-0.07857270493070767,-3.2292417279760164,-3.4933204739437898,-0.06458483455952033,-0.06986640947887579,-3.188477195233213,-3.5155665882587392,-0.06376954390466426,-0.07031133176517479
ba934866-efd0-4126-b1ff-9c7e82b73bd6,Summon: Kujata,-0.027488676955007785,0.4792574289310984,-0.057356809296241,0.9542609675182437,0.9728856985196234,0.3802854067953409,2.488937428233735,3592.0847173370216,False,-0.006302899655075593,-0.006871745477337987,-0.10110498271320784,0.4924059723839097,-0.20532850611807818,0.8373154738366284,0.9038381405246295,0.3443073061414176,2.3726577092485055,3586.4814098141933,False,-0.02301852367067088,-0.024952804465785572,-0.14410521676437316,0.49004124458729964,-0.2940675266746882,0.768706304313452,0.8657966469448102,0.3313480133282493,2.262285584064397,3583.3197681910697,False,-0.03260279739239269,-0.03596476756223271,19,0.9898787952327661,False,False,0.9610784368295511,False,False,0.9485959700416463,False,False,3583.3197681910697,5.603307522828345,3.1616416231236144,0.10708905157481319,0.9141734953296877,0.11714302823469255,low,-0.6302899655075593,-0.6871745477337987,-0.012605799310151187,-0.013743490954675974,-2.301852367067088,-2.4952804465785574,-0.04603704734134176,-0.049905608931571144,-3.260279739239269,-3.5964767562232716,-0.06520559478478538,-0.07192953512446543
906b6e99-128f-4c11-8daf-16099d35b0d4,Assassin's Trophy,-0.2034879653384796,0.31262927518494177,-0.6508922276012137,0.5151160590690242,0.8158800231035099,0.4420902002764049,1.5057113043519128,3591.663484590555,False,-0.04653613112980693,-0.050705660712672906,-0.16333525507455932,0.3182145613853798,-0.5132865522038417,0.607750889428381,0.849306406397349,0.4551920799440087,1.5846527295384967,3586.259575080759,False,-0.03715362136587685,-0.0401481637444554,-0.14667940926851622,0.31978209358358795,-0.4586854993185403,0.6464600286108154,0.8635707858327604,0.4614173584483475,1.6162255027674548,3583.194944174726,False,-0.033191123100178646,-0.03660264792863571,45,0.8493954793707131,False,False,0.9280871820473942,False,False,0.946650982085285,False,False,3583.194944174726,5.403909509795994,3.064630906033017,0.047690762729250435,0.8429190717778731,0.056578103789562795,low,-4.653613112980693,-5.07056607126729,-0.09307226225961386,-0.10141132142534581,-3.7153621365876845,-4.01481637444554,-0.0743072427317537,-0.0802963274889108,-3.3191123100178648,-3.660264792863571,-0.06638224620035729,-0.07320529585727142
939c6e19-4b27-4023-bb9c-ae440f91e21c,Shadowspear,-0.11551724025973027,0.321163125807744,-0.35968400783619753,0.719083452643847,0.8909052126674156,0.47473573988580464,1.6719029794320868,3591.9577382996968,False,-0.026474370095085156,-0.02884873492549228,-0.12168958965900124,0.32290998195366233,-0.3768529821306785,0.7062828644362326,0.8854231703579908,0.4702018754378124,1.6673140443704628,3586.3803555377517,False,-0.027709333483280106,-0.030001003957726258,-0.1482680983117326,0.32643399130252815,-0.4542054512157794,0.64968095988379,0.8621999296077275,0.45471759581473387,1.6348360508979511,3583.197674032306,False,-0.033560338194829856,-0.03700492765572849,44,0.9179625798096755,False,False,0.9367226555934245,False,False,0.9482214447319212,False,False,3583.197674032306,5.577382761945046,3.1826815054455437,0.028705283059688114,0.879509437544378,0.03263783404056959,low,-2.6474370095085153,-2.884873492549228,-0.05294874019017031,-0.05769746985098456,-2.7709333483280107,-3.000100395772626,-0.05541866696656021,-0.060002007915452515,-3.3560338194829855,-3.7004927655728492,-0.06712067638965971,-0.07400985531145698
269ddd84-fdc4-4c94-b183-32ecec56967c,Sanguine Evangelist,-0.17082170790273904,0.36724758467056523,-0.4651404530161103,0.6418308782954283,0.8429718552942035,0.4103983630278696,1.731492161848354,3591.8715386136246,False,-0.039094983281960816,-0.04260552088544001,-0.1369440663766684,0.3699342800260793,-0.3701848511227838,0.7112447631594205,0.8720189999503297,0.4223101614264952,1.8006129279622531,3586.3862570791775,False,-0.031164638450487045,-0.033721710637177216,-0.15050723987125394,0.37367232497963127,-0.402778664112891,0.6871110583058017,0.8602715017299513,0.413579717121795,1.789418160636643,3583.2433499002245,False,-0.03405255834063429,-0.037557574543017225,31,0.8942231637972977,False,False,0.9367226555934245,False,False,0.9485959700416463,False,False,3583.2433499002245,5.48528153444704,3.14290717895301,0.029047144656126234,0.8584207856581615,0.03383788596621113,low,-3.9094983281960816,-4.260552088544001,-0.07818996656392163,-0.08521104177088001,-3.1164638450487043,-3.3721710637177216,-0.06232927690097409,-0.06744342127435443,-3.405255834063429,-3.7557574543017225,-0.06810511668126858,-0.07511514908603445
0a26d900-c652-4f9c-8681-a35c5f8b1937,Sacred Foundry,-0.06169245287437333,0.16317212988359645,-0.3780820469671103,0.7053696446377804,0.9401719895254259,0.6828296755532058,1.2945005197263468,3591.945201392622,False,-0.014138913090275436,-0.015419099372035505,-0.15094673930850322,0.1656587240710648,-0.911191005212316,0.36219474252004125,0.8598934959618052,0.6214885207173497,1.1897513787446101,3585.6950555100784,False,-0.034311929697191566,-0.03714287299711533,-0.15170495727224753,0.1663072548490954,-0.9121968696428923,0.36166509151786586,0.8592417563778136,0.6202285891123928,1.1903617615560156,3582.575543729942,False,-0.03429257289667563,-0.037855620561610515,170,0.9112555625741898,False,False,0.8813740651574318,False,False,0.8708686499726229,False,False,3582.575543729942,6.25014588254362,3.1195117801362358,0.08093023314761227,0.8864357472883482,0.09129847639288234,low,-1.4138913090275436,-1.5419099372035505,-0.028277826180550872,-0.03083819874407101,-3.4311929697191568,-3.7142872997115326,-0.06862385939438313,-0.07428574599423066,-3.429257289667563,-3.7855620561610515,-0.06858514579335126,-0.07571124112322103
8db735ea-f9cf-4e3c-9200-4f180df55baa,Fractured Identity,-0.17357583458429743,0.17639169154683856,-0.984036340159517,0.3250976453516151,0.8406533981435835,0.5949347460136242,1.1878582324290248,3591.117878757849,False,-0.03972806427128155,-0.04330191456319743,-0.14116697135625939,0.1792715222457349,-0.7874478310211255,0.43101975626173106,0.8683443109652182,0.6110728140633166,1.233931251779647,3585.9025207190734,False,-0.03212783175291891,-0.034775509514578196,-0.15334741223011364,0.18023417836705993,-0.8508231547393333,0.3948675972110719,0.85783164883111,0.6025368812309065,1.2212947632898439,3582.680728320497,False,-0.034698443537360624,-0.038271142442126094,151,0.7976724107377573,False,False,0.901029995682603,False,False,0.8807993303358596,False,False,3582.680728320497,5.215358038775776,3.2217923985763264,0.027690912821634717,0.8556097859799706,0.032363950571134475,low,-3.9728064271281553,-4.330191456319743,-0.0794561285425631,-0.08660382912639486,-3.212783175291891,-3.4775509514578196,-0.06425566350583782,-0.06955101902915639,-3.4698443537360624,-3.827114244212609,-0.06939688707472125,-0.07654228488425219
a2c56479-4bee-4edb-80d7-4af010b7c793,Raffine's Tower,-0.22235098578216772,0.1748037756266232,-1.2720033362271548,0.20337193389917607,0.8006343037560769,0.5683792519307304,1.1277950174527132,3590.4642306218057,False,-0.05083533741442823,-0.055395313640665855,-0.1358548750296088,0.18056826793028127,-0.7523740277669572,0.4518261609983599,0.8729693129419416,0.6127681232076935,1.2436603545057865,3585.9562797559643,False,-0.03092708828312572,-0.033492867908040624,-0.15435668926091548,0.1821091247320413,-0.8476054645149645,0.39665773006247995,0.8569662958155678,0.5997210948616568,1.2245546112285146,3582.6858840327423,False,-0.034932441968500635,-0.038531637614149794,152,0.7198724552304672,False,False,0.9022995490595991,False,False,0.8807993303358596,False,False,3582.6858840327423,4.507950865841394,3.270395723222009,0.07233500918586466,0.8435233041711955,0.08575342118963446,low,-5.083533741442823,-5.539531364066585,-0.10167067482885646,-0.11079062728133171,-3.092708828312572,-3.3492867908040624,-0.06185417656625144,-0.06698573581608125,-3.4932441968500636,-3.8531637614149794,-0.06986488393700127,-0.07706327522829959
0da69523-cece-425a-b08a-fb27fac29374,Figure of Destiny,0.08114091339511383,0.18289894673089022,0.44363794786911015,0.6573043651566106,1.0845237097178153,0.7577960277745266,1.5521217238289011,3591.8911452092534,False,0.01859791911859056,0.02027568353234188,-0.13880593151783846,0.19621989932397463,-0.7073998712467936,0.47931801691330633,0.8703969286794436,0.592504427046202,1.2786247306731657,3586.0230998347943,False,-0.031578780505311176,-0.03417603979642997,-0.1552563034902158,0.19647904692023915,-0.7901926740984357,0.4294152537613303,0.8561957034117375,0.5825412762988538,1.258401957708902,3582.7813747322416,False,-0.03511344934405311,-0.038738255938901345,138,0.8942231637972977,False,False,0.9065169545120224,False,False,0.8961910321041715,False,False,3582.7813747322416,5.868045374459143,3.241725102552664,0.22832800630607786,0.9370387806029988,0.24366975095646018,low,1.8597919118590558,2.027568353234188,0.03719583823718112,0.04055136706468376,-3.1578780505311177,-3.4176039796429967,-0.06315756101062235,-0.06835207959285994,-3.511344934405311,-3.8738255938901345,-0.07022689868810622,-0.07747651187780269
01794178-cf41-454c-ac37-1d8b18e42db2,Green Sun's Zenith,-0.04998979157182817,0.1538386517205567,-0.3249494909941952,0.745219299226151,0.9512391351075339,0.7036223165579661,1.285996579225305,3591.9823476000133,False,-0.011463083980219321,-0.012495368608920143,-0.12536597910351233,0.16574879111524402,-0.7563613481581667,0.4494325754247638,0.8821739862532542,0.6374792129047673,1.220794225549463,3585.950669689388,False,-0.028542157166318378,-0.030900418434618826,-0.15604779828285661,0.16626369885433848,-0.938556036934846,0.34795873346511197,0.8555182970881586,0.6175935969010414,1.185102242518714,3582.5236300805036,False,-0.03531159412578637,-0.03893874487283683,198,0.9179625798096755,False,False,0.9022995490595991,False,False,0.8692433175606691,False,False,3582.5236300805036,6.031677910625149,3.42703960888457,0.09572083801937525,0.8963104728163156,0.10679428716102005,low,-1.1463083980219322,-1.2495368608920143,-0.022926167960438643,-0.024990737217840286,-2.854215716631838,-3.090041843461883,-0.057084314332636756,-0.06180083686923765,-3.5311594125786367,-3.893874487283683,-0.07062318825157274,-0.07787748974567366
b3dd3c7d-4685-4579-b483-14ddaaaddf5b,Scythecat Cub,-0.0354198601576266,0.18557290810260724,-0.19086762458904938,0.8486293056618898,0.9652000821130748,0.6708949175321424,1.3886097124389873,3592.0515533853504,False,-0.008122179211275955,-0.008854167199957685,-0.13569280432807188,0.1902537735010464,-0.7132200420052407,0.47570960619180336,0.8731108071566339,0.6013427542785135,1.267700452279229,3586.014102825174,False,-0.030886874961255494,-0.03342888014625989,-0.15887043197916875,0.19101172865535748,-0.8317312926151185,0.4055606333627596,0.8531068871794455,0.5866931021538829,1.2404975587425804,3582.7130290267187,False,-0.03594619188090177,-0.03964095497250919,138,0.9540984582797968,False,False,0.9065169545120224,False,False,0.8887470449821118,False,False,3582.7130290267187,6.037450560176239,3.3010737984554908,0.11209319493362935,0.8971392588163848,0.12494514517346651,low,-0.8122179211275955,-0.8854167199957685,-0.01624435842255191,-0.01770833439991537,-3.0886874961255493,-3.3428880146259887,-0.06177374992251099,-0.06685776029251977,-3.594619188090177,-3.964095497250919,-0.07189238376180354,-0.07928190994501838
97b9bab9-12ee-4da5-9d53-d0b82d9279cd,Pyrite Spellbomb,-0.12535475413874964,0.1919228342457286,-0.6531518494472187,0.5136583885447266,0.8821838886807415,0.60560730818176,1.2850710401504937,3591.6604474324677,False,-0.0287224309683237,-0.03130300509802503,-0.16249436486080443,0.19632751163486933,-0.8276698640331778,0.40785749041076635,0.8500208801978811,0.5785118273701674,1.2489554449680385,3585.8369276853464,False,-0.03697151026087848,-0.03995524024651648,-0.16183625913171323,0.1983516581480348,-0.8159057536636815,0.41455404113411987,0.8505804679227337,0.5766005677644461,1.2547457856600948,3582.738598075158,False,-0.03661844661512309,-0.040375151074137305,124,0.8493954793707131,False,False,0.8996605708591937,False,False,0.8911915370161124,False,False,3582.738598075158,5.823519747121281,3.098329610188557,0.032163008482860356,0.8609284122671187,0.03735851671820676,low,-2.87224309683237,-3.1303005098025025,-0.0574448619366474,-0.06260601019605005,-3.6971510260878477,-3.9955240246516475,-0.07394302052175696,-0.07991048049303295,-3.6618446615123093,-4.03751510741373,-0.07323689323024618,-0.08075030214827461
d40b65c1-b24d-492d-81b9-d8474ebdc08c,Sylvan Caryatid,-0.18910537804882102,0.16094412328358781,-1.1749753528782927,0.2400045766320792,0.8276992807637477,0.6037736761163796,1.1346736806802629,3590.7009556447656,False,-0.04329932021526679,-0.04716182079823833,-0.16840933827187146,0.1657761976784054,-1.0158837072531617,0.3096847683157813,0.8450078698200096,0.6105893225066213,1.1694248060651393,3585.4879944558957,False,-0.038333297524281384,-0.04140427161310606,-0.16246441553834215,0.16662582659946498,-0.9750254138506029,0.3295476538951744,0.8500463381285438,0.6132080307106045,1.1783583070958805,3582.4519302369144,False,-0.0367783465680816,-0.0405394358035171,185,0.7623002505409372,False,False,0.8465563133878119,False,False,0.8692433175606691,False,False,3582.4519302369144,5.21296118886994,3.0360642189812097,0.02234705736479614,0.840917829570767,0.026574602867206226,low,-4.329932021526679,-4.716182079823833,-0.08659864043053359,-0.09432364159647666,-3.8333297524281384,-4.140427161310606,-0.07666659504856277,-0.08280854322621212,-3.6778346568081597,-4.05394358035171,-0.0735566931361632,-0.0810788716070342
b90331d4-74f0-43bf-8ed2-f8616d782859,Basalt Monolith,-0.3310214868886988,0.2612096934736803,-1.2672634100466598,0.2050611191810926,0.7181897372118318,0.43042056674109563,1.1983546756181362,3590.4658585048346,False,-0.07539354713691372,-0.08206021849368572,-0.18940694184056317,0.2660525031705027,-0.7119156541789032,0.4765170078438068,0.8274497142622199,0.4912167276560177,1.3938308512003332,3586.0135774045093,False,-0.043073234874060826,-0.04654744020973689,-0.1633659613545466,0.26615502414122344,-0.613800028316819,0.5393474785482958,0.8492803277574302,0.5040752035387983,1.4308917995809565,3583.026905235529,False,-0.036965705054346716,-0.040767840552233925,65,0.7198724552304672,False,False,0.9065169545120224,False,False,0.9310648760323454,False,False,3583.026905235529,4.452281100325308,2.9866721689804763,0.13109059054559846,0.7983065930771606,0.1642108328835108,low,-7.539354713691372,-8.206021849368572,-0.15078709427382744,-0.16412043698737144,-4.307323487406083,-4.6547440209736894,-0.08614646974812165,-0.09309488041947378,-3.696570505434672,-4.076784055223392,-0.07393141010869343,-0.08153568110446785
0845f0b0-9413-4ddd-861d-9607636bebc6,Natural Order,-0.0223438082132969,0.16474478523744224,-0.1356268010613712,0.8921163170366629,0.9779039658331938,0.7080478610085276,1.350609498389221,3592.069607299748,False,-0.005123489293052094,-0.005585760284741559,-0.16354500789039417,0.18823164939016557,-0.8688496776192984,0.38492935710658127,0.8491282806689402,0.5871476011894414,1.228002695695517,3585.7673826602677,False,-0.03719176733577502,-0.04019864916541477,-0.16467210394630036,0.18925856388592638,-0.8700906345540842,0.3842508753859145,0.8481717706734196,0.5853069379076897,1.2290907658448802,3582.6475578858217,False,-0.037239268180390916,-0.041075086401909766,168,0.9675472901844784,False,False,0.8996605708591937,False,False,0.8807993303358596,False,False,3582.6475578858217,6.3022246394803005,3.1198247744459877,0.1297321951597742,0.8917346723918512,0.14548295493748226,low,-0.5123489293052094,-0.5585760284741559,-0.010246978586104188,-0.011171520569483118,-3.719176733577502,-4.019864916541477,-0.07438353467155004,-0.08039729833082954,-3.7239268180390916,-4.107508640190977,-0.07447853636078183,-0.08215017280381953
187b6719-e5ed-4615-a00b-3313ceca055b,Currency Converter,-0.23353728469048857,0.17447234225875827,-1.3385347022173386,0.1807221958772982,0.7917280758536716,0.5624218569579288,1.1145252239758643,3590.2864161530947,False,-0.05339486250199527,-0.05816172200729014,-0.16256742217857484,0.18052735227394295,-0.9005140779547098,0.3678467368616979,0.8499587822207084,0.5966640629263804,1.2107817050869492,3585.709901722186,False,-0.036999679632161074,-0.040064186970751814,-0.1734193845327883,0.18067777084193554,-0.9598268991513229,0.33714234187029624,0.8407849286997373,0.5900501088804009,1.1980665467039342,3582.481430758998,False,-0.03924156946457818,-0.0432813101265247,153,0.6938825461757695,False,False,0.8813740651574318,False,False,0.8692433175606691,False,False,3582.481430758998,4.576514430908901,3.2284709631876467,0.058230706367036866,0.8274905955913724,0.07037023342292108,low,-5.339486250199528,-5.816172200729014,-0.10678972500399055,-0.11632344401458028,-3.6999679632161073,-4.006418697075182,-0.07399935926432215,-0.08012837394150363,-3.924156946457818,-4.32813101265247,-0.07848313892915636,-0.0865626202530494
fa7b7897-36e0-415a-8bb7-602886164852,Show and Tell,-0.37710172814072496,0.20451671538618557,-1.8438675167878085,0.06520245009522686,0.6858463004781495,0.4593446449137623,1.0240353361861323,3588.6632231013873,False,-0.08568614481330325,-0.09329920823559973,-0.22422646021378811,0.21841511400443592,-1.026606886779979,0.3046056098879304,0.7991341417877346,0.5208359908282421,1.226135266795373,3585.465114976113,False,-0.05094765278665242,-0.05512480640589357,-0.17386252335771255,0.21944094064505965,-0.7922975669290943,0.4281871900482517,0.8404124267955431,0.5466389403326004,1.29206500854592,3582.7759610068356,False,-0.039333591928016325,-0.04339751386183743,110,0.5013242075998796,False,False,0.8395534784927668,False,False,0.8961910321041715,False,False,3582.7759610068356,3.1981081252743024,2.689153969277413,0.15456612631739353,0.775130956353809,0.1994064680947173,low,-8.568614481330325,-9.329920823559974,-0.1713722896266065,-0.18659841647119946,-5.094765278665242,-5.512480640589357,-0.10189530557330484,-0.11024961281178713,-3.9333591928016323,-4.339751386183743,-0.07866718385603265,-0.08679502772367487
0eee981e-5d26-4810-90e1-432f3c3107f2,Reclamation Sage,-0.10083698660354062,0.2231513714113008,-0.4518770642806547,0.6513575482638168,0.9040803980906515,0.583790160713298,1.40009445382407,3591.883668765345,False,-0.023108171297125907,-0.02518994089819071,-0.1874147106382657,0.23545771398785895,-0.7959591022272877,0.42605580702656287,0.8290998285601278,0.5226141604784321,1.315323191949373,3585.889328451325,False,-0.042604836911257514,-0.045986814463257975,-0.17424661645465347,0.23731558688234042,-0.7342400840322547,0.4628024275178009,0.8400896921678666,0.5276167206449176,1.3376200246725427,3582.866140054905,False,-0.039404069755485514,-0.04345112818518665,88,0.8942231637972977,False,False,0.901029995682603,False,False,0.9069985608047941,False,False,3582.866140054905,5.994340314020064,3.0231883964202098,0.07498056953052379,0.8577566396062153,0.08741473521551098,low,-2.3108171297125906,-2.518994089819071,-0.046216342594251815,-0.05037988179638142,-4.260483691125751,-4.598681446325798,-0.08520967382251503,-0.09197362892651595,-3.9404069755485516,-4.345112818518665,-0.07880813951097103,-0.0869022563703733
1ea179e9-9c0d-46c1-9ee8-60be68e1f79c,Thirst for Discovery,-0.2918076336320964,0.29914461626959343,-0.9754734591951176,0.32932546067644863,0.7469122029421905,0.415558831970239,1.3424761934644898,3591.128516991949,False,-0.06656381210311231,-0.07246598802777826,-0.1743865742515129,0.30585160392188676,-0.5701672707135795,0.5685642523697415,0.8399721232929187,0.46123125780483687,1.5297167222949974,3586.1964967632202,False,-0.039667899131033156,-0.04287083689976484,-0.1753356253578267,0.30768626113637526,-0.5698519807490299,0.5687780961812168,0.8391753249810007,0.45913972789057117,1.5337710576524253,3583.079140683895,False,-0.03966145600856528,-0.04373833927528403,54,0.7976724107377573,False,False,0.9280871820473942,False,False,0.9310648760323454,False,False,3583.079140683895,4.932020228728561,3.1173560793254182,0.09305992035072819,0.80868655040537,0.11507539021649374,low,-6.656381210311231,-7.246598802777826,-0.13312762420622462,-0.14493197605555652,-3.9667899131033155,-4.287083689976484,-0.07933579826206631,-0.08574167379952968,-3.9661456008565277,-4.373833927528404,-0.07932291201713056,-0.08747667855056807
4c6cf93a-d073-48ac-88db-c46bf3e10beb,Generous Plunderer,-0.058103581117732284,0.21770263779480875,-0.2668942448575044,0.7895505879108838,0.943552208182553,0.6158198859170666,1.4456999358511597,3592.0168280864173,False,-0.013319125271861907,-0.014522219311964624,-0.18382787514330814,0.22176515832163016,-0.8289303718156625,0.40714380803990013,0.8320790129822563,0.5387586481439294,1.2850939585485097,3585.8383207807474,False,-0.04177089177507153,-0.045134202272712864,-0.1773207664933565,0.22239718478550427,-0.7973156974283525,0.4252677059455966,0.8375110959347594,0.541604500016641,1.2950867945009508,3582.771743291024,False,-0.04007613169757603,-0.04421900140773616,95,0.923912705502736,False,False,0.8996605708591937,False,False,0.8961910321041715,False,False,3582.771743291024,6.178507305669882,3.066577489723386,0.11147319520029675,0.8710474390331896,0.12797603230890078,low,-1.3319125271861907,-1.4522219311964624,-0.026638250543723815,-0.029044438623929247,-4.1770891775071535,-4.513420227271286,-0.08354178355014306,-0.09026840454542573,-4.007613169757604,-4.421900140773616,-0.08015226339515207,-0.08843800281547232
dcb94950-3f3e-4876-84f8-d5e4d9cfecee,Charming Prince,-0.08500348755611947,0.186763049106556,-0.455140821285379,0.6490079318152531,0.918509081043905,0.6369532201861728,1.3245225947888744,3591.8803901308083,False,-0.019489956731069683,-0.02123983596268947,-0.14800281640494092,0.1904887646411329,-0.7769634953734282,0.4371803078679247,0.8624286859902126,0.5937120775268064,1.2527675729911734,3585.9175292898112,False,-0.03369290440229321,-0.03642505806519819,-0.17859800357938135,0.19163294446206633,-0.9319796451530011,0.35134704487416235,0.8364420785427307,0.5745325216237522,1.217747167348445,3582.5334565573876,False,-0.040408005117565454,-0.04453602997542283,135,0.8942231637972977,False,False,0.901029995682603,False,False,0.8692433175606691,False,False,3582.5334565573876,5.962860840997109,3.384072732423647,0.08206700250117438,0.872459948525616,0.09406391965598045,low,-1.9489956731069684,-2.123983596268947,-0.038979913462139366,-0.04247967192537894,-3.369290440229321,-3.642505806519819,-0.06738580880458642,-0.07285011613039638,-4.0408005117565455,-4.4536029975422835,-0.08081601023513091,-0.08907205995084566
74d29b3d-f588-431d-bf4e-f7215683ab39,Tangle Wire,-0.11364154517300046,0.17536465067418916,-0.6480299463780511,0.5169655816391712,0.8925778473835242,0.6329548030990981,1.2586921052482665,3591.666365695854,False,-0.026057484144915103,-0.02838462838315392,-0.19866324991449236,0.18314936038911395,-1.0847062173322257,0.27805179331429897,0.8198259233035329,0.5725610015655634,1.173874124648231,3585.3391043601587,False,-0.04520364575152871,-0.04875311876110355,-0.1789956848434405,0.18386748348830168,-0.9735037508947517,0.33030299690968223,0.8361095073326761,0.5831120284703495,1.1988761577872986,3582.4524275315725,False,-0.04051847998928498,-0.0446386359266811,156,0.8493954793707131,False,False,0.8370586318619759,False,False,0.8692433175606691,False,False,3582.4524275315725,6.327261335695312,2.8866768285861326,0.07275192407999131,0.8495044260065777,0.08564042970557519,low,-2.60574841449151,-2.838462838315392,-0.052114968289830206,-0.05676925676630784,-4.520364575152871,-4.875311876110356,-0.09040729150305742,-0.0975062375222071,-4.051847998928499,-4.46386359266811,-0.08103695997856997,-0.0892772718533622
ab1d1461-1625-4163-aacd-a939f4871fad,Staff of the Storyteller,-0.21496537498051302,0.18821253520504455,-1.1421416471879682,0.2533951465314195,0.8065693671738937,0.5577402404013656,1.1664106279925905,3590.7758579231477,False,-0.04917674406495651,-0.05356309460149117,-0.19512482156669556,0.19373562423922788,-1.0071705827615487,0.31385280701534,0.822731956954658,0.5627911689866907,1.2027336431258904,3585.504261591536,False,-0.04437985377948449,-0.047852037404925996,-0.17915890002415907,0.19422184105455448,-0.9224446594234249,0.35629668400317915,0.8359730527043726,0.5713040589641694,1.2232556970012667,3582.5510676205395,False,-0.04053673159996072,-0.044665238154092624,129,0.7714631446865359,False,False,0.8509748873139504,False,False,0.8692433175606691,False,False,3582.5510676205395,5.271596331611818,2.953193970996381,0.029403685530478896,0.8217581256109748,0.03578143569753854,low,-4.91767440649565,-5.356309460149117,-0.09835348812991301,-0.10712618920298234,-4.437985377948449,-4.7852037404926,-0.08875970755896898,-0.09570407480985199,-4.053673159996072,-4.466523815409262,-0.08107346319992144,-0.08933047630818525
985bdb0c-ce6c-4506-8163-76f3b2fdf5fb,Lose Focus,-0.23250383055866397,0.15089277800421863,-1.5408545964483713,0.12335217824589216,0.7925467134442837,0.5896337630310531,1.0652888833271494,3589.710880379968,False,-0.05310074728894043,-0.05792000787752544,-0.15091758617398038,0.1558230425920094,-0.9685190563832529,0.3327852065194893,0.8599185649179858,0.6336042380553425,1.1670691164569194,3585.584623827523,False,-0.034332642146245394,-0.037171329843410816,-0.17956889995230835,0.15698918370737425,-1.1438297576412806,0.2526942462442521,0.8356303740667379,0.6143025621237861,1.1367006506513782,3582.096065754834,False,-0.040595663919347276,-0.04480034661717225,207,0.6529833562699212,False,False,0.8704616970529386,False,False,0.7988012428669011,False,False,3582.096065754834,4.126256552444829,3.488558072689102,0.06737185147370206,0.8293652174763357,0.08123303226859087,low,-5.310074728894043,-5.792000787752544,-0.10620149457788086,-0.11584001575505087,-3.4332642146245393,-3.717132984341082,-0.06866528429249079,-0.07434265968682163,-4.059566391934728,-4.480034661717225,-0.08119132783869455,-0.0896006932343445
ff84ea71-e477-44f7-a3f8-77fef708efeb,Thieving Skydiver,-0.1906699801312166,0.17044536421376852,-1.1186574713295392,0.2632862951218713,0.8264052733128189,0.5917074763597373,1.1541947719856558,3590.8390302578337,False,-0.04357937123388835,-0.04754725251720804,-0.1823961235899706,0.1855505233591567,-0.9829997797253293,0.32560754706840467,0.8332711966533487,0.5792187018223895,1.1987542615380105,3585.5579687652357,False,-0.04143887744943068,-0.044800909397390676,-0.18153157728966446,0.18705959850237766,-0.9704478077737191,0.3318233284458114,0.8339919096835682,0.5780075255832327,1.2033450684155276,3582.464522430454,False,-0.04101604147163567,-0.04526861779654168,160,0.7714631446865359,False,False,0.8666692215155618,False,False,0.8692433175606691,False,False,3582.464522430454,5.281061492597928,3.0934463347816745,0.0075866363707493,0.8312227932165785,0.009127079325377175,low,-4.357937123388835,-4.754725251720804,-0.0871587424677767,-0.09509450503441608,-4.1438877449430676,-4.480090939739068,-0.08287775489886136,-0.08960181879478135,-4.101604147163567,-4.526861779654167,-0.08203208294327134,-0.09053723559308335
e58e681e-a069-4414-aafe-634c7987fd0d,Swords to Plowshares,-0.10919470066524156,0.14441044456907368,-0.7561412956734725,0.4495644850063951,0.896555840485088,0.6755425237670416,1.1898767980224354,3591.516176375664,False,-0.02501535319872951,-0.0272777542435077,-0.19606545533383551,0.14697221513616163,-1.3340307564405403,0.18219377697129835,0.8219584313538253,0.6162324720191421,1.0963649167333305,3584.7432283179205,False,-0.04453716310087552,-0.04811306679584082,-0.18182803818576304,0.14746231467120952,-1.233047498211169,0.2175580435875939,0.8337447003404467,0.624468634947414,1.1131547470023335,3581.8848697423164,False,-0.041091648721253864,-0.0453360779509136,225,0.846426910556781,False,False,0.7501435138262716,False,False,0.7889922237619357,False,False,3581.8848697423164,6.772948057743633,2.858358575604143,0.07459740913126267,0.8507529907264533,0.08768398106665996,low,-2.501535319872951,-2.72777542435077,-0.05003070639745902,-0.0545555084870154,-4.453716310087552,-4.8113066795840815,-0.08907432620175104,-0.09622613359168164,-4.109164872125386,-4.53360779509136,-0.08218329744250773,-0.0906721559018272
6bcafc2e-cef6-412d-8c5d-1658c3337292,Overlord of the Mistmoors,-0.04291658670057404,0.40306820582520714,-0.10647475062616343,0.9152056875945642,0.9579912959491942,0.4347734143655322,2.1108634815072382,3592.0766731515437,False,-0.009839754469169792,-0.010727548245280882,-0.20562929170067157,0.40996310701587213,-0.5015799914227658,0.6159629968489686,0.8141348268858375,0.3645261523849133,1.818293453053945,3586.272483276649,False,-0.04671966999205464,-0.050387285004098226,-0.18288628214068411,0.4065237958173483,-0.4498784179975904,0.6527981101539244,0.8328628617338474,0.3754338749540899,1.847623756754284,3583.2037247207318,False,-0.04134566885120516,-0.04559311724797016,29,0.9794854952985347,False,False,0.9280871820473942,False,False,0.9485959700416463,False,False,3583.2037247207318,5.804189874894746,3.0687585559171566,0.1438564690633567,0.8683296615229597,0.16567033862582495,low,-0.9839754469169792,-1.0727548245280882,-0.019679508938339585,-0.021455096490561765,-4.6719669992054635,-5.038728500409823,-0.09343933998410928,-0.10077457000819645,-4.134566885120516,-4.559311724797016,-0.08269133770241031,-0.09118623449594032
c565f8fe-acf7-40dd-8100-8f692d1e232c,Talon Gates of Madara,-0.12300143973174252,0.4064393596647086,-0.3026317132110737,0.7621705434622346,0.8842623894592736,0.39866947666465563,1.9613239015786077,3591.9962043924843,False,-0.02817869813247414,-0.030712763203119053,-0.126875748905868,0.4118865494523138,-0.3080356692263316,0.7580551909596962,0.8808431115184281,0.3929105167321201,1.9747106632894003,3586.428304204761,False,-0.02887968602131593,-0.031263015686658124,-0.18550610884996843,0.4178445979810847,-0.44395957192287566,0.6570718132852416,0.8306837610429554,0.3662344705080999,1.8841358922417668,3583.208083436147,False,-0.041942005302383185,-0.04624658188673064,26,0.9209000795118067,False,False,0.9450893689161072,False,False,0.9485959700416463,False,False,3583.208083436147,5.567900187723353,3.2202207686141264,0.05357862841631822,0.8652630873402191,0.061921777549781516,low,-2.8178698132474143,-3.071276320311905,-0.05635739626494828,-0.06142552640623811,-2.887968602131593,-3.1263015686658124,-0.05775937204263186,-0.06252603137331625,-4.1942005302383185,-4.624658188673064,-0.08388401060476637,-0.09249316377346128
a6d9b8d6-1e97-4e9c-b0c4-3b71734134a4,"Scarlet Spider, Ben Reilly",-0.07102989212325689,0.372609639491921,-0.19062816576648703,0.8488169217398887,0.9314340491700481,0.4487251191412193,1.9334094547987113,3592.0517205433725,False,-0.01628137486796369,-0.017750265488910955,-0.20799980461458534,0.3779428615808215,-0.5503472237697111,0.5820812398044928,0.8122071954053631,0.3872178543069041,1.7036418154039745,3586.2221640867447,False,-0.04724949262367031,-0.0509583808262552,-0.18657344482776644,0.37857877719310895,-0.49282594817140885,0.6221355745263373,0.8297976153703258,0.3951112737224023,1.7427092777870252,3583.163947331318,False,-0.042171087483972816,-0.0465069462865072,30,0.9540984582797968,False,False,0.9280871820473942,False,False,0.9400164398749471,False,False,3583.163947331318,5.82955645662787,3.058216755426656,0.119226853764685,0.8578129533152458,0.13898933713218153,low,-1.6281374867963687,-1.7750265488910955,-0.03256274973592738,-0.03550053097782191,-4.724949262367031,-5.09583808262552,-0.09449898524734061,-0.1019167616525104,-4.217108748397282,-4.6506946286507205,-0.08434217496794563,-0.0930138925730144
8ff57c8b-173e-4a72-a0a0-1ad2d5cc6e5e,Spectacular Spider-Man,-0.13073329151636937,0.21923017444766868,-0.5963289125036757,0.5509555198188603,0.8774517670159873,0.570966675067018,1.348452785530973,3591.7319833395622,False,-0.029945958261111353,-0.03264144183918316,-0.201457966073697,0.22481451416535128,-0.8961074725163185,0.3701953664823412,0.8175379411674439,0.5261892111889838,1.2702052247290467,3585.7190393770343,False,-0.04578227837903723,-0.049395314430407344,-0.1884280456985401,0.22627667339844593,-0.8327329674267442,0.4049953471551322,0.8282600981713587,0.5315647170627541,1.2905574207662112,3582.711121511207,False,-0.04259833585891822,-0.04697347221961068,94,0.8684521446552185,False,False,0.8813740651574318,False,False,0.8887470449821118,False,False,3582.711121511207,6.01294396252797,3.007917865827494,0.05991382584854332,0.84108326878493,0.07123411922709837,low,-2.9945958261111354,-3.264144183918316,-0.059891916522222706,-0.06528288367836632,-4.5782278379037225,-4.939531443040734,-0.09156455675807446,-0.09879062886081469,-4.259833585891823,-4.697347221961068,-0.08519667171783644,-0.09394694443922136
41e108a5-4e2f-42cf-9ea1-87bf3c0a2b7f,"Nissa, Who Shakes the World",-0.08959037936853742,0.17705211761034248,-0.5060113404896323,0.6128486885652877,0.9143056270247505,0.6462217745326705,1.29360354688398,3591.831591078425,False,-0.020537809930495293,-0.022384896345769234,-0.1846759711134437,0.1984937694024473,-0.9303867404473137,0.3521708813441723,0.8313736292833278,0.5634234742106377,1.2267541966299609,3585.655048522645,False,-0.04199944688302686,-0.045324112327040256,-0.18876673244686118,0.19888142455872426,-0.9491420974366739,0.34254834608061147,0.8279796249509075,0.5606971691845432,1.2226747289109448,3582.5021477740074,False,-0.04268702774912934,-0.04705082932527399,148,0.8896152450884344,False,False,0.8732266834816466,False,False,0.8692433175606691,False,False,3582.5021477740074,6.176542555780088,3.152900748637421,0.086326002073843,0.8578862937529953,0.10062639151884875,low,-2.0537809930495294,-2.2384896345769234,-0.041075619860990585,-0.04476979269153847,-4.199944688302686,-4.532411232704026,-0.08399889376605373,-0.09064822465408051,-4.268702774912934,-4.705082932527399,-0.08537405549825867,-0.09410165865054798
15c34f32-49d9-4a0d-83b2-28172f54fdd1,Crop Rotation,-0.21652175530818982,0.21783772022651784,-0.9939589667163261,0.3202428447098655,0.805315014855757,0.5254586982233096,1.2342212153780252,3591.0891518615317,False,-0.049556972762861626,-0.05394141751753556,-0.17788584549557257,0.22235119594657807,-0.8000219865617961,0.4236980586363721,0.8370379696897666,0.5413473309747966,1.29423850938869,3585.877989119669,False,-0.040490356265039794,-0.04374455615657569,-0.1890521606075469,0.22274799524542027,-0.8487266536304947,0.39603341140182646,0.8277433299736972,0.5349199169210306,1.280862795798822,3582.6789536478345,False,-0.042783913956602485,-0.047149065998143336,103,0.7976724107377573,False,False,0.901029995682603,False,False,0.8807993303358596,False,False,3582.6789536478345,5.2111627418626085,3.199035471834577,0.031722954834009665,0.8233654381730736,0.03852840229048018,low,-4.955697276286163,-5.394141751753557,-0.09911394552572325,-0.10788283503507112,-4.049035626503979,-4.374455615657569,-0.08098071253007959,-0.08748911231315137,-4.278391395660249,-4.714906599814333,-0.08556782791320497,-0.09429813199628667
4b0bd07e-cf80-4d64-af29-f4cec6632b3e,Perilous Landscape,-0.1591907287042712,0.21645202032561647,-0.735455037401799,0.4620624135019339,0.8528336835927622,0.5579774729112916,1.3035029677372503,3591.54861266135,False,-0.0364245037094581,-0.039722351998948136,-0.18637332657353706,0.21857678602519334,-0.8526675223052073,0.39384370630530807,0.8299636896371694,0.5407577798078569,1.2738415457673185,3585.79841963273,False,-0.0423454068834238,-0.045750229973969325,-0.18913975380587664,0.21876606644217347,-0.864575374425686,0.3872718934505095,0.8276708284633946,0.5390638559001244,1.2707937896251815,3582.660443219689,False,-0.04273186131033347,-0.04714501373707025,97,0.846426910556781,False,False,0.8996605708591937,False,False,0.8807993303358596,False,False,3582.660443219689,5.750193028619833,3.1379764130410877,0.025162855129367667,0.8368227338977755,0.030069516649199338,low,-3.6424503709458103,-3.9722351998948136,-0.0728490074189162,-0.07944470399789627,-4.23454068834238,-4.575022997396933,-0.0846908137668476,-0.09150045994793865,-4.273186131033347,-4.714501373707025,-0.08546372262066694,-0.0942900274741405
e16ab44e-4257-4c0c-b705-8ac1e9c1d835,Touch the Spirit Realm,-0.10964371248155255,0.27106942711043996,-0.40448572032020846,0.6858555764556554,0.8961533666832359,0.5267971128778755,1.5244784699567526,3591.9241285119424,False,-0.025124420265722106,-0.02738527387516526,-0.22647271457495624,0.27736602780232966,-0.8165120882661104,0.41420731260954446,0.7973410978069403,0.46296207992146776,1.3732287239590324,3585.8551220385984,False,-0.05143365946749342,-0.05542733307326808,-0.1945331462663476,0.2797522349213334,-0.6953765581928256,0.4868193473237875,0.823218891171664,0.4757572533843787,1.4244435328332836,3582.9209563808686,False,-0.04397421594854405,-0.04848544972770308,60,0.9056993328965004,False,False,0.901029995682603,False,False,0.9224673427981995,False,False,3582.9209563808686,6.069006473343961,2.9341656577298636,0.09881226887629557,0.83890445188728,0.11778727440770877,low,-2.5124420265722107,-2.738527387516526,-0.05024884053144421,-0.05477054775033052,-5.143365946749342,-5.542733307326808,-0.10286731893498684,-0.11085466614653616,-4.397421594854405,-4.848544972770307,-0.0879484318970881,-0.09697089945540616
d5806e68-1054-458e-866d-1f2470f682b2,The One Ring,-0.2210692642837106,0.15386671514403163,-1.4367581973578365,0.1507867121355914,0.8016611518816861,0.5929483246845914,1.0838391402456933,3590.0188285540085,False,-0.05053245833553915,-0.05508830231499812,-0.197370979337604,0.15571814570057102,-1.2674886311395386,0.20498062618185875,0.8208860450569329,0.6049687078138312,1.1138657095245659,3584.9138892520805,False,-0.04486264925019335,-0.048470210645499334,-0.19679897441577196,0.1563577771429724,-1.2586452558469186,0.20815849299944067,0.8213557302332787,0.6045564576839635,1.1159011321647447,3581.8183265129483,False,-0.0444864059116547,-0.04906107809401872,198,0.6576051010039601,False,False,0.7768299867232942,False,False,0.7888733797194711,False,False,3581.8183265129483,5.1049393019279705,3.0955627391322196,0.019694578351592607,0.8146343090572992,0.0241759745846984,low,-5.053245833553914,-5.508830231499812,-0.1010649166710783,-0.11017660462999623,-4.486264925019335,-4.847021064549933,-0.0897252985003867,-0.09694042129099867,-4.4486405911654705,-4.906107809401872,-0.0889728118233094,-0.09812215618803743
f231caf8-56c0-4719-a90d-5e5efbee3148,Den of the Bugbear,0.08295027171582937,0.18816693751134725,0.44083340470387966,0.6593336082199115,1.086487778031853,0.7513701099294601,1.5710708693528093,3591.8935091836765,False,0.019014270164567793,0.02072727845959149,-0.17057400271107184,0.20336892131806014,-0.838741738932182,0.401614250702343,0.8431806896628001,0.5659910076244525,1.2561218567839307,3585.8210936959413,False,-0.038769830088456726,-0.04190583172537632,-0.19743294563937128,0.20429181396122614,-0.9664261225701551,0.3338309978469045,0.8208351793605442,0.5499956548808991,1.2250467539089214,3582.473465959194,False,-0.044592362001341125,-0.0492031220275338,126,0.8942231637972977,False,False,0.8996605708591937,False,False,0.8692433175606691,False,False,3582.473465959194,6.07241548773527,3.3476277367471994,0.26565259867130875,0.916834549018399,0.28974976887130555,low,1.9014270164567793,2.0727278459591494,0.038028540329135586,0.04145455691918298,-3.8769830088456727,-4.190583172537632,-0.07753966017691345,-0.08381166345075264,-4.459236200134113,-4.920312202753379,-0.08918472400268225,-0.0984062440550676
70496f16-c4c0-4c03-beef-454eb4824cd1,Deathrite Shaman,-0.3331267940208214,0.22747101978250142,-1.4644801537327425,0.1430628017855645,0.7166793177421917,0.4588784160482809,1.1193144556735304,3589.9306380941025,False,-0.07584558536090137,-0.08258994762248145,-0.2266388459862723,0.23373420036288292,-0.969643490915772,0.33222422669735996,0.797208645407618,0.5042122953345403,1.2604643524033328,3585.579693667341,False,-0.05148381430911574,-0.055473044009850425,-0.20098582489903855,0.23525296484167701,-0.8543391792503022,0.3929170847578298,0.8179240256273277,0.5157765571886602,1.297072738910286,3582.673348209438,False,-0.04543454106184476,-0.050092096816466924,85,0.6576051010039601,False,False,0.8704616970529386,False,False,0.8807993303358596,False,False,3582.673348209438,4.350944426761544,2.9063454579031713,0.10124470788513595,0.7772706629257126,0.1302566952727153,low,-7.584558536090137,-8.258994762248145,-0.15169117072180274,-0.1651798952449629,-5.1483814309115745,-5.547304400985043,-0.10296762861823149,-0.11094608801970085,-4.543454106184476,-5.009209681646692,-0.09086908212368952,-0.10018419363293385
f9246b68-580f-4f53-883d-7900880e4b0d,Six,-0.036802274931281666,0.1929023962590317,-0.19078184431604014,0.8486965135530875,0.9638666971179362,0.6604122804748533,1.4067561086917348,3592.051571918435,False,-0.008439565009472261,-0.009199663543217773,-0.19527179110696843,0.20470403191698486,-0.953922545043756,0.3401228505115763,0.8226110493022653,0.5507404168325863,1.2286894474277765,3585.610907559503,False,-0.0444042559028623,-0.04789903179813887,-0.2010072725047546,0.20557885459899553,-0.9777623914523782,0.3281918557028055,0.8179064833034414,0.5466525734062262,1.2237590161908551,3582.446796073435,False,-0.045449847323710005,-0.05009057747069229,124,0.9540984582797968,False,False,0.8732266834816466,False,False,0.8692433175606691,False,False,3582.446796073435,6.440664358931826,3.1641114860681228,0.14596021381449475,0.8681280765745476,0.16813211984851742,low,-0.8439565009472261,-0.9199663543217773,-0.016879130018944522,-0.018399327086435546,-4.44042559028623,-4.789903179813887,-0.0888085118057246,-0.09579806359627774,-4.544984732371001,-5.009057747069229,-0.09089969464742001,-0.10018115494138458
671c008a-8ff8-42d7-9e03-6d8a9ddace67,Faithless Looting,-0.24036515121653365,0.2100964445607345,-1.144070532555105,0.25259438714245575,0.7863406753824177,0.5209224052635657,1.1869937854718033,3590.7678747877353,False,-0.05495481966174014,-0.05983485201756872,-0.16955389581254757,0.21395673581579006,-0.7924681369159047,0.42808776351151434,0.8440412629647812,0.5549323314350264,1.2837703143821855,3585.8915751659156,False,-0.038588383987617526,-0.0417409472065946,-0.20177413132453392,0.21516451359887906,-0.9377667718046286,0.3483642807726871,0.8172795049356368,0.5360667575609919,1.2460123291861518,3582.520174854707,False,-0.045634859828443404,-0.050316139714687624,107,0.7714631446865359,False,False,0.901029995682603,False,False,0.8692433175606691,False,False,3582.520174854707,4.876299621819726,3.3714003112086175,0.057700587582363516,0.8158871477609453,0.0707212850952639,low,-5.4954819661740135,-5.983485201756872,-0.10990963932348027,-0.11966970403513744,-3.8588383987617525,-4.17409472065946,-0.07717676797523505,-0.0834818944131892,-4.56348598284434,-5.031613971468762,-0.09126971965688681,-0.10063227942937525
b83cfbaa-7890-4f6f-878b-4edb45677371,Skyclave Apparition,-0.05902148670784109,0.15236356083464098,-0.3873727181520565,0.6984802980111628,0.9426865137097833,0.6993149500249777,1.2707548481532749,3591.9380618316313,False,-0.013526923661169823,-0.014751969937810805,-0.19906992163946255,0.1582319388019877,-1.258089379089134,0.20835943395531797,0.8194925910641201,0.6009734500625541,1.1174671805203424,3584.9436927358493,False,-0.04517993622543535,-0.04880207301898004,-0.20285754982285265,0.1593295153830481,-1.2731950469764357,0.20294883773530725,0.8163945286880765,0.5974149191918009,1.1156400770397328,3581.787501056547,False,-0.0457799073997915,-0.050552417311380715,201,0.9103966247853263,False,False,0.7787121755924723,False,False,0.7862561603926268,False,False,3581.787501056547,6.994369095782076,3.1561916793020828,0.1262919850217068,0.8595245444873267,0.14693237771009215,low,-1.3526923661169823,-1.4751969937810805,-0.027053847322339647,-0.02950393987562161,-4.517993622543535,-4.880207301898004,-0.0903598724508707,-0.09760414603796008,-4.57799073997915,-5.0552417311380715,-0.091559814799583,-0.10110483462276143
2b74bb81-fb9a-40e5-a941-e517430b52f5,Indatha Triome,-0.13650781030376233,0.19603193944905986,-0.696354944441259,0.48620657185641014,0.8723995065278654,0.5940864618013884,1.2810945004239185,3591.6027925738554,False,-0.031263323103413676,-0.03408058735048447,-0.1702471176080931,0.195584709620408,-0.8704520815482445,0.38405339526393634,0.8434563579228392,0.5748804640162094,1.2375070510317454,3585.7653179023428,False,-0.03871533316128329,-0.04186772375945996,-0.20382166233804624,0.19653159739232784,-1.0370936024662007,0.29969223643445264,0.8156078118083662,0.5548687979753517,1.1988709855557265,3582.3294406685804,False,-0.046053302078159684,-0.050805832600237855,118,0.846426910556781,False,False,0.8996605708591937,False,False,0.8542509474435038,False,False,3582.3294406685804,5.837474671512609,3.4358772337623122,0.056791694719499186,0.8438212254196903,0.06730299381987313,low,-3.1263323103413674,-3.408058735048447,-0.06252664620682735,-0.06816117470096894,-3.871533316128329,-4.1867723759459965,-0.07743066632256658,-0.08373544751891993,-4.605330207815968,-5.0805832600237855,-0.09210660415631937,-0.10161166520047571
9a9a1df5-a4e8-49a4-aebe-ca93894ccfcf,Dimir Signet,-0.29384297004613497,0.2834422770416157,-1.0366942190596085,0.29987838703585357,0.7453935313655029,0.4276758059953879,1.2991418004307842,3591.0090305875765,False,-0.06700116551936514,-0.07296764327447675,-0.18878317961665042,0.28703192259744703,-0.65770795773616,0.5107258079382435,0.8279660071414214,0.4717218594544305,1.4532455836889875,3586.089403408112,False,-0.04292068432114681,-0.04638202243235606,-0.20483008121677052,0.2890483053479913,-0.7086361602091779,0.4785502906364093,0.8147857520532552,0.4623815977363726,1.435774747522496,3582.901708305313,False,-0.04629196591497089,-0.05105553347199654,54,0.788790461572665,False,False,0.9280871820473942,False,False,0.9172213903864512,False,False,3582.901708305313,4.919627179464442,3.187695102798898,0.08257247577591853,0.7960484301867266,0.10372795503980803,low,-6.700116551936514,-7.296764327447675,-0.13400233103873027,-0.1459352865489535,-4.292068432114681,-4.6382022432356065,-0.08584136864229362,-0.09276404486471213,-4.629196591497089,-5.105553347199654,-0.09258393182994178,-0.10211106694399308
3f3c77ad-fce8-4506-90e1-7ef71552a71c,Wheel of Fortune,-0.2539846153627551,0.16856262871396485,-1.506767053293547,0.131870377345576,0.775703735875263,0.5574584165141153,1.0793922345158526,3589.80737864181,False,-0.05801282061529896,-0.06321380795157033,-0.20479355352499157,0.17151257027062713,-1.194043988740014,0.23246076136641114,0.8148155148396516,0.5821901355284956,1.1403908838488221,3585.0916365965304,False,-0.046555338874046975,-0.050356887963262986,-0.20515117761044327,0.17254291086568505,-1.1889864183996637,0.23444501145294006,0.814524169285544,0.5808078597665642,1.142287610599754,3581.986047452704,False,-0.046377340843191325,-0.0511646800409114,165,0.6576051010039601,False,False,0.801531607005131,False,False,0.7901700765835511,False,False,3581.986047452704,4.715742045279512,3.1055891438263643,0.039111778964388666,0.8016811400001528,0.04878720106148588,low,-5.8012820615298955,-6.321380795157033,-0.11602564123059791,-0.12642761590314067,-4.655533887404697,-5.035688796326299,-0.09311067774809395,-0.10071377592652597,-4.637734084319132,-5.11646800409114,-0.09275468168638265,-0.1023293600818228
7740ff55-67bb-409e-90f7-2c2c8b8c770a,"Valgavoth, Terror Eater",-0.3993126292892319,0.2167136678318181,-1.8425816575589535,0.0653901140347669,0.6707809627943172,0.4386421184813656,1.0257726768351494,3588.6606994644962,False,-0.09064724727308707,-0.09865493008855253,-0.24645467043866098,0.22958995085038122,-1.0734558264672052,0.28306664807552373,0.7815667888137412,0.49835082898760696,1.2257361879332074,3585.3647330926774,False,-0.05596644932516195,-0.06048456733342544,-0.2053231655341494,0.23089908161327152,-0.8892333572726862,0.37387767899874247,0.8143840930109193,0.5179454425686072,1.280485156236059,3582.6111677824656,False,-0.046421454901556046,-0.05121372940561669,99,0.5013242075998796,False,False,0.8370586318619759,False,False,0.8719454961264379,False,False,3582.6111677824656,3.2959663718188494,2.7535653102117976,0.1436031302166021,0.7555772815396593,0.19005750136369676,low,-9.064724727308707,-9.865493008855253,-0.18129449454617413,-0.19730986017710506,-5.596644932516194,-6.048456733342544,-0.1119328986503239,-0.12096913466685089,-4.642145490155604,-5.1213729405616695,-0.09284290980311209,-0.10242745881123339
5bb3cb5c-8d66-4f5e-a9a9-917e6045f024,Flickerwisp,-0.22062575046987787,0.18992084842684298,-1.161672098125985,0.24536868355361696,0.8020167785333955,0.5527383071717363,1.1637169067227924,3590.729614079023,False,-0.05046993680609918,-0.054963284877837304,-0.23331060383624927,0.1969461343112784,-1.1846417024235465,0.2361591412592442,0.7919075657929291,0.5383076580873041,1.1649798834152474,3585.1125746699654,False,-0.053020622099434575,-0.05704730908195926,-0.20712821002872053,0.19856964066759908,-1.0431010970878891,0.29690147265283895,0.8129154193967421,0.5508323915122494,1.1996961131474881,3582.3127753205736,False,-0.04684103329932965,-0.051598117910735375,129,0.7701982247525472,False,False,0.8036640164281422,False,False,0.852846346260666,False,False,3582.3127753205736,5.617039409057725,2.799799349391833,0.021007853603812965,0.8022799212410222,0.026185191786074567,low,-5.046993680609918,-5.49632848778373,-0.10093987361219836,-0.10992656975567461,-5.302062209943458,-5.704730908195926,-0.10604124419886915,-0.11409461816391853,-4.684103329932965,-5.159811791073538,-0.0936820665986593,-0.10319623582147075
86ecaedc-08f1-4de7-aae8-056df57940e0,Goblin Cratermaker,-0.0780196318376969,0.28544835470087276,-0.2733231092519531,0.7846048527856366,0.9249462679702857,0.5286131463188941,1.618434207680583,3592.0130720541792,False,-0.017886548971849287,-0.019495599518156714,-0.20084184366535857,0.29189548318166764,-0.6880608136726809,0.4914144859456616,0.818041799816027,0.4616459652252879,1.449579194133479,3586.0467087360266,False,-0.04565980139315883,-0.049252795731164534,-0.21062754431541414,0.2935340636243784,-0.7175574163853917,0.4730302221546272,0.8100757280099302,0.4556846302697466,1.4400807960592428,3582.8871981981197,False,-0.04760642782569585,-0.052472653582580686,54,0.923912705502736,False,False,0.9124586356212463,False,False,0.9165929131910523,False,False,3582.8871981981197,5.966363318152617,3.1595105379069537,0.11487053996035546,0.8510212652654143,0.13497963523218182,low,-1.7886548971849288,-1.9495599518156714,-0.035773097943698574,-0.03899119903631343,-4.565980139315883,-4.925279573116454,-0.09131960278631766,-0.09850559146232907,-4.760642782569585,-5.247265358258069,-0.0952128556513917,-0.10494530716516137
fd99bce1-ce39-464b-8e61-2631eb3ed6f6,Tolarian Academy,-0.3128230291812646,0.1712250176195994,-1.8269703430619304,0.06770422858577067,0.7313793339161726,0.5228691362533333,1.02303940506539,3588.7150544460505,False,-0.07137159954660727,-0.07767732884593681,-0.17743559203413908,0.17824146326122006,-0.9954787667676407,0.319503466264605,0.8374149337912979,0.5904981005526821,1.1875800627983895,3585.5270591663416,False,-0.040391442998598086,-0.04371747858127284,-0.21522963751588856,0.17970514389883677,-1.1976821188660574,0.23104079311834658,0.8063562492687473,0.5669683938610115,1.1468194837226797,3581.9617983373037,False,-0.04868359899737333,-0.053680982880625505,160,0.5122443251373812,False,False,0.8627887125445002,False,False,0.7901700765835511,False,False,3581.9617983373037,3.1879952797089572,3.565260829037925,0.10603559987512534,0.7917168389920727,0.13393121713833733,low,-7.137159954660727,-7.767732884593681,-0.14274319909321453,-0.15535465769187362,-4.039144299859808,-4.371747858127284,-0.08078288599719617,-0.08743495716254568,-4.868359899737333,-5.3680982880625505,-0.09736719799474666,-0.10736196576125101
c3896705-bbd2-4ffb-a590-ee78e0eabdc5,Long Goodbye,-0.25339331355721406,0.17584757376248278,-1.4409827109668985,0.1495895672217945,0.7761625465292669,0.5498803564583065,1.0955625011137748,3590.0014590521196,False,-0.05788383862585914,-0.06306336849187455,-0.1882875796399572,0.17844588377804527,-1.0551522716778003,0.29135568871588857,0.8283764487742943,0.5838906762703249,1.1752329139200304,3585.406883793216,False,-0.0428213823919968,-0.046325831871024514,-0.21527835123216987,0.1795075810651578,-1.199271640533265,0.23042233857791605,0.8063169696159355,0.5671603505009619,1.1463196517816574,3581.962879553321,False,-0.048652716221338,-0.05367627599982966,152,0.6576051010039601,False,False,0.8370586318619759,False,False,0.7901700765835511,False,False,3581.962879553321,4.59457525890366,3.4440042398950936,0.05221390224502742,0.8036186549731655,0.06497348203890432,low,-5.788383862585914,-6.3063368491874545,-0.11576767725171828,-0.1261267369837491,-4.28213823919968,-4.632583187102451,-0.0856427647839936,-0.09265166374204903,-4.8652716221338,-5.367627599982966,-0.097305432442676,-0.10735255199965932
d9482aab-6ddf-48e1-84fa-b13d5ff81e69,Icetill Explorer,-0.1278658071706492,0.22429742234944147,-0.5700725662885335,0.5686284811250525,0.8799714570814341,0.5669473963384112,1.365822949852322,3591.7615167260024,False,-0.029301804397101644,-0.0319271043938823,-0.22164389572781415,0.2344233955096087,-0.9454853908501178,0.34441112576823285,0.8012006245057264,0.506053061318544,1.2684884052194214,3585.6243706504415,False,-0.050372277960608156,-0.054244291299085035,-0.21577999568219502,0.23557748510274082,-0.9159618780550627,0.35968689002510446,0.8059125866198895,0.5078790925700805,1.2788380281331215,3582.5619734600123,False,-0.04877514541708025,-0.053736879821514816,89,0.8684521446552185,False,False,0.8732266834816466,False,False,0.8692433175606691,False,False,3582.5619734600123,6.13714607556085,3.0623971904292375,0.07877083257570772,0.8290282227356833,0.09501586365271668,low,-2.9301804397101643,-3.1927104393882297,-0.05860360879420329,-0.0638542087877646,-5.037227796060815,-5.4244291299085035,-0.10074455592121631,-0.10848858259817007,-4.877514541708025,-5.373687982151481,-0.0975502908341605,-0.10747375964302963
33ca68a6-474e-4d86-bffa-ee4bddb4a3cf,Fellwar Stone,-0.34655688498603304,0.27014361411332805,-1.2828616590605353,0.1995405474854195,0.7071185937118395,0.4164293878811868,1.2007238684981363,3590.424749453602,False,-0.07887742254444821,-0.08583845670838336,-0.2040120594992321,0.2747448781502706,-0.742550910767656,0.45775361801234926,0.8154525371787502,0.47591689959533745,1.3972246855631008,3585.968329850657,False,-0.046378121939247376,-0.05008588592652713,-0.21744841950620397,0.27671034938476935,-0.7858340679691713,0.43196470496557504,0.8045691039212224,0.46775964020586813,1.3838975989884428,3582.783850518866,False,-0.04914149449050865,-0.05418313421732429,61,0.7198724552304672,False,False,0.9065169545120224,False,False,0.8961910321041715,False,False,3582.783850518866,4.456419602945061,3.1844793317909534,0.10833394346691072,0.7757134116039373,0.13965717473275263,low,-7.887742254444821,-8.583845670838336,-0.15775484508889642,-0.17167691341676672,-4.637812193924738,-5.008588592652713,-0.09275624387849475,-0.10017177185305426,-4.914149449050865,-5.418313421732429,-0.0982829889810173,-0.10836626843464858
a178cfe8-f9fa-4255-88d0-54a0bed079f5,Malevolent Rumble,-0.12645095996228084,0.20711512760183187,-0.6105346404506786,0.5415077037962941,0.8812173634166426,0.58719600213285,1.322461390687892,3591.715596352081,False,-0.028959516008900964,-0.03157533541614621,-0.19884624991086147,0.21333388721748844,-0.9320893764437096,0.35129033779543906,0.8196759088892823,0.5395711245056695,1.2451900502070166,3585.655864474348,False,-0.04517225306655921,-0.04874905390167861,-0.2204886011597115,0.21387993991191184,-1.030898929794545,0.3025882185383475,0.8021267821245991,0.5274541781944553,1.2198355823135798,3582.344588584586,False,-0.04977797320379389,-0.05490406061841219,102,0.8604096948086739,False,False,0.8732266834816466,False,False,0.8551963634113465,False,False,3582.344588584586,6.059731877732702,3.311275889762328,0.0790905812920435,0.834340018143508,0.09479418411216585,low,-2.8959516008900965,-3.157533541614621,-0.05791903201780193,-0.06315067083229242,-4.517225306655921,-4.874905390167861,-0.09034450613311842,-0.09749810780335721,-4.977797320379389,-5.4904060618412185,-0.09955594640758778,-0.10980812123682437
6cc73d16-5ed7-4104-91f6-0997a2080e2e,Embereth Shieldbreaker // Battle Display,-0.09348580952350605,0.21303810504624526,-0.43882201028408796,0.6607905106053107,0.9107509413243255,0.5998710908610619,1.3827425421227053,3591.8950322953215,False,-0.02142988102108022,-0.023356230439154302,-0.21009191868070676,0.21395971586339932,-0.981922778467504,0.326137892954132,0.8105097415599218,0.5328832287852512,1.232776724200995,3585.556007613426,False,-0.04775089267521724,-0.051486222404946935,-0.2299913590672863,0.21541457194336133,-1.0676685286070509,0.28567005945771884,0.7945404680443943,0.5208964965189739,1.2119385704818424,3582.261952265266,False,-0.05195402788685513,-0.05726674467122694,106,0.8942231637972977,False,False,0.8666692215155618,False,False,0.8431058834437986,False,False,3582.261952265266,6.339024681895353,3.2940553481603274,0.11621047327993128,0.8386003836428806,0.13857669939895914,low,-2.142988102108022,-2.3356230439154304,-0.04285976204216044,-0.046712460878308604,-4.775089267521724,-5.148622240494694,-0.09550178535043448,-0.10297244480989387,-5.195402788685513,-5.726674467122694,-0.10390805577371026,-0.11453348934245389
522aa72b-2b8c-484c-872b-f082101cee35,Get Lost,-0.2038401647717302,0.15863281276316754,-1.2849810907410149,0.19879889189115263,0.8155927212185228,0.5976437264235466,1.1130234577802927,3590.4313926941495,False,-0.04663587705583602,-0.050817518622808755,-0.254078104033856,0.16178217703411502,-1.5704950241847626,0.11629999109353478,0.7756312197535987,0.5648634993919806,1.0650427752970797,3584.0466528919833,False,-0.05767728057884838,-0.06207319092624003,-0.23109824144786065,0.16256816066247726,-1.4215467561797972,0.15515787095804104,0.7936614917510914,0.5771045480962189,1.0914808513752112,3581.376628916363,False,-0.05221134129054805,-0.05753450523622489,192,0.7198724552304672,False,False,0.72197609153811,False,False,0.7388333550955334,False,False,3581.376628916363,6.384739802166223,2.670023975620097,0.039961501464924054,0.7949618109077375,0.05026845430385328,low,-4.663587705583602,-5.081751862280876,-0.09327175411167204,-0.10163503724561751,-5.767728057884838,-6.207319092624003,-0.11535456115769677,-0.12414638185248006,-5.221134129054805,-5.753450523622488,-0.1044226825810961,-0.11506901047244977
3c3ac3dd-35db-447f-8674-37b4680a1ef7,Leyline Binding,-0.26068010382546,0.18364626947375223,-1.4194685499054902,0.15576245958230917,0.7705273689515835,0.5376073639765238,1.1043606655830258,3590.0717184497043,False,-0.05948160288452694,-0.06485513514580388,-0.22917047296460102,0.19169432739875567,-1.1954995021208366,0.2318919306497067,0.7951929630480328,0.5461337583010878,1.1578332942614042,3585.0930272016158,False,-0.052026103996931194,-0.05604975286490088,-0.23172320352091205,0.1917320979854269,-1.2085780417346959,0.2268249966395629,0.7931656383808197,0.5447010779733475,1.1549669265366056,3581.9439376539112,False,-0.05230815561950425,-0.05767056868169179,134,0.6576051010039601,False,False,0.801531607005131,False,False,0.7901700765835511,False,False,3581.9439376539112,4.97869124808858,3.149089547704534,0.024665594096449306,0.7862953234601453,0.03136937656948881,low,-5.948160288452694,-6.485513514580388,-0.11896320576905388,-0.12971027029160775,-5.2026103996931194,-5.604975286490088,-0.10405220799386239,-0.11209950572980176,-5.230815561950425,-5.767056868169179,-0.1046163112390085,-0.11534113736338358
7b54447f-1daf-4352-b5c3-3c0ec8b8f4d0,Unwanted Remake,-0.16021355742253285,0.22686036947632318,-0.7062210018980593,0.48005071168159963,0.8519618267653932,0.546150947077602,1.3290079567733353,3591.5880009975144,False,-0.03668239314749463,-0.039975824466000065,-0.24388982067031517,0.2286554441850373,-1.0666259075508808,0.28614079672953396,0.7835739631609647,0.5005466432446976,1.2266352477437876,3585.3818030394013,False,-0.05536738783114491,-0.0595808040391117,-0.23183447194545,0.22995555533947526,-1.0081707815373322,0.3133724821963937,0.7930773889996152,0.5053280986311984,1.2446799349693138,3582.3858894439327,False,-0.05235751730246772,-0.05769800474202008,89,0.846426910556781,False,False,0.8370586318619759,False,False,0.8660927062435675,False,False,3582.3858894439327,6.20619795811308,2.9959135954686644,0.0683878636044285,0.8095377263086577,0.08447767334607678,low,-3.6682393147494627,-3.9975824466000063,-0.07336478629498926,-0.07995164893200013,-5.53673878311449,-5.95808040391117,-0.11073477566228981,-0.1191616080782234,-5.235751730246772,-5.769800474202008,-0.10471503460493543,-0.11539600948404016
7c353e83-4b63-4bc6-b029-273d2eca1f75,Upheaval,-0.22661258532851414,0.22888425162706952,-0.9900750432482498,0.3221374406926355,0.7972295809059057,0.5090415075445691,1.2485720619074627,3591.1076790318457,False,-0.05177645378702599,-0.05643376619613638,-0.1830759788683698,0.23059787965867024,-0.7939187434826283,0.42724273719736816,0.83270488535864,0.52991014581903,1.3085188716823482,3585.89301141917,False,-0.04161786370626322,-0.044968546685830446,-0.23526733850092144,0.23173210176981882,-1.0152557056363913,0.30998395282611546,0.7903595278514058,0.5018458601322483,1.244741130475565,3582.3753568293537,False,-0.053104864650423314,-0.058573222552404824,85,0.7976724107377573,False,False,0.901029995682603,False,False,0.8614970688959125,False,False,3582.3753568293537,5.214667612675839,3.517654589816175,0.042345357507234116,0.8067646647053172,0.05248786834597099,low,-5.177645378702599,-5.643376619613639,-0.10355290757405199,-0.11286753239227276,-4.161786370626322,-4.496854668583045,-0.08323572741252644,-0.08993709337166089,-5.310486465042332,-5.857322255240483,-0.10620972930084663,-0.11714644510480965
229a0d4a-3777-451d-a2fb-f1a2fdf8019f,Spara's Headquarters,-0.24040096344889278,0.1791266068818208,-1.3420728926523902,0.17957236214883165,0.7863125152716787,0.5535024430969296,1.1170454247924595,3590.2841357149373,False,-0.0549051572644815,-0.05985506740261509,-0.210927194091747,0.18169965051885092,-1.1608563554714366,0.24570032031763722,0.8098330253639322,0.5671913755941822,1.15627556621971,3585.1743186261565,False,-0.047916529477520245,-0.05170849240545694,-0.23858169481069172,0.18257624984750007,-1.3067509876556844,0.19129729584121724,0.7877443310043553,0.5507737647076374,1.1266715497222273,3581.6959630923757,False,-0.05385157089703643,-0.05939346523813688,142,0.6938825461757695,False,False,0.8202964013921586,False,False,0.767447845918987,False,False,3581.6959630923757,5.109817088780801,3.478355533780814,0.023520510092253533,0.7946299572133221,0.029599324665203056,low,-5.49051572644815,-5.985506740261509,-0.109810314528963,-0.11971013480523018,-4.791652947752024,-5.170849240545694,-0.09583305895504049,-0.10341698481091388,-5.385157089703643,-5.939346523813688,-0.10770314179407287,-0.11878693047627376
01978fe5-00a9-4add-ae2a-b4c2572ffb9a,Vendilion Clique,-0.3504688872849254,0.24569878036114384,-1.4264168783002658,0.15374804456974345,0.7043577478862006,0.4351613066292557,1.1400826071836387,3590.035271162721,False,-0.07975326571674819,-0.08680120555279908,-0.26630827639289734,0.24948439067582162,-1.0674346225489375,0.2857756210967063,0.7662028888266919,0.46987072179833905,1.2494221061475874,3585.376065212333,False,-0.06042894669943504,-0.0650579820680734,-0.23927644367110196,0.2522584255188676,-0.948536974251452,0.34285615908275213,0.7871972365967093,0.48012780135893407,1.2906552954267174,3582.5005479903202,False,-0.05403942774484256,-0.05957067817971884,77,0.6576051010039601,False,False,0.8370586318619759,False,False,0.8692433175606691,False,False,3582.5005479903202,4.659205950388241,2.875517222012604,0.08283948871050861,0.7525859577698673,0.11007312567455589,low,-7.975326571674819,-8.680120555279908,-0.15950653143349638,-0.17360241110559815,-6.042894669943504,-6.50579820680734,-0.12085789339887008,-0.1301159641361468,-5.403942774484256,-5.957067817971884,-0.10807885548968511,-0.11914135635943768
175b3d28-5c74-4972-9b5c-5e39762c78f4,Relic of Sauron,-0.2863621591426566,0.16607911480231893,-1.724251477878531,0.08466245465700824,0.7509905885835563,0.5423318344757592,1.0399294828160879,3589.0868836692484,False,-0.06540342504470795,-0.07118952093586672,-0.2132072430553302,0.16969347366604298,-1.2564257095409714,0.20896166517701942,0.8079886698232542,0.5793743576016638,1.1268115027824577,3584.9347040613147,False,-0.04849746521749526,-0.05239255943474552,-0.23958145000709774,0.17036686128409248,-1.4062679103278637,0.15964458520207403,0.7869571730641791,0.5635492787523385,1.0989306802206507,3581.4139118820713,False,-0.05415840702571904,-0.05969648536267924,171,0.5242744212266087,False,False,0.7787121755924723,False,False,0.7388333550955334,False,False,3581.4139118820713,4.152179607933704,3.5207921792434718,0.05699808123969796,0.7819788104903299,0.07288954697373198,low,-6.540342504470795,-7.118952093586673,-0.1308068500894159,-0.14237904187173345,-4.849746521749526,-5.239255943474552,-0.09699493043499052,-0.10478511886949105,-5.415840702571904,-5.969648536267924,-0.10831681405143807,-0.11939297072535848
bfa4e927-1d6f-4a64-9801-7d168a5ef3f6,Astrologian's Planisphere,-0.2826414627169819,0.2643380784897632,-1.0692423291104747,0.284960489682329,0.7537900012350469,0.4489947443434109,1.2654922426605248,3590.938930601209,False,-0.06447979968799601,-0.07022544175467377,-0.2535540638337249,0.2680457503224357,-0.9459357722654489,0.34418134648551535,0.7760377882130305,0.4588996434879104,1.312344991504527,3585.6244579838312,False,-0.05754300208457578,-0.061920771672270836,-0.23994741273315776,0.2691852983933805,-0.8913837946027229,0.3727233085169446,0.7866692287634863,0.4641485637141886,1.3332982666825837,3582.607983331132,False,-0.05417502037782769,-0.05971041959018886,63,0.7789698631889895,False,False,0.8732266834816466,False,False,0.8719454961264379,False,False,3582.607983331132,5.31447261737776,3.016474652699344,0.032879227528439414,0.772165672737188,0.042580535096682665,low,-6.447979968799602,-7.0225441754673765,-0.12895959937599202,-0.14045088350934753,-5.754300208457578,-6.192077167227083,-0.11508600416915156,-0.12384154334454167,-5.417502037782769,-5.971041959018885,-0.10835004075565538,-0.11942083918037771
1132218d-56cd-441e-9006-df3c50344491,Joraga Treespeaker,-0.1938305104142826,0.21063008897744,-0.9202413166859709,0.357446667738742,0.8237975175367075,0.545165704918142,1.2448368336037237,3591.2359160523456,False,-0.04436668470800038,-0.04832277448152883,-0.22736824900203717,0.21723218913841258,-1.046660027244702,0.29525640586625024,0.7966273710348754,0.5204073858973044,1.219458419460576,3585.421119126393,False,-0.05166982925534426,-0.05564499606831036,-0.24039798614135482,0.21793151367220778,-1.1030895995286805,0.2699882569615678,0.7863148563693426,0.51296700534869,1.2053232408717123,3582.1809461517114,False,-0.05430749688811278,-0.059834938074269206,107,0.8081929741753929,False,False,0.8370586318619759,False,False,0.8245822531691586,False,False,3582.1809461517114,5.814796925952578,3.2401729746816272,0.03748266116736487,0.8022465816469752,0.0467221201371961,low,-4.436668470800038,-4.832277448152883,-0.08873336941600075,-0.09664554896305766,-5.166982925534426,-5.564499606831036,-0.10333965851068852,-0.11128999213662072,-5.430749688811278,-5.983493807426921,-0.10861499377622556,-0.11966987614853841
6bbf7394-9b17-45f8-a25b-d865e8452b2c,Steamcore Scholar,-0.2853625272873488,0.21376783472511127,-1.334917985459799,0.1819031905876869,0.751741678042871,0.49443109354161835,1.1429611889065858,3590.294249758285,False,-0.0651160119605024,-0.07091047789678656,-0.20930935782233306,0.21974121007652683,-0.952526646000717,0.34082995895336854,0.8111442630024378,0.5272913011368904,1.2478017634335214,3585.6129923029707,False,-0.0475800943560622,-0.05133620385944826,-0.2406786390084406,0.22246953245355616,-1.081849889079467,0.27931923444267737,0.7860942058150241,0.5082819718905165,1.215750576628868,3582.231184175003,False,-0.05435849954609123,-0.05993476714363716,103,0.6938825461757695,False,False,0.8732266834816466,False,False,0.8307597352663848,False,False,3582.231184175003,4.681257455314153,3.3818081279678154,0.05940258495956685,0.7829933822867776,0.07586601151861355,low,-6.51160119605024,-7.091047789678656,-0.1302320239210048,-0.14182095579357312,-4.75800943560622,-5.133620385944826,-0.0951601887121244,-0.10267240771889652,-5.4358499546091235,-5.993476714363716,-0.10871699909218246,-0.11986953428727432
6151b583-3aa7-4be8-9d05-d5e53f19c6c9,Fastbond,-0.25314964712906524,0.15971223431451578,-1.585036038194459,0.11295814645469529,0.776351694328191,0.5676866832879897,1.0617158567034584,3589.553268503712,False,-0.05791293742545222,-0.06301486340396606,-0.23299361348188935,0.1654947050018751,-1.4078614387043347,0.15917210341834886,0.7921586326436127,0.5727171951728902,1.0956809129545444,3584.525500853962,False,-0.05299634944265069,-0.05711963751292376,-0.2432071289755932,0.1659959606984831,-1.4651388380308683,0.1428830423305479,0.7841090852387306,0.566340828257343,1.085613162388045,3581.2411010391634,False,-0.0549980692378941,-0.06056795150643718,192,0.6331351570191744,False,False,0.72197609153811,False,False,0.7388333550955334,False,False,3581.2411010391634,5.027767649749876,3.2843998147986895,0.015806938315421792,0.7842064707368448,0.020156602763771517,low,-5.791293742545222,-6.301486340396606,-0.11582587485090444,-0.12602972680793212,-5.299634944265069,-5.711963751292376,-0.10599269888530138,-0.11423927502584752,-5.49980692378941,-6.056795150643718,-0.1099961384757882,-0.12113590301287436
52d3005f-a1c7-4ef5-911f-ccc0752f4181,Faerie Mastermind,-0.25491851807644844,0.16505587517268308,-1.5444377112280927,0.12248233018060517,0.7749796422204496,0.560779200227849,1.0709980784096669,3589.6925298479937,False,-0.05822616518246881,-0.06344661098260684,-0.22253037064024067,0.17398544020200593,-1.2790172004155729,0.20089099891542306,0.8004906949661356,0.5691895150513584,1.1257855877221283,3584.8802920025273,False,-0.050565522089841615,-0.05454266350636383,-0.24815390714388066,0.17573442445006232,-1.4120961668178875,0.15792164727468672,0.7802398495498439,0.5528915664441157,1.1010734468981913,3581.4021991814316,False,-0.05602939782007093,-0.06178354240128098,178,0.6529833562699212,False,False,0.7700821625091218,False,False,0.7388333550955334,False,False,3581.4021991814316,4.81223784546637,3.4780928210957427,0.02551105274568599,0.785236728912143,0.03248835899592812,low,-5.822616518246881,-6.344661098260684,-0.11645233036493761,-0.1268932219652137,-5.0565522089841615,-5.454266350636383,-0.10113104417968323,-0.10908532701272766,-5.602939782007093,-6.1783542401280975,-0.11205879564014186,-0.12356708480256196
3462a3d0-5552-49fa-9eb7-100960c55891,"Oko, Thief of Crowns",-0.29786749230126336,0.16342196728063252,-1.8226894294434568,0.068350442184748,0.7423997069071325,0.538927326086879,1.0226932243679656,3588.735669295389,False,-0.06799946103824872,-0.07401883852331043,-0.23710425133558657,0.1687024280192979,-1.4054584401622492,0.15988499932712164,0.7889090389094319,0.5667930629274874,1.0980682587370114,3584.534062767101,False,-0.053897450146972566,-0.05802994512278653,-0.2483211404938728,0.1684317327873495,-1.4743132804279004,0.1403972610985024,0.7801093783358795,0.5607683754195426,1.0852442271058635,3581.21607829708,False,-0.05611483796046565,-0.06180215122101629,180,0.5122443251373812,False,False,0.72197609153811,False,False,0.7388333550955334,False,False,3581.21607829708,4.201606528287812,3.3179844700212016,0.04650933200229934,0.7704727080508146,0.06036467160525553,low,-6.7999461038248725,-7.401883852331043,-0.13599892207649744,-0.14803767704662085,-5.389745014697256,-5.802994512278653,-0.10779490029394513,-0.11605989024557306,-5.611483796046565,-6.180215122101629,-0.1122296759209313,-0.12360430244203258
c17816e8-28b1-4295-a637-efb0e5c18873,Lush Portico,-0.23382027242172246,0.17980424632353753,-1.300415742134305,0.19345851738545683,0.7915040582203475,0.5564173731473607,1.1259150134648357,3590.3810253240586,False,-0.05350427982448919,-0.058229643379964224,-0.2567831493505901,0.18583768905376885,-1.3817603450519362,0.16704529870591767,0.773535937349664,0.5373933163465856,1.1134448981228475,3584.598437104374,False,-0.05835020665284111,-0.06268949120949202,-0.24887524594530724,0.18704710552888063,-1.3305485013606915,0.18333761729571263,0.779677235214115,0.5403773577760594,1.1249483020771718,3581.620803601121,False,-0.05625368426764542,-0.06190824266908235,148,0.7198724552304672,False,False,0.72197609153811,False,False,0.7595351719822778,False,False,3581.620803601121,5.782588219684385,2.977633503252946,0.017968120870683557,0.7815724102613754,0.022989707204063937,low,-5.3504279824489185,-5.822964337996423,-0.10700855964897837,-0.11645928675992845,-5.835020665284111,-6.268949120949202,-0.11670041330568222,-0.12537898241898404,-5.625368426764542,-6.190824266908235,-0.11250736853529084,-0.1238164853381647
f632be90-9e7f-41f8-a52e-a2952354d730,Descendant of Storms,0.028567780259731085,0.2401472462351195,0.11895943304617952,0.9053074952352229,1.028979752985842,0.6426719816182318,1.647495709068839,3592.073856942639,False,0.006550220422067228,0.007141499357332937,-0.2425556146255845,0.25341101139650896,-0.9571628844733224,0.33848504743556984,0.7846201100116459,0.4774760884008127,1.2893393658655923,3585.6059722941854,False,-0.05505680848252423,-0.05926167994618786,-0.24943937826383727,0.2544809548119959,-0.9801887864186802,0.3269929387162056,0.7792375181286796,0.47320714404071285,1.2831824652400052,3582.4434210270583,False,-0.05629237894646815,-0.06202902477352612,76,0.9755090457542709,False,False,0.8732266834816466,False,False,0.8692433175606691,False,False,3582.4434210270583,6.4678846484534915,3.162551267127128,0.2497422348571624,0.8642791270420558,0.2889601600259518,low,0.6550220422067228,0.7141499357332937,0.013100440844134456,0.014282998714665873,-5.505680848252423,-5.926167994618786,-0.11011361696504846,-0.11852335989237572,-5.629237894646815,-6.2029024773526125,-0.1125847578929363,-0.12405804954705224
05bd329b-5707-42fc-af1c-084cc604e805,Imperial Recruiter,-0.14121457484637107,0.269792804777391,-0.5234186099324953,0.600682976396814,0.8683029757292563,0.511704242502348,1.473409823559987,3591.8130603708014,False,-0.03234623983539148,-0.03524892544720687,-0.2544374289570999,0.2704271725921347,-0.9408722744768295,0.34677031738658537,0.7753525661916782,0.4563593702310661,1.3173206054597555,3585.6330827272823,False,-0.057750293882453466,-0.06210285775582214,-0.24991520732088537,0.27277755022506495,-0.9161868603727976,0.3595688959593103,0.7788668224760875,0.45632080104045913,1.32940143375189,3582.561621900595,False,-0.05641751500986034,-0.062159239787481446,65,0.883561866482415,False,False,0.8732266834816466,False,False,0.8692433175606691,False,False,3582.561621900595,6.179977643519123,3.0714608266871437,0.09295040953757805,0.8075074547990074,0.11510780363100656,low,-3.234623983539148,-3.5248925447206867,-0.06469247967078295,-0.07049785089441374,-5.775029388245347,-6.210285775582214,-0.11550058776490693,-0.12420571551164428,-5.641751500986034,-6.215923978748145,-0.11283503001972069,-0.12431847957496289
5ad67b3c-cd5a-497b-8639-9b844e8d517a,Mind Twist,-0.38007142684904704,0.17901672222536907,-2.123105719534763,0.03374499385220865,0.6838125648911297,0.48145418520770944,0.9712235105013224,3587.5540792095253,False,-0.08632638112958481,-0.09405783865150413,-0.26257530814106256,0.1833468385993149,-1.4321234559974776,0.15210849270965518,0.7690684450727523,0.5369044615275501,1.101622943351666,3584.463046404901,False,-0.05958060821482658,-0.06420959708366236,-0.2511481827055854,0.18415588893873513,-1.3637803501854737,0.17263670646717078,0.7779070906404638,0.5422144318709429,1.11605189035755,3581.537566678875,False,-0.056694078837803565,-0.06251570016544244,146,0.4256191596711586,True,False,0.72197609153811,False,False,0.7526057726379275,False,False,3581.537566678875,3.0910328046243194,2.9254797260259693,0.09409452574933408,0.7435960335347819,0.12653984355193953,low,-8.632638112958482,-9.405783865150413,-0.17265276225916962,-0.18811567730300827,-5.958060821482658,-6.420959708366237,-0.11916121642965316,-0.12841919416732472,-5.669407883780356,-6.251570016544244,-0.11338815767560713,-0.1250314003308849
19018f23-b63b-45af-8419-8959f41472d4,Pre-War Formalwear,-0.22881264160607243,0.28941448845498613,-0.7906053453908567,0.429174326583458,0.7954775589419236,0.45110053933094507,1.402757238372455,3591.463113848498,False,-0.052282079186347294,-0.0569689069661215,-0.3022639964204586,0.2898987179720096,-1.0426537879675717,0.2971086679613817,0.7391429080483795,0.4187565795342934,1.3046535032973114,3585.436854717206,False,-0.06845427931908392,-0.07346335533683751,-0.25121077201315745,0.2898001080453848,-0.8668415402171487,0.38602883808678223,0.7778584034979684,0.4407757731346625,1.3727244843548918,3582.6537527071587,False,-0.05668462164401596,-0.062477594668294556,54,0.846426910556781,False,False,0.8370586318619759,False,False,0.8807993303358596,False,False,3582.6537527071587,6.026259131291681,2.7831020100475143,0.05633465089354417,0.7708262901627573,0.07308345811823479,low,-5.2282079186347294,-5.69689069661215,-0.10456415837269459,-0.113937813932243,-6.845427931908392,-7.346335533683751,-0.13690855863816784,-0.14692671067367502,-5.668462164401596,-6.247759466829455,-0.11336924328803193,-0.12495518933658911
89345f55-2b32-4356-945a-d56dded39909,Preacher of the Schism,-0.3116980068458823,0.269684600420263,-1.1557871912602637,0.24776821349866385,0.7322026150204468,0.4315897375063781,1.2421997625345709,3590.742036904749,False,-0.07103927032083487,-0.07734059652142017,-0.25818268981471293,0.27360526950566183,-0.9436320078234832,0.3453577298929149,0.7724540997192437,0.45183011659224337,1.3205966452022704,3585.6269666813355,False,-0.058592945769010786,-0.06305419966970494,-0.2540056373921028,0.2766849918703553,-0.9180318588119184,0.3586021869331041,0.7756874291799628,0.450990852920439,1.3341534177278898,3582.557240040317,False,-0.05733284235064036,-0.06317776976334699,63,0.7701982247525472,False,False,0.8732266834816466,False,False,0.8692433175606691,False,False,3582.557240040317,5.115070223413568,3.0697266410184056,0.043484814159515994,0.7601147146398844,0.05720822570855975,low,-7.1039270320834875,-7.734059652142017,-0.14207854064166975,-0.15468119304284034,-5.859294576901078,-6.305419966970494,-0.11718589153802157,-0.12610839933940987,-5.733284235064036,-6.317776976334699,-0.11466568470128072,-0.12635553952669398
f6ca59cd-8779-4a84-a54b-e863b79c61f0,Underground Mortuary,-0.3346822843305509,0.22992335383624746,-1.4556254453773898,0.14549618994627195,0.7155653965796462,0.45596826880195285,1.1229593632196042,3589.946759300283,False,-0.0762360605241547,-0.082968052835593,-0.2788436968363342,0.2338631589906191,-1.1923369975837852,0.23312913307195715,0.7566581620372326,0.47844429609611727,1.1966525232909118,3585.089978795275,False,-0.06325884433484788,-0.06801890369363967,-0.2573886941007359,0.23421922257328037,-1.0989221604994717,0.2718020196710408,0.7730676685169283,0.48847920849266135,1.223457641012735,3582.188771990889,False,-0.05810835953322666,-0.06402786942745953,92,0.6576051010039601,False,False,0.801531607005131,False,False,0.8245822531691586,False,False,3582.188771990889,4.856780505007919,2.9012068043857653,0.05750227193728208,0.7484304090446025,0.07683048583058742,low,-7.62360605241547,-8.2968052835593,-0.1524721210483094,-0.165936105671186,-6.325884433484788,-6.801890369363966,-0.12651768866969576,-0.13603780738727933,-5.810835953322666,-6.402786942745953,-0.11621671906645333,-0.12805573885491905
487116ab-b885-406b-aa54-56cb67eb3ca5,Scavenging Ooze,-0.03378429113144615,0.20490202759464055,-0.16488021874669734,0.8690382624463572,0.9667800251722042,0.6470108174544285,1.4445873111507903,3592.0608068839274,False,-0.007746798141254961,-0.008445360364190968,-0.2162903898762016,0.219457505433428,-0.9855684336201154,0.3243449345233419,0.8055013584679596,0.5239143299309064,1.238432318847427,3585.5505220521313,False,-0.04913306601673765,-0.05295596362212568,-0.2579928512009292,0.22048950284568083,-1.170091309886515,0.2419642252333245,0.7726007552547474,0.501499696493136,1.190253815095531,3582.034284481203,False,-0.05820384225256822,-0.06414778079380212,105,0.9554585981725874,False,False,0.8666692215155618,False,False,0.7982885665347677,False,False,3582.034284481203,6.510284831796071,3.516237570928297,0.19417926991745682,0.8482940462983036,0.22890561446799715,low,-0.7746798141254961,-0.8445360364190968,-0.015493596282509922,-0.016890720728381936,-4.9133066016737645,-5.295596362212568,-0.0982661320334753,-0.10591192724425136,-5.820384225256822,-6.414778079380213,-0.11640768450513644,-0.12829556158760425
a50d79fe-6d37-42f3-b7b0-0c3018282fa2,End-Raze Forerunners,-0.027580089686204786,0.1928166796314471,-0.1430378831277554,0.8862602623862088,0.9727967684455116,0.666642884653747,1.4195509687162626,3592.0675307636893,False,-0.0063246438240833185,-0.006894641390018663,-0.24432040994460866,0.22843062273570236,-1.0695606701877751,0.2848171062707152,0.7832366372464842,0.5005516791528816,1.225567020299245,3585.371768235226,False,-0.0554848421225742,-0.059684593337885616,-0.25924910540625196,0.2298203926397147,-1.1280509202360998,0.25929841493911565,0.7716307817011665,0.49179315134905893,1.2107001930292185,3582.1252880196657,False,-0.05851949049468834,-0.06444980843590942,124,0.9627615553934874,False,False,0.8370586318619759,False,False,0.8044281058808844,False,False,3582.1252880196657,6.695762528463092,3.2464802155604957,0.20116598674434505,0.842554729131054,0.2387571748031278,low,-0.6324643824083318,-0.6894641390018663,-0.012649287648166637,-0.013789282780037326,-5.54848421225742,-5.968459333788561,-0.1109696842451484,-0.11936918667577123,-5.851949049468834,-6.444980843590942,-0.11703898098937668,-0.12889961687181883
5260f8ae-805b-4eae-badf-62de0f768867,Hedge Maze,-0.3738121013523049,0.22312403113529444,-1.6753556282139712,0.09386447700733022,0.6881061939059409,0.4443533488209219,1.0655712066716991,3589.2466630962263,False,-0.08500812155725225,-0.09248290582548191,-0.26102466975312716,0.23552811763306486,-1.1082526892172764,0.2677527014864609,0.770261917209347,0.4854593221140324,1.222148579863205,3585.2861369490006,False,-0.05926221681639223,-0.06373080656545138,-0.25996444857258794,0.23682707824781418,-1.0976973177896616,0.2723366813832534,0.7710789982753233,0.48473859053526297,1.2265638288149119,3582.191796613598,False,-0.058694556975632244,-0.06465370428867018,97,0.5624020579155755,False,False,0.8370586318619759,False,False,0.8245822531691586,False,False,3582.191796613598,3.9605261472256643,3.0943403354026486,0.08297280436938248,0.743149036463537,0.11165028856692003,low,-8.500812155725225,-9.24829058254819,-0.1700162431145045,-0.18496581165096382,-5.926221681639223,-6.373080656545138,-0.11852443363278446,-0.12746161313090276,-5.869455697563224,-6.4653704288670175,-0.11738911395126449,-0.12930740857734035
47c8e6c4-450b-4f8b-b897-5808fe935a90,Vampire Hexmage,-0.0179185119092479,0.3441997457801047,-0.052058469330466366,0.9584821047408135,0.9822410700466536,0.5002986726306781,1.9284430930293743,3592.0852923172242,False,-0.0041088027336508666,-0.004479512923567297,-0.24675738559700577,0.35032390466489444,-0.7043692488899489,0.4812028512764053,0.7813302325059049,0.39321755754616855,1.552516973141653,3586.0273084923692,False,-0.0560001969665272,-0.06026672796274446,-0.2626075835388977,0.34978656822415854,-0.7507652019691254,0.4527939751059388,0.7690436234832907,0.38744194635967566,1.526494744250707,3582.8419222836774,False,-0.05923552938969356,-0.06527432795571858,37,0.9902532860966762,False,False,0.9065169545120224,False,False,0.9069985608047941,False,False,3582.8419222836774,6.057983824855,3.1853862086918525,0.21319744656336292,0.8442049753452832,0.25254227680447433,low,-0.41088027336508665,-0.4479512923567297,-0.008217605467301733,-0.008959025847134594,-5.60001969665272,-6.026672796274446,-0.1120003939330544,-0.12053345592548892,-5.9235529389693555,-6.527432795571858,-0.11847105877938711,-0.13054865591143716
8e42df9e-95f2-4c79-9274-2d16e3cd91f1,"Thalia, Guardian of Thraben",-0.09623524205301369,0.1905481384001402,-0.5050442521297436,0.6135277552334031,0.9082503322631711,0.62518379947578,1.3194818335789562,3591.83243980489,False,-0.02206106160509748,-0.02404269356792421,-0.2577585780286341,0.19704700714640827,-1.3081070439050944,0.1908370046398884,0.772781776087933,0.5252028489645291,1.1370686100256724,3584.8045174965437,False,-0.0585080764856989,-0.06289684222265252,-0.26265886373047803,0.19758883461107266,-1.3293203750479479,0.18374229495801486,0.7690041877900884,0.5220807656668769,1.1327125604470674,3581.6299454843684,False,-0.05928215236828781,-0.06530179585400159,133,0.8896152450884344,False,False,0.7622052820048237,False,False,0.7595351719822778,False,False,3581.6299454843684,7.027922308346206,3.174572012175304,0.1392461444730827,0.8166787653803974,0.17050295706932433,low,-2.206106160509748,-2.404269356792421,-0.04412212321019496,-0.04808538713584842,-5.85080764856989,-6.289684222265252,-0.1170161529713978,-0.12579368444530503,-5.92821523682878,-6.530179585400159,-0.11856430473657562,-0.13060359170800317
02138fbb-3962-4348-8d31-faaefba0b8b2,Raugrin Triome,-0.24566315870304012,0.19072064674860045,-1.2880784691699503,0.1977186493862373,0.782185652986077,0.538226595465126,1.136722712872515,3590.4227997998096,False,-0.05611755813016092,-0.061148893174063745,-0.26201937059788566,0.19759515309154574,-1.3260414868399744,0.184825955895497,0.7694961179633341,0.5224082698468796,1.133451190836232,3584.759634475563,False,-0.05944836788125835,-0.06391143270987676,-0.26655318398041977,0.19865402206022756,-1.3417960593800948,0.17966213027778255,0.7660152629020807,0.5189669555942522,1.1306681026098122,3581.5990902599333,False,-0.06013259854747735,-0.0662342070640613,127,0.7198724552304672,False,False,0.7563123471306533,False,False,0.7595351719822778,False,False,3581.5990902599333,5.66316532424662,3.1605442156296704,0.016170390083996344,0.7725656779504972,0.020930764264462283,low,-5.611755813016092,-6.114889317406375,-0.11223511626032184,-0.12229778634812749,-5.944836788125835,-6.391143270987676,-0.1188967357625167,-0.12782286541975352,-6.013259854747735,-6.62342070640613,-0.1202651970949547,-0.1324684141281226
0f7585c8-9e21-4eef-afc1-2852de23db2f,Polluted Delta,-0.293115381976414,0.15212469961048083,-1.9268099311087772,0.05400332137703215,0.7459360681538848,0.5536183142023517,1.0050617970876972,3588.3633121527264,False,-0.06681424126090078,-0.07286583173643035,-0.277446251801644,0.15417316539242817,-1.7995755039175585,0.07192769190401087,0.7577162893939424,0.5601080004110239,1.0250415541138638,3583.2756174712886,False,-0.06289159308865257,-0.0677459149495589,-0.26807987864814586,0.15470087570161595,-1.7328917980090375,0.0831149023721809,0.764846683743573,0.5647943507742788,1.0357583230632097,3580.3947923255555,False,-0.06045068082884936,-0.06668176914061041,204,0.4617976328010313,False,False,0.72197609153811,False,False,0.6970950875368337,False,False,3580.3947923255555,5.087694681437824,2.88082514573307,0.018910615589688207,0.7561663470971333,0.0250085390103443,low,-6.681424126090079,-7.286583173643035,-0.13362848252180157,-0.1457316634728607,-6.289159308865257,-6.77459149495589,-0.12578318617730513,-0.1354918298991178,-6.045068082884936,-6.668176914061041,-0.12090136165769871,-0.13336353828122083
95be2701-af7c-483e-8165-e8bd4b2774ed,Opposition,-0.3588877185414121,0.3170343871424533,-1.132015116013749,0.25762807941006305,0.6984527702447952,0.37520785846224,1.3001760524472685,3590.7792664743347,False,-0.08167061894837013,-0.08881703513067823,-0.2290268946975786,0.3248434104080248,-0.7050378347213683,0.48078669124406637,0.7953071436723476,0.42074851341458075,1.5033052586285116,3586.019851146536,False,-0.05204102469904686,-0.05604125096370571,-0.2716064984853268,0.3282563770167111,-0.8274218492075164,0.40799800075344195,0.7621541108873422,0.4005210328240398,1.4503080765740253,3582.711128035964,False,-0.06129294110592058,-0.06751268183106784,45,0.7714631446865359,False,False,0.9065169545120224,False,False,0.8887470449821118,False,False,3582.711128035964,4.759415327798706,3.3087231105719184,0.09685437342755232,0.7519713416014949,0.12880061788163202,low,-8.167061894837014,-8.881703513067823,-0.16334123789674027,-0.17763407026135647,-5.204102469904686,-5.604125096370572,-0.10408204939809372,-0.11208250192741143,-6.129294110592058,-6.7512681831067844,-0.12258588221184116,-0.1350253636621357
bf220c06-3cce-4bdd-aa58-83940c223e9c,Commercial District,-0.16211571654715756,0.2178090818345447,-0.7443019142347161,0.4566938434503396,0.8503428001141031,0.5548699500418348,1.3031573932799498,3591.5347544575584,False,-0.03709847365278253,-0.04044925172769687,-0.2848686968354183,0.2223044910011025,-1.281434736439965,0.20004100969583705,0.7521130026536278,0.48646734632000915,1.1628200187326507,3584.8863232244894,False,-0.06452027791332392,-0.06934258841119184,-0.2721561624367584,0.22324597771018814,-1.2190865216396602,0.22281135502445149,0.7617352973610456,0.4917827235914161,1.1798719951126169,3581.9235653395135,False,-0.06133066545823658,-0.06762230841758132,95,0.846426910556781,False,False,0.7700821625091218,False,False,0.7889922237619357,False,False,3581.9235653395135,6.6484312330690045,2.962757884975872,0.09822979746047533,0.7880637000429255,0.12464702720747675,low,-3.709847365278253,-4.044925172769687,-0.07419694730556506,-0.08089850345539373,-6.452027791332392,-6.934258841119184,-0.12904055582664783,-0.13868517682238368,-6.133066545823658,-6.762230841758132,-0.12266133091647316,-0.13524461683516265
32e29c7d-ed4b-4eff-b3c2-d99e5b63ef8d,Sunfall,-0.3439721068536439,0.35432831220453714,-0.9707722894440478,0.33166168454663236,0.7089487025836426,0.35400097954548965,1.419793424132162,3591.134991579166,False,-0.07828666364568651,-0.08518696760430511,-0.328575189212409,0.36854432416989447,-0.8915486351675297,0.3726349121055409,0.7199487938079026,0.34961523261897276,1.4825620206038055,3585.720082844603,False,-0.07437340099907369,-0.07966325191194518,-0.27223283106837604,0.3698583973127099,-0.7360461004707354,0.4617026427896642,0.761676898396855,0.36892744149150447,1.5725360390813123,3582.858777428941,False,-0.06140999194018991,-0.06764541934302987,35,0.7976724107377573,False,False,0.8813740651574318,False,False,0.9069985608047941,False,False,3582.858777428941,5.4149087345631415,2.861305415662173,0.05272819581321242,0.7301914649294668,0.07221146554801997,low,-7.828666364568651,-8.518696760430512,-0.15657332729137302,-0.17037393520861022,-7.437340099907369,-7.966325191194517,-0.14874680199814738,-0.15932650382389035,-6.140999194018991,-6.7645419343029864,-0.12281998388037982,-0.13529083868605973
952ba126-0915-47f0-9b6a-a0a6dcd22c6f,Moat,-0.30671721869521124,0.4832149935189147,-0.6347427600737419,0.5255962006068953,0.7358586585600673,0.2854128341406675,1.8972095876772872,3591.686261153313,False,-0.06989205467902646,-0.07609574414577597,-0.2426041776614908,0.48872084848272523,-0.4964064422761496,0.6196076807348119,0.7845820074022672,0.3010445433327705,2.044776894225018,3586.277359569006,False,-0.05506585433849312,-0.05927236911849365,-0.2735518086274127,0.49046641306346517,-0.557738106711123,0.5770232322682856,0.7606729259147709,0.2908737431690364,1.9892593051394163,3583.0953256248313,False,-0.06168143478621777,-0.06796517529850321,18,0.850904528652425,False,False,0.9280871820473942,False,False,0.9310648760323454,False,False,3583.0953256248313,5.408901584306932,3.182033944174691,0.048723348842199976,0.7603711972923684,0.06407837253133812,low,-6.989205467902646,-7.6095744145775965,-0.1397841093580529,-0.15219148829155194,-5.506585433849312,-5.927236911849365,-0.11013170867698624,-0.1185447382369873,-6.1681434786217775,-6.7965175298503215,-0.12336286957243554,-0.13593035059700642
247939d9-87e9-4f01-b223-fb4cfa7dbbe1,Mana Leak,-0.3196066353531031,0.15572018203023597,-2.0524419583008546,0.04012673036073,0.7264347346212274,0.5353587521047649,0.9857080351998159,3587.8417491031305,False,-0.07286207056816142,-0.07936088798800778,-0.27521247374944363,0.16071844792660225,-1.7123888221912715,0.08682503760272405,0.7594107512322372,0.5542049960621849,1.0405981418153825,3583.5708088856086,False,-0.06246565500834657,-0.067308006239712,-0.2766364666261416,0.1608580868269785,-1.7197547980518764,0.08547702231108013,0.7583301253164018,0.5532649286811313,1.0394018293066654,3580.4281981271247,False,-0.06243436043035893,-0.06883680518110125,196,0.4256191596711586,True,False,0.72197609153811,False,False,0.6970950875368337,False,False,3580.4281981271247,4.270940217521911,3.1426107584838974,0.032976016611009795,0.7480585370566222,0.04408213392064232,low,-7.286207056816142,-7.936088798800778,-0.14572414113632284,-0.15872177597601556,-6.246565500834657,-6.7308006239712,-0.12493131001669314,-0.134616012479424,-6.243436043035893,-6.883680518110125,-0.12486872086071786,-0.1376736103622025
db2a5e85-6cbc-43c1-9362-4056ad017ef0,Pyrokinesis,-0.2270999726069763,0.3402359102098463,-0.6674779639424555,0.5044668807066242,0.796841116024269,0.40903180766208,1.552338356804194,3591.6406809747177,False,-0.0519039424809597,-0.056542201533182734,-0.2716986958827672,0.35020823357272474,-0.7758204115048193,0.4378550303239185,0.7620838455010626,0.38361845248130244,1.5139307919553067,3585.9195425053176,False,-0.06161916199481483,-0.06625333387069382,-0.2768096724704522,0.3517339576423665,-0.7869859206255676,0.43129010813975566,0.7581987894811757,0.38052316258883184,1.5107238162841656,3582.784487828093,False,-0.062418185177384,-0.06876621083563694,37,0.846426910556781,False,False,0.901029995682603,False,False,0.8961910321041715,False,False,3582.784487828093,5.721138469400103,3.135054677224616,0.0386423265430933,0.7723745836688357,0.05003055170399241,low,-5.19039424809597,-5.654220153318273,-0.1038078849619194,-0.11308440306636547,-6.1619161994814835,-6.625333387069382,-0.12323832398962967,-0.13250666774138764,-6.2418185177384,-6.876621083563695,-0.124836370354768,-0.13753242167127389
2ae6828e-ff19-45db-8b59-61616353491f,Deceptive Landscape,-0.38943285604702055,0.2175107456712893,-1.7904074341023437,0.07338843608281144,0.6774409721193856,0.44230573956314123,1.0375770189175768,3588.8428923826705,False,-0.08847865164354596,-0.09626862539858905,-0.31597709154667697,0.2260048012123915,-1.39809902201915,0.1620833335288726,0.7290761519833133,0.4681593723043266,1.1354082964834045,3584.5502350847173,False,-0.07159333211975895,-0.0766994333956717,-0.2791228226813158,0.22806882532845474,-1.223853467387905,0.22100751013786424,0.7564469886617362,0.48377385638716786,1.1828089490587588,3581.895494275108,False,-0.06297782033984055,-0.0693124204129898,95,0.5242744212266087,False,False,0.72197609153811,False,False,0.7889922237619357,False,False,3581.895494275108,4.292657297953156,2.654740809609393,0.07900601654235062,0.7209880375881449,0.10958020441870603,low,-8.847865164354596,-9.626862539858905,-0.17695730328709192,-0.1925372507971781,-7.159333211975895,-7.66994333956717,-0.1431866642395179,-0.1533988667913434,-6.2977820339840545,-6.9312420412989795,-0.1259556406796811,-0.1386248408259796
f46a9329-7b91-441d-8653-50c1152c9120,"Kellan, Planar Trailblazer",-0.08998600232060472,0.20667796033733218,-0.4353923474652685,0.6632776640478721,0.913943978276485,0.6095253103049795,1.3704001807733037,3591.8984237244786,False,-0.020622731826577288,-0.02248301687957216,-0.25278310012023936,0.21321580574536367,-1.185573927019883,0.23579060387193096,0.7766363158799463,0.5113576254864991,1.1795345118198508,3585.1175644372743,False,-0.05733698569689289,-0.061742001733697205,-0.27957408820141355,0.21402378391455162,-1.3062757936895122,0.19145878582236853,0.7561057072280348,0.49705196317743333,1.1501731868197602,3581.699159510115,False,-0.06299756937567758,-0.0694736001324045,107,0.894663166034867,False,False,0.8036640164281422,False,False,0.767447845918987,False,False,3581.699159510115,6.780859287204294,3.418404927159372,0.15783827104845016,0.8155620004614889,0.19353313538288539,low,-2.0622731826577287,-2.248301687957216,-0.041245463653154575,-0.04496603375914432,-5.733698569689289,-6.17420017336972,-0.11467397139378578,-0.12348400346739441,-6.299756937567757,-6.94736001324045,-0.12599513875135515,-0.138947200264809
2da5f3f8-5eef-498f-ba2c-2f3fbc3745aa,Ephemerate,-0.25977678847970914,0.2152152271784019,-1.207055801234585,0.22741065485863643,0.7712237126098845,0.5058077443615164,1.175913223002497,3590.6125741128108,False,-0.05938023222447588,-0.06461923606682868,-0.2696216802061346,0.2214507251847698,-1.2175244853281597,0.2234047261952583,0.7636683505463574,0.4947685994523024,1.1787113213566334,3585.023347371154,False,-0.061228925640569365,-0.06575407173121195,-0.2802948385187008,0.2234889189194245,-1.254177790442294,0.20977739055281786,0.755560940143755,0.48756429034879495,1.1708657618516787,3581.814238928804,False,-0.06327621917308038,-0.06964725054035137,102,0.756591837904134,False,False,0.801531607005131,False,False,0.7889922237619357,False,False,3581.814238928804,5.589226741656603,3.2091084423500433,0.01566277246612957,0.7634843344333323,0.020514857685658576,low,-5.938023222447588,-6.461923606682868,-0.11876046444895176,-0.12923847213365736,-6.1228925640569365,-6.575407173121195,-0.12245785128113873,-0.1315081434624239,-6.327621917308038,-6.964725054035137,-0.12655243834616076,-0.13929450108070274
fd6ddbca-b943-49d6-b341-509bb72dd5a6,Primeval Titan,-0.13760202799440036,0.337598089560625,-0.4075912519928231,0.6835737878365555,0.871445433631433,0.4496461748834633,1.6889216148539408,3591.9218667150167,False,-0.03151328884747763,-0.03434858281537778,-0.22810911690637822,0.35034504681677325,-0.6510984498824008,0.5149829370954164,0.7960373939584819,0.4006025827098415,1.5818059092224717,3586.0994832566025,False,-0.05179645642497448,-0.05582209446183273,-0.2829632467865958,0.35193714816386124,-0.8040164224290658,0.4213874906692249,0.7535474826422177,0.3780381898231223,1.5020540884033524,3582.759482941725,False,-0.0637771921072862,-0.07029484093489519,39,0.9056993328965004,False,False,0.9280871820473942,False,False,0.8961910321041715,False,False,3582.759482941725,5.822383458414151,3.3400003148776705,0.1178979509892153,0.8070101034107108,0.14609228619435713,low,-3.151328884747763,-3.434858281537778,-0.06302657769495526,-0.06869716563075556,-5.179645642497448,-5.582209446183272,-0.10359291284994895,-0.11164418892366545,-6.37771921072862,-7.029484093489518,-0.1275543842145724,-0.14058968186979037
e419cd0b-2449-4cc5-9ead-b9e45e271700,"Phlage, Titan of Fire's Fury",-0.0634465538212506,0.26112979017148513,-0.2429694206072197,0.808029086531865,0.9385242784965926,0.562558054315357,1.565754528925077,3592.028911570803,False,-0.014545887705066481,-0.015856690239808346,-0.2843161053783613,0.2698300184573628,-1.0536859723903829,0.2920267133366409,0.7525287287263951,0.44344436006355104,1.2770474462171686,3585.4105382156426,False,-0.06444472915092186,-0.06921544421090059,-0.28829684605840505,0.2708620328166449,-1.0643678741551879,0.28716208119960795,0.7495390614959627,0.44079012211962726,1.2745494431832518,3582.2699892883743,False,-0.06497552445194944,-0.07158144661343868,64,0.9340648192664713,False,False,0.8370586318619759,False,False,0.8437758068728568,False,False,3582.2699892883743,6.618373355160202,3.1405489272683553,0.18898521700062987,0.8135306895729834,0.23230250489975604,low,-1.454588770506648,-1.5856690239808346,-0.029091775410132963,-0.03171338047961669,-6.444472915092186,-6.921544421090059,-0.12888945830184373,-0.13843088842180118,-6.497552445194945,-7.158144661343869,-0.12995104890389889,-0.14316289322687736
aeb4612c-758b-4492-ba03-eb6741b4176e,Sear,-0.2402221691466488,0.3833390454575701,-0.6266571902684978,0.5308839713368716,0.7864531160381257,0.37099499826039756,1.667161300357891,3591.693915985755,False,-0.054878975165758896,-0.05977767638321124,-0.22230308705672921,0.38307885313158063,-0.5803063396464021,0.561708052982282,0.8006726540372266,0.3778954763494533,1.696439198256478,3586.185716956629,False,-0.050494128913414774,-0.05443001381345047,-0.29050094248407365,0.3864791791320566,-0.7516600069801225,0.4522555468415336,0.7478888244384969,0.35063827811241016,1.59519860960725,3582.838712727464,False,-0.06547111992306326,-0.07214719791001328,30,0.8532520695944418,False,False,0.9280871820473942,False,False,0.9069985608047941,False,False,3582.838712727464,5.50819902912599,3.3470042291651225,0.05278382959872974,0.778338198171283,0.06781605955193529,low,-5.48789751657589,-5.977767638321124,-0.10975795033151779,-0.11955535276642248,-5.049412891341477,-5.443001381345047,-0.10098825782682955,-0.10886002762690095,-6.547111992306326,-7.214719791001328,-0.13094223984612652,-0.14429439582002657
1785cb18-c291-4fd5-b8c7-ace893c32e49,Mesmeric Fiend,-0.3412585483668377,0.16945922504563607,-2.013809211478073,0.044029568241843994,0.7108750888510886,0.5099724218874818,0.9909229798715272,3588.000163379514,False,-0.07770548902474048,-0.08463212358783073,-0.33576087369323093,0.17366254157963,-1.9334098800994084,0.053185725097339036,0.7147940114332831,0.5085765900901013,1.0046283858452199,3582.7556174282113,False,-0.07600608809923602,-0.08174284957207872,-0.29843069376254033,0.17444901105244667,-1.710704417079324,0.0871356918942286,0.741981704028316,0.5271075057970118,1.0444488895682207,3580.4586427610975,False,-0.06728588980265456,-0.07418443883615677,165,0.4256191596711586,True,False,0.7094975727985027,False,False,0.6970950875368337,False,False,3580.4586427610975,5.244545951302825,2.2969746671137727,0.031106615177227348,0.7225502681042292,0.043051143360367784,low,-7.770548902474047,-8.463212358783073,-0.15541097804948095,-0.16926424717566146,-7.600608809923602,-8.174284957207872,-0.15201217619847204,-0.16348569914415745,-6.728588980265456,-7.418443883615677,-0.1345717796053091,-0.14836887767231355
ff590af2-2d6c-4f16-a9b8-1a6dab6e9ad5,Echo of Eons,-0.3550787773591458,0.24425043349708653,-1.453748811313292,0.14601596002118689,0.7011182087920526,0.434391261414691,1.1316220798247199,3589.9521724926817,False,-0.08079652732142756,-0.08792235219806205,-0.3086609083036664,0.2538326609399861,-1.2160015466908074,0.2239843328179345,0.7344297668429777,0.4465638339341552,1.2078610971988428,3585.031835863122,False,-0.06994028121894796,-0.07523639823461026,-0.2986124203525761,0.25519168512699747,-1.1701494905837944,0.24194081504304166,0.7418468784744391,0.4498738255495134,1.2233136489548864,3582.025010361702,False,-0.06731350890354725,-0.07420902764155679,80,0.6576051010039601,False,False,0.801531607005131,False,False,0.7982885665347677,False,False,3582.025010361702,4.9203366295596425,3.0068255014202805,0.04072866968238653,0.7257982847031564,0.05611568743103893,low,-8.079652732142756,-8.792235219806205,-0.16159305464285512,-0.1758447043961241,-6.994028121894797,-7.523639823461026,-0.13988056243789593,-0.15047279646922052,-6.731350890354724,-7.420902764155679,-0.1346270178070945,-0.14841805528311358
bdb41396-5008-4a5f-92ca-54ecac42e926,Cave of the Frost Dragon,-0.2746504069473996,0.3420323002413961,-0.8029955263101165,0.4219773203243661,0.7598377107832746,0.3886664666274756,1.485472497121142,3591.4429393020628,False,-0.06266157868933614,-0.06825152018532527,-0.31832933785527157,0.35282374235143876,-0.9022333240210116,0.3669329361664052,0.7273632007275824,0.3642685630328066,1.452382333978751,3585.7099040039566,False,-0.07205268416660096,-0.07725236120377754,-0.30004996538421586,0.35461594830419435,-0.8461265400472878,0.3974821565683564,0.740781206339413,0.36968750027689384,1.4843801731317945,3582.68990012438,False,-0.067589263584938,-0.07446406965304525,37,0.846426910556781,False,False,0.8813740651574318,False,False,0.8807993303358596,False,False,3582.68990012438,5.733035298106188,3.0200038795765067,0.03247451005569213,0.7426607059500899,0.043727249597980695,low,-6.266157868933614,-6.825152018532527,-0.12532315737867228,-0.13650304037065053,-7.205268416660096,-7.725236120377755,-0.14410536833320192,-0.15450472240755508,-6.7589263584938,-7.446406965304525,-0.135178527169876,-0.1489281393060905
f1b8413f-c9fc-4cea-b416-a1fcf651b009,Sylvan Safekeeper,-0.3203721312524389,0.26803361052853203,-1.195268498680823,0.23198214331190425,0.7258788645959965,0.4292490433385408,1.227492837186399,3590.639936019428,False,-0.07302249571804248,-0.07946028582329606,-0.33194135197342317,0.27539330887574226,-1.2053355737963678,0.22807378182704208,0.7175294033039782,0.41823481853051453,1.2310033067421418,3585.0533490204252,False,-0.07515386851449246,-0.08052000370431533,-0.30162613777223307,0.2752830169789051,-1.0956946820854794,0.27321241072021596,0.7396145271417209,0.43120103847593316,1.2686185791493707,3582.1918500954243,False,-0.06799374242023763,-0.07485693573836899,64,0.756591837904134,False,False,0.801531607005131,False,False,0.8245822531691586,False,False,3582.1918500954243,5.586586999002975,2.8614989250008875,0.02208512383774275,0.7276742650138986,0.030350288445779954,low,-7.302249571804248,-7.946028582329606,-0.14604499143608496,-0.15892057164659212,-7.515386851449247,-8.052000370431534,-0.15030773702898492,-0.16104000740863067,-6.799374242023763,-7.485693573836899,-0.13598748484047526,-0.14971387147673798
7a4e1580-dd26-4f4b-ac98-3e6fa7b879d5,Patchwork Automaton,-0.47995036418595843,0.47618196504804566,-1.0079137796357587,0.31349585584099204,0.6188141063857738,0.24334696471986605,1.5736004708455793,3591.0573520279568,False,-0.10843204055723471,-0.11778341294850364,-0.3126028955925652,0.48146799571521615,-0.6492703531170261,0.5161636449031789,0.7315403527958299,0.28471113697114325,1.879628923061366,3586.0972465220993,False,-0.07079581904963561,-0.0760138020458207,-0.30335499840332225,0.4814252113987576,-0.6301186377878695,0.5286169664667544,0.7383369414056259,0.2873804265975887,1.8969330844774681,3583.0042716307453,False,-0.06834508075724391,-0.0753178112864013,19,0.7976724107377573,False,False,0.9280871820473942,False,False,0.9310648760323454,False,False,3583.0042716307453,4.9601055058574275,3.0929748913540607,0.11952283501985206,0.6962304668624099,0.17167136560180488,low,-10.84320405572347,-11.778341294850364,-0.21686408111446942,-0.23556682589700728,-7.079581904963561,-7.60138020458207,-0.14159163809927122,-0.1520276040916414,-6.834508075724391,-7.53178112864013,-0.13669016151448782,-0.1506356225728026
ebeafbc2-0399-4335-8f63-76a3e085e8c6,Evolved Sleeper,-0.3640610832090983,0.19217656617137702,-1.8944093468942518,0.05817069674301945,0.6948487498551097,0.4767671068580933,1.012684764175469,3588.4802786243845,False,-0.08275083783151198,-0.09015093903240334,-0.31886307164229455,0.19424938467290837,-1.6415139341585048,0.10069077701497767,0.7269750859961033,0.4967880187004777,1.0638194879206202,3583.8181672728256,False,-0.07218412001037844,-0.07754749900361085,-0.3062686241773922,0.19517685346700167,-1.5691851709719908,0.11660479850661849,0.7361888347722694,0.5021706599656974,1.0792625767510458,3580.9331391661635,False,-0.068987777989521,-0.07604080825488246,126,0.4707752598500199,False,False,0.72197609153811,False,False,0.726235521158515,False,False,3580.9331391661635,4.662111351558906,2.8850281066620482,0.04134008491715968,0.7193375568744941,0.05746966013672558,low,-8.275083783151198,-9.015093903240334,-0.16550167566302396,-0.1803018780648067,-7.218412001037844,-7.754749900361086,-0.14436824002075688,-0.1550949980072217,-6.898777798952101,-7.604080825488246,-0.137975555979042,-0.15208161650976493
9e7fb3c0-5159-4d1f-8490-ce4c9a60f567,"Urza, Lord High Artificer",-0.3499196035037996,0.15369977372162189,-2.2766435826871634,0.022807518062472918,0.7047447464495118,0.5214347355134316,0.9524972615396335,3586.8405464664784,False,-0.07976041339048967,-0.08677710264438043,-0.2555203240559943,0.1572908033506364,-1.6245089898001368,0.104267223328798,0.7745133951469451,0.5690367279916432,1.0541867857620213,3583.8632529249826,False,-0.058086788486047106,-0.06266730836146345,-0.30656608415070824,0.158758826805857,-1.9310175712346487,0.05348087949140802,0.7359698806277839,0.5391651335942604,1.0046118182391321,3579.641699307102,False,-0.06918717837661377,-0.07626431568358921,201,0.39006703968383166,True,False,0.72197609153811,False,False,0.6258201161538447,False,False,3579.641699307102,2.977293541495783,4.221553617880545,0.06976864869743327,0.7384093407414136,0.09448505706520553,low,-7.976041339048967,-8.677710264438044,-0.15952082678097934,-0.17355420528876087,-5.8086788486047105,-6.266730836146345,-0.11617357697209421,-0.1253346167229269,-6.918717837661377,-7.626431568358921,-0.13837435675322754,-0.15252863136717842
4720b4f2-e6af-4223-9250-a0ed21ed5693,Pest Infestation,-0.28860814067029544,0.1656589053738008,-1.7421830720121325,0.08147641509994293,0.7493057703377418,0.5415609857225668,1.0367422178913444,3589.024807543588,False,-0.06591077625436832,-0.07174195486071577,-0.27843006656896163,0.16876205086880824,-1.6498381308805425,0.098976047555311,0.7569712034923529,0.5437837191501149,1.0537376952223159,3583.779301693954,False,-0.06321122275051705,-0.06797415843302224,-0.30729956894368765,0.17018686190777005,-1.8056597642080243,0.07097150118994423,0.7354302558397338,0.5268360822049295,1.0266146899826663,3580.11692121668,False,-0.06930170133305052,-0.07635661095548402,172,0.5242744212266087,False,False,0.72197609153811,False,False,0.6970950875368337,False,False,3580.11692121668,5.245505849633901,3.6623804772739277,0.021540947652619158,0.7472357432232761,0.028827512398831627,low,-6.591077625436832,-7.174195486071577,-0.13182155250873664,-0.14348390972143155,-6.321122275051705,-6.797415843302224,-0.1264224455010341,-0.13594831686604447,-6.930170133305053,-7.635661095548402,-0.13860340266610105,-0.15271322191096803
1163fe84-c5d5-42c8-b7cd-d206a9b0bd3f,Tireless Provisioner,-0.28727709362312465,0.21137962224608847,-1.3590576545201516,0.17412831985180532,0.7503037956327399,0.4958007467525033,1.1354476358260022,3590.2294750125566,False,-0.06554167278254708,-0.07138159079190037,-0.31950736898658844,0.21729496119131306,-1.4703855406259718,0.1414573652411816,0.7265068487370372,0.4745418375653665,1.1122564112992799,3584.352604402012,False,-0.07234933191131951,-0.07758600964183454,-0.3098584100007085,0.21844497813533884,-1.4184734876749328,0.15605257376867185,0.7335508123306209,0.4780640464171233,1.1255746971639242,3581.3856013377663,False,-0.06980331252954868,-0.07686346315883963,103,0.6872401736162967,False,False,0.72197609153811,False,False,0.7388333550955334,False,False,3581.3856013377663,5.876870610544756,2.967003064245546,0.023796946895702664,0.736787152233466,0.032298265277245386,low,-6.554167278254708,-7.138159079190038,-0.13108334556509416,-0.14276318158380075,-7.234933191131951,-7.758600964183454,-0.14469866382263902,-0.15517201928366908,-6.980331252954867,-7.686346315883963,-0.13960662505909735,-0.15372692631767926
553fb946-2706-475b-89f9-e4355ec9ea2b,March of Otherworldly Light,-0.20305515387777223,0.24809807972448747,-0.8184471000471453,0.41310193658916095,0.8162332217567703,0.5019135475597276,1.3273932842391645,3591.4079572729515,False,-0.046498856277992766,-0.05060396435263115,-0.2869473275198904,0.2539958111414821,-1.1297325189353356,0.2585889503051023,0.7505512611923016,0.4562204618384686,1.2347696843917724,3585.2221632862907,False,-0.06515019962249669,-0.06984470247084956,-0.3107316323856186,0.2548553077737658,-1.219247246996535,0.2227503643025639,0.7329105389320418,0.4447477392587693,1.2077809748350838,3581.8877060925965,False,-0.07010351307837945,-0.07707685612270027,82,0.846426910556781,False,False,0.8332310620942186,False,False,0.7889922237619357,False,False,3581.8877060925965,6.185793986660883,3.3344571936941065,0.08332268282472843,0.7665650072937046,0.10869617322983785,low,-4.649885627799277,-5.060396435263115,-0.09299771255598553,-0.1012079287052623,-6.515019962249669,-6.984470247084956,-0.13030039924499337,-0.13968940494169912,-7.0103513078379445,-7.707685612270026,-0.1402070261567589,-0.15415371224540053
0c3bc412-689f-4385-807b-ed60d6276d76,Grim Monolith,-0.3499975582405856,0.18787890519692305,-1.8628890660914796,0.06247787545444764,0.7046898103995914,0.48760959067359083,1.0184125545910998,3588.5813608620065,False,-0.0796796694681855,-0.08673643861072322,-0.28932420055715125,0.19045706705760118,-1.5191045679058421,0.1287361771267928,0.7487694145869501,0.5154989295834413,1.0875980609192193,3584.1959589242106,False,-0.06562777044894529,-0.07061677441409009,-0.31108560376490596,0.19135092943709042,-1.6257334347946304,0.10400637419021078,0.7326511554875479,0.5035192045419665,1.0660521203466842,3580.7396009300255,False,-0.07011311841889852,-0.07725508305907786,128,0.4933882448154742,False,False,0.72197609153811,False,False,0.6970950875368337,False,False,3580.7396009300255,4.385401937795905,3.456357994185055,0.04407960418735868,0.7287034601580298,0.06049045544232682,low,-7.9679669468185494,-8.673643861072321,-0.159359338936371,-0.17347287722144644,-6.562777044894529,-7.061677441409008,-0.13125554089789057,-0.14123354882818018,-7.011311841889851,-7.725508305907786,-0.14022623683779703,-0.1545101661181557
6aa5cc65-f8f1-4f6f-8b4e-2fedccbda684,"Rofellos, Llanowar Emissary",-0.21044969479174264,0.22820651954448368,-0.922189669303993,0.3564296507360565,0.8102198124045853,0.5180236024947922,1.267232113076394,3591.2329609166554,False,-0.04813688757624002,-0.05243679685826713,-0.3265983819585588,0.2517509387064252,-1.297307504141685,0.1945254034331123,0.7213734014293233,0.4404183440595602,1.1815574698662819,3584.82842137324,False,-0.07394378443257155,-0.07919745000810352,-0.31469003193106493,0.25344588779381166,-1.2416458387641223,0.2143672612940053,0.7300151205798988,0.4442161671819118,1.199690861447297,3581.853792446965,False,-0.07088685426376243,-0.07801515251683827,87,0.8081929741753929,False,False,0.7677422727212183,False,False,0.7889922237619357,False,False,3581.853792446965,6.404539543415467,2.974628926274818,0.08884641097526202,0.7538694448046025,0.11785384271449066,low,-4.813688757624002,-5.243679685826713,-0.09627377515248003,-0.10487359371653426,-7.394378443257155,-7.919745000810352,-0.1478875688651431,-0.15839490001620704,-7.088685426376243,-7.801515251683827,-0.14177370852752486,-0.15603030503367654
9b76bcd4-580a-4435-afe9-290940b1837f,Spell Queller,-0.4131022167607912,0.39558990403601774,-1.044268856576226,0.2963610174721699,0.6615946533090541,0.3046906045128849,1.4365637758568215,3590.983803752903,False,-0.09369487093023558,-0.10187550845884175,-0.3533929301533639,0.40257000225137535,-0.8778421844077097,0.3800293681968978,0.7023011838426834,0.31904276214625316,1.5459587595995459,3585.744497332709,False,-0.07989964759036096,-0.08547217264886431,-0.3169343146805827,0.40508671982367905,-0.7823863364825532,0.4339875612738342,0.7283785973352418,0.3292610803786627,1.611290895498243,3582.7874831748522,False,-0.07137031235570843,-0.07856133107849472,28,0.788790461572665,False,False,0.895687592181381,False,False,0.8961910321041715,False,False,3582.7874831748522,5.2393064201937705,2.9570141578569746,0.0667839440261877,0.6974248114956598,0.09575791243068402,low,-9.369487093023558,-10.187550845884175,-0.18738974186047117,-0.2037510169176835,-7.989964759036096,-8.54721726488643,-0.15979929518072192,-0.17094434529772862,-7.137031235570842,-7.856133107849472,-0.14274062471141685,-0.15712266215698945
85a89077-b384-4fca-9d26-7297962c1541,Kappa Cannoneer,-0.40217848699242637,0.1843228423724883,-2.1819242900979416,0.02911512082256585,0.668861351984486,0.46605517152104414,0.9599196307991484,3587.232319081103,False,-0.09147442403954496,-0.09940093256454668,-0.2888702869560325,0.1887548370455948,-1.5303993872551953,0.12591790056720775,0.749109368357316,0.517456524724744,1.0844676198820822,3584.148347702414,False,-0.06560666008484785,-0.07066507148992951,-0.31870419353348983,0.19053112731610256,-1.672714574373669,0.09438349871561379,0.7270905955986451,0.500501239817018,1.0562625866846393,3580.5661643265053,False,-0.07190192700347382,-0.07921063914891208,143,0.39632215487043715,True,False,0.72197609153811,False,False,0.6970950875368337,False,False,3580.5661643265053,3.083971378689057,3.5821833759086985,0.08024801637282997,0.7150204386468157,0.11223177973024134,low,-9.147442403954496,-9.940093256454668,-0.18294884807908993,-0.19880186512909337,-6.560666008484785,-7.066507148992951,-0.1312133201696957,-0.14133014297985902,-7.1901927003473824,-7.921063914891207,-0.14380385400694765,-0.15842127829782415
07246783-d475-4f61-99ac-e2b574072349,Voice of Resurgence,-0.1861221853956874,0.2603006110530815,-0.7150278466220452,0.474591836596605,0.8301721538716383,0.4984203991565147,1.3827399645564187,3591.5711987574186,False,-0.042615417548023844,-0.046406245062353246,-0.2818646622723078,0.2683699024439584,-1.0502841775678156,0.2935874775491587,0.754375773127675,0.44580677040170164,1.2765234735425752,3585.405731306151,False,-0.0639600241453256,-0.06863562943436935,-0.3203187337485079,0.2695971873831777,-1.1881382623374321,0.2347789420224884,0.7259176257503874,0.4279584271181622,1.2313261428769184,3581.9733294934504,False,-0.07218111549881359,-0.07941209135462629,69,0.846426910556781,False,False,0.8370586318619759,False,False,0.7901700765835511,False,False,3581.9733294934504,6.165467451267432,3.4324018127008458,0.10425452812125091,0.7701551842499003,0.13536820923018336,low,-4.261541754802384,-4.640624506235325,-0.08523083509604769,-0.09281249012470649,-6.3960024145325605,-6.863562943436935,-0.1279200482906512,-0.1372712588687387,-7.2181115498813595,-7.941209135462629,-0.14436223099762718,-0.15882418270925258
74b4c336-5d4c-4bc5-b82a-35084a6ad808,Spellseeker,-0.4714641808879128,0.26347155607716105,-1.7894310410867973,0.07354542394344654,0.6240878215276778,0.3723695771980466,1.0459651723159242,3588.812776314509,False,-0.10666119192893937,-0.11587870634190184,-0.3456472922783036,0.2682224419337425,-1.2886591061745942,0.1975166252099485,0.7077620762373201,0.41838079076100587,1.1972996074906073,3584.8345277392223,False,-0.07823414232462071,-0.08399058288251482,-0.3208782806087807,0.27060674793498823,-1.1857733890873627,0.23571180318481033,0.7255115544406401,0.4268735239096646,1.2330748714653574,3581.977534040447,False,-0.07229792704775873,-0.07965514625602105,66,0.5242744212266087,False,False,0.7700821625091218,False,False,0.7901700765835511,False,False,3581.977534040447,3.9782485752866705,2.8569936987751134,0.10142373291296225,0.6857871507352127,0.14789389507258743,low,-10.666119192893937,-11.587870634190184,-0.21332238385787874,-0.23175741268380368,-7.8234142324620715,-8.399058288251481,-0.15646828464924142,-0.16798116576502964,-7.229792704775873,-7.965514625602105,-0.14459585409551745,-0.1593102925120421
39b41cb3-ca3d-4389-8f66-e1f77f5fb683,Fact or Fiction,-0.37729859809220007,0.3343102451176216,-1.1285882009372872,0.25907159038842364,0.6857112912403222,0.35609893532514647,1.3204194910190903,3590.8222255822393,False,-0.08567058482986718,-0.09326757482434356,-0.35139643099219897,0.3367582909862314,-1.043467793957198,0.29673168934430827,0.7037047281884533,0.36369390649903643,1.3615854861073868,3585.4401662936843,False,-0.07940182061650353,-0.08507093141712407,-0.3233407589608034,0.3412207457633573,-0.9475999421941537,0.34333315562278743,0.7237271958175945,0.37078480664536323,1.4126281459719265,3582.51078156321,False,-0.07275235514111236,-0.08016233217824292,39,0.7714631446865359,False,False,0.8370586318619759,False,False,0.8692433175606691,False,False,3582.51078156321,5.382059288554956,2.9293847304743394,0.03801590457727233,0.70438107174879,0.053970650407866576,low,-8.567058482986718,-9.326757482434356,-0.17134116965973437,-0.18653514964868712,-7.9401820616503525,-8.507093141712406,-0.15880364123300705,-0.17014186283424815,-7.275235514111237,-8.016233217824292,-0.14550471028222473,-0.16032466435648585
4dea7bcc-3ff8-40b0-8264-0cd678d6ff31,Scourge of the Skyclaves,-0.3450056839077755,0.3405868948010621,-1.0129740432593404,0.31107255934385547,0.7082163280200663,0.36328922542186387,1.3806365071570332,3591.0447347069594,False,-0.0785385776043197,-0.08544106025695564,-0.35854317814267156,0.3442512737425655,-1.041515908553453,0.29763617377300633,0.6986934569015142,0.3558394351691665,1.371889955043657,3585.420373612289,False,-0.0810712282523394,-0.08667464675564357,-0.32531282136544737,0.3461582011994529,-0.9397807714456125,0.3473300239261111,0.7223013669973011,0.36649042052585895,1.4235549841045796,3582.508723172921,False,-0.07325450834324124,-0.08063129952992992,38,0.7976724107377573,False,False,0.8370586318619759,False,False,0.8692433175606691,False,False,3582.508723172921,5.624361094670348,2.911650439368259,0.023607910095786888,0.7097370506396272,0.03326289655374626,low,-7.85385776043197,-8.544106025695564,-0.1570771552086394,-0.17088212051391127,-8.10712282523394,-8.667464675564357,-0.1621424565046788,-0.17334929351128714,-7.325450834324124,-8.063129952992993,-0.14650901668648247,-0.16126259905985985
e2312c49-1627-47ad-8113-78a999a97d8d,Contaminated Landscape,-0.41947571440108433,0.20759424823416314,-2.0206519109716474,0.04331581117481884,0.657391390319283,0.43763920499856074,0.9874879469889839,3587.9345489098278,False,-0.09521252549216497,-0.10352630943684266,-0.3263366861270675,0.20978830894012626,-1.555552298294202,0.11981458929363048,0.7215622065451043,0.47829777908901977,1.088552029043265,3584.0707983755947,False,-0.07394411098844701,-0.07941027802331907,-0.3284545825683868,0.21259122244693873,-1.5450053806918898,0.12234496187810964,0.7200356296521763,0.4746709847830575,1.0922329878780301,3580.9867834832485,False,-0.07400665122016427,-0.08149565081614596,109,0.4256191596711586,True,False,0.72197609153811,False,False,0.7364430434387094,False,False,3580.9867834832485,3.863750534233077,3.084014892346204,0.06417081622582133,0.6996630755055212,0.09171673977429289,low,-9.521252549216497,-10.352630943684266,-0.19042505098432994,-0.2070526188736853,-7.394411098844701,-7.941027802331907,-0.14788822197689402,-0.15882055604663814,-7.400665122016427,-8.149565081614597,-0.14801330244032854,-0.16299130163229192
1b6ef5f5-4058-4f89-a573-9e2da87a9f2e,Steel Seraph,-0.33901595474744245,0.33261313192665115,-1.0192500602237293,0.3080842661455008,0.7124710817023415,0.3712284293464817,1.3673926944542494,3591.028098459493,False,-0.07721200158035271,-0.0839866476069151,-0.3223239473103546,0.3408911812456727,-0.9455332523784559,0.3443867027337246,0.7244634643218089,0.37140184493841233,1.4131521377450065,3585.6137022108946,False,-0.07300758915685017,-0.07819510173629385,-0.32968243604970565,0.3407897530340884,-0.9674071274576389,0.3333405484013242,0.7191520739471142,0.3687522196352036,1.402512792937402,3582.452820519411,False,-0.07423911740120105,-0.08169293728228677,42,0.7976724107377573,False,False,0.8732266834816466,False,False,0.8692433175606691,False,False,3582.452820519411,5.414396248598223,3.1608816914836098,0.011992382619467334,0.7186955399904216,0.016686318409082048,low,-7.721200158035272,-8.39866476069151,-0.15442400316070543,-0.1679732952138302,-7.300758915685017,-7.819510173629385,-0.14601517831370034,-0.1563902034725877,-7.423911740120105,-8.169293728228677,-0.1484782348024021,-0.16338587456457354
054f2276-2dd5-43da-bb26-c57c560861fe,Steam Vents,-0.40348190114796517,0.15510450289090777,-2.6013551742708128,0.009285626258940454,0.667990116543864,0.49288138768670503,0.9053107034423347,3585.263806693267,False,-0.09156364683712354,-0.0997914296421537,-0.3420323807895874,0.15997019448996525,-2.1381006748169122,0.03250857318715071,0.7103252034458283,0.5191440081313046,0.9719112360875809,3581.913369776663,False,-0.07739881454973238,-0.08343212787542947,-0.3340032986401724,0.16074152378569465,-2.07789058342806,0.0377194380315794,0.7160514202273325,0.5225384625794824,0.9812285087656862,3579.0537145359863,False,-0.07519124485668964,-0.08298693313436245,197,0.30967563573566415,True,False,0.6441593542775871,True,False,0.5743228886625202,True,False,3579.0537145359863,3.3504369166039396,2.8596552406766023,0.048061303683468504,0.6981222467390081,0.06884367875105997,low,-9.156364683712354,-9.97914296421537,-0.18312729367424707,-0.1995828592843074,-7.739881454973238,-8.343212787542948,-0.15479762909946476,-0.16686425575085895,-7.519124485668964,-8.298693313436246,-0.15038248971337928,-0.1659738662687249
d2e27911-87cb-49a0-a34f-6afe4bddd592,Phyrexian Metamorph,-0.3855651021882022,0.1563423360554542,-2.466159275319024,0.013657059113048828,0.6800662206883594,0.5005758812362981,0.9239159972692109,3585.9699805327405,False,-0.08752169249252859,-0.09544476025128407,-0.33615472400352264,0.15872786494959942,-2.117805365241076,0.034191554772935485,0.7145125450215406,0.5234774425395351,0.9752629922627506,3582.0192214670346,False,-0.07603448521993587,-0.0818954335576556,-0.3342111286391628,0.15940847147557025,-2.0965706875269894,0.036031596367877866,0.7159026187246332,0.5237966551167209,0.9784647429307856,3578.989512245984,False,-0.0751891641169748,-0.08297093283899781,196,0.37932307710689067,True,False,0.6441593542775871,True,False,0.5743228886625202,True,False,3578.989512245984,3.9507590657058245,3.02970922105078,0.03583639803627381,0.7034937948115111,0.05094060288886492,low,-8.752169249252859,-9.544476025128407,-0.17504338498505717,-0.19088952050256813,-7.603448521993587,-8.189543355765561,-0.15206897043987175,-0.1637908671153112,-7.51891641169748,-8.29709328389978,-0.1503783282339496,-0.16594186567799563
1b406cc5-75c9-430a-83a2-de0f2a8aeae6,"Mole Man, Moloid Master",-0.5058783305081261,0.5702228556527983,-0.887158986163384,0.3749933102816059,0.6029757307917356,0.19720428110583502,1.8436705830372047,3591.2285245605153,False,-0.11424920250510547,-0.12388327074151367,-0.3401271076259014,0.5752071498840776,-0.5913123779745223,0.5543111374682452,0.7116798570762574,0.2304933836262851,2.1974089277516384,3586.1526196547243,False,-0.07700533646755028,-0.08241435963568522,-0.3346894272069638,0.5758947983744003,-0.5811641781653596,0.5611298079084386,0.7155602854027073,0.23143800645234638,2.2123700851659014,3583.0479548120447,False,-0.07537051462956595,-0.08291592845197354,20,0.8178094748706342,False,False,0.9280871820473942,False,False,0.9310648760323454,False,False,3583.0479548120447,5.075904905791049,3.10466484267954,0.11258455461097172,0.6767386244235668,0.16636342385048455,low,-11.424920250510546,-12.388327074151368,-0.22849840501021093,-0.24776654148302735,-7.700533646755028,-8.241435963568522,-0.15401067293510057,-0.16482871927137044,-7.537051462956596,-8.291592845197354,-0.1507410292591319,-0.16583185690394708
07a3d9e8-8597-498b-869c-cff79e0df516,"Karn, Scion of Urza",-0.3823138569663324,0.19247768840313018,-1.986276228367854,0.04700266067964019,0.6822808809899332,0.46786750775353725,0.9949551803661876,3588.075338205982,False,-0.08698419086342732,-0.09458028811677915,-0.3064074141710618,0.19679047832466157,-1.5570235754270392,0.11946488818830735,0.7360866662187022,0.5005154799733866,1.0825311141501015,3584.0679069115145,False,-0.06951112724101045,-0.07472188173953198,-0.33918080865117,0.1978571580811336,-1.7142711031565763,0.08647894763887105,0.7123536377440434,0.48336614975762915,1.0498205252097557,3580.4259651741013,False,-0.07642401664134028,-0.08415738255868094,128,0.43542742601833345,True,False,0.72197609153811,False,False,0.6970950875368337,False,False,3580.4259651741013,4.007431294467551,3.6419417374131626,0.053805785228769,0.7102403949842263,0.07575714590264043,low,-8.698419086342732,-9.458028811677915,-0.17396838172685464,-0.1891605762335583,-6.951112724101045,-7.472188173953198,-0.1390222544820209,-0.14944376347906396,-7.642401664134028,-8.415738255868094,-0.15284803328268057,-0.16831476511736188
b3da28c7-6e92-439d-a163-91682d4f11dc,Shattered Landscape,-0.31223187502648597,0.2165627749564829,-1.441761517367088,0.14936966249768568,0.7318118196684162,0.47869342684428506,1.1187714503140818,3590.004142984125,False,-0.07112543964626838,-0.07749347786301375,-0.3309609535957693,0.21712622510765503,-1.5242790382952267,0.12743902117707334,0.7182332129174239,0.46929282041020276,1.099226166909564,3584.1938671700427,False,-0.0748622513515531,-0.0802853399248672,-0.34477903389882436,0.21797535752484645,-1.5817339988054562,0.11371030777820501,0.7083768634491423,0.462083007258867,1.085947270917342,3580.897251490916,False,-0.0775060391408557,-0.08539488560441022,93,0.6576051010039601,False,False,0.72197609153811,False,False,0.7223311932196451,False,False,3580.897251490916,5.810275814082161,3.2966156791267167,0.02343495621927394,0.7194739653449941,0.03257234778194743,low,-7.1125439646268385,-7.749347786301374,-0.14225087929253677,-0.1549869557260275,-7.486225135155309,-8.02853399248672,-0.1497245027031062,-0.1605706798497344,-7.75060391408557,-8.539488560441022,-0.1550120782817114,-0.17078977120882044
61a28870-cf78-4323-9d82-cee764067764,Lightning Greaves,-0.4249512258754139,0.25408959241543105,-1.6724464069375486,0.09443632756603366,0.6538016729564419,0.39733845619110086,1.0757997895755047,3589.2787739052656,False,-0.0962754469433637,-0.10478254304870177,-0.33532193454508996,0.2639883609438844,-1.270214843359586,0.20400811173548405,0.7151078313766486,0.42624579224671083,1.199728466058915,3584.9049648249347,False,-0.07585248358714729,-0.08137461621585534,-0.34749268144793094,0.2656586746486622,-1.3080419147144187,0.19085909302858162,0.7064571841543309,0.4197131892307478,1.1891019054178054,3581.6896564345625,False,-0.07812738167555862,-0.08610186568482686,69,0.5624020579155755,False,False,0.7768299867232942,False,False,0.767447845918987,False,False,3581.6896564345625,4.37380908033083,3.215308390372229,0.0613061584202067,0.6917888961624737,0.08861974911752316,low,-9.62754469433637,-10.478254304870177,-0.1925508938867274,-0.20956508609740354,-7.585248358714729,-8.137461621585535,-0.15170496717429457,-0.1627492324317107,-7.812738167555862,-8.610186568482685,-0.15625476335111724,-0.17220373136965372
54e0c2cd-fa5f-427d-8e15-6066f002a8e3,Chainsaw,-0.11955807534218738,0.23192891520190234,-0.5154944791515444,0.6062075265247651,0.8873124753470492,0.5631897076142657,1.3979719768702756,3591.821676310834,False,-0.027394930201392546,-0.029857109224267764,-0.32543673876537854,0.23766397896824523,-1.3693145262406838,0.17090097920279346,0.7222118668353642,0.45327415515381014,1.150716348301019,3584.641372059496,False,-0.07365963198670064,-0.07892631062744238,-0.34926897472460217,0.23888333700660477,-1.4620901528805477,0.143716506799395,0.7052034228613965,0.4415428027096664,1.1263050027393013,3581.2594870714647,False,-0.0785335170878668,-0.08644485519027661,84,0.8847711601575893,False,False,0.72197609153811,False,False,0.7388333550955334,False,False,3581.2594870714647,7.18030425133793,3.3818849880312882,0.18210905248565268,0.77157592168127,0.2360222077547931,low,-2.7394930201392547,-2.9857109224267764,-0.05478986040278509,-0.05971421844853553,-7.365963198670064,-7.892631062744238,-0.14731926397340128,-0.15785262125488475,-7.853351708786679,-8.644485519027661,-0.1570670341757336,-0.17288971038055323
af7091c9-5f98-4078-a42b-c9e057346d9b,Hallowed Fountain,-0.40543683608011116,0.17146799547670388,-2.3645044368364063,0.0180542110944209,0.6666855149518072,0.476392060520267,0.9329911488473419,3586.453432355296,False,-0.09198132677205575,-0.10021488038251647,-0.3619088868902576,0.1758598824031564,-2.057938865559948,0.03959600228692814,0.69634581118378,0.4933214660919468,0.9829239594913957,3582.25831390636,False,-0.08180034637404154,-0.08774791877502008,-0.3516501823868137,0.17685311666724268,-1.9883742453261923,0.04677031499985065,0.7035261847860551,0.4974390258229562,0.9949944957792279,3579.424277676531,False,-0.07908240194395948,-0.08713044021750327,158,0.37932307710689067,True,False,0.6441593542775871,True,False,0.6116823549980467,True,False,3579.424277676531,4.195118448936228,2.834036229829053,0.03684066983424794,0.6888525036405474,0.05348121642811347,low,-9.198132677205576,-10.021488038251647,-0.1839626535441115,-0.20042976076503294,-8.180034637404155,-8.774791877502008,-0.1636006927480831,-0.17549583755004017,-7.9082401943959475,-8.713044021750328,-0.15816480388791895,-0.17426088043500654
a1176dcf-40ee-4342-aa74-791b8352e99a,Scrawling Crawler,-0.2907906720737646,0.22105033839226454,-1.3154952586308302,0.18834350978500136,0.7476721703033303,0.48478521814222597,1.153116170473022,3590.3380244695863,False,-0.0663721059945394,-0.07223955875152022,-0.3205692761208272,0.22313540490697079,-1.4366580518877243,0.1508151797572753,0.7257357754078829,0.46864268351728494,1.1238677871889895,3584.4375914994034,False,-0.072626028444945,-0.07801777710611629,-0.3534799344246056,0.22441738324159152,-1.5751005083419705,0.11523324674584476,0.7022400832980337,0.4523323844463126,1.090218502029364,3580.8973313513943,False,-0.07952453655598654,-0.08760397007338294,95,0.7112132345970782,False,False,0.72197609153811,False,False,0.7250997696177213,False,False,3580.8973313513943,5.900432970182919,3.5402601480091107,0.04543208700529666,0.725216009669749,0.06264628248621491,low,-6.637210599453939,-7.223955875152022,-0.1327442119890788,-0.14447911750304043,-7.2626028444945,-7.8017777106116295,-0.14525205688989,-0.15603555421223259,-7.952453655598654,-8.760397007338295,-0.15904907311197308,-0.17520794014676588
5a10b543-d5d4-42a8-9ee8-dada59a2ad7e,"Saheeli, Sublime Artificer",-0.4085776291873413,0.18643119242832176,-2.191573329899874,0.028410329455100802,0.6645948785285943,0.46117266282988756,0.9577461722386648,3587.185023751461,False,-0.09289620446970001,-0.10094151493058412,-0.3292709925557203,0.19053428342375386,-1.7281456472765686,0.08396211541655792,0.7194480252685737,0.49523732440546225,1.0451665000901158,3583.491327807237,False,-0.07467182588887113,-0.08025577216702845,-0.3544013658893506,0.19214366815886363,-1.8444602899760036,0.06511608787838381,0.7015933152114712,0.481425899127242,1.0224484823973385,3579.9488500350712,False,-0.07984594866512025,-0.08790361586067985,138,0.39632215487043715,True,False,0.72197609153811,False,False,0.6970950875368337,False,False,3579.9488500350712,3.693695944223691,3.5424777721659666,0.05485314673997932,0.6952120730028798,0.07890131496573147,low,-9.289620446970002,-10.094151493058412,-0.18579240893940002,-0.20188302986116824,-7.467182588887113,-8.025577216702844,-0.14934365177774225,-0.1605115443340569,-7.984594866512025,-8.790361586067984,-0.1596918973302405,-0.1758072317213597
a7a8b6b8-b95f-4014-b17a-a6d44d965995,City of Traitors,-0.3528415726182088,0.19791456324513437,-1.7827974194156895,0.0746192860028588,0.7026885096600353,0.4767542516387178,1.0356932107286565,3588.89061416772,False,-0.08025527732390615,-0.08741627897865922,-0.3510900864408661,0.20072461315495263,-1.7491132797443052,0.08027144017705337,0.7039203373213363,0.4749668208522378,1.043238852780277,3583.4467877850175,False,-0.07937119959933875,-0.08526257135312387,-0.35572222578922885,0.20185906368911435,-1.7622306340283094,0.07803033825490097,0.7006672204907199,0.4717217449617722,1.0407291143849557,3580.281232469938,False,-0.0799600401614534,-0.08818323329616506,118,0.5242744212266087,False,False,0.72197609153811,False,False,0.6970950875368337,False,False,3580.281232469938,5.443826382702355,3.165555315079473,0.003253116830616354,0.7024253558240305,0.004631263384278108,low,-8.025527732390616,-8.741627897865921,-0.1605105546478123,-0.17483255795731845,-7.937119959933875,-8.526257135312388,-0.1587423991986775,-0.17052514270624775,-7.99600401614534,-8.818323329616506,-0.1599200803229068,-0.17636646659233013
1f123ad6-fe84-4fed-9c0f-6b41921e9c26,Deceiver Exarch,-0.34561709876325686,0.4800241919003478,-0.7199993346064658,0.47152540524307684,0.7077834463848368,0.27624572126932884,1.8134485655543717,3591.5803674385775,False,-0.07859388689658842,-0.08557128419312149,-0.3826891965116796,0.4861356602251653,-0.7872065923623623,0.43116093875134043,0.6820248420480393,0.2630226600702494,1.7685087856932795,3585.917226491507,False,-0.08633605863521132,-0.09227851004555992,-0.35851319907324114,0.48616989803082133,-0.7374236877382991,0.460864734755304,0.6987144033951458,0.26944090227915213,1.8119068537190275,3582.8731692031174,False,-0.08052828148292468,-0.08866767813103493,20,0.846426910556781,False,False,0.901029995682603,False,False,0.9069985608047941,False,False,3582.8731692031174,5.663140947070588,3.0440572883894674,0.025758604336797553,0.6961742306093406,0.037000226673503576,low,-7.859388689658841,-8.557128419312148,-0.15718777379317683,-0.17114256838624298,-8.633605863521133,-9.227851004555992,-0.17267211727042264,-0.18455702009111985,-8.052828148292468,-8.866767813103493,-0.16105656296584936,-0.17733535626206987
2616aa0e-8413-4e63-877c-bffd5263f552,Porcelain Legionnaire,-0.3128817025038875,0.18889232612055273,-1.6564024009329192,0.0976403552135675,0.7313364227194376,0.5050435268190542,1.0590234995481682,3589.3257822228716,False,-0.07132093583408017,-0.07767283580025891,-0.3655308418518122,0.1922920995813502,-1.9009145079159762,0.057313211488942147,0.6938282400349033,0.4759590979918888,1.0114264622758304,3582.88351290655,False,-0.08261338237468044,-0.08845883201401922,-0.35962607312911776,0.19254646761704963,-1.8677365395472647,0.06179880284347444,0.6979372547776145,0.47853919957460067,1.0179237396634109,3579.8912631187245,False,-0.08085351036092661,-0.08903350039876301,136,0.5763373179420311,False,False,0.7101588771085645,False,False,0.6869966916099575,False,False,3579.8912631187245,6.442269316321472,2.9922497878255854,0.037508182684534264,0.7077006391773185,0.05300006896720687,low,-7.132093583408016,-7.767283580025891,-0.14264187166816034,-0.15534567160051782,-8.261338237468044,-8.845883201401922,-0.16522676474936088,-0.17691766402803843,-8.08535103609266,-8.903350039876301,-0.16170702072185322,-0.17806700079752602
05e8a4ea-8c0d-4284-ac23-80e19fdde11d,Myr Battlesphere,-0.4606562447868272,0.2032578899563976,-2.266363410963511,0.023429141895441,0.6308695048092524,0.4235677890513685,0.9396284193130751,3586.8637077208964,False,-0.10429216859592916,-0.11340135796313833,-0.3420144783979487,0.20705008512083561,-1.6518441815580374,0.09856631939905544,0.71033792007964,0.4733914488956098,1.0658831330397283,3583.7598324970463,False,-0.0774379714365319,-0.0832290327120192,-0.35981381580802513,0.2092290440282971,-1.719712564185698,0.08548470284523219,0.6978062344671302,0.46305810217822396,1.0515603518665617,3580.4117475300654,False,-0.08094906095547545,-0.08920551042868413,112,0.39068094110647866,True,False,0.72197609153811,False,False,0.6970950875368337,False,False,3580.4117475300654,3.103875223850082,3.3480849669808777,0.07946841527038762,0.6796712197853408,0.11692184832467374,low,-10.429216859592916,-11.340135796313833,-0.20858433719185832,-0.22680271592627665,-7.7437971436531905,-8.32290327120192,-0.1548759428730638,-0.1664580654240384,-8.094906095547545,-8.920551042868412,-0.1618981219109509,-0.17841102085736826
f9287151-95df-4f5a-b32a-4b0aea825452,Karn Liberated,-0.4216266159375528,0.4714897878469112,-0.8942433681606089,0.37119169304749366,0.6559789257484413,0.26034526147935183,1.6528372691746003,3591.287972757212,False,-0.09555561423257068,-0.10390477194522058,-0.3606455870463371,0.4771259206516361,-0.7558708748285659,0.4497266177615534,0.69722606063079,0.2736754423872298,1.7762798714504366,3585.9513719995966,False,-0.08149002163198696,-0.08716188533790636,-0.35996792650733217,0.4822408790346007,-0.7464483874281934,0.45539659865858084,0.6976987033464166,0.27112913751292866,1.7953934612728921,3582.8476152706576,False,-0.08088968999390675,-0.08903773587052727,19,0.8171117467415124,False,False,0.9022995490595991,False,False,0.9069985608047941,False,False,3582.8476152706576,5.3366007576155425,3.103756728939061,0.041719777597975294,0.6836345632418827,0.06102643113907928,low,-9.555561423257068,-10.390477194522058,-0.19111122846514136,-0.20780954389044115,-8.149002163198697,-8.716188533790636,-0.16298004326397392,-0.17432377067581273,-8.088968999390675,-8.903773587052727,-0.1617793799878135,-0.17807547174105454
99ff731b-8399-40c8-b539-ba6ba5783771,Wasteland,-0.18824489506133685,0.17946003619936482,-1.0489516164602397,0.2942003873641287,0.8284118084285998,0.5827560810595506,1.1776215583991736,3590.983882477527,False,-0.04308094890169054,-0.04694319583427381,-0.3419756398878625,0.1884404013918904,-1.8147681567323364,0.06955954590518586,0.710365509081868,0.49099623137914244,1.0277454779555721,3583.213845622378,False,-0.07734893818587713,-0.08285206264424821,-0.36020324333838394,0.18958971638244715,-1.8999091839547304,0.05744503859787928,0.6975345424141889,0.48104277310875304,1.0114577435943992,3579.776672687961,False,-0.0809536969859294,-0.08914128846324648,144,0.788790461572665,False,False,0.72197609153811,False,False,0.6606179438756117,False,False,3579.776672687961,7.770036855149101,3.437172934417049,0.13087726601441096,0.7454372866415522,0.17557112900007651,low,-4.308094890169055,-4.694319583427381,-0.08616189780338109,-0.09388639166854762,-7.734893818587713,-8.285206264424822,-0.15469787637175425,-0.16570412528849643,-8.09536969859294,-8.914128846324648,-0.1619073939718588,-0.17828257692649296
6171e136-1167-4329-acb2-6853d3a814e5,Goblin Welder,-0.4825631185237538,0.33591289714669476,-1.4365721668406681,0.1508395969352864,0.6171994074693842,0.31951457216283324,1.1922307830968792,3589.993728988861,False,-0.10901613717197127,-0.11844958559046126,-0.32121592796178267,0.3436101016172018,-0.9348267889971195,0.34987757140429043,0.7252666287362957,0.3698374378204754,1.4222780848212715,3585.6402717459473,False,-0.0727325147171074,-0.07816502669360015,-0.3624857209016042,0.3435000689687774,-1.05527117356868,0.2913013209486466,0.6959442510641323,0.3549615319507043,1.3644813789469423,3582.2791987009314,False,-0.08147687969732555,-0.08979507108272472,40,0.6576051010039601,False,False,0.8732266834816466,False,False,0.8521841275120494,False,False,3582.2791987009314,4.353457242913919,3.361073045015928,0.10806722126691148,0.6794700957566041,0.1590463243957431,low,-10.901613717197128,-11.844958559046127,-0.21803227434394254,-0.23689917118092252,-7.27325147171074,-7.816502669360014,-0.1454650294342148,-0.1563300533872003,-8.147687969732555,-8.979507108272472,-0.1629537593946511,-0.17959014216544944
64bc9b1d-5818-4d9e-b771-e49af4ff9a5c,The Tabernacle at Pendrell Vale,-0.3523810091301124,0.3468875220390339,-1.01583650821104,0.30970724764906676,0.7030122168692282,0.3561937151913901,1.387520767461686,3591.030291753361,False,-0.08021851069435779,-0.08723139872981134,-0.3175404909184455,0.3524267087245634,-0.9010114246665029,0.36758224532049466,0.7279372053315573,0.3648398313168449,1.452397817950236,3585.6943683466097,False,-0.07194362902497359,-0.07715316054122612,-0.3631944416667819,0.3539799967237163,-1.0260309764064368,0.30487698320332646,0.6954511956619359,0.3474983941130891,1.3918118004027884,3582.3284035189927,False,-0.08167416719414594,-0.08987548360397213,39,0.7976724107377573,False,False,0.8813740651574318,False,False,0.8580293155975474,False,False,3582.3284035189927,5.335923406751135,3.365964827617063,0.03248600966962134,0.7088002059542404,0.04583239310136235,low,-8.021851069435778,-8.723139872981134,-0.16043702138871557,-0.17446279745962268,-7.1943629024973585,-7.715316054122612,-0.14388725804994718,-0.15430632108245224,-8.167416719414595,-8.987548360397213,-0.16334833438829188,-0.17975096720794426
3b6e5956-f795-451b-bb24-56462d1ced27,Umezawa's Jitte,-0.24426766062741276,0.16389833839722565,-1.4903608115623674,0.13612939077344174,0.7832779535339951,0.5680712636911548,1.080013004892922,3589.852069575034,False,-0.05585281699952366,-0.060818725682041275,-0.3778965926488719,0.16884426685132412,-2.2381369512630767,0.02521212564323339,0.685301362200595,0.4922190905183588,0.9541238161636775,3581.4711316768903,False,-0.08540232106870663,-0.09126805785600478,-0.36850471299511234,0.16970018677440157,-2.171504463250829,0.029893060135186438,0.6917679492914697,0.49603088846114946,0.964744145574326,3578.6491135687074,False,-0.08286223735876025,-0.09110787883707666,177,0.6576051010039601,False,False,0.6441593542775871,True,False,0.5743228886625202,True,False,3578.6491135687074,8.380937898143657,2.822018108182874,0.09797659133340009,0.7201157550086865,0.13605672511944725,low,-5.585281699952366,-6.081872568204128,-0.11170563399904732,-0.12163745136408255,-8.540232106870663,-9.126805785600478,-0.17080464213741325,-0.18253611571200956,-8.286223735876025,-9.110787883707665,-0.1657244747175205,-0.18221575767415332
162018eb-5483-4fa2-9c5a-abb639eecf91,"Kiki-Jiki, Mirror Breaker",-0.15266215325381266,0.3130998358765599,-0.48758298715301773,0.6258452484655378,0.8584196871248752,0.4647118087901325,1.5856802975634117,3591.850993343408,False,-0.03494554045818118,-0.0380951549993685,-0.3660509515617654,0.32722640156062943,-1.1186473640756718,0.2632906087114325,0.6934674670591181,0.3651618136317703,1.3169425441465423,3585.278515917893,False,-0.08263734350316433,-0.08841808357242437,-0.3713148415521759,0.327881705752775,-1.132465871188769,0.25743862494135283,0.6898267212499429,0.3627784415819836,1.3117121934681109,3582.1302295900173,False,-0.08333945181000343,-0.09179119940872721,47,0.8942231637972977,False,False,0.8370586318619759,False,False,0.8041187881898206,False,False,3582.1302295900173,6.57247742551499,3.1482863278756668,0.16859296587493222,0.7472379584779788,0.2256215225178509,low,-3.4945540458181177,-3.8095154999368495,-0.06989108091636236,-0.076190309998737,-8.263734350316433,-8.841808357242437,-0.16527468700632866,-0.17683616714484873,-8.333945181000344,-9.17911994087272,-0.16667890362000687,-0.18358239881745442
907b3d1d-8c85-4707-80b5-c4d832df9846,Tishana's Tidebinder,-0.41632486840954125,0.23507344950295225,-1.7710416437493621,0.07655377696917438,0.6594659960114991,0.4160004947430814,1.0454203910599351,3588.913728245692,False,-0.09443509067190677,-0.10273111759752729,-0.3875394884659619,0.24468183519538445,-1.5838506694070777,0.11322770553364785,0.6787248319198036,0.42016159762731636,1.0964052880272461,3583.9850604399844,False,-0.08750990417024994,-0.09356251896940243,-0.3749881246898213,0.24449343491567876,-1.5337349439225136,0.1250948733810545,0.6872974406128023,0.42562557244634974,1.1098434926215621,3581.028649819613,False,-0.08425414352381194,-0.09275403668811422,84,0.5242744212266087,False,False,0.72197609153811,False,False,0.7364430434387094,False,False,3581.028649819613,4.928667805707391,2.956410620371571,0.027831444601303157,0.6751627561813683,0.04122183036089571,low,-9.443509067190677,-10.273111759752728,-0.18887018134381353,-0.20546223519505458,-8.750990417024994,-9.356251896940243,-0.17501980834049988,-0.18712503793880486,-8.425414352381194,-9.275403668811421,-0.16850828704762388,-0.18550807337622843
924a24e7-91b8-4ceb-a136-7a765d98c994,Mystic Forge,-0.4952469719275176,0.35765953316734506,-1.38468830270434,0.16614779735953422,0.6094203789832746,0.30232289110161314,1.2284653569130157,3590.1450930517112,False,-0.11178134325617807,-0.12143347025585544,-0.3469678544516449,0.36143646869974566,-0.9599691356543211,0.3370707488396687,0.7068280492677943,0.3480589792017183,1.435405839486094,3585.591684639984,False,-0.07847134451595864,-0.08417390242305184,-0.3814388858169623,0.3658189045394444,-1.0426986716205469,0.29708787331767483,0.6828781183211808,0.33338945470849507,1.3987320771426737,3582.305144603641,False,-0.08565515717511707,-0.09435299096437272,35,0.66359629244796,False,False,0.8732266834816466,False,False,0.852846346260666,False,False,3582.305144603641,4.553408411727105,3.2865400363430126,0.09740767028451969,0.6663755155240833,0.14617534410445984,low,-11.178134325617807,-12.143347025585543,-0.22356268651235614,-0.24286694051171087,-7.847134451595863,-8.417390242305183,-0.15694268903191727,-0.16834780484610368,-8.565515717511706,-9.435299096437271,-0.17131031435023414,-0.18870598192874544
1e2fee55-227b-4373-a3f7-b463f220033f,Tinker,-0.479850054554706,0.16598976596446915,-2.890841201965548,0.0038421220630968705,0.6188761825139639,0.4470029897800043,0.8568348267011752,3583.60417345408,False,-0.10851388692173825,-0.11810391350808092,-0.3667046889961476,0.17695736434735146,-2.0722770727774806,0.03823960930452965,0.6930142695685981,0.4899063036919526,0.9803278182100817,3582.1951931840786,False,-0.0829695800139862,-0.08962568092223583,-0.39395188242823925,0.17817367828061917,-2.2110554501084874,0.027031997450171943,0.6743865053008162,0.4756027690973929,0.9562542274406217,3578.4750149452666,False,-0.08852596276598772,-0.09783684182983543,173,0.30967563573566415,True,False,0.6441593542775871,True,False,0.5743228886625202,True,False,3578.4750149452666,1.4089802700013934,3.720178238811968,0.0741380870546342,0.6620923191277928,0.11197545253553161,low,-10.851388692173824,-11.810391350808091,-0.2170277738434765,-0.23620782701616183,-8.29695800139862,-8.962568092223583,-0.1659391600279724,-0.17925136184447166,-8.852596276598772,-9.783684182983542,-0.17705192553197543,-0.19567368365967086
4a0bb5dc-75a6-4bd6-81f8-611197fb0fba,Nettlecyst,-0.5255764822960834,0.25488714906816134,-2.0619967864897535,0.039208041920591054,0.5912144414495591,0.3587407506253441,0.974337359692809,3587.6922175640257,False,-0.118605567797701,-0.12867232203358064,-0.38248557608254335,0.25879583716251253,-1.4779433095840682,0.13942295270214927,0.6821637303788295,0.4107685273556077,1.132870032765444,3584.2832294051123,False,-0.0864907717549591,-0.0926728872017844,-0.39468880226750064,0.2596095790694267,-1.520316791399866,0.12843137585289782,0.6738897195738406,0.4051396010802702,1.1209157360485562,3581.034732294085,False,-0.08870289886886255,-0.09765126747302616,76,0.4256191596711586,True,False,0.72197609153811,False,False,0.7375305985226891,False,False,3581.034732294085,3.4089881589134166,3.2484971110270635,0.09094928892927034,0.6490892971340764,0.1401183001026803,low,-11.8605567797701,-12.867232203358064,-0.237211135595402,-0.2573446440671613,-8.64907717549591,-9.26728872017844,-0.1729815435099182,-0.1853457744035688,-8.870289886886255,-9.765126747302617,-0.1774057977377251,-0.19530253494605232
205df311-a72d-40f1-b2ea-9b30274bc9bd,Knight of the Reliquary,-0.4870744945268622,0.3191313571564967,-1.5262508168008353,0.12694741225734313,0.614421260218669,0.3287124394787523,1.1484612070274258,3589.6721222978904,False,-0.11014378651461319,-0.11953088995475336,-0.4044532420763872,0.32274649887833246,-1.253160742198651,0.210147213803066,0.667341585427283,0.3545037411050469,1.256248496143894,3584.9069638447695,False,-0.09132393710874295,-0.09748202589048921,-0.4055997208908482,0.32493418058250495,-1.248251938788758,0.2119388087343833,0.6665769308514735,0.35258247416548794,1.2602010516688984,3581.8031859791317,False,-0.09106993104668361,-0.1001421869998913,50,0.6576051010039601,False,False,0.7787121755924723,False,False,0.7889922237619357,False,False,3581.8031859791317,4.7651584531208755,3.103777865637767,0.052920325208613894,0.6494465921658085,0.0814852612162186,low,-11.01437865146132,-11.953088995475337,-0.22028757302922639,-0.23906177990950672,-9.132393710874295,-9.74820258904892,-0.1826478742174859,-0.19496405178097842,-9.10699310466836,-10.01421869998913,-0.18213986209336722,-0.2002843739997826
5f608efc-0dbc-4cc3-aadd-ed473bfc29ab,Portal to Phyrexia,-0.5319708654318303,0.20218183799118614,-2.631150605402157,0.008509631645231277,0.587446050902223,0.3952458637296028,0.8731093589804233,3585.0245924449673,False,-0.11989811447659557,-0.1303008365547142,-0.4175592382620962,0.21127349653150168,-1.9763919522193192,0.04811040233167401,0.658652473264509,0.4353280947159,0.9965428048483124,3582.5649627890953,False,-0.09422307690146431,-0.10130074838470221,-0.4103313331225661,0.2123321907421024,-1.9324970542076327,0.05329818529411845,0.6634303972509328,0.4375770707533904,1.0058568453752101,3579.621392461933,False,-0.09211675773941874,-0.10165239170637774,114,0.30967563573566415,True,False,0.6976008338092732,True,False,0.6258201161538447,False,False,3579.621392461933,2.4596296558720496,2.9435703271624334,0.07598434634870976,0.636509640472555,0.11937658366383543,low,-11.989811447659557,-13.030083655471419,-0.23979622895319114,-0.2606016731094284,-9.42230769014643,-10.130074838470222,-0.18844615380292862,-0.20260149676940442,-9.211675773941874,-10.165239170637774,-0.18423351547883748,-0.20330478341275549
5da578b8-19e6-4068-9336-e7cd33c585f1,Retrofitter Foundry,-0.5343591116104836,0.1869631667219763,-2.8580983141192866,0.00426188322592493,0.5860447590969383,0.4062417235338157,0.8454288168073896,3583.7183282212413,False,-0.12053529944992325,-0.1309259188449176,-0.41912404966034317,0.19219314209508997,-2.180744042641107,0.029202353490886103,0.6576226123460591,0.4512099132578636,0.9584618767489331,3581.680705642771,False,-0.09464779506881667,-0.1015827341868647,-0.41034910070857333,0.19364126530727452,-2.1191201165589457,0.03408031705424973,0.6634186097990074,0.4538965452935005,0.9696576376078223,3578.836233209966,False,-0.09219061482645972,-0.10162770236751084,137,0.30967563573566415,True,False,0.6441593542775871,True,False,0.5743228886625202,True,False,3578.836233209966,2.037622578470291,2.844472432805105,0.07737385070206904,0.6356953270806683,0.12171530512485655,low,-12.053529944992325,-13.09259188449176,-0.2410705988998465,-0.2618518376898352,-9.464779506881667,-10.15827341868647,-0.18929559013763333,-0.2031654683737294,-9.219061482645973,-10.162770236751085,-0.18438122965291945,-0.20325540473502168
aaae15dd-11b6-4421-99e9-365c7fe4a5d6,Embercleave,-0.14207558940891446,0.1999205117048382,-0.7106603929599493,0.47729470894462667,0.8675556759866014,0.586302276408898,1.2837283449529968,3591.5813659736923,False,-0.03254643508123431,-0.035466373460535106,-0.41159914113791607,0.21137064581508042,-1.9472861974316311,0.05150043254139073,0.6625898278285867,0.437847060319309,1.0026909387532439,3582.7095465891725,False,-0.09278094945418898,-0.09894918727276442,-0.4105046500961628,0.21254807784412638,-1.9313496233883107,0.0534398305247608,0.6633154234660312,0.43731615323877054,1.0061081616797523,3579.6536774592278,False,-0.09203154937167428,-0.1012248300856951,111,0.846426910556781,False,False,0.7094975727985027,False,False,0.6258201161538447,False,False,3579.6536774592278,8.871819384519767,3.0558691299447673,0.20496584815801477,0.7311536424270731,0.2803321166227501,low,-3.254643508123431,-3.5466373460535108,-0.06509287016246862,-0.07093274692107021,-9.278094945418898,-9.894918727276442,-0.18556189890837796,-0.19789837454552883,-9.203154937167428,-10.12248300856951,-0.18406309874334856,-0.2024496601713902
70719e7b-6f02-4c1a-9f11-79b2b0d9846a,Dust Animus,-0.22177096532286683,0.270939476299674,-0.8185258506869478,0.41305698729786744,0.8010988227349063,0.4710399642063559,1.3624307331725833,3591.412294190321,False,-0.050716493444190894,-0.05523138160461072,-0.40312423652780915,0.28469127594363586,-1.4160048817499453,0.15677407516790642,0.6682290757062372,0.3824646159261107,1.1675069510364284,3584.498955533906,False,-0.09096627434176842,-0.09700306543088116,-0.41849025600974177,0.2854544836682332,-1.466048984874689,0.14263494233229337,0.6580395414918222,0.3760696008799493,1.151425260519786,3581.23353784188,False,-0.09384058444305932,-0.10314754769325984,64,0.846426910556781,False,False,0.72197609153811,False,False,0.7388333550955334,False,False,3581.23353784188,6.913338656414908,3.265417692025949,0.1430592812430841,0.7091224799776552,0.20174128628328347,low,-5.0716493444190895,-5.523138160461071,-0.10143298688838179,-0.11046276320922144,-9.096627434176842,-9.700306543088116,-0.18193254868353684,-0.19400613086176233,-9.384058444305932,-10.314754769325985,-0.18768116888611863,-0.2062950953865197
febaaeae-5c0d-45fa-8169-b27b4996f18e,Chrome Host Seedshark,-0.4292462737451569,0.2443784118166363,-1.7564819680849384,0.07900614770572491,0.6509995853316276,0.40323814505616506,1.050992980941627,3588.976812270236,False,-0.09725554334072459,-0.10582239994513282,-0.3953023626236221,0.25654676560919243,-1.5408588827262841,0.12335113482186578,0.6734763743765927,0.4073290175377648,1.1135234842467083,3584.1315150195196,False,-0.08919504991609145,-0.09537153510079033,-0.41920498063242423,0.2589318093290987,-1.6189783005749616,0.10545193205197921,0.657569392462377,0.3958534045016787,1.0923172593340824,3580.7658427401084,False,-0.09394740280313559,-0.1034487269486466,74,0.5242744212266087,False,False,0.72197609153811,False,False,0.6970950875368337,False,False,3580.7658427401084,4.845297250716612,3.3656722794112284,0.022476789044965084,0.6606817840568658,0.03402059749089506,low,-9.72555433407246,-10.582239994513282,-0.19451108668144917,-0.21164479989026563,-8.919504991609145,-9.537153510079033,-0.1783900998321829,-0.19074307020158066,-9.394740280313558,-10.344872694864659,-0.18789480560627117,-0.2068974538972932
85d22d5d-3875-42ff-b51e-c6e21db201f5,Generous Ent,-0.39537421425694247,0.4998815513059803,-0.7909357991388078,0.4289814566001099,0.6734279857375133,0.2528036812732956,1.793902880252043,3591.446593905463,False,-0.08977819623261764,-0.09760044931013628,-0.3283240158326032,0.5058513565394137,-0.6490523581447025,0.5163045343352679,0.7201296484917208,0.26719069162750886,1.9408861419460381,3586.0934410579907,False,-0.07432421678002879,-0.07960496231378289,-0.4213607121906314,0.5135397317158402,-0.8205026527991904,0.4119296175827819,0.6561533761951851,0.2398123380357972,1.7953090179541682,3582.716319683663,False,-0.09444365169180956,-0.10381320442444741,19,0.846426910556781,False,False,0.9280871820473942,False,False,0.889873712988436,False,False,3582.716319683663,5.353152847472302,3.377121374327544,0.06397627229653569,0.6832370034748063,0.09363701317575776,low,-8.977819623261764,-9.760044931013628,-0.17955639246523528,-0.19520089862027257,-7.432421678002879,-7.960496231378289,-0.14864843356005758,-0.15920992462756578,-9.444365169180955,-10.381320442444741,-0.18888730338361912,-0.20762640884889483
635245e9-c27f-4a51-a6f1-bae62e696542,Lightstall Inquisitor,-0.1533702125804296,0.3488838929383078,-0.4396024456409905,0.6602250691006748,0.8578120901919772,0.43292852116842356,1.6996837724933858,3591.893861308843,False,-0.03512052135756298,-0.03827050858309167,-0.4159640009179515,0.357626568181127,-1.1631238781657809,0.2447792453812846,0.6597040187960281,0.3272888794913066,1.3297408487940705,3585.158752507692,False,-0.09375492655966672,-0.09995191460181652,-0.4242805335632321,0.3578366905980948,-1.185682029570757,0.23574789391323336,0.6542403197942733,0.3244446111831485,1.3192710906296747,3581.9868861059294,False,-0.09505865592904587,-0.10448312802931053,37,0.8942231637972977,False,False,0.8202964013921586,False,False,0.7901700765835511,False,False,3581.9868861059294,6.735108801151,3.1718664017625997,0.2035717703977039,0.7239188095940929,0.28120801352274327,low,-3.512052135756298,-3.8270508583091667,-0.07024104271512596,-0.07654101716618333,-9.375492655966672,-9.995191460181651,-0.18750985311933344,-0.19990382920363303,-9.505865592904588,-10.448312802931053,-0.19011731185809175,-0.20896625605862107
ac095763-6f4e-4d4e-9c99-414646368f8d,Emeritus of Abundance // Regrowth,-0.31641684763054895,0.47613138563574436,-0.6645578451167634,0.5063333392985842,0.7287556067958866,0.28660957263180636,1.8529902178762887,3591.6379271672454,False,-0.07210817264621079,-0.07846472865302462,-0.38459790810772293,0.4922986395557405,-0.7812288663945757,0.4346678987792456,0.6807242949027851,0.2593690724049107,1.7865875887757563,3585.9012421480616,False,-0.08684049499998425,-0.09272445753789293,-0.4244884772180195,0.4990949363293311,-0.8505164976026084,0.39503799222869873,0.6541042888149458,0.2459284712951744,1.7397433424151132,3582.667410076924,False,-0.09512507660744796,-0.10456831795742089,21,0.846426910556781,False,False,0.901029995682603,False,False,0.8807993303358596,False,False,3582.667410076924,5.736685019183824,3.2338320711373854,0.07465131798094082,0.6878613968378725,0.108526686225039,low,-7.210817264621079,-7.846472865302462,-0.14421634529242158,-0.15692945730604924,-8.684049499998425,-9.272445753789293,-0.1736809899999685,-0.18544891507578587,-9.512507660744795,-10.456831795742088,-0.1902501532148959,-0.20913663591484177
c3b92caa-3401-4b11-9515-152f3e057c05,"Koma, World-Eater",-0.5484828245796434,0.46053915320330324,-1.1909580776458277,0.23367004289093196,0.5778258088051819,0.23430313228632327,1.4250029953221075,3590.5769109747876,False,-0.1235006575442812,-0.13386398400820576,-0.4159904977511531,0.4634927860315319,-0.8975123460127659,0.36944558848124187,0.6596865389602609,0.2659528189309159,1.6363290730842455,3585.677768098407,False,-0.09384662843891962,-0.10004683165241063,-0.4257189140288467,0.46157959465167125,-0.9223087826274325,0.3563675342041587,0.6532999497655344,0.26436754727742595,1.614422151126466,3582.512158171089,False,-0.0954636204130484,-0.10489160217950122,25,0.756591837904134,False,False,0.8813740651574318,False,False,0.8692433175606691,False,False,3582.512158171089,4.899142876380665,3.165609927317746,0.081860730155079,0.630270765843659,0.12988184537720546,low,-12.35006575442812,-13.386398400820577,-0.2470013150885624,-0.2677279680164115,-9.384662843891963,-10.004683165241063,-0.18769325687783925,-0.20009366330482126,-9.54636204130484,-10.489160217950122,-0.1909272408260968,-0.20978320435900244
b50e1800-a45c-43bd-8886-8a06145d9346,Recurring Nightmare,-0.49134710328101505,0.2118541692579718,-2.3192703971886846,0.020380379495672226,0.6118016787719096,0.4039026986208732,0.9267115456920183,3586.5367162204725,False,-0.11123844021602604,-0.12068718813492024,-0.44407094676338865,0.21852247786250587,-2.032152257777333,0.042138244401047374,0.6414199125462381,0.4179577185474616,0.9843567565653285,3582.2929864222415,False,-0.10020155280677683,-0.10730212485835783,-0.4258098019185321,0.2194103710068356,-1.9407004325482238,0.05229462389218194,0.6532405754100143,0.424920099422111,1.0042435035253638,3579.5493012358443,False,-0.09564373572539675,-0.1053160314895965,111,0.37932307710689067,True,False,0.6490044144036974,True,False,0.6258201161538447,False,False,3579.5493012358443,4.243729798231016,2.743685186397215,0.04143889663810474,0.6354873889093874,0.06520805504767209,low,-11.123844021602604,-12.068718813492024,-0.22247688043205208,-0.24137437626984048,-10.020155280677683,-10.730212485835782,-0.20040310561355365,-0.21460424971671566,-9.564373572539676,-10.53160314895965,-0.1912874714507935,-0.210632062979193
f252ae53-443c-4a27-b8f0-639a9a2b8598,Pestermite,-0.26363444414385584,0.344071517807602,-0.7662199005128784,0.4435454691918811,0.7682543282003128,0.39140415080860047,1.5079418845691632,3591.5039892907926,False,-0.060157891397824584,-0.06554456542616754,-0.42015085795166807,0.3666970900461544,-1.1457709083505017,0.25188995534381875,0.6569477065538692,0.3201783308708095,1.3479372197755926,3585.216692610882,False,-0.09460122328943311,-0.10090692326199319,-0.4262876932193958,0.366872502801617,-1.1619505140452215,0.2452555666305687,0.6529284720033461,0.3181100780500334,1.3401511582590353,3582.06162066824,False,-0.09542055811305461,-0.10500150597808366,38,0.846426910556781,False,False,0.8304477360994796,False,False,0.7988012428669011,False,False,3582.06162066824,6.287296679910469,3.15507194264228,0.11532585619696667,0.692710168919176,0.16648500537664643,low,-6.015789139782458,-6.554456542616754,-0.12031578279564917,-0.1310891308523351,-9.460122328943312,-10.090692326199319,-0.18920244657886623,-0.20181384652398637,-9.542055811305461,-10.500150597808366,-0.19084111622610922,-0.21000301195616733
4a08ca06-58db-4ce6-b490-be4bea8956a1,Sensei's Divining Top,-0.4622192589218879,0.20647472842677775,-2.238623886050079,0.025180398726015123,0.6298842170657811,0.42024822657187233,0.9440947083704534,3587.0130583961486,False,-0.10456882283557375,-0.11376607641191228,-0.3979221680003854,0.20889089636183036,-1.9049282421150824,0.05678939949186476,0.6717143064951445,0.4460392506602998,1.0115704142232174,3582.855436463464,False,-0.08980648411980069,-0.09629208254337879,-0.4455269757556652,0.21047004252985346,-2.1168189562772137,0.034275215899739545,0.6404866661391353,0.42398879155381486,0.9675330519909663,3578.87202395251,False,-0.09973295682818345,-0.10995942287491822,109,0.39632215487043715,True,False,0.7101588771085645,False,False,0.5743228886625202,True,False,3578.87202395251,4.157621932684833,3.9834125109537126,0.04183008942936339,0.6473617299000203,0.06461625316625329,low,-10.456882283557375,-11.376607641191228,-0.2091376456711475,-0.22753215282382455,-8.980648411980068,-9.629208254337879,-0.17961296823960138,-0.19258416508675757,-9.973295682818344,-10.995942287491822,-0.1994659136563669,-0.21991884574983644
1a55c370-d396-4c73-8ee2-83dc4c124005,The Goose Mother,-0.43199948028773644,0.23224899201173252,-1.8600704207401388,0.06287556343225684,0.6492097140873098,0.4118041096847342,1.0234799579537823,3588.566289975428,False,-0.09796275829625696,-0.10649791271511838,-0.42883791576550295,0.24412258610942975,-1.7566498970860205,0.07897750244557968,0.6512654804935597,0.40360516851963874,1.0508951796584067,3583.392023510638,False,-0.09667856056126528,-0.10289680821978825,-0.46032441188835577,0.24474534167669798,-1.8808301262641882,0.0599950306433257,0.6310788828029225,0.39061795979656333,1.0195653997250966,3579.812087752035,False,-0.10302082692482346,-0.11316959163997836,87,0.4933882448154742,False,False,0.72197609153811,False,False,0.6782489057474279,False,False,3579.812087752035,5.17426646478998,3.5799357586029146,0.020186597690637242,0.6438513591279307,0.03135288510997186,low,-9.796275829625696,-10.649791271511837,-0.19592551659251392,-0.21299582543023676,-9.667856056126528,-10.289680821978825,-0.19335712112253056,-0.2057936164395765,-10.302082692482346,-11.316959163997836,-0.20604165384964693,-0.22633918327995672
31b770cc-09e7-4c0b-b2a4-462ab4f7200d,Expressive Iteration,-0.4431128335222079,0.1834156524060116,-2.4158943236825112,0.015696616181049165,0.6420347599572938,0.4481588595383802,0.9197824035388023,3586.1690012105455,False,-0.1004061068194607,-0.10925346539555492,-0.4471663097281218,0.18982416824437642,-2.3556869173394586,0.018488492846943188,0.6394375547453521,0.44077458493481375,0.9276405682037784,3580.8959640852513,False,-0.1006995801926815,-0.10779341559691547,-0.46087074772829945,0.19099873405137793,-2.412951845033313,0.015823910077416025,0.6307341959573779,0.43377545373990584,0.9171234160901562,3577.5039318195377,False,-0.10312705314217988,-0.11364852085616362,135,0.37932307710689067,True,False,0.587229748995767,True,False,0.5299502928590496,True,False,3577.5039318195377,5.273037125294195,3.392032265713624,0.011300563999915858,0.637402170220008,0.017729095581860532,low,-10.04061068194607,-10.925346539555491,-0.2008122136389214,-0.21850693079110983,-10.069958019268151,-10.779341559691547,-0.201399160385363,-0.21558683119383093,-10.312705314217988,-11.364852085616361,-0.20625410628435975,-0.22729704171232723
60aed76e-2265-471d-8e41-1d8605603b78,Hildibrand Manderville // Gentleman's Rise,-0.6290490068591734,0.5138575349053006,-1.224170055179013,0.22088808295493811,0.5330985330676821,0.1947166653452272,1.4595260526624487,3590.5604308092516,False,-0.14061857655576135,-0.15236327529142507,-0.5708799165932955,0.5192388370707259,-1.0994553485519334,0.27156949998987934,0.5650280423478389,0.20421375047407506,1.5633456997792168,3585.292895972666,False,-0.1274391389378859,-0.13464479175164368,-0.46130375495795883,0.5227330216070228,-0.8824844344820348,0.3775148935397332,0.6304611426118376,0.22630752438169133,1.7563766535355234,3582.614630792342,False,-0.10314583393596852,-0.11330312228935602,17,0.7504665208937782,False,False,0.8370586318619759,False,False,0.8743140069132016,False,False,3582.614630792342,5.2675348365855825,2.6782651803241606,0.09736260954415554,0.5761959060091195,0.16897483742728045,low,-14.061857655576135,-15.236327529142507,-0.2812371531115227,-0.30472655058285014,-12.743913893788589,-13.464479175164367,-0.2548782778757718,-0.26928958350328736,-10.314583393596852,-11.330312228935602,-0.20629166787193703,-0.22660624457871203
70e64028-ae96-4950-aa6c-9d347409fad3,Force Spike,-0.6290490068591734,0.5138575349053006,-1.224170055179013,0.22088808295493811,0.5330985330676821,0.1947166653452272,1.4595260526624487,3590.5604308092516,False,-0.14061857655576135,-0.15236327529142507,-0.5708799165932955,0.5192388370707259,-1.0994553485519334,0.27156949998987934,0.5650280423478389,0.20421375047407506,1.5633456997792168,3585.292895972666,False,-0.1274391389378859,-0.13464479175164368,-0.46130375495795883,0.5227330216070228,-0.8824844344820348,0.3775148935397332,0.6304611426118376,0.22630752438169133,1.7563766535355234,3582.614630792342,False,-0.10314583393596852,-0.11330312228935602,17,0.7504665208937782,False,False,0.8370586318619759,False,False,0.8743140069132016,False,False,3582.614630792342,5.2675348365855825,2.6782651803241606,0.09736260954415554,0.5761959060091195,0.16897483742728045,low,-14.061857655576135,-15.236327529142507,-0.2812371531115227,-0.30472655058285014,-12.743913893788589,-13.464479175164367,-0.2548782778757718,-0.26928958350328736,-10.314583393596852,-11.330312228935602,-0.20629166787193703,-0.22660624457871203
41ff849e-2439-4690-8aa4-769039b6da4c,Talisman of Progress,-0.5178827236996143,0.33523515386306385,-1.5448341790287243,0.122386377670399,0.5957806457533534,0.30883638976498157,1.1493288667323054,3589.6051582682853,False,-0.11687132241579545,-0.1267764228453998,-0.4488947327628629,0.3441920715185226,-1.3041983529208219,0.19216596133193486,0.638333290739035,0.32513617222633484,1.2532268780665736,3584.7627747431516,False,-0.10111527857983799,-0.10779900928367658,-0.46653273701593617,0.347026812693861,-1.3443708668917769,0.1788284897125707,0.6271730767195707,0.3176817161956209,1.2381766028979748,3581.534290891025,False,-0.10440463706347577,-0.11476508175709488,45,0.6529833562699212,False,False,0.7629446202880986,False,False,0.7595351719822778,False,False,3581.534290891025,4.842383525133755,3.2284838521263737,0.042552644985681565,0.6204290044039863,0.06858584089981362,low,-11.687132241579546,-12.677642284539981,-0.2337426448315909,-0.2535528456907996,-10.111527857983798,-10.779900928367658,-0.20223055715967597,-0.21559801856735317,-10.440463706347577,-11.476508175709487,-0.20880927412695155,-0.22953016351418976
40f0ecf7-f49e-46ff-aa5b-9ff5361b72c5,Genemorph Imago,-0.6196242565728978,0.5176076764703397,-1.1970924789953419,0.23127051111238084,0.5381466046603414,0.19512101904021859,1.4842161522729682,3590.577802751247,False,-0.13871659718698118,-0.15022189393638702,-0.47409758461652185,0.5262418198307692,-0.9009120270391735,0.3676350960161473,0.6224465084000592,0.2218993115693566,1.7460155828303563,3585.677472337363,False,-0.10656724721056607,-0.11325977648298835,-0.46914207367197064,0.5254681262111535,-0.8928078607825038,0.37196007600963066,0.6255387042621106,0.22334009021121162,1.7520305922679213,3582.5745723954515,False,-0.10490457976955939,-0.11522897274690236,20,0.756591837904134,False,False,0.8813740651574318,False,False,0.8719454961264379,False,False,3582.5745723954515,4.900330413884149,3.102899941911346,0.08739209960176919,0.595377272440837,0.14678440653855054,low,-13.871659718698117,-15.022189393638701,-0.27743319437396236,-0.30044378787277404,-10.656724721056607,-11.325977648298835,-0.21313449442113214,-0.2265195529659767,-10.49045797695594,-11.522897274690235,-0.20980915953911877,-0.23045794549380472
98fb1eaa-2871-491a-a4f5-3e358778ba40,Mindslaver,-0.508745637870999,0.46241319856661456,-1.1001970520045825,0.2712462747812733,0.6012492903397331,0.2429072715419729,1.488225143855224,3590.887689550804,False,-0.11466904323047253,-0.124570040769577,-0.3981017794240458,0.464430277573542,-0.8571830878554356,0.3913437075864642,0.6715936697664535,0.270256134472922,1.6689281009292443,3585.792296436192,False,-0.08977633392912299,-0.09593256389600369,-0.4787568497622965,0.4695848653601702,-1.0195321124651056,0.3079504158656271,0.6195531108658392,0.2468083422481917,1.5552393962337843,3582.372917097548,False,-0.10688311073219893,-0.11757780486883268,20,0.7714631446865359,False,False,0.8996605708591937,False,False,0.8614970688959125,False,False,3582.372917097548,5.095393114612307,3.419379338643921,0.07034437942672045,0.6307986903240086,0.11151636886022732,low,-11.466904323047252,-12.4570040769577,-0.22933808646094506,-0.249140081539154,-8.9776333929123,-9.593256389600368,-0.17955266785824597,-0.19186512779200737,-10.688311073219893,-11.757780486883268,-0.21376622146439786,-0.23515560973766536
76ae81ea-13e3-4ab8-b956-4c7b139a5e9c,Corpse Dance,-0.6285479569307736,0.5063174168072534,-1.241410893771508,0.21445399683402122,0.5333657089781515,0.19771472028816242,1.438835606671814,3590.491918254134,False,-0.1405588504781929,-0.15225427945518505,-0.4631243848799058,0.511733119909661,-0.9050115516495467,0.3654592674545998,0.6293143504498079,0.23081902896239243,1.7157881369763073,3585.6820135658018,False,-0.10413895066852599,-0.11095242156993823,-0.4827878299467531,0.51625175607132,-0.9351790560883945,0.3496960301209934,0.6170607312939013,0.22432906344896716,1.6973455879986081,3582.5070701821514,False,-0.10783751252606802,-0.11855787726866851,19,0.7443406487132938,False,False,0.8813740651574318,False,False,0.8692433175606691,False,False,3582.5070701821514,4.8099046883321535,3.174943383650316,0.09594864147165638,0.5932469302406203,0.1617347458211705,low,-14.055885047819288,-15.225427945518504,-0.2811177009563858,-0.3045085589103701,-10.4138950668526,-11.095242156993823,-0.20827790133705198,-0.22190484313987646,-10.783751252606802,-11.85578772686685,-0.21567502505213604,-0.23711575453733702
18adbda4-8d36-47cd-afbc-c785aaa8ed80,Blightsteel Colossus,-0.5785586625940462,0.24025643903944216,-2.408088061685897,0.016036312362327658,0.5607059508855998,0.3501263172744434,0.8979363956582904,3586.136498411461,False,-0.12997727671602177,-0.14106143924036457,-0.4678719844823036,0.24646042646782523,-1.898365555832482,0.057647943697342184,0.626333698958328,0.3863798135556556,1.0153064127257103,3582.840358751923,False,-0.10527798799420703,-0.11272156431770347,-0.4878352320178606,0.24721090066923354,-1.9733564769887746,0.048454962577306276,0.6139540246750851,0.3781862055685279,0.996703578460989,3579.421184731842,False,-0.10903846509084596,-0.12021192372678652,83,0.37932307710689067,True,False,0.7101588771085645,False,False,0.621528077674294,True,False,3579.421184731842,3.296139659538312,3.4191740200808454,0.0656277480727282,0.600331224839671,0.1093192313797358,low,-12.997727671602178,-14.106143924036457,-0.25995455343204354,-0.28212287848072914,-10.527798799420703,-11.272156431770346,-0.21055597598841405,-0.22544312863540694,-10.903846509084596,-12.021192372678652,-0.2180769301816919,-0.24042384745357304
90107d10-e2aa-4cb7-a000-039f0c581b47,Simic Signet,-0.6010786047742513,0.28791295856916843,-2.087709451361314,0.03682405176025057,0.5482200043689305,0.3118016584027081,0.9638985717070829,3587.5998999570797,False,-0.1347783134209659,-0.1461572809468561,-0.471245637652049,0.29154631368481587,-1.616366304536788,0.1060151390562754,0.6242242266043182,0.3525099562406754,1.1053755452334586,3583.8490894971064,False,-0.1059783581429943,-0.11307514097325855,-0.497928509485301,0.2954293357509973,-1.6854403040901131,0.09190365310196617,0.6077883844537889,0.3406260579854044,1.0844934250238,3580.4984533835805,False,-0.11118034842530172,-0.12236414237837961,58,0.4256191596711586,True,False,0.72197609153811,False,False,0.6970950875368337,False,False,3580.4984533835805,3.7508104599733088,3.3506361135259795,0.07600422223538772,0.5934108718090125,0.12808026587664112,low,-13.477831342096591,-14.61572809468561,-0.2695566268419318,-0.2923145618937122,-10.597835814299431,-11.307514097325855,-0.2119567162859886,-0.2261502819465171,-11.118034842530172,-12.23641423783796,-0.22236069685060345,-0.24472828475675923
0463e989-ba32-4a46-a82f-e0d6daf3cd51,Sulfuric Vortex,-0.21985284902482072,0.3374507524694214,-0.6515109165291993,0.5147167325198279,0.8026368980752586,0.414262137210084,1.555116754069098,3591.6592894318055,False,-0.05027218651613448,-0.05475217695765655,-0.48753415314476967,0.3463752507917679,-1.407531721825769,0.15926977768796635,0.6141389010907589,0.3114770420681207,1.210896916603175,3584.5092535942154,False,-0.10946432916758776,-0.11619719755816588,-0.5023407979596227,0.3485693504201205,-1.4411502254979274,0.14954224677573108,0.6051125543784887,0.30558212197765633,1.1982415760999017,3581.2931767266,False,-0.11206620648057289,-0.12303742365556763,39,0.8493954793707131,False,False,0.72197609153811,False,False,0.7388333550955334,False,False,3581.2931767266,7.150035837590167,3.2160768676153566,0.19752434369676997,0.6739627845148354,0.29307900708339785,low,-5.027218651613448,-5.4752176957656555,-0.10054437303226896,-0.1095043539153131,-10.946432916758777,-11.619719755816588,-0.21892865833517552,-0.23239439511633175,-11.206620648057289,-12.303742365556763,-0.22413241296114578,-0.24607484731113527
1e0c695d-62f9-4805-9e2f-7032e8464136,No More Lies,-0.5316513939234846,0.28110136486908305,-1.8913155906272097,0.058582228736959,0.5876337531593416,0.33871031360302334,1.0194948721190986,3588.4798530566013,False,-0.11966875726266535,-0.13005033129963872,-0.5036825574842044,0.2853446607103173,-1.7651725328603376,0.07753477337479843,0.6043011832993712,0.34543247630864826,1.0571673052846584,3583.380071217773,False,-0.11292172437238973,-0.11999121089820314,-0.507690582369731,0.2878177636484578,-1.7639306759044486,0.07774365144475374,0.6018839764668098,0.3423870697114853,1.058054912624953,3580.2650099526254,False,-0.11317040912823205,-0.1243910535389392,56,0.4707752598500199,False,False,0.72197609153811,False,False,0.6970950875368337,False,False,3580.2650099526254,5.099781838828221,3.1150612651476877,0.016667430140029582,0.5979396376418409,0.027874770446332554,low,-11.966875726266535,-13.005033129963872,-0.2393375145253307,-0.26010066259927744,-11.292172437238973,-11.999121089820314,-0.22584344874477946,-0.23998242179640628,-11.317040912823204,-12.43910535389392,-0.2263408182564641,-0.2487821070778784
0c3d7e2c-a104-4757-9984-fb31088f92c4,Cryptic Coat,-0.5212041761160086,0.21866387860094677,-2.383586074896194,0.017144874483123962,0.5938050713922115,0.3868240354269685,0.9115371086543568,3586.3592379346046,False,-0.11737257452352144,-0.12771461674747892,-0.45081879875612163,0.22391753334781478,-2.0133251381251034,0.044080435463684293,0.6371062761689998,0.41078013288192744,0.9881305706929137,3582.4363884200284,False,-0.10139260903338052,-0.10829721117686641,-0.5090778802999075,0.22630664773088288,-2.2495047556238283,0.024480400599007524,0.6010495629959172,0.38572179417593727,0.9365832644986691,3578.2989491146263,False,-0.11344427702610325,-0.12494434033267227,95,0.37932307710689067,True,False,0.6533700100950538,True,False,0.5630492137771731,True,False,3578.2989491146263,3.922849514576228,4.13743930540204,0.04330120477678834,0.6106536368523762,0.07090959942527336,low,-11.737257452352145,-12.771461674747892,-0.23474514904704288,-0.25542923349495783,-10.139260903338052,-10.829721117686642,-0.20278521806676103,-0.21659442235373283,-11.344427702610325,-12.494434033267227,-0.2268885540522065,-0.24988868066534453
61237530-ad49-469c-a952-67c92315708e,Jennifer Walters // The Sensational She-Hulk,-0.43318848702844526,0.44807816903539,-0.9667699007987851,0.33365907435657316,0.6484382580852059,0.26943672621351705,1.560559989195274,3591.152396702081,False,-0.09811067564079028,-0.10667361998017616,-0.48394675977563173,0.45549934215823934,-1.0624532573035195,0.2880299672744172,0.6163460154389325,0.2524037047314956,1.505058775391446,3585.3937778718055,False,-0.10861828704695693,-0.11538430484507023,-0.5187793617923897,0.4586311620767599,-1.131147215211606,0.25799313444171157,0.5952466855517347,0.2422714615749183,1.4624859831076666,3582.1250481415836,False,-0.1155412843478929,-0.12689277934468673,21,0.7976724107377573,False,False,0.8370586318619759,False,False,0.8041187881898206,False,False,3582.1250481415836,5.758618830275736,3.2687297302218212,0.05319157253347129,0.6200103196919577,0.08579143095537292,low,-9.811067564079028,-10.667361998017617,-0.19622135128158055,-0.21334723996035232,-10.861828704695693,-11.538430484507023,-0.21723657409391386,-0.23076860969014046,-11.554128434789291,-12.689277934468674,-0.2310825686957858,-0.25378555868937347
af09af65-0a3b-42df-b0fd-372e2158beac,Academy Ruins,-0.6626602874413933,0.32258575346426593,-2.0542143610653865,0.03995494905289441,0.5154781886686053,0.27391748591828263,0.970064989105286,3587.7573023812815,False,-0.14776998681485137,-0.16012450811939644,-0.532841584792903,0.3251631164360017,-1.6386901153894444,0.101277813694503,0.5869347728742579,0.3103168852850585,1.1101311077304232,3583.7768236604843,False,-0.1193099023700856,-0.12687147199791698,-0.5269033418510051,0.3261971259500829,-1.6152911841768824,0.10624765187467086,0.5904305031219583,0.3115330930386548,1.1190084995997323,3580.734472376088,False,-0.11738522622544399,-0.12914176295372898,45,0.4256191596711586,True,False,0.72197609153811,False,False,0.6970950875368337,False,False,3580.734472376088,3.9804787207972367,3.042351284396318,0.07495231445335304,0.5642811548882739,0.13282795961561641,low,-14.776998681485138,-16.012450811939644,-0.29553997362970275,-0.32024901623879287,-11.93099023700856,-12.6871471997917,-0.2386198047401712,-0.25374294399583397,-11.7385226225444,-12.914176295372897,-0.23477045245088798,-0.25828352590745796
ecc1027a-8c07-44a0-bdde-fa2844cff694,Vivi Ornitier,-0.6431551774489989,0.528816179436775,-1.2162169057194934,0.2239023053341257,0.5256313447556578,0.18644203562502767,1.4818992383526233,3590.4735226491357,False,-0.14379125485059752,-0.15556639382451615,-0.5176837819680923,0.5317067591298119,-0.9736264831677718,0.330242031937684,0.5958991831772562,0.21017200126514315,1.6895487237776683,3585.5056329988884,False,-0.11610656240877223,-0.12310250772049364,-0.5291428927066759,0.5356469190791867,-0.9878576238547369,0.32322238160058236,0.5891096835568281,0.20617893842562646,1.6832476775294645,3582.3567882087655,False,-0.1179393478870759,-0.1293969428488369,20,0.7504665208937782,False,False,0.8704616970529386,False,False,0.8692433175606691,False,False,3582.3567882087655,4.9678896502473435,3.1488447901228938,0.07026783842159845,0.570213403829914,0.12323077281178448,low,-14.379125485059753,-15.556639382451614,-0.28758250970119503,-0.3111327876490323,-11.610656240877223,-12.310250772049363,-0.23221312481754447,-0.24620501544098727,-11.79393478870759,-12.939694284883691,-0.2358786957741518,-0.2587938856976738
99fd1cd5-4740-4a0f-b773-3d3b66861d77,The Warring Triad,-0.6078435044945686,0.5841492244475811,-1.0405620328767786,0.29807885986647886,0.5445238671094433,0.17329221863188965,1.711018787760266,3590.8966035550434,False,-0.13628531737086075,-0.14751970656791213,-0.491399967404386,0.5889323772806511,-0.8343911565422616,0.40406059899231506,0.6117693372673446,0.19287606880518288,1.940425913587829,3585.7719266037084,False,-0.11039480078803109,-0.117163134866828,-0.5338117919469803,0.5968511067739362,-0.8943801659886462,0.3711185208153296,0.586365600710738,0.18201977185791904,1.8889410429832159,3582.538997625951,False,-0.11894742320713046,-0.13040096865735135,19,0.788790461572665,False,False,0.8996605708591937,False,False,0.8719454961264379,False,False,3582.538997625951,5.124676951335005,3.232928977757183,0.06724547015790128,0.5808862683625087,0.1157635733884072,low,-13.628531737086075,-14.751970656791213,-0.2725706347417215,-0.29503941313582427,-11.039480078803109,-11.7163134866828,-0.22078960157606217,-0.234326269733656,-11.894742320713046,-13.040096865735135,-0.23789484641426092,-0.2608019373147027
20c4aae1-7665-4df7-bd51-a1d95bf8a17d,Murktide Regent,-0.5151123908665678,0.2928843624866085,-1.7587568912632547,0.07861880973118754,0.5974334447822184,0.33649710226191887,1.0607126140020289,3588.921166618009,False,-0.11619145395225818,-0.12615990934874055,-0.5173611536183383,0.2999010893667133,-1.7251059498010661,0.08450838050114448,0.5960914681639705,0.3311554790128282,1.0729855337954817,3583.4753975371377,False,-0.11599033277725093,-0.1230223163098797,-0.5410481046256619,0.302152918243989,-1.7906433198462925,0.07335055068932535,0.5821377912045517,0.3219793633766566,1.0525035033132908,3580.120647587046,False,-0.12044853083676764,-0.13211700663028236,54,0.5242744212266087,False,False,0.72197609153811,False,False,0.6970950875368337,False,False,3580.120647587046,5.445769080871287,3.3547499500919002,0.015295653577666712,0.5918875680502468,0.025842160577983667,low,-11.619145395225818,-12.615990934874056,-0.23238290790451635,-0.2523198186974811,-11.599033277725093,-12.30223163098797,-0.23198066555450186,-0.2460446326197594,-12.044853083676763,-13.211700663028235,-0.24089706167353528,-0.2642340132605647
c375a022-5b57-496d-a802-e4ea8376e9e4,"Eiganjo, Seat of the Empire",-0.26157253330624486,0.46237799824442366,-0.5657114618329473,0.5715899422843193,0.7698400343562254,0.3110401081936491,1.9053931081087991,3591.7709483772364,False,-0.059696577372295556,-0.06503090625985503,-0.5247486035325424,0.46934210749607863,-1.1180514067490241,0.2635450385315544,0.591704097990493,0.23582644802214867,1.4846245724985878,3585.3001534658288,False,-0.11741287135798599,-0.12449130716960166,-0.5484700548404247,0.4734816279324222,-1.1583766348769613,0.24671036989691764,0.5778331875371863,0.2284371764071039,1.4616324622413857,3582.0929193286793,False,-0.12185291361660634,-0.13376260387691696,20,0.8684521446552185,False,False,0.8370586318619759,False,False,0.7988012428669011,False,False,3582.0929193286793,6.4707949114076655,3.2072341371494986,0.19200684681903912,0.6464591066279682,0.29701313640792665,low,-5.969657737229555,-6.503090625985503,-0.11939315474459111,-0.13006181251971005,-11.741287135798599,-12.449130716960166,-0.23482574271597198,-0.24898261433920332,-12.185291361660635,-13.376260387691696,-0.24370582723321269,-0.2675252077538339
c14098d6-28ae-492f-8ffc-7d115d83ce6a,Summon: Good King Mog XII,-0.5340630555901309,0.3675763984409446,-1.4529307590349394,0.14624297968927993,0.5862182868617674,0.2852147720049981,1.2048880828834603,3589.8906325982684,False,-0.12035285255438728,-0.13054281175900595,-0.5078568826500899,0.36837842017316325,-1.378628211748566,0.1680094136384651,0.6017838913151049,0.2923280681909749,1.2388268225060248,3584.5457028998744,False,-0.11397168194271053,-0.12074522640719104,-0.550736998514913,0.36857240979418093,-1.494243692365516,0.13511193643032363,0.5765247558785649,0.27995149535012354,1.1872799383519785,3581.0769037030955,False,-0.12257384481063113,-0.13430576554728335,36,0.6576051010039601,False,False,0.72197609153811,False,False,0.7388333550955334,False,False,3581.0769037030955,5.344929698394026,3.4687991967789458,0.025259135436540014,0.5881756446851457,0.042944885026753185,low,-12.035285255438728,-13.054281175900595,-0.24070570510877456,-0.2610856235180119,-11.397168194271053,-12.074522640719104,-0.22794336388542105,-0.24149045281438208,-12.257384481063113,-13.430576554728335,-0.24514768962126227,-0.2686115310945667
6982a82c-dd32-40d2-8dd2-ec92d0fc6c2d,Phyrexian Revoker,-0.5133786497988028,0.22459595641185912,-2.2857875894140336,0.022266688082598653,0.598470138099904,0.38535637466351713,0.9294422766719757,3586.7932186855887,False,-0.11574108559293968,-0.12585773975675912,-0.5828137788958877,0.22708063372456602,-2.5665499049240927,0.010271584359701583,0.5583251507364425,0.35776038904969376,0.8713289214965932,3579.8388913832323,False,-0.1299672260168944,-0.13772701191183162,-0.5608726617383065,0.2282668598645003,-2.4570919408592284,0.014006683457738344,0.5707108089898159,0.3648475415387183,0.892731320386998,3577.2836782205795,False,-0.12459954097791799,-0.13694288244762592,90,0.39006703968383166,True,False,0.465011012698475,True,False,0.5299502928590496,True,False,3577.2836782205795,6.9543273023564325,2.5552131626527625,0.040144987363461504,0.5758353659420542,0.06971608507890996,low,-11.574108559293968,-12.585773975675913,-0.23148217118587935,-0.25171547951351825,-12.99672260168944,-13.772701191183161,-0.2599344520337888,-0.27545402382366324,-12.4599540977918,-13.694288244762593,-0.24919908195583598,-0.27388576489525185
a76fa8d4-923d-4afc-ba47-ba10fc0fe46e,"Comet, Stellar Pup",-0.38713208996308973,0.3592212370095489,-1.0776982262682842,0.2811684503032432,0.6790013997330212,0.3358113568932711,1.3729223010939817,3590.91410062091,False,-0.08792864737288995,-0.0956360941421801,-0.5516215891202552,0.36450912169491634,-1.5133272565451643,0.13019655251733533,0.5760149929947374,0.2819404310857625,1.1768204754351115,3584.202117732107,False,-0.12330847990528927,-0.130428711005798,-0.5643989794800264,0.3656355204827026,-1.5436109126786188,0.12268261976118469,0.5687018455421817,0.27774701443582134,1.1644474011000259,3580.986289631121,False,-0.12536897396209612,-0.13739484672353813,36,0.7740158532703953,False,False,0.72197609153811,False,False,0.7364430434387094,False,False,3580.986289631121,6.71198288880305,3.215828100986073,0.11029955419083948,0.6079060794233134,0.18144176859602146,low,-8.792864737288996,-9.56360941421801,-0.1758572947457799,-0.1912721882843602,-12.330847990528927,-13.0428711005798,-0.24661695981057855,-0.260857422011596,-12.536897396209612,-13.739484672353813,-0.25073794792419224,-0.27478969344707627
02902fcc-eefc-4e81-aafd-59fa203a71d7,Eternal Witness,-0.33727481673655574,0.48058878960931933,-0.7017950148415519,0.4828070081378667,0.7137126727613812,0.27825179317556575,1.8306648573466417,3591.5863207724133,False,-0.07679249351581445,-0.0835449387783827,-0.5252112155112675,0.5016441736268353,-1.046979598535043,0.2951089877072848,0.59143043189239,0.22125623917739384,1.5809269698739308,3585.4023954378463,False,-0.11764555708124648,-0.12460400733886456,-0.5705326726153886,0.5019017609670738,-1.1367417231533028,0.25564627181825306,0.565224279001919,0.21134569439174813,1.5116394326967326,3582.083951637568,False,-0.1267038746064789,-0.1389515512656736,21,0.846426910556781,False,False,0.8370586318619759,False,False,0.8041187881898206,False,False,3582.083951637568,6.183925334566993,3.3184438002781462,0.1484883937594622,0.6234557945518967,0.2381698831850411,low,-7.679249351581445,-8.354493877838271,-0.1535849870316289,-0.1670898775567654,-11.764555708124648,-12.460400733886456,-0.23529111416249296,-0.24920801467772913,-12.67038746064789,-13.89515512656736,-0.2534077492129578,-0.2779031025313472
69c1b656-1d67-499c-bf0f-417682a86c7d,Shadowy Backstreet,-0.6433043152452711,0.23610382385959816,-2.7246670753956925,0.0064366354839600435,0.5255529591005266,0.3308574007056231,0.8348186023049581,3584.4790271919396,False,-0.1437375905816958,-0.1559579608367314,-0.5836432539125279,0.2403823068996331,-2.427979252883269,0.015183211807200286,0.5578622259915421,0.348264658459685,0.8936027691258371,3580.50000909806,False,-0.13027440316025357,-0.13821252897072295,-0.5741686585699948,0.23989422722558099,-2.393424240384425,0.01669192811931374,0.5631728631818633,0.35191650123210944,0.9012469512342356,3577.548881566605,False,-0.12755456993156752,-0.14023424900889842,86,0.30967563573566415,True,False,0.5626223486334773,True,False,0.5301674312182032,True,False,3577.548881566605,3.9790180938794038,2.951127531455313,0.03761990408133675,0.5488626827579773,0.06854155923354215,low,-14.37375905816958,-15.595796083673141,-0.2874751811633916,-0.3119159216734628,-13.027440316025357,-13.821252897072295,-0.26054880632050714,-0.2764250579414459,-12.755456993156752,-14.023424900889841,-0.25510913986313505,-0.28046849801779683
ea7e7daf-7c06-4c74-8bcf-e42c1f611861,Virtue of Loyalty // Ardenvale Fealty,-0.525377508473706,0.364889489316362,-1.4398263689590676,0.1499165288921087,0.5913320893508572,0.28922194566517784,1.2090148937067702,3589.9585393261145,False,-0.11840622806009704,-0.12851111390082187,-0.6254201069117058,0.3793116262469502,-1.6488292570935517,0.0991826193092108,0.535036608720782,0.2543940351939446,1.125278634985264,3583.7326655337083,False,-0.1391060068590118,-0.1464276293060765,-0.5742679603171182,0.37916059456536166,-1.514577117317298,0.12987953071103656,0.5631169419092028,0.267824670888349,1.1839861100673796,3581.0538032422223,False,-0.12752337083230847,-0.13965785049007906,36,0.6576051010039601,False,False,0.72197609153811,False,False,0.7375305985226891,False,False,3581.0538032422223,6.225873792406219,2.6788622914859843,0.05629548063007528,0.563161879993614,0.09996323016521226,low,-11.840622806009705,-12.851111390082187,-0.23681245612019408,-0.25702222780164374,-13.910600685901182,-14.64276293060765,-0.2782120137180236,-0.292855258612153,-12.752337083230847,-13.965785049007906,-0.25504674166461694,-0.2793157009801581
87d5e94b-0b35-4efd-9158-1767dcaea38c,Witherbloom Command,-0.7155179920207945,0.32290348109856,-2.215888133464862,0.026699164435033906,0.4889387798034253,0.2596530882222016,0.920694346570154,3586.9267228844355,False,-0.15899432206069825,-0.17196168110163002,-0.5818021090175914,0.33020536991320065,-1.76194018035057,0.07807940493886771,0.5588902772862923,0.29258366060384455,1.0675864175070218,3583.2972397871677,False,-0.1299463792985212,-0.13752758960729777,-0.5752208710477008,0.3341957040845748,-1.7212096505648975,0.08521278725076316,0.5625805973175282,0.2922211351847771,1.083073365922077,3580.3351010973806,False,-0.12783164383089246,-0.14038043491097602,47,0.39632215487043715,True,False,0.72197609153811,False,False,0.6970950875368337,False,False,3580.3351010973806,3.6294830972678938,2.962138689787025,0.07364181751410287,0.5368032181357486,0.13718587189147602,low,-15.899432206069825,-17.196168110163,-0.3179886441213965,-0.34392336220326003,-12.994637929852122,-13.752758960729777,-0.2598927585970424,-0.27505517921459555,-12.783164383089247,-14.038043491097602,-0.2556632876617849,-0.28076086982195203
97d08a15-e61c-4421-a541-c68a4f87cb74,Forensic Gadgeteer,-0.6535402129937954,0.2468143657228691,-2.6479018394237666,0.008099303875095125,0.520200891089729,0.32068486411009267,0.8438470204744267,3584.7617126717514,False,-0.1461370510461228,-0.1582574098945696,-0.5602619342699748,0.24990017398846584,-2.2419429539726283,0.02496505943815462,0.5710594642131637,0.3499145576547908,0.9319672603880321,3581.308412504899,False,-0.1254410124123884,-0.13333817667707165,-0.5753535720221754,0.25046052238404015,-2.2971826719260973,0.02160835120222442,0.5625059472772197,0.34429508093247396,0.9190167337427043,3577.9295351364276,False,-0.12797982790316115,-0.140659159153326,81,0.30967563573566415,True,False,0.6441593542775871,True,False,0.5630492137771731,True,False,3577.9295351364276,3.4533001668523866,3.3788773684714215,0.05085857312343467,0.5512554341933708,0.09225954062086283,low,-14.61370510461228,-15.82574098945696,-0.2922741020922456,-0.3165148197891392,-12.54410124123884,-13.333817667707166,-0.2508820248247768,-0.2666763533541433,-12.797982790316114,-14.0659159153326,-0.2559596558063223,-0.281318318306652
1fdcc0c3-4029-4fc3-a486-5d7f45c910bd,Everflowing Chalice,-0.6911673044188166,0.21023617037649003,-3.28757560214818,0.0010105405173415256,0.5009909186950128,0.3317975788207866,0.7564609166435203,3580.843105765036,False,-0.15408524205049756,-0.16695026234932736,-0.5769630108237651,0.21370283978942253,-2.6998378280433246,0.0069373283129363795,0.5616013565165446,0.3694201825008876,0.8537597526644751,3578.9928377105894,False,-0.12907105222149753,-0.13726643365805125,-0.5883088169581221,0.21447069821921683,-2.7430731649728406,0.006086712194045328,0.5552655468009211,0.3647032078057936,0.8453992749861081,3575.628295190928,False,-0.13077999104081137,-0.14382761787406068,111,0.20439141742878258,True,False,0.465011012698475,True,False,0.37018318753650625,True,False,3575.628295190928,1.8502680544465875,3.364542519661427,0.06061043782153186,0.5392859406708262,0.11239016864807858,low,-15.408524205049757,-16.695026234932737,-0.3081704841009951,-0.3339005246986547,-12.907105222149754,-13.726643365805124,-0.25814210444299507,-0.2745328673161025,-13.077999104081137,-14.382761787406068,-0.26155998208162273,-0.28765523574812135
a0b6a71e-56cb-4d25-8f2b-7a4f1b60900d,"Uro, Titan of Nature's Wrath",-0.6669418016449403,0.393951018517183,-1.6929561551973757,0.09046381316671102,0.5132758794555666,0.23714445756569788,1.1109352128033574,3589.077855472427,False,-0.14877851332410108,-0.16100625608346825,-0.5745869061493949,0.41413936397031725,-1.3874240319511801,0.16531250115369955,0.5629373667463937,0.24999857540122744,1.2676011388095607,3584.5265406392546,False,-0.12835640185275746,-0.13545299024298824,-0.593376747468682,0.4151389428731782,-1.4293449401829643,0.15290511527371392,0.5524586182619591,0.24486479558996602,1.2464451010875321,3581.2873431216058,False,-0.1316484950609118,-0.14421243385501187,33,0.5535721411210666,False,False,0.72197609153811,False,False,0.7388333550955334,False,False,3581.2873431216058,4.551314833172455,3.2391975176487904,0.04966148729082709,0.5428906214879731,0.0914760456806441,low,-14.877851332410108,-16.100625608346824,-0.29755702664820216,-0.3220125121669365,-12.835640185275746,-13.545299024298824,-0.2567128037055149,-0.27090598048597647,-13.16484950609118,-14.421243385501187,-0.2632969901218236,-0.28842486771002374
9cbb7b4e-bd32-44a0-9396-16738c5e4381,The Last Ride,-0.5778406480187451,0.43301458293052253,-1.3344600177390793,0.18205314180023935,0.5611086904999478,0.240136148621618,1.3111019076543264,3590.1981305864783,False,-0.12983383649994232,-0.14067536620814364,-0.6290772981453188,0.4366346363296783,-1.4407407150135882,0.14965794777102134,0.5330834512378826,0.22652925407128444,1.2544868306248274,3584.3154675624673,False,-0.13998553640538935,-0.14722262537411523,-0.6173060238018825,0.43814540558238796,-1.4089067600317573,0.15886274039692327,0.5393956009275511,0.22853383190752513,1.2731052197896202,3581.295189974539,False,-0.1367474681683031,-0.14969746818905,27,0.6938825461757695,False,False,0.72197609153811,False,False,0.7388333550955334,False,False,3581.295189974539,5.882663024010981,3.0202775879283763,0.028025239262065238,0.5445292475551272,0.0514669127285546,low,-12.983383649994233,-14.067536620814364,-0.25966767299988464,-0.2813507324162873,-13.998553640538935,-14.722262537411524,-0.2799710728107787,-0.29444525074823047,-13.67474681683031,-14.969746818905,-0.2734949363366062,-0.2993949363781
29148d7e-b398-4e19-a29e-d9a660ad5016,Mirage Mirror,-0.606299459291125,0.29492736675525555,-2.0557585617148257,0.03980579406302596,0.5453652860018495,0.3059428074882992,0.9721532518369598,3587.743121646504,False,-0.13588093421253689,-0.14734414376551402,-0.565747247588867,0.29910120648058985,-1.8914910248801724,0.058558827947482836,0.5679355996489243,0.3160086753000724,1.020702501418034,3582.855599193582,False,-0.12643521461440893,-0.13417654020343123,-0.620313576903107,0.29954083717189983,-2.070881495691096,0.03836987182985483,0.5377757770892915,0.29896952981426234,0.9673319772876564,3579.0033961209065,False,-0.13731160593278446,-0.15091516681286726,57,0.4256191596711586,True,False,0.7101588771085645,False,False,0.5743228886625202,True,False,3579.0033961209065,4.887522452921985,3.8522030726753655,0.030159822559632787,0.5503588875800217,0.054800282579696824,low,-13.588093421253689,-14.734414376551403,-0.27176186842507377,-0.29468828753102805,-12.643521461440892,-13.417654020343123,-0.25287042922881786,-0.26835308040686245,-13.731160593278446,-15.091516681286727,-0.27462321186556893,-0.3018303336257345
0596155d-8f83-40ca-be31-9a0df1ced65e,Wall of Omens,-0.6532096062715513,0.37673841796937035,-1.7338545131456666,0.08294390040912593,0.5203729014335619,0.24867289881756346,1.088932319661599,3588.8909186105866,False,-0.14597048780818062,-0.15793122023122674,-0.6666880489109913,0.3781748783671825,-1.7629094026274317,0.07791577095459304,0.5134061411396789,0.24465387791337828,1.0773827417248647,3583.216560915795,False,-0.1479758741820094,-0.15520036901239914,-0.6204988165770914,0.3800042121167524,-1.6328735229557125,0.10249559978161332,0.5376761689056453,0.2553022676890309,1.13236621525502,3580.579715258603,False,-0.13747821448058403,-0.15037396378754087,37,0.5242744212266087,False,False,0.72197609153811,False,False,0.6970950875368337,False,False,3580.579715258603,5.674357694791524,2.636845657192225,0.02427002776596643,0.5238184038262953,0.04633290390082337,low,-14.597048780818062,-15.793122023122674,-0.29194097561636123,-0.3158624404624535,-14.797587418200939,-15.520036901239914,-0.2959517483640188,-0.3104007380247983,-13.747821448058403,-15.037396378754087,-0.27495642896116806,-0.30074792757508173
9503a1e6-f0bf-44d0-a28b-56fbfcff1ff2,Guardian of Ghirapur,-0.6493173655953294,0.2964866874433677,-2.1900388553511574,0.028521419005928795,0.5224022648307134,0.29216654696735983,0.9340704099526734,3586.93824533625,False,-0.14541368362251875,-0.15717723289164615,-0.6318709787384896,0.30170944369943953,-2.0943029525053722,0.03623300150058789,0.5315962646749859,0.29428061667282673,0.9602895080601883,3581.8447666491875,False,-0.1408806508367209,-0.147834116433531,-0.6245724244292691,0.30372181909951096,-2.0563962980369057,0.03974433284265394,0.5354903421652335,0.2952693790863717,0.971146779390081,3578.90006095007,False,-0.1385763511334028,-0.15139268991650467,63,0.39632215487043715,True,False,0.6441593542775871,True,False,0.5743228886625202,True,False,3578.90006095007,5.093478687062543,2.9447056991175486,0.01308807733452011,0.529829623890311,0.024702426486499545,low,-14.541368362251875,-15.717723289164615,-0.2908273672450375,-0.3143544657832923,-14.088065083672092,-14.7834116433531,-0.2817613016734418,-0.295668232867062,-13.85763511334028,-15.139268991650468,-0.2771527022668056,-0.30278537983300935
2c76f7e0-37e7-4e87-93a3-a25ba0674645,"Gix, Yawgmoth Praetor",-0.6475687007607324,0.5102837164724628,-1.2690365768229996,0.2044280188628339,0.5233165704748182,0.19248736090489593,1.422743974700937,3590.3899005712756,False,-0.14462426530918562,-0.15656588665349985,-0.732015651764283,0.5121803391960003,-1.4292146647279964,0.1529425440326484,0.480938607689146,0.1762434296460767,1.312400381849487,3584.3577870809777,False,-0.1613801724642383,-0.1687608536300622,-0.6361206686037095,0.518661860442078,-1.2264650962797154,0.22002370233179813,0.5293419389020366,0.19153247259114717,1.4629523886463878,3581.8215372511568,False,-0.14062025835664158,-0.15384756169264535,18,0.7198724552304672,False,False,0.72197609153811,False,False,0.7889922237619357,False,False,3581.8215372511568,6.032113490297888,2.5362498298209175,0.04840333121289064,0.5111990390220003,0.09468588068063158,low,-14.462426530918563,-15.656588665349986,-0.28924853061837125,-0.3131317733069997,-16.13801724642383,-16.876085363006222,-0.3227603449284766,-0.3375217072601244,-14.062025835664157,-15.384756169264534,-0.28124051671328315,-0.3076951233852907
00f9955f-a522-47bf-b064-92dd21a76b18,Solemn Simulacrum,-0.7491505516037671,0.36418625236282787,-2.05705335317658,0.03968109403595663,0.47276797422095324,0.23155088911213598,0.9652718601341331,3587.643045609577,False,-0.16588305655577798,-0.1792997116580206,-0.6500952232766981,0.3681649349936293,-1.7657717003601858,0.0774341581110528,0.5219960682183091,0.2536757262605858,1.074126796646958,3583.264757313066,False,-0.14438492191593824,-0.1519549522343569,-0.6556867840362942,0.36875769727561275,-1.7780965356940825,0.07538800133473263,0.5190854405458635,0.25196833082522346,1.0693792100944446,3580.10385138967,False,-0.14477128424193383,-0.15838492694214296,37,0.4256191596711586,True,False,0.72197609153811,False,False,0.6970950875368337,False,False,3580.10385138967,4.378288296510618,3.160905923396058,0.04922809399735589,0.5046164943283752,0.09755545954334402,low,-16.5883056555778,-17.929971165802062,-0.33176611311155596,-0.3585994233160412,-14.438492191593824,-15.19549522343569,-0.2887698438318765,-0.3039099044687138,-14.477128424193383,-15.838492694214295,-0.28954256848386767,-0.3167698538842859
0fb4c734-c698-46f2-bc78-5f036f472e5b,Unholy Annex // Ritual Chamber,-0.5746170689869996,0.4097071565924604,-1.4025067898888979,0.1607639643595984,0.5629203872140957,0.25217219888920056,1.2565991165445556,3590.0480304109524,False,-0.12906747108577926,-0.13993911807283366,-0.6683664674797727,0.4098785964090503,-1.6306449600816846,0.10296525652087296,0.5125451534900162,0.22952839848956544,1.1445317272060647,3583.754398458551,False,-0.14816448289854237,-0.15591202546493693,-0.6627071192731914,0.4105872934338006,-1.6140468296787178,0.1065172690137184,0.5154540484460478,0.23051064983975028,1.1526273351974359,3580.6891033516827,False,-0.14619179346767472,-0.16008132953672438,28,0.6578500872874363,False,False,0.72197609153811,False,False,0.6970950875368337,False,False,3580.6891033516827,6.293631952401483,3.065295106868234,0.05037523372407948,0.5303065297167199,0.09499267103308914,low,-12.906747108577926,-13.993911807283366,-0.2581349421715585,-0.2798782361456673,-14.816448289854236,-15.591202546493694,-0.29632896579708473,-0.31182405092987386,-14.619179346767472,-16.008132953672437,-0.29238358693534944,-0.32016265907344876
23b95b26-0bbf-4fa1-80c1-f621f1a1b947,Damn,-0.7632124616139216,0.3783941612172753,-2.0169773739602768,0.043697874557374124,0.4661664771206864,0.22204726428185703,0.9786708478212374,3587.847169861338,False,-0.16875606653345582,-0.1823466018925694,-0.6984839062203155,0.3886055364084056,-1.7974111040102185,0.07227037922277053,0.4973387446807754,0.23220126598979152,1.0652216985394205,3583.1714471620635,False,-0.15448482538483352,-0.16277419392971637,-0.692546540359624,0.38528520428026086,-1.7974906190684077,0.07225776606845048,0.5003004103103836,0.23510911798656436,1.0646141787280317,3580.050092089986,False,-0.15243284314879688,-0.16717384226581472,38,0.4256191596711586,True,False,0.72197609153811,False,False,0.6970950875368337,False,False,3580.050092089986,4.675722699274502,3.1213550720776766,0.03413393318969726,0.48793521070394846,0.06995587209304271,low,-16.87560665334558,-18.23466018925694,-0.33751213306691163,-0.3646932037851388,-15.448482538483352,-16.277419392971638,-0.30896965076966704,-0.32554838785943274,-15.243284314879688,-16.717384226581473,-0.30486568629759375,-0.33434768453162944
a3b1b58d-b7f1-404f-aec6-b19cef4bebbd,Unruly Krasis,-0.7328942872623901,0.2812728955448292,-2.6056342394554743,0.009170433077076053,0.4805162235440453,0.2768749932587809,0.8339353380073019,3585.083736271425,False,-0.16247375262531152,-0.17591170727518768,-0.6902490049275002,0.28957611213818224,-2.3836531260497127,0.01714175132952014,0.5014511897017757,0.2842735828224453,0.8845468268867659,3580.683258446116,False,-0.1527593254090566,-0.16010535345678756,-0.6964953694842153,0.2888321161724508,-2.4114194041647505,0.01589056350401948,0.49832870500488013,0.2829156967154493,0.8777579367807486,3577.434635596105,False,-0.15322091206711863,-0.16752034232612234,62,0.30967563573566415,True,False,0.5716774068394966,True,False,0.5299502928590496,True,False,3577.434635596105,4.400477825309281,3.2486228500106336,0.02093496615773044,0.49343203941690034,0.04242725337104124,low,-16.247375262531154,-17.59117072751877,-0.32494750525062305,-0.35182341455037536,-15.275932540905659,-16.010535345678754,-0.3055186508181132,-0.3202107069135751,-15.322091206711864,-16.752034232612235,-0.30644182413423726,-0.3350406846522447
059e8447-6b1c-4651-a734-a8fea2cbf7b2,Bloodchief's Thirst,-0.6607765691855066,0.4200976071342673,-1.5729120041722018,0.11573919513014913,0.5164501194776164,0.2266908964321966,1.176583312811684,3589.5852215225386,False,-0.1472904052423484,-0.15958756936299157,-0.6361970035161124,0.42812980983818927,-1.4859909048532773,0.1372815267404171,0.5293015331737029,0.22870291529280085,1.224995810225474,3584.28669942499,False,-0.1412912992116783,-0.14872379618985654,-0.7223548873436214,0.4301922438907924,-1.6791443769660261,0.09312390931400996,0.48560735781509334,0.2089768736839637,1.1284239342233584,3580.5507628277564,False,-0.15840056464538993,-0.1731353832586276,25,0.6380003566265245,False,False,0.72197609153811,False,False,0.6970950875368337,False,False,3580.5507628277564,5.298522097548812,3.7359365972333762,0.04369417535860953,0.5104530034888043,0.08559882116467529,low,-14.72904052423484,-15.958756936299157,-0.2945808104846968,-0.31917513872598313,-14.129129921167829,-14.872379618985654,-0.2825825984233566,-0.2974475923797131,-15.840056464538993,-17.31353832586276,-0.31680112929077986,-0.3462707665172552
13f5bcdc-70bb-4d67-99e1-282f166ee4bf,Increasing Confusion,-0.9067882619392956,0.6388410013523763,-1.4194271501354734,0.1557745216771,0.40381910469999455,0.11545012914148163,1.4124702201144061,3589.674757948117,False,-0.19779587736682105,-0.21254991975197263,-0.7318035396025282,0.6432161765906692,-1.1377256453365512,0.25523506131993,0.4810406314367505,0.13635312571917718,1.6970647931433724,3585.028597177812,False,-0.16153658538353188,-0.16934106913686142,-0.7355967981556294,0.6419161657979436,-1.1459390452353457,0.2518203740842383,0.47921937637663825,0.13618343937932698,1.6863372796389795,3581.8865830281666,False,-0.16145775224600298,-0.17651374380284823,19,0.6576051010039601,False,False,0.8304477360994796,False,False,0.7988012428669011,False,False,3581.8865830281666,4.646160770304959,3.142014149645547,0.07722152673675597,0.4546930375044611,0.16983221727031247,low,-19.779587736682107,-21.254991975197264,-0.3955917547336421,-0.42509983950394525,-16.153658538353188,-16.934106913686144,-0.32307317076706377,-0.33868213827372284,-16.145775224600296,-17.651374380284825,-0.32291550449200596,-0.35302748760569647
d21433ba-0a14-42bc-ad0b-a4ef823a3295,Monument to Endurance,-0.9067882619392956,0.6388410013523763,-1.4194271501354734,0.1557745216771,0.40381910469999455,0.11545012914148163,1.4124702201144061,3589.674757948117,False,-0.19779587736682105,-0.21254991975197263,-0.7318035396025282,0.6432161765906692,-1.1377256453365512,0.25523506131993,0.4810406314367505,0.13635312571917718,1.6970647931433724,3585.028597177812,False,-0.16153658538353188,-0.16934106913686142,-0.7355967981556294,0.6419161657979436,-1.1459390452353457,0.2518203740842383,0.47921937637663825,0.13618343937932698,1.6863372796389795,3581.8865830281666,False,-0.16145775224600298,-0.17651374380284823,19,0.6576051010039601,False,False,0.8304477360994796,False,False,0.7988012428669011,False,False,3581.8865830281666,4.646160770304959,3.142014149645547,0.07722152673675597,0.4546930375044611,0.16983221727031247,low,-19.779587736682107,-21.254991975197264,-0.3955917547336421,-0.42509983950394525,-16.153658538353188,-16.934106913686144,-0.32307317076706377,-0.33868213827372284,-16.145775224600296,-17.651374380284825,-0.32291550449200596,-0.35302748760569647
ff37b863-f8c4-4584-8cc2-ac0e096e583f,Bazaar of Baghdad,-0.9067882619392956,0.6388410013523763,-1.4194271501354734,0.1557745216771,0.40381910469999455,0.11545012914148163,1.4124702201144061,3589.674757948117,False,-0.19779587736682105,-0.21254991975197263,-0.7318035396025282,0.6432161765906692,-1.1377256453365512,0.25523506131993,0.4810406314367505,0.13635312571917718,1.6970647931433724,3585.028597177812,False,-0.16153658538353188,-0.16934106913686142,-0.7355967981556294,0.6419161657979436,-1.1459390452353457,0.2518203740842383,0.47921937637663825,0.13618343937932698,1.6863372796389795,3581.8865830281666,False,-0.16145775224600298,-0.17651374380284823,19,0.6576051010039601,False,False,0.8304477360994796,False,False,0.7988012428669011,False,False,3581.8865830281666,4.646160770304959,3.142014149645547,0.07722152673675597,0.4546930375044611,0.16983221727031247,low,-19.779587736682107,-21.254991975197264,-0.3955917547336421,-0.42509983950394525,-16.153658538353188,-16.934106913686144,-0.32307317076706377,-0.33868213827372284,-16.145775224600296,-17.651374380284825,-0.32291550449200596,-0.35302748760569647
3b214b6f-4734-4200-8467-92d7e3469b5d,Tezzeret the Seeker,-0.881160497279161,0.27256690180835913,-3.2328228094939493,0.0012257356367543183,0.41430183643837865,0.24283049637456042,0.7068552518685834,3581.2142083263243,False,-0.19244219565652929,-0.2079157904014946,-0.7551067788316986,0.2798944587381517,-2.697826824567899,0.006979373749707608,0.46996043022558015,0.2715253108576273,0.8134151666384447,3578.9836261204246,False,-0.16617607821693933,-0.176144265152534,-0.755051275211507,0.28182166137139447,-2.6791811230453075,0.007380246069342654,0.46998651545471015,0.27051662251827646,0.8165388235776051,3575.968861203918,False,-0.1652907831026011,-0.1819970455791149,64,0.20439141742878258,True,False,0.465011012698475,True,False,0.4102186773542959,True,False,3575.968861203918,2.2305822058997364,3.014764916506465,0.055684679016331506,0.45141626070622304,0.12335550103847613,low,-19.24421956565293,-20.79157904014946,-0.38488439131305857,-0.4158315808029892,-16.617607821693934,-17.6144265152534,-0.33235215643387866,-0.352288530305068,-16.529078310260108,-18.199704557911488,-0.3305815662052022,-0.3639940911582298
c4fffacd-81c7-44b8-9b59-2c7210022c14,Augur of Autumn,-0.7319246168602532,0.25657202694506503,-2.852706218893327,0.004334867615324476,0.4809823918820558,0.29089125096743307,0.7952939819647025,3583.3999631837964,False,-0.16274822861246413,-0.17582056095880882,-0.8183240103134242,0.26664987073427865,-3.068908333088594,0.0021484250197154166,0.4411704323356725,0.2615950041277046,0.7440178416871818,3576.4590649267648,False,-0.179493637464557,-0.18612796431624967,-0.7972695463814862,0.2678112996189585,-2.976982478020308,0.0029110064656217784,0.450557512497109,0.26655366297625177,0.7615805005300893,3573.954166211525,False,-0.17430838058042125,-0.18928638546239218,78,0.30967563573566415,True,False,0.27049830525765095,True,False,0.37018318753650625,True,False,3573.954166211525,6.940898257031677,2.5048987152399604,0.039811959546383335,0.45757011223827915,0.08700734265976555,low,-16.274822861246413,-17.582056095880883,-0.32549645722492826,-0.35164112191761765,-17.9493637464557,-18.612796431624968,-0.358987274929114,-0.37225592863249934,-17.430838058042124,-18.928638546239217,-0.3486167611608425,-0.37857277092478436
6be9b1d5-9ab8-4adb-ba54-2c0117e842fa,Mox Opal,-0.8997441707360609,0.24525620620397043,-3.668588798066041,0.00024389298534734286,0.4066736854632352,0.25146628982784297,0.6576765679466381,3577.816538967496,False,-0.19642462539679026,-0.21204173134458348,-0.7833044323084203,0.24981683194930396,-3.1355150339404614,0.0017155263510954348,0.4568937396468314,0.2800056708648983,0.7455273626554105,3576.178195234823,False,-0.17219251629977936,-0.18205390331254195,-0.8177130021573733,0.25103088405848617,-3.257419919562006,0.0011242997649427524,0.4414400734361051,0.26989196358970824,0.7220271987479984,3572.2180829266567,False,-0.17821367709086838,-0.19602268536191347,82,0.08133831061333885,True,False,0.27049830525765095,True,False,0.2877005596721151,True,False,3572.2180829266567,1.6383437326730927,3.960112308166117,0.05022005418359621,0.43500249951539055,0.11544773705793247,low,-19.642462539679027,-21.204173134458348,-0.3928492507935805,-0.42408346268916697,-17.219251629977936,-18.205390331254197,-0.3443850325995587,-0.3641078066250839,-17.82136770908684,-19.602268536191346,-0.35642735418173677,-0.39204537072382695
ec59ed99-ce40-489a-b776-8874bec60393,Trash for Treasure,-0.9877810351870853,0.35962738315562887,-2.7466791502904626,0.006020199690091004,0.3724021220872791,0.18403106461900634,0.7535865796474113,3583.9447090744898,False,-0.2132836033180865,-0.22934917794744375,-0.8477389979149811,0.3666821864987371,-2.311917592751403,0.020782225030914866,0.4283824113253181,0.20878796083911086,0.8789371264289777,3580.820235532476,False,-0.18497697741808278,-0.19425847503916827,-0.8355803999958838,0.3676125484835166,-2.2729920494902545,0.023026659056471895,0.4336227337499972,0.21095699213552144,0.8913128373769618,3577.898312925806,False,-0.1816048111644455,-0.198937485687062,38,0.30967563573566415,True,False,0.6300792770736461,True,False,0.5630492137771731,True,False,3577.898312925806,3.124473542013675,2.9219226066702504,0.06122061166271814,0.4114690890541981,0.14878544535007404,low,-21.32836033180865,-22.934917794744376,-0.426567206636173,-0.4586983558948875,-18.497697741808278,-19.425847503916827,-0.36995395483616555,-0.38851695007833653,-18.16048111644455,-19.893748568706197,-0.363209622328891,-0.397874971374124
ab9f6a1b-8467-4584-affd-8c71d3e34d2f,"Akal Pakal, First Among Equals",-0.9367332303663002,0.3001258905294397,-3.1211343636960067,0.001801558141636421,0.39190601312860823,0.21762541459555867,0.7057554532948163,3581.6881935007978,False,-0.20352515380032776,-0.2192982629136993,-0.8145064678008769,0.30357549572790504,-2.683044182627045,0.007295535129523798,0.44285783803859435,0.244261858291136,0.8029213651460007,3578.896698261523,False,-0.1783769428592533,-0.18743121350993425,-0.8536753364282845,0.30692546193590925,-2.7813767259444413,0.005412888361109699,0.42584692152732306,0.23334219801802805,0.7771659053296793,3575.202539789756,False,-0.18523505542204752,-0.20294935916659862,54,0.24032785609429858,True,False,0.465011012698475,True,False,0.37018318753650625,True,False,3575.202539789756,2.791495239274809,3.6941584717669684,0.05095182490998612,0.4202035908981752,0.12125509161184891,low,-20.352515380032777,-21.92982629136993,-0.4070503076006555,-0.4385965258273986,-17.83769428592533,-18.743121350993423,-0.3567538857185066,-0.3748624270198685,-18.523505542204752,-20.294935916659863,-0.37047011084409504,-0.40589871833319724
bf4b9a8a-b42a-46fb-b0d0-9cf800f63c8a,"Emry, Lurker of the Loch",-0.9536315477422466,0.24306897590382048,-3.923296028200601,8.734571766055957e-05,0.3853391020768752,0.23929773708318966,0.6205082647220881,3575.4559360363573,False,-0.20722188542646464,-0.22324665459144977,-0.8472151093623902,0.24664910202514184,-3.434900441178296,0.0005927715620342802,0.42860689476376024,0.26430610752559774,0.6950420932714978,3573.896334941918,False,-0.18531465037188755,-0.19507315997662972,-0.8944792897183279,0.24873863290198212,-3.596060970837635,0.00032307210820904837,0.4088204202230144,0.2510741386878165,0.6656764287425686,3569.5279846432163,False,-0.1936849358758734,-0.21244228904221202,87,0.058259593679593234,True,False,0.27049830525765095,True,False,0.21548909617543527,True,False,3569.5279846432163,1.559601094439131,4.368350298701898,0.04326779268688502,0.4075888056878833,0.10615549809780087,low,-20.722188542646464,-22.324665459144978,-0.41444377085292927,-0.44649330918289953,-18.531465037188756,-19.50731599766297,-0.3706293007437751,-0.39014631995325944,-19.36849358758734,-21.244228904221202,-0.3873698717517468,-0.42488457808442404
a55c4d47-5252-40af-961d-c08bc688028a,Goblin Engineer,-1.0625770939083086,0.4050829923138863,-2.6231096196824537,0.008713123339488111,0.3455641106621609,0.1562122282415225,0.7644379439559703,3584.7230471019216,False,-0.22717478724852144,-0.24384552799684478,-0.9190195278788289,0.4113565255201134,-2.234119239306666,0.025475228425547652,0.39890996950994717,0.17812346992368208,0.8933643828216836,3581.2246060965426,False,-0.19887959695005647,-0.2077732569001821,-0.9743397914777753,0.41182658122948446,-2.3658982588470616,0.01798638647739416,0.37744146139200474,0.1683820304031171,0.8460644905912414,3577.4526356588594,False,-0.2084618146918247,-0.2277738303539364,30,0.30967563573566415,True,False,0.6441593542775871,True,False,0.5453145354737229,True,False,3577.4526356588594,3.498441005378936,3.771970437683194,0.053345858847786254,0.3739718471880376,0.14264672394166428,low,-22.717478724852143,-24.384552799684478,-0.4543495744970429,-0.48769105599368956,-19.887959695005648,-20.777325690018213,-0.39775919390011294,-0.4155465138003642,-20.846181469182472,-22.77738303539364,-0.4169236293836494,-0.4555476607078728
d2705b43-a94a-44c0-8740-82e0b296820c,Abhorrent Oculus,-1.198218904637201,0.6194983412673658,-1.9341761306186749,0.05309147610023069,0.3017311455494036,0.08959680182808823,1.0161264948858273,3587.8983992067606,False,-0.2516431862439665,-0.26862230086005745,-1.108518687258161,0.6266614274963281,-1.7689275877198556,0.07690595962325902,0.330047502715562,0.09663878810765955,1.1272011599258154,3583.063134458327,False,-0.23450092870891664,-0.23999022944036555,-1.0422726013136072,0.6243360430926588,-1.6694096277874537,0.09503622689673404,0.352652332439871,0.10372923901494625,1.198925864648075,3580.3181036739447,False,-0.22124997468437327,-0.23941840729652603,17,0.4617976328010313,False,False,0.72197609153811,False,False,0.6970950875368337,False,False,3580.3181036739447,4.835264748433474,2.7450307843823794,0.050921186890467374,0.3281436602349455,0.15517955414408627,low,-25.164318624396646,-26.862230086005745,-0.503286372487933,-0.5372446017201149,-23.450092870891666,-23.999022944036554,-0.4690018574178333,-0.4799804588807311,-22.12499746843733,-23.941840729652604,-0.44249994936874654,-0.47883681459305205
bb142d99-b210-47c8-897c-be62f90d2192,Mishra's Research Desk,-1.095087438365051,0.45044263357639874,-2.431136301797941,0.01505155110582816,0.3345103566311498,0.13835187777841265,0.8087868447489809,3585.3075155387332,False,-0.23355022279850046,-0.24998101950739188,-1.067881996327483,0.4469816979811694,-2.389095574048473,0.016889907943403417,0.3437357806194976,0.1431351307894011,0.825473706045927,3579.96591659556,False,-0.2274302089680462,-0.2335275195743614,-1.0985188757177722,0.4502009407304441,-2.4400634835090353,0.014684681079878253,0.333364472437821,0.1379432763111004,0.8056345655667441,3576.5480554155993,False,-0.2318965867204299,-0.2507683051745452,30,0.37932307710689067,True,False,0.5716774068394966,True,False,0.5299502928590496,True,False,3576.5480554155993,5.341598943173267,3.4178611799607097,0.010371308181676586,0.3372035365628228,0.030756819122934542,low,-23.355022279850047,-24.998101950739187,-0.4671004455970009,-0.49996203901478375,-22.74302089680462,-23.35275195743614,-0.4548604179360924,-0.4670550391487228,-23.189658672042988,-25.076830517454518,-0.4637931734408598,-0.5015366103490904
