card_id,card_name,v0_coef,v0_se,v0_z,v0_p,v0_or,v0_or_lower,v0_or_upper,v0_aic,v0_separation,v0_win_rate_lift_prob,v0_win_rate_lift_mean_prob,v1_coef,v1_se,v1_z,v1_p,v1_or,v1_or_lower,v1_or_upper,v1_aic,v1_separation,v1_win_rate_lift_prob,v1_win_rate_lift_mean_prob,v2_coef,v2_se,v2_z,v2_p,v2_or,v2_or_lower,v2_or_upper,v2_aic,v2_separation,v2_win_rate_lift_prob,v2_win_rate_lift_mean_prob,n_games,v0_p_adj,v0_significant_raw,v0_significant_fdr,v1_p_adj,v1_significant_raw,v1_significant_fdr,v2_p_adj,v2_significant_raw,v2_significant_fdr,best_aic,aic_improvement_v0_to_v1,aic_improvement_v1_to_v2,or_range,or_mean,or_cv,confidence,v0_win_rate_lift_pct,v0_win_rate_lift_mean_pct,v0_win_rate_lift_std,v0_win_rate_lift_mean_std,v1_win_rate_lift_pct,v1_win_rate_lift_mean_pct,v1_win_rate_lift_std,v1_win_rate_lift_mean_std,v2_win_rate_lift_pct,v2_win_rate_lift_mean_pct,v2_win_rate_lift_std,v2_win_rate_lift_mean_std
a7072412-4aa2-40ef-a267-bd717551a42b,"Rhys, the Evermore",1.034883629150688,0.5395044930029487,1.9182113264532754,0.05508422062833091,2.8147786583811114,0.9777070661913752,8.103632641770162,3611.4071112532893,False,0.22204498248971233,0.23822148189949327,1.0367135723921341,0.5454718089777212,1.9005813963787757,0.05735686416777248,2.81993425935305,0.9681084399828459,8.213986056369821,3605.8181483904596,False,0.22113061255373362,0.24633673275989393,1.164716377266853,0.5473883590236756,2.1277697233902573,0.033356180802428616,3.2050137395254237,1.096184149008418,9.370791467691491,3601.4299367215303,False,0.2433189608169364,0.2619025894116035,17,0.48278000459130566,False,False,0.7628416482230934,False,False,0.6244000967008481,True,False,3601.4299367215303,5.588962862829703,4.388211668929216,0.39023508114431227,2.9465755524198616,0.13243681494059553,low,22.204498248971234,23.822148189949328,0.44408996497942466,0.47644296379898654,22.113061255373363,24.63367327598939,0.44226122510746724,0.49267346551978786,24.331896081693642,26.190258941160348,0.4866379216338728,0.523805178823207
716a44b4-f6b0-4f14-a270-6442aed3251f,"Raffine, Scheming Seer",0.9363776602376429,0.46891405274978565,1.996906799330447,0.04583530844190067,2.5507250707859512,1.0174567353072814,6.394570069626658,3611.5850871135995,False,0.20289192214620713,0.21867476254738705,1.0458865209573165,0.4785619208434533,2.185477940062527,0.02885382168718205,2.845920373704286,1.1139420897686045,7.2708113355763215,3605.1337402131676,False,0.22236385297786926,0.24827441951467838,0.9621928946331973,0.48275378636726235,1.9931338123181375,0.04624679636958381,2.6174299327417305,1.016124085761009,6.742227203168287,3602.5454544754493,False,0.20573284113158719,0.22406611623337358,20,0.4367450104392535,True,False,0.6636378988051872,True,False,0.6588711023833289,True,False,3602.5454544754493,6.451346900431872,2.5882857377182518,0.29519530291833496,2.671358459077323,0.11050381573287409,low,20.289192214620712,21.867476254738705,0.40578384429241426,0.4373495250947741,22.236385297786924,24.827441951467836,0.4447277059557385,0.49654883902935676,20.573284113158717,22.40661162333736,0.41146568226317437,0.44813223246674716
6f26faca-f338-4ce5-a218-6a61d40fc50a,Tendrils of Agony,0.7451847900382949,0.33826700079688266,2.20294852374841,0.027598377004221096,2.1068307203410837,1.0856528037151132,4.088540709316586,3610.4649337444753,False,0.1649564963440124,0.17846715002449853,0.9625699005951291,0.3464755270501851,2.778175730881293,0.005466504524427257,2.6184169054669235,1.3277394938962446,5.16374418502516,3601.81737720313,False,0.20696675150910884,0.23240703496872678,0.9149034218687777,0.35015867258649624,2.6128252517943222,0.008979720308314511,2.4965341296607324,1.2568296804867756,4.959051140602381,3599.4013499801245,False,0.19689755311661647,0.21633959881093534,41,0.41496513490710435,True,False,0.423507730325124,True,False,0.42423822014659385,True,False,3599.4013499801245,8.647556541345239,2.4160272230055853,0.5115861851258399,2.4072605851562465,0.21251799172902366,low,16.49564963440124,17.846715002449855,0.3299129926880248,0.35693430004899707,20.696675150910885,23.240703496872676,0.4139335030182177,0.46481406993745356,19.689755311661646,21.633959881093535,0.39379510623323294,0.4326791976218707
6da09e6a-2965-4855-bd41-41b41ba188fb,Through the Breach,0.7312153289609534,0.2772256960425681,2.6376174337341194,0.008349071200835216,2.077604046326381,1.206656081287623,3.5771904192499315,3608.190420364833,False,0.16227183934279527,0.1755596087323839,0.8905254818012267,0.2825588390844559,3.1516461657568304,0.0016235288155548536,2.436409603871696,1.4003331284317548,4.239056862481084,3599.389248764987,False,0.1932896412443261,0.21674574624440957,0.9022716609030945,0.2829235298143458,3.1891008199111766,0.00142716093652596,2.465196846511135,1.4158662611448598,4.292210118160783,3595.7780564217564,False,0.19468456045602747,0.21440442563594736,63,0.38516269952879795,True,False,0.2931535526103554,True,False,0.3173054482209385,True,False,3595.7780564217564,8.80117159984593,3.611192343230414,0.38759280018475417,2.326403498903071,0.16660600810113516,low,16.227183934279527,17.55596087323839,0.32454367868559053,0.3511192174647678,19.32896412443261,21.674574624440957,0.3865792824886522,0.43349149248881913,19.468456045602746,21.440442563594736,0.38936912091205494,0.4288088512718947
4bc61952-88ba-447a-835a-f1e9643fcd0d,Serum Visions,0.8149829429942473,0.5397580329843285,1.5099042407728462,0.13106786043394036,2.259137137905904,0.7843163740871019,6.507196300480259,3612.9801919098327,False,0.1793062437698926,0.19335534626043022,0.7973913701904904,0.5469316153726478,1.4579361437118492,0.14485814494073057,2.2197428818507228,0.7598801192748695,6.4842576303073765,3607.482757322041,False,0.17468586316849402,0.19422471580687617,0.8237229752689305,0.5512044124661172,1.4944056263692649,0.1350696318897326,2.2789686070034882,0.7736484765932015,6.713252942186508,3604.015492767833,False,0.1791328951377512,0.19505286648174258,18,0.6488138646109055,False,False,0.7803239175511554,False,False,0.7748948686229261,False,False,3604.015492767833,5.4974345877917585,3.467264554207759,0.059225725152765474,2.2526162089200383,0.026291973270120346,low,17.93062437698926,19.33553462604302,0.3586124875397852,0.38671069252086043,17.468586316849404,19.422471580687617,0.34937172633698804,0.38844943161375234,17.913289513775123,19.50528664817426,0.3582657902755024,0.39010573296348516
efda91fa-03b2-4fb4-ae07-b45f6c6d3eab,Yawgmoth's Will,0.6118570967996817,0.2619627679271598,2.335664345132481,0.019508742152457702,1.8438524336555988,1.1034151716405252,3.0811537528915465,3609.8351367985715,False,0.13711851244068843,0.14868679620849018,0.8100404393223876,0.2693711412637528,3.0071537564198176,0.0026370634417723126,2.2479988923903127,1.325875508608313,3.811443070920292,3600.4005730159924,False,0.1772260098881461,0.1983709274268169,0.7624042473404549,0.27305902874452775,2.7920858388965972,0.0052369461326944745,2.1434233504204463,1.2550915912559304,3.660500708581975,3598.363826052978,False,0.16679049031649312,0.18398353256088984,69,0.4019067836597793,True,False,0.2931535526103554,True,False,0.4133182244190176,True,False,3598.363826052978,9.434563782579062,2.0367469630145933,0.4041464587347139,2.0784248921554522,0.1944484307612336,low,13.711851244068843,14.868679620849019,0.27423702488137686,0.29737359241698036,17.72260098881461,19.83709274268169,0.3544520197762922,0.3967418548536338,16.679049031649313,18.398353256088985,0.33358098063298625,0.3679670651217797
b7f16fdf-a3f5-462d-a64a-789d893b6ef5,Batterskull,0.6468642508759593,0.22506250640980857,2.8741537681896534,0.0040511167476753734,1.9095435813834587,1.2284359050944538,2.968292178762391,3607.0166395925044,False,0.1444539592194287,0.15681185936908093,0.6432791135053133,0.22690596479636144,2.8350030995554887,0.004582524106726535,1.9027098625589332,1.219624985435809,2.968375414009241,3601.561645505192,False,0.14279925668930002,0.15862452982857078,0.6369709662399068,0.22781301625452965,2.7960253400456954,0.0051735343866708425,1.8907450660676623,1.2098029007292652,2.954958119793117,3598.4456850288993,False,0.14076208570815088,0.15431652295515835,93,0.38124016703785185,True,False,0.423507730325124,True,False,0.4133182244190176,True,False,3598.4456850288993,5.454994087312571,3.1159604762924573,0.01879851531579635,1.9009995033366849,0.009888753407247448,low,14.445395921942868,15.681185936908093,0.2889079184388574,0.31362371873816186,14.279925668930002,15.862452982857079,0.28559851337860004,0.31724905965714156,14.076208570815089,15.431652295515836,0.28152417141630176,0.3086330459103167
3e7da55c-7f05-46b2-aa3c-17f8d5df46bb,Scion of Draco,0.650712462654657,0.4408991241201488,1.4758760611130908,0.13997716704330648,1.916906066600687,0.8077926936694435,4.548851329019533,3613.318875437412,False,0.14509148301340058,0.15729864789468395,0.6426978413721355,0.44826163499553234,1.4337560727866907,0.15164188448843943,1.901604191717261,0.7898636343092726,4.578130128903703,3607.7543657109154,False,0.14251527856897983,0.15838760299746818,0.5963580164383602,0.4499056554002269,1.3255179375503787,0.18499942402887204,1.815494743347377,0.7516706110984992,4.384927539344819,3604.6982480916995,False,0.13205879298505588,0.14489029671023035,22,0.6488138646109055,False,False,0.7803239175511554,False,False,0.8065007570408996,False,False,3604.6982480916995,5.564509726496453,3.056117619215911,0.10141132325331004,1.878001667221775,0.05399959170607822,low,14.509148301340058,15.729864789468396,0.29018296602680116,0.3145972957893679,14.251527856897983,15.838760299746818,0.28503055713795966,0.31677520599493636,13.205879298505588,14.489029671023035,0.26411758597011176,0.2897805934204607
08f79439-b8f8-418f-9772-26d81844749e,Enduring Innocence,0.6141393968044323,0.2927916248687233,2.0975306144080768,0.03594663002792815,1.8480654639444458,1.0410895532002244,3.2805496400628598,3610.8208097781744,False,0.13774515309002722,0.14915430288463755,0.5429367310790022,0.2965074395554007,1.8311066052612741,0.06708463283041007,1.721053719873559,0.9625032362871574,3.077419166003626,3606.2712265997425,False,0.12163772184960321,0.13454207472381302,0.547618778693148,0.2979274725945797,1.8380942647687573,0.0660485161658247,1.7291306689115513,0.9643325571242753,3.100479028818267,3602.898866673861,False,0.12201949508119134,0.13351371755427544,56,0.4336811642568359,True,False,0.7731116881090416,False,False,0.7105541981065335,False,False,3602.898866673861,4.549583178431931,3.372359925881483,0.1270117440708869,1.7660832842431855,0.07191718827989182,low,13.774515309002721,14.915430288463755,0.27549030618005443,0.2983086057692751,12.16377218496032,13.454207472381302,0.24327544369920642,0.26908414944762604,12.201949508119133,13.351371755427543,0.24403899016238267,0.26702743510855087
2462df62-fc35-47ed-9571-40452074dc6d,Traveling Chocobo,0.42638188795108073,0.2958475261998884,1.4412217449572224,0.14952204703647487,1.5317056033712413,0.8577185501803036,2.7353052524113806,3613.3924255223897,False,0.09657521013867715,0.10509398346436971,0.5697121850863583,0.30615482137077416,1.8608630187025486,0.06276352335788689,1.7677581910373497,0.9701047100550596,3.2212698171543575,3606.3247235918006,False,0.1270068877631567,0.1410599738137301,0.5442148474588225,0.3075280004571386,1.7696432411027625,0.07678659066314077,1.7232548331633133,0.9431404824886349,3.148637212756376,3603.3072956086307,False,0.12093152404702943,0.1329616705758736,50,0.6488138646109055,False,False,0.7731116881090416,False,False,0.7166441943257827,False,False,3603.3072956086307,7.06770193058901,3.0174279831699096,0.23605258766610837,1.674239542523968,0.14099092852045042,low,9.657521013867715,10.50939834643697,0.1931504202773543,0.21018796692873942,12.700688776315669,14.105997381373008,0.2540137755263134,0.2821199476274602,12.093152404702943,13.296167057587361,0.24186304809405887,0.2659233411517472
b6876d9e-0908-43ac-8542-09c7aa02b5ba,Tarmogoyf,0.44310835190895614,0.4994790140329421,0.8871410799247951,0.37500294950200064,1.5575410877493727,0.5851596777388082,4.1457645362747275,3614.693455057414,False,0.10027538307889661,0.10903189011908582,0.575264401149321,0.5032995498140554,1.1429861229994205,0.25304435271471937,1.7776004643911147,0.6628525468410018,4.7670683714842275,3608.5086190913294,False,0.12822638498259906,0.14232481868673402,0.4982816326505186,0.5060661032192163,0.984617680340219,0.32481190175030017,1.6458905946673292,0.6104200637826552,4.437855192418641,3605.4868461733595,False,0.11108736771350272,0.12207930440848364,17,0.8163823608917753,False,False,0.8273558002976363,False,False,0.8773525197113934,False,False,3605.4868461733595,6.184835966084847,3.0217729179698836,0.22005937664174202,1.660344048935939,0.1325384198430265,low,10.02753830788966,10.903189011908582,0.20055076615779321,0.21806378023817163,12.822638498259906,14.232481868673402,0.2564527699651981,0.28464963737346805,11.108736771350273,12.207930440848363,0.22217473542700544,0.24415860881696727
0783b426-a527-42c1-9271-be28b229e1c6,"Torsten, Founder of Benalia",0.4139292005072466,0.28803511660819764,1.4370789415593985,0.150695564087206,1.512750021158763,0.860174822819985,2.6604041013587656,3613.389906522927,False,0.09385677153465032,0.10211206078945945,0.46710518702927917,0.3001334420790631,1.5563250259403991,0.11963082337330526,1.5953692067389396,0.885895430644533,2.8730285965681888,3607.3549553648677,False,0.10492032544032995,0.11618170216190188,0.4977476194688528,0.29850543456958567,1.6674658543036378,0.09542180861012901,1.6450119020318035,0.9163810271564321,2.952990161988971,3603.6526230804648,False,0.11100190509562592,0.12221424538872833,55,0.6488138646109055,False,False,0.7803239175511554,False,False,0.7166441943257827,False,False,3603.6526230804648,6.034951158059357,3.702332284402928,0.13226188087304047,1.5843770433098354,0.08347879151085111,low,9.385677153465032,10.211206078945946,0.18771354306930063,0.2042241215789189,10.492032544032995,11.618170216190189,0.2098406508806599,0.23236340432380376,11.100190509562593,12.221424538872833,0.22200381019125184,0.24442849077745665
415ff6a5-61ef-4b37-ae08-e44476300d4a,Fire Magic,0.46362238557940116,0.5186695948507388,0.8938684476247755,0.37139228139026514,1.5898225171685914,0.5752387998411735,4.39388934959558,3614.641563391682,False,0.10488293402579069,0.11390996724205171,0.4810531798127693,0.524967900792815,0.9163477978106377,0.3594845057456806,1.6177773157088808,0.5781719832222861,4.526686728464344,3608.9178105483325,False,0.10802261350912246,0.11952595217552309,0.47236904529669543,0.5254724408620249,0.8989416162754137,0.3686837595252812,1.6037891453674218,0.5726062685872702,4.491986490375538,3605.6041283869417,False,0.10557647185081401,0.11594865522869535,17,0.8163823608917753,False,False,0.9087451152849259,False,False,0.8983633950882475,False,False,3605.6041283869417,5.723752843349757,3.313682161390716,0.027954798540289483,1.6037963260816313,0.01743039193049418,low,10.48829340257907,11.390996724205172,0.20976586805158137,0.22781993448410343,10.802261350912246,11.95259521755231,0.2160452270182449,0.23905190435104617,10.5576471850814,11.594865522869535,0.21115294370162802,0.2318973104573907
28667c8b-d02c-4e57-a050-1549207b65d1,Thragtusk,0.4186059084067322,0.2608420535476712,1.6048252293422012,0.10853227206632818,1.5198412800812149,0.9115174720881413,2.5341450793556954,3612.8314954000202,False,0.09501730086736668,0.10325602678215934,0.4454192593209517,0.26968803464113433,1.6516092748188016,0.09861422807623971,1.5611445830619104,0.9201953554725477,2.6485380465455464,3607.002139347075,False,0.10031775476741815,0.11082915818147626,0.4703456034573418,0.2710502343687693,1.7352709712747458,0.08269282090929939,1.6005472523063247,0.9409052305378288,2.7226456222387116,3603.362916295563,False,0.10522830472455943,0.11556269211588727,70,0.6134832666800076,False,False,0.7761883269753548,False,False,0.7166441943257827,False,False,3603.362916295563,5.829356052945059,3.63922305151209,0.08070597222510978,1.56051103848315,0.05171765545699549,low,9.501730086736668,10.325602678215933,0.19003460173473335,0.20651205356431868,10.031775476741815,11.082915818147626,0.2006355095348363,0.22165831636295252,10.522830472455944,11.556269211588727,0.21045660944911887,0.23112538423177453
3027e6c5-eed3-44e7-bb12-67569721af99,Goryo's Vengeance,0.21030724058409866,0.5131192190889294,0.4098603848000673,0.6819083670659112,1.2340571541580538,0.451397736581575,3.3737365881839376,3615.3020193395587,False,0.04807377004622773,0.05238727574681867,0.39355071808691056,0.518660332480406,0.7587831446542679,0.4479822901076662,1.4822344579217914,0.5363204009281977,4.0964673065734125,3609.2232274244616,False,0.0887196254311016,0.0980608953287147,0.464314269766771,0.5260768190665298,0.8825978506155238,0.3774535902894016,1.5909228708437038,0.5673401203334082,4.461231438182375,3605.6806164845357,False,0.1037138864747261,0.11414044339222396,17,0.9254734283166913,False,False,0.9193975000055795,False,False,0.9047399436527692,False,False,3605.6806164845357,6.078791915097099,3.5426109399259076,0.3568657166856499,1.4357381609745163,0.2485590523298657,low,4.807377004622773,5.238727574681867,0.09614754009245546,0.10477455149363735,8.87196254311016,9.80608953287147,0.1774392508622032,0.1961217906574294,10.37138864747261,11.414044339222396,0.2074277729494522,0.2282808867844479
209c591a-4ab2-4e89-9523-a7b766cf4e51,Ouroboroid,0.479812618969144,0.28420173676407706,1.6882817974031186,0.09135714771031235,1.6157716088752185,0.9256836021292973,2.8203134267928327,3612.561705542009,False,0.10845725189102615,0.11783645916528218,0.4469828433162787,0.2922188710357848,1.5296166251410288,0.1261116518460289,1.5635874730805481,0.8818210418900188,2.772451177547804,3607.4030130643196,False,0.10059877149266225,0.11119418074265036,0.4628045370076517,0.2933645952711517,1.5775746101191577,0.11466336910843887,1.588522814645961,0.8938743429035859,2.8229971613839044,3603.904142462122,False,0.10351793909952478,0.11366763857168749,57,0.5694880142315732,False,False,0.7803239175511554,False,False,0.7748948686229261,False,False,3603.904142462122,5.158692477689328,3.4988706021977123,0.052184135794670405,1.5892939655339091,0.03283479137677315,low,10.845725189102614,11.783645916528219,0.2169145037820523,0.23567291833056436,10.059877149266224,11.119418074265036,0.2011975429853245,0.22238836148530072,10.351793909952479,11.366763857168749,0.20703587819904956,0.22733527714337498
58c1e824-c8a9-4312-8e4c-a29a26d189a4,"Ugin, the Spirit Dragon",0.5173829044885173,0.3786856906547598,1.3662594527771712,0.17185754280364318,1.6776313779274707,0.7986431536432382,3.524035769126577,3613.5694374061554,False,0.11661759276040773,0.12662843114334799,0.5584321395717141,0.3867108733073355,1.4440559552818792,0.14872323616152142,1.7479298407754944,0.819122878069112,3.729915022609909,3607.672546486202,False,0.12472091215349007,0.13834251830166272,0.46075289650257933,0.3872406325034385,1.1898361324427598,0.23411080499425685,1.5852670778389668,0.7421241415007509,3.38632254032064,3605.00578232134,False,0.10302474641284617,0.11331303015834726,31,0.6823153633930358,False,False,0.7803239175511554,False,False,0.8232975292663921,False,False,3605.00578232134,5.896890919953421,2.6667641648618883,0.1626627629365276,1.6702760988473109,0.09738675123758536,low,11.661759276040772,12.662843114334798,0.23323518552081546,0.25325686228669597,12.472091215349007,13.834251830166272,0.24944182430698014,0.27668503660332544,10.302474641284617,11.331303015834726,0.20604949282569235,0.22662606031669452
3a2d7cf9-dddb-4de3-b4f2-c52e3ec8fb4b,Brain Freeze,0.3668990081034645,0.17770132462433075,2.0646948405089653,0.03895188308058705,1.443252154982493,1.0187785521594475,2.0445824840407583,3611.172854142541,False,0.08341891939640435,0.09086169144171946,0.48551717915129455,0.1865953881947478,2.6019784510674238,0.009268767600900445,1.625015215546824,1.1272603481692804,2.3425595116933375,3602.952922883772,False,0.10893195335720722,0.12078662223844333,0.44644596624582106,0.1882589307211902,2.3714464144439638,0.017718615763737615,1.5627482441201472,1.0805373482008849,2.2601551705425846,3600.7685208828675,False,0.09989022432034898,0.11052563456585668,148,0.4336811642568359,True,False,0.5083371575336822,True,False,0.5138398571483909,True,False,3600.7685208828675,8.219931258769066,2.184402000904356,0.181763060564331,1.5436718715498214,0.11774721293706275,low,8.341891939640435,9.086169144171945,0.1668378387928087,0.18172338288343892,10.893195335720723,12.078662223844333,0.21786390671441444,0.24157324447688666,9.989022432034899,11.052563456585668,0.19978044864069797,0.22105126913171336
f44e5128-e146-4e46-b313-a40d82719d1d,Spirit of the Labyrinth,0.37449179935594035,0.33812549900170735,1.1075526704185341,0.2680550534158639,1.4542521749011514,0.7495860346102331,2.8213564428323434,3614.24073548304,False,0.08507362196781158,0.09258806366763966,0.4325639288064044,0.3419191079930244,1.2651060402720438,0.20583331791710913,1.5412039994755031,0.788519988506877,3.012364686527627,3608.185206286307,False,0.09733527012027501,0.10765667998450751,0.44583686545271495,0.3403070114758269,1.310101909212012,0.19016136266543937,1.5617966627591293,0.8015845065136158,3.0429839848259608,3604.72244431134,False,0.09972092546044879,0.10964906625305021,40,0.7752566964578506,False,False,0.8123717340278803,False,False,0.8078829866104972,False,False,3604.72244431134,6.055529196733005,3.4627619749671794,0.10754448785797788,1.5190842790452612,0.07079560320745942,low,8.507362196781159,9.258806366763967,0.17014724393562317,0.18517612733527933,9.733527012027501,10.76566799845075,0.19467054024055003,0.21531335996901502,9.972092546044879,10.964906625305021,0.19944185092089758,0.21929813250610042
15db4353-9c46-4fe4-b22e-0cf024aa9dfc,Grim Lavamancer,0.5299811128801323,0.25824350705946475,2.0522533902782523,0.04014504319185342,1.698900220983413,1.0241098938208766,2.81831273994343,3611.2369433185786,False,0.11926771442027846,0.12969056600184603,0.39849497845955256,0.2618087772365734,1.5220841052989904,0.12798800812196287,1.489581158047941,0.8916779760998285,2.4884006175824083,3607.4561057434084,False,0.08984796425692744,0.09927020191536717,0.44260527484846734,0.26307175141123434,1.682450785666401,0.09248146051804765,1.5567577216206434,0.9295865534025188,2.6070671901985905,3603.593924292082,False,0.09902170310029001,0.10880977868625907,66,0.4336811642568359,True,False,0.7803239175511554,False,False,0.7166441943257827,False,False,3603.593924292082,3.7808375751701533,3.8621814513262507,0.20931906293547198,1.5817463668839993,0.1323341512380555,low,11.926771442027846,12.969056600184603,0.23853542884055692,0.25938113200369206,8.984796425692744,9.927020191536718,0.17969592851385488,0.19854040383073435,9.902170310029001,10.880977868625907,0.19804340620058003,0.21761955737251815
d91a527d-51f1-4fb1-9016-fc923fd43a6a,Azorius Signet,0.49029194614279453,0.4123369173919887,1.1890566317560594,0.23441738258657752,1.632792837949623,0.7276839847243859,3.663695378247675,3614.039829813407,False,0.11068347750716546,0.12024148426744291,0.4441775631995109,0.41471351859950917,1.0710467425790748,0.2841484129179779,1.5592073188837299,0.691659889563064,3.5149175193553335,3608.6265253976285,False,0.09991903696011037,0.11050698850445267,0.4337069650022583,0.4149362858851177,1.0452374973114247,0.29591321696560247,1.5429666586317925,0.6841567948909583,3.4798252789827293,3605.335306219184,False,0.09710937086282335,0.10677543009494733,25,0.7555445194600263,False,False,0.8566390332277293,False,False,0.8537440975157347,False,False,3605.335306219184,5.413304415778384,3.2912191784444076,0.08982617931783055,1.5783222718217151,0.056912444892608834,low,11.068347750716546,12.024148426744292,0.22136695501433093,0.24048296853488582,9.991903696011036,11.050698850445267,0.19983807392022074,0.22101397700890535,9.710937086282335,10.677543009494734,0.1942187417256467,0.21355086018989466
f1e5cafb-b0e6-4ee5-8c58-6f8e5ef2b9da,Virtue of Persistence // Locthwain Scorn,0.41266307979898453,0.18840788364839556,2.1902643976888525,0.028505067263316457,1.5108359090347523,1.044338455326959,2.1857139631176636,3610.6019043599117,False,0.09368980698490546,0.10191926097475784,0.39629255424779475,0.19034627157203382,2.081955958343127,0.037346492724460605,1.486304078524391,1.0234854007439385,2.158408720077996,3605.387640023782,False,0.08948619525152954,0.09874950594052823,0.43207362797700066,0.1910207129349502,2.2619202982670163,0.023702328020631835,1.540448531094801,1.0593685580002776,2.2399963251991366,3601.243011678702,False,0.09686586580976725,0.10658637864981979,131,0.41496513490710435,True,False,0.6801242485846493,True,False,0.5451535444745322,True,False,3601.243011678702,5.214264336129872,4.1446283450800365,0.05414445257041001,1.5125295062179813,0.03579728682833832,low,9.368980698490546,10.191926097475784,0.18737961396981093,0.20383852194951568,8.948619525152953,9.874950594052823,0.17897239050305908,0.19749901188105645,9.686586580976725,10.65863786498198,0.1937317316195345,0.21317275729963958
bce84a87-093a-42de-9696-8c3250e0f33b,Goblin Rabblemaster,0.5609454393085113,0.2932103882897991,1.9131158434744542,0.05573322391833664,1.7523284375649566,0.9863471356958029,3.1131584834305794,3611.732503391554,False,0.12609519199353753,0.13686827140663566,0.38768237530370675,0.2960129599852536,1.3096804117056895,0.19030397287308076,1.4735616703717855,0.824891821856605,2.6323257654581877,3608.042108067041,False,0.08752549331909747,0.09660079485791256,0.41070074381751254,0.29674939674452605,1.383998580361355,0.1663588894315572,1.5078740484016515,0.8428821966033652,2.697511176538841,3604.4900685949087,False,0.092124821109661,0.10122445514549161,55,0.48278000459130566,False,False,0.7933296869146554,False,False,0.7783695672186082,False,False,3604.4900685949087,3.6903953245127923,3.552039472132492,0.27876676719317106,1.5779213854461311,0.17666708225413547,low,12.609519199353752,13.686827140663565,0.25219038398707505,0.2737365428132713,8.752549331909746,9.660079485791256,0.17505098663819493,0.19320158971582513,9.2124821109661,10.122445514549161,0.184249642219322,0.20244891029098322
f0192cf7-3391-4720-b9c8-72dec5dde01e,Bloodtithe Harvester,0.4063239508013249,0.22853674734579532,1.777937051788536,0.07541419400999921,1.5012888174062264,0.9592456602272186,2.349625551326557,3612.2759579594504,False,0.09219858762002833,0.10033067638475407,0.4229171120761652,0.23106532036451832,1.8302924532724776,0.06720621926383345,1.5264077699518133,0.9704737585537843,2.400807502143441,3606.4048441930745,False,0.09526218107377017,0.1053187306554984,0.40913355996213463,0.23159249602406942,1.7666097433468368,0.0772936081145765,1.50551278328862,0.9562004308113146,2.370390838165921,3603.2888328337003,False,0.09174158251707948,0.10106406873345752,85,0.5391774096873768,False,False,0.7731116881090416,False,False,0.7166441943257827,False,False,3603.2888328337003,5.871113766375856,3.11601135937417,0.025118952545586826,1.5110697902155532,0.0166232908024742,low,9.219858762002833,10.033067638475407,0.18439717524005667,0.20066135276950814,9.526218107377018,10.53187306554984,0.19052436214754034,0.2106374613109968,9.174158251707947,10.106406873345753,0.18348316503415896,0.20212813746691505
bd8fa327-dd41-4737-8f19-2cf5eb1f7cdd,Black Lotus,0.3770074221230283,0.1424766295190748,2.6461000895066404,0.008142571992910838,1.45791513015653,1.1026906386495017,1.927572840685866,3608.362478725072,False,0.08593177281314707,0.09341051644099191,0.4339051154522557,0.14415781092255645,3.009931356999833,0.0026130673779124324,1.5432724284627457,1.1634105329471929,2.0471619613241074,3600.576553230124,False,0.09798041805335844,0.10805081535013866,0.4087191363952105,0.14488599838493102,2.8209705627270583,0.0047878596158352485,1.5048889925766333,1.1328567950352775,1.9990972291495956,3598.359571741519,False,0.09193061801946338,0.10118211529215815,242,0.38516269952879795,True,False,0.2931535526103554,True,False,0.4133182244190176,True,False,3598.359571741519,7.78592549494806,2.216981488604688,0.08535729830621563,1.5020255170653032,0.05682812797547472,low,8.593177281314707,9.34105164409919,0.17186354562629413,0.18682103288198382,9.798041805335844,10.805081535013866,0.19596083610671688,0.21610163070027733,9.193061801946339,10.118211529215815,0.18386123603892676,0.2023642305843163
68841ca8-a043-4f30-9a17-e983ed960bc2,Demonic Tutor,0.23388219747335082,0.14519815841205622,1.6107793654628813,0.10722782010534003,1.2634956404615374,0.9505579100634644,1.6794571025753968,3612.8552193646815,False,0.05353243245097291,0.058265329021020607,0.37548157805073157,0.1499525540587937,2.5040025520573126,0.012279714844233494,1.4556922752934982,1.0849941248527408,1.9530428338833308,3603.450350397339,False,0.08493609388892359,0.09355025205876882,0.40860590609790964,0.1507305213284147,2.710837211314561,0.006711356688187909,1.5047186031954012,1.1198268602498145,2.0219001304337523,3599.008414861464,False,0.09178095511968881,0.10126523286148592,231,0.6112902223099299,False,False,0.5119106125689838,True,False,0.4133182244190176,True,False,3599.008414861464,9.404868967342281,4.441935535875018,0.2412229627338638,1.4079688396501455,0.17132691856575696,low,5.353243245097291,5.826532902102061,0.10706486490194582,0.11653065804204121,8.49360938889236,9.355025205876883,0.16987218777784718,0.18710050411753765,9.17809551196888,10.126523286148592,0.18356191023937762,0.20253046572297184
02d6d693-f1f3-4317-bcc0-c21fa8490d38,"Jace, Vryn's Prodigy // Jace, Telepath Unbound",0.28771529383766414,0.14613160060482774,1.96887800206685,0.04896710221659983,1.3333776292502928,1.0012981985833989,1.775590832681448,3611.5762564444212,False,0.06561739170588768,0.07154579679948875,0.39780951403244336,0.1558000956486339,2.5533329256074273,0.010669745435489583,1.488560453021266,1.0968487837822014,2.0201619904780466,3603.2456694810066,False,0.08966419283504426,0.0990834304228076,0.4037639934451172,0.15712072249366973,2.5697692006309643,0.010176628969033735,1.4974504971186073,1.1005470532940298,2.0374939759360573,3599.8104602538688,False,0.09050252681110385,0.10018344684685238,224,0.45362579414544557,True,False,0.5083371575336822,True,False,0.42423822014659385,True,False,3599.8104602538688,8.33058696341459,3.435209227137875,0.16407286786831454,1.4397961931300554,0.11395562000454186,low,6.561739170588768,7.154579679948875,0.13123478341177536,0.1430915935989775,8.966419283504425,9.908343042280759,0.17932838567008852,0.1981668608456152,9.050252681110385,10.018344684685237,0.1810050536222077,0.20036689369370475
310a1c46-8331-4a09-9fcb-d942f8102364,Thoughtseize,0.3324039829025557,0.15030013900977168,2.211601300521383,0.02699422548848546,1.3943160145807763,1.0385398231981116,1.8719716905314667,3610.501087038864,False,0.07592861073636091,0.08250556423518057,0.3686155887274144,0.1521564231630407,2.4226094506206315,0.01540948306397935,1.4457317412632198,1.0729254673725908,1.9480759207015326,3603.8192647109436,False,0.08353418609672598,0.0918873739595894,0.3985713071856292,0.15317047377942522,2.6021418968749557,0.009264351171408941,1.4896948602194384,1.1033568101520943,2.0113083602196675,3599.546448505357,False,0.08971739461756435,0.098618352379925,214,0.41496513490710435,True,False,0.5409539580881172,True,False,0.42423822014659385,True,False,3599.546448505357,6.6818223279205995,4.272816205586423,0.09537884563866217,1.4432475386878114,0.06608626939033606,low,7.592861073636091,8.250556423518058,0.15185722147272182,0.16501112847036115,8.353418609672598,9.18873739595894,0.16706837219345197,0.1837747479191788,8.971739461756435,9.8618352379925,0.1794347892351287,0.19723670475985
d2124603-d20e-40eb-97f0-a66323397ac2,Bolas's Citadel,0.2725379165862653,0.29302639889605847,0.9300797389348501,0.352329800303239,1.3132932535654007,0.7394905134452004,2.3323344093016645,3614.602768223944,False,0.062181837727774386,0.06773875396597434,0.47259803928459776,0.3021209550414933,1.5642676596851455,0.11775472365200104,1.604156445492729,0.8873116259635587,2.900128687958329,3607.343397165024,False,0.10606288006521375,0.11756809762488768,0.3947241821423419,0.3050292518554815,1.294053536640337,0.195646929102116,1.4839748277108697,0.8161695599936245,2.69819091182071,3604.765151427787,False,0.08852173220429926,0.09769762818769412,50,0.8139110590394018,False,False,0.7803239175511554,False,False,0.8107251371076528,False,False,3604.765151427787,7.259371058920351,2.578245737237012,0.29086319192732835,1.4671415089229998,0.1982516275071826,low,6.218183772777438,6.773875396597434,0.12436367545554877,0.13547750793194868,10.606288006521375,11.756809762488768,0.2121257601304275,0.23513619524977536,8.852173220429925,9.769762818769411,0.17704346440859853,0.19539525637538824
b0c5728e-43e7-417a-ba18-5038345cec67,Arcane Denial,0.26032920015345723,0.21246646800482286,1.225271933957823,0.22047277932215836,1.2973571065329719,0.8554692953846561,1.9674995595426887,3613.9475703290364,False,0.059506540768640634,0.0647560098794494,0.4061911161758015,0.2155216243378987,1.884688450282686,0.05947191260509874,1.5010894075129262,0.9838997496800678,2.29014125685081,3606.1723220026597,False,0.09169396981051277,0.101198477163568,0.3910639930707336,0.2170213580716909,1.8019608601912325,0.07155156374660421,1.4785531275406647,0.9662836360675007,2.262399226646499,3603.137169310047,False,0.08788137677547168,0.09677182001233381,103,0.7427037566054527,False,False,0.7628416482230934,False,False,0.7166441943257827,False,False,3603.137169310047,7.775248326376641,3.0351526926128827,0.20373230097995432,1.4256665471955208,0.14290319246160565,low,5.950654076864064,6.47560098794494,0.11901308153728127,0.1295120197588988,9.169396981051277,10.1198477163568,0.18338793962102554,0.202396954327136,8.788137677547168,9.677182001233382,0.17576275355094337,0.19354364002466762
d58d3545-043a-457a-8324-facc3c2363ec,Overlord of the Boilerbilges,0.29019598076576025,0.2991624362088698,0.9700281373666535,0.33203246709878,1.3366894277746963,0.7436666510601448,2.402606898907641,3614.5237507172515,False,0.06617880043308218,0.0720706865663322,0.37031975926258254,0.30434629670381463,1.2167710377069982,0.22369134233366095,1.4481976152365403,0.7975593856928417,2.629617769408975,3608.299393503862,False,0.083613336776228,0.09231507879787526,0.39055575809923637,0.3051488601474008,1.2798860133725558,0.20058522734450313,1.4778018660588819,0.8125839818932005,2.6875971025652676,3604.793816810548,False,0.0876265502844745,0.09653402020078566,48,0.811278266477493,False,False,0.8203114330813042,False,False,0.8107251371076528,False,False,3604.793816810548,6.2243572133893394,3.5055766933141967,0.14111243828418552,1.4208963030233728,0.09931227070119579,low,6.617880043308218,7.20706865663322,0.13235760086616435,0.1441413731326644,8.361333677622799,9.231507879787525,0.167226673552456,0.18463015759575052,8.76265502844745,9.653402020078566,0.175253100568949,0.19306804040157133
a6539e26-b63b-4725-9407-caaf451de084,Troll of Khazad-dûm,0.23353073586975412,0.1440628452880522,1.6210337606675185,0.105010398437168,1.263051648285275,0.9523406896840495,1.6751352572842493,3612.8247041959535,False,0.053430365734654935,0.05817909990124642,0.3684244654989527,0.14983936277960666,2.4587962646427894,0.013940370298708584,1.4454554547485665,1.0776031986845978,1.9388783127340283,3603.683455819276,False,0.08331752230837416,0.09178233697852722,0.3899759052973412,0.15073583322009623,2.587147972492511,0.009677402360631854,1.4769452068983118,1.099146173164214,1.9846015001809933,3599.6784507873726,False,0.08763379794427009,0.09685326508317682,232,0.6112902223099299,False,False,0.5409539580881172,True,False,0.42423822014659385,True,False,3599.6784507873726,9.141248376677595,4.005005031903238,0.21389355861303683,1.3951507699773844,0.15331214605322124,low,5.343036573465493,5.817909990124642,0.10686073146930987,0.11635819980249285,8.331752230837417,9.178233697852722,0.16663504461674833,0.18356467395705445,8.76337979442701,9.685326508317683,0.17526759588854018,0.19370653016635364
63af3c26-5b1f-46f6-9aa2-036c615bf5ea,Flash,0.18517309801847281,0.17229402718151265,1.074750535741973,0.28248643158875875,1.2034267328824828,0.8585389796929082,1.6868609762299063,3614.3077772682323,False,0.042394231498336994,0.04618248213914394,0.3192808644694805,0.18075331101684233,1.7663901295823587,0.07733041989912828,1.3761377788400952,0.9656096406712216,1.9612016145929845,3606.643081906278,False,0.07230985490213725,0.07958233059801628,0.3809743042161614,0.1825817442323619,2.086595819411803,0.03692468551528887,1.4637099937508982,1.0233832861026486,2.0934941726137986,3602.046947331358,False,0.08557461174982571,0.094538603442132,157,0.7818192940651538,False,False,0.7731116881090416,False,False,0.6244000967008481,True,False,3602.046947331358,7.664695361954273,4.596134574920143,0.26028326086841536,1.3477581684911588,0.19312311878607086,low,4.2394231498337,4.618248213914394,0.08478846299667399,0.09236496427828789,7.230985490213724,7.958233059801628,0.1446197098042745,0.15916466119603256,8.55746117498257,9.453860344213199,0.17114922349965142,0.189077206884264
a1febcf1-afa4-4406-9ac1-5bf98b2765d2,Time Walk,0.23474380140823362,0.14498726189984648,1.6190650015198484,0.10543327810278601,1.2645847423969472,0.9517706073276108,1.6802100825463908,3612.835866822945,False,0.05366460495339158,0.05847820719169722,0.3452872574524129,0.1490587119626114,2.316451369437714,0.020533636747402318,1.4123955825568701,1.0545690309566584,1.8916365103349473,3604.3923203319164,False,0.07807749228353486,0.08607221166012508,0.3747770103851746,0.14986919268838658,2.500694129743025,0.012395017925405077,1.454667002814657,1.084407107260663,1.951348414179227,3600.15190040952,False,0.08416388481717625,0.09292316986901172,223,0.6112902223099299,False,False,0.5838743499576536,True,False,0.4863221738967757,True,False,3600.15190040952,8.443546491028428,4.240419922396541,0.19008226041770993,1.377215775922825,0.1380192296231448,low,5.366460495339158,5.847820719169722,0.10732920990678316,0.11695641438339444,7.807749228353486,8.607221166012508,0.15615498456706972,0.17214442332025015,8.416388481717625,9.292316986901172,0.1683277696343525,0.18584633973802345
661fc907-7003-45c6-820c-9616e9a71c30,Seething Landscape,0.26547943344709835,0.2111727264396476,1.257167238985151,0.208693083560069,1.3040560340090792,0.8620697368483299,1.972650317192008,3613.869284945411,False,0.060664934841421714,0.06602427906691932,0.35540636635170153,0.21458497194586157,1.6562500306003176,0.09767119526877617,1.4267603238819613,0.9368986390252027,2.172748403094862,3607.0036284324747,False,0.08041275078961277,0.08861424673622426,0.3731264316682785,0.2159234306647159,1.7280497559695878,0.08397930430485849,1.4522679408845904,0.9511500073556445,2.217402256017185,3603.4089106916003,False,0.08390554202819263,0.09240180444745771,105,0.7287868415422305,False,False,0.7761883269753548,False,False,0.7166441943257827,False,False,3603.4089106916003,6.865656512936312,3.59471774087433,0.14821190687551122,1.3943614329252103,0.10629375094273774,low,6.066493484142171,6.602427906691933,0.12132986968284343,0.13204855813383864,8.041275078961277,8.861424673622425,0.16082550157922554,0.1772284934724485,8.390554202819263,9.240180444745771,0.16781108405638526,0.18480360889491543
2b5801fb-2026-4f25-98bc-ebb2f99684b9,Undercity Sewers,0.2066913032919938,0.17857740220738952,1.1574325795822387,0.24709566974588126,1.229602938808678,0.8664764010136196,1.7449100579753387,3614.1180565835684,False,0.04732227402648545,0.05151707615651313,0.3252901238474993,0.1822985637676002,1.7843811663935494,0.07436174928183702,1.3844322445306616,0.9684919953787288,1.9790072079498173,3606.5664094704875,False,0.07371430892121407,0.08111277677011935,0.37265801518425967,0.18432909706514766,2.0216993470789406,0.043207421375623105,1.4515878339409551,1.011437903201147,2.0832788972773435,3602.299732552665,False,0.0838223840179302,0.09234465230423367,150,0.7680833957945186,False,False,0.7731116881090416,False,False,0.6587901853913153,True,False,3602.299732552665,7.5516471130808895,4.266676917822679,0.22198489513227715,1.355207672426765,0.16380138605234554,low,4.732227402648545,5.151707615651313,0.0946445480529709,0.10303415231302626,7.371430892121407,8.111277677011936,0.14742861784242814,0.1622255535402387,8.38223840179302,9.234465230423366,0.1676447680358604,0.18468930460846733
9efbfd67-e0f5-43e0-9fff-1eb4a2bed0d8,Marauding Mako,0.46073019939930043,0.2817878978359435,1.635024793249059,0.1020438502807958,1.5852310972767054,0.912493715785926,2.753945137702905,3612.7681796768657,False,0.10420587915834424,0.11330590994290185,0.42118348101204545,0.28398108940298156,1.4831391833079692,0.13803743537271973,1.5237638344918238,0.8733495047145667,2.6585647679093483,3607.5653525667294,False,0.0948741477104423,0.10488032932649993,0.370805187453389,0.2848249800930039,1.301870318159278,0.19296072063536618,1.4489007818394728,0.8290691002933008,2.5321332985059497,3604.728853317806,False,0.08330274201891394,0.09172480577442138,57,0.6077075726543821,False,False,0.7803239175511554,False,False,0.8107251371076528,False,False,3604.728853317806,5.202827110136241,2.8364992489232463,0.13633031543723262,1.5192985712026672,0.08973240548058595,low,10.420587915834425,11.330590994290185,0.20841175831668848,0.2266118198858037,9.487414771044229,10.488032932649993,0.1897482954208846,0.20976065865299987,8.330274201891394,9.172480577442139,0.16660548403782788,0.18344961154884276
e5145f31-a4ac-44ef-8f85-e4d95f2c9ff5,Library of Alexandria,0.28264990165238757,0.15062037538833553,1.8765714859204685,0.06057684848946274,1.3266406258142853,0.9875125888271253,1.782230798851134,3611.9154252333674,False,0.06459075465233025,0.07029363527066329,0.3595600565928023,0.1558005209809729,2.307823198079764,0.021008972112419318,1.432698969424321,1.055686256413176,1.9443526185171365,3604.4103282938217,False,0.08139165755705818,0.08964056613966725,0.36835705035541866,0.1578338901636874,2.3338273546536836,0.019604763840550335,1.4453580124461929,1.0607780259519812,1.9693656288436119,3600.942493756576,False,0.0829112573724088,0.09127064109839145,215,0.4988241721292796,False,False,0.5838743499576536,True,False,0.5276028217453779,True,False,3600.942493756576,7.505096939545638,3.4678345372458352,0.11871738663190756,1.4015658692282666,0.08470339442360707,low,6.459075465233025,7.029363527066329,0.1291815093046605,0.14058727054132658,8.139165755705818,8.964056613966726,0.16278331511411637,0.1792811322793345,8.29112573724088,9.127064109839145,0.1658225147448176,0.1825412821967829
605c2218-9d12-4ac3-a721-fca590b89847,Karakas,0.3714523774745233,0.1572146923004613,2.36270778538065,0.01814196814863588,1.4498387994721778,1.0653587325993492,1.9730748715282176,3609.8293079813975,False,0.0845048108427414,0.09201210704749496,0.3613238953350342,0.16056080918829682,2.2503866115378974,0.02442441415056344,1.4352282493377555,1.0477287324655435,1.9660433696895498,3604.6765805798386,False,0.08172016778628666,0.09008559775597963,0.3682568104805397,0.16096435477351811,2.2878159018416753,0.022148244391110315,1.4452131372011294,1.0541836491532313,1.9812876187336268,3601.1591656853016,False,0.08281235690329682,0.09111759911722794,194,0.4019067836597793,True,False,0.6033734903120672,True,False,0.5276028217453779,True,False,3601.1591656853016,5.152727401558877,3.517414894537069,0.014610550134422251,1.4434267286703542,0.010122128019536604,low,8.45048108427414,9.201210704749496,0.1690096216854828,0.18402421409498992,8.172016778628667,9.008559775597963,0.16344033557257331,0.18017119551195926,8.281235690329682,9.111759911722794,0.16562471380659363,0.1822351982344559
95c14c4d-6c16-4826-8d93-d89ad04aee09,"Etali, Primal Conqueror // Etali, Primal Sickness",0.18705100285677634,0.15891322512537198,1.1770637888017534,0.23917004687229626,1.2056887770537903,0.8830098543254721,1.6462844893434736,3614.076804524551,False,0.04282459407377194,0.04665235011908253,0.32182198840726334,0.17007781298741992,1.8922044137001421,0.058463750537009494,1.3796391623321702,0.9885356966876903,1.9254784876442939,3606.185749241863,False,0.07287975072720748,0.0801801344657051,0.36683848385268236,0.1710925961002374,2.1440932700428723,0.03202541420992755,1.4431648058705195,1.031998274948267,2.0181474208449615,3601.8127371207,False,0.08245938895555026,0.09116931160937775,185,0.763284312267089,False,False,0.7628416482230934,False,False,0.6244000967008481,True,False,3601.8127371207,7.89105528268783,4.373012121162901,0.23747602881672925,1.3428309150854936,0.17684730530769016,low,4.282459407377194,4.665235011908253,0.08564918814754388,0.09330470023816506,7.287975072720748,8.01801344657051,0.14575950145441496,0.1603602689314102,8.245938895555026,9.116931160937774,0.16491877791110052,0.1823386232187555
777fcc21-2856-4181-8ecd-c272f9769e36,"Wan Shi Tong, All-Knowing",0.2584621780995414,0.3102039876280547,0.8332006950518203,0.40473155067364686,1.2949371719418408,0.7050139862942212,2.3784808697070767,3614.7636418833004,False,0.059045616795797146,0.06427605060512032,0.37254047508999366,0.31343825296255434,1.1885609735532188,0.2346124727930623,1.4514172241970573,0.7852143817475056,2.6828494327976986,3608.346510031166,False,0.08417644820502103,0.09286485497550934,0.36446503383992374,0.3154665807910747,1.155320582376678,0.24795917038109105,1.439743587994471,0.7758085799809253,2.6718724858935676,3605.079746155451,False,0.08194473595304257,0.09020429597392882,47,0.8357769173353636,False,False,0.8203114330813042,False,False,0.8252844693988077,False,False,3605.079746155451,6.417131852134389,3.266763875714787,0.15648005225521655,1.395365994711123,0.11214265851993332,low,5.9045616795797145,6.427605060512032,0.11809123359159429,0.12855210121024063,8.417644820502103,9.286485497550935,0.16835289641004206,0.18572970995101867,8.194473595304256,9.020429597392882,0.16388947190608513,0.18040859194785763
96b6b2e1-c3e6-464c-8a13-b15deb34e862,Aetherflux Reservoir,0.19496434611407865,0.25768378999602126,0.7566030681133996,0.449287702666639,1.2152676567029017,0.733376635030576,2.0138021950570972,3614.900002377185,False,0.04456126106967647,0.04859819331748616,0.39162279871519146,0.2652161352228106,1.4766175458600412,0.13977818572294207,1.479379582266242,0.8796766991686242,2.487918516535263,3607.639341252767,False,0.08817591629446404,0.09759388872949437,0.36205385211407887,0.2678344186351513,1.3517823958513522,0.17644493733302857,1.436276286392176,0.8496747851543143,2.4278578191276408,3604.63715831999,False,0.08121715704641896,0.08976489329837439,69,0.8622992302965494,False,False,0.7803239175511554,False,False,0.7898575382626178,False,False,3604.63715831999,7.26066112441822,3.002182932777032,0.2641119255633404,1.3769745084537732,0.191805965863461,low,4.456126106967647,4.859819331748616,0.08912252213935294,0.09719638663497232,8.817591629446405,9.759388872949437,0.1763518325889281,0.19518777745898874,8.121715704641897,8.97648932983744,0.16243431409283793,0.17952978659674879
bb41ff5c-9617-4033-a4fa-99323640b9c3,Duress,0.23754292131831783,0.1523648990683469,1.5590396657681787,0.11898699222253364,1.2681294254093731,0.9407364238082228,1.7094610125534404,3613.0145228215324,False,0.05439706938273868,0.059165548187811445,0.33673383922928457,0.15676750124004163,2.147982436191793,0.03171515077020005,1.4003662915606252,1.0299080606975386,1.9040784564896884,3605.111237585163,False,0.07637465618350124,0.0839283127920803,0.36158559343634394,0.15756276339894815,2.2948670462246907,0.021740744859474904,1.4356038949962873,1.0541793291701569,1.9550360041216932,3601.0987574384253,False,0.08148614838726714,0.08977620939583236,212,0.6400348694550801,False,False,0.6647273389198488,True,False,0.5276028217453779,True,False,3601.0987574384253,7.903285236369356,4.012480146737744,0.16747446958691414,1.3680332039887617,0.12241988651928212,low,5.439706938273868,5.916554818781145,0.10879413876547736,0.11833109637562289,7.637465618350124,8.39283127920803,0.15274931236700248,0.1678566255841606,8.148614838726715,8.977620939583236,0.1629722967745343,0.17955241879166473
0adcd4e5-d542-4293-8774-ace2305ef820,Walk-In Closet // Forgotten Cellar,0.3003615676428807,0.1998195255381436,1.5031642520117214,0.1327966933920831,1.3503469610882195,0.9127578095539084,1.9977226118846976,3613.1987815887724,False,0.06847168686845682,0.07459707113669822,0.340330240636643,0.20459552204928746,1.6634295669220795,0.09622647872358304,1.4054116379697896,0.9411271911597885,2.0987406279345002,3607.0041580455245,False,0.07695225878577334,0.08487239147425762,0.35147752554489486,0.20614450719322555,1.7050055338871786,0.08819339233592949,1.4211658068796216,0.9487919752589206,2.1287197861181704,3603.5161383904597,False,0.07900734529499708,0.08712219102389951,115,0.6488138646109055,False,False,0.7761883269753548,False,False,0.7166441943257827,False,False,3603.5161383904597,6.194623543247872,3.488019655064818,0.07081884579140207,1.3923081353125435,0.05086434819653248,low,6.8471686868456825,7.459707113669822,0.13694337373691365,0.14919414227339645,7.695225878577334,8.487239147425763,0.1539045175715467,0.16974478294851525,7.900734529499707,8.712219102389952,0.15801469058999415,0.17424438204779902
f5881bbc-8600-464d-9dcd-5a7780918d1d,Galvanic Blast,0.4106839592224808,0.2684243447343923,1.5299802990256168,0.126021605496544,1.50784873955879,0.890984937820783,2.5517915341531356,3613.0976605757237,False,0.09317668623907818,0.10134530843035838,0.28917632431896256,0.27111776922145014,1.066607788745717,0.28614898189359916,1.3353271584236917,0.7848877984274077,2.2717879212754832,3608.6376830335967,False,0.06555211708694035,0.07215621792684224,0.3482633174584876,0.2728211900794615,1.2765259082590064,0.20176967430265424,1.416605217518962,0.8298865991157657,2.4181259758142084,3604.791550359537,False,0.07833461876283336,0.0862097426809591,63,0.6488138646109055,False,False,0.8566390332277293,False,False,0.8107251371076528,False,False,3604.791550359537,4.459977542127035,3.846132674059845,0.1725215811350984,1.4199270385004812,0.12150031407056691,low,9.317668623907819,10.134530843035838,0.18635337247815636,0.20269061686071677,6.555211708694035,7.215621792684224,0.1311042341738807,0.14431243585368447,7.833461876283336,8.62097426809591,0.15666923752566672,0.1724194853619182
47a6234f-309f-4e03-9263-66da48b57153,Solitude,0.3823292440981703,0.1517133385881603,2.5200766633712934,0.011732927705288042,1.465694576988997,1.0886856037364687,1.9732607702737395,3609.025735240672,False,0.08704488431797301,0.09467268377240212,0.33734245489656023,0.15634843151115413,2.1576324855711375,0.030956416903255984,1.4012188358351787,1.0313818748513375,1.903673385943784,3605.07751070041,False,0.07646927180289616,0.08413615348712505,0.3480950164166614,0.15712906315878195,2.2153445671912695,0.0267364230214925,1.4163668214467136,1.0409378156326867,1.9271996297643896,3601.4746174175357,False,0.0784463460370194,0.08610332343751903,209,0.3912931389713562,True,False,0.6647273389198488,True,False,0.5752643275914676,True,False,3601.4746174175357,3.94822454026189,3.6028932828744473,0.06447574115381838,1.4277600780902964,0.04515866646170556,low,8.704488431797301,9.467268377240213,0.17408976863594602,0.18934536754480424,7.646927180289616,8.413615348712506,0.15293854360579232,0.1682723069742501,7.84463460370194,8.610332343751903,0.1568926920740388,0.17220664687503806
0c0e7131-db26-448d-afda-f48337a026f0,Pyroclasm,0.1900337413966234,0.39948292830581106,0.47569928007323836,0.634288633902724,1.2092904001159048,0.5526928824084769,2.6459238364710593,3615.237918039599,False,0.04349392021398614,0.04737030635418854,0.32296265956518233,0.4020027204996883,0.8033842635784668,0.42175266769175224,1.3812137748197713,0.6281585522686488,3.0370540763345057,3609.1230359984065,False,0.07313445572973844,0.0805621097203778,0.3444588305916687,0.40378205032292674,0.8530810874732693,0.3936143385901889,1.41122600064171,0.6395733356197156,3.1138865771467343,3605.690413124109,False,0.07751729987307866,0.08534303889313094,29,0.9187714246411036,False,False,0.9193975000055795,False,False,0.9053129787574345,False,False,3605.690413124109,6.114882041192686,3.4326228742975218,0.20193560052580528,1.3339100585257953,0.15138621920954667,low,4.349392021398614,4.737030635418854,0.08698784042797228,0.09474061270837708,7.313445572973844,8.05621097203778,0.14626891145947687,0.1611242194407556,7.751729987307867,8.534303889313094,0.15503459974615733,0.17068607778626188
06cb1bd6-73e0-4104-b344-4bc52d7dcedf,Baleful Strix,0.24658227369175792,0.16264027443040535,1.5161206199099952,0.12948885524589,1.279644459960649,0.9303516330974928,1.7600763901022634,3613.146029508189,False,0.0564292234691351,0.061391375052696984,0.3517401744271288,0.1667420732649674,2.109486631296611,0.0349025987601282,1.4215391235137198,1.0252389535420996,1.9710268252084862,3605.2829124850405,False,0.07968017767796186,0.08769871471280805,0.3444136919566752,0.16759143691779352,2.0550792945681113,0.0398713464560148,1.4111623012640362,1.016062106362725,1.9598989353490424,3602.1667534286944,False,0.07762577946636637,0.08547044336471571,182,0.6488138646109055,False,False,0.6801242485846493,True,False,0.6486387338088261,True,False,3602.1667534286944,7.863117023148334,3.1161590563460777,0.1418946635530709,1.3707819615794683,0.10351366412027654,low,5.64292234691351,6.139137505269698,0.1128584469382702,0.12278275010539397,7.968017767796185,8.769871471280805,0.15936035535592372,0.1753974294256161,7.762577946636637,8.54704433647157,0.15525155893273274,0.17094088672943142
9b911653-7b96-4cf3-a907-13c5c53a14f7,Overlord of the Balemurk,0.2779652012250757,0.2466798679339236,1.1268256447240041,0.25981620565096497,1.3204402467066432,0.8142178336080066,2.141395549390673,3614.1707442559023,False,0.06351988351294482,0.06908294613390692,0.3036707241781829,0.2510782181782812,1.2094666211250462,0.22648362724467475,1.354822872220256,0.8282480572183979,2.2161778697745085,3608.291571289052,False,0.06888859547176554,0.07576562342069598,0.33259054948566313,0.2516745062912381,1.3215106861113253,0.18633114179599886,1.3945761716229392,0.851554749833227,2.2838727619561534,3604.651664438589,False,0.07496519435173547,0.08239192895961284,77,0.7752566964578506,False,False,0.8203114330813042,False,False,0.8070316336229301,False,False,3604.651664438589,5.879172966850092,3.639906850463376,0.07413592491629606,1.3566130968499461,0.054647802743788616,low,6.351988351294483,6.908294613390692,0.12703976702588965,0.13816589226781384,6.888859547176554,7.576562342069598,0.13777719094353108,0.15153124684139196,7.496519435173547,8.239192895961283,0.14993038870347095,0.16478385791922567
6989018c-37b1-4282-a4af-9cc97f160b4d,Oliphaunt,0.39415390710882525,0.1559408752091261,2.5275855774199107,0.011484983030943932,1.483128795174804,1.0925449504293354,2.0133460158433434,3608.972565111174,False,0.08973905181834672,0.09752975013965665,0.3236087004687187,0.1573112565050889,2.0571236137717213,0.03967433680454982,1.3821063837147156,1.015395952814142,1.8812543526600158,3605.4967348684213,False,0.0734300498973786,0.08071741978444852,0.3322861187749357,0.15820345199782387,2.100372113116131,0.03569612016682846,1.3941516844245965,1.0224557716192597,1.9009711452904938,3601.9668259889568,False,0.0749679874474817,0.08244235663112565,203,0.3912931389713562,True,False,0.6801242485846493,True,False,0.6244000967008481,True,False,3601.9668259889568,3.475830242752636,3.5299088794645286,0.10102241146008839,1.4197956211047054,0.071152784216566,low,8.973905181834672,9.752975013965665,0.17947810363669345,0.1950595002793133,7.34300498973786,8.071741978444852,0.1468600997947572,0.16143483956889704,7.496798744748171,8.244235663112566,0.1499359748949634,0.1648847132622513
0ecbe097-ba51-42e5-957c-382eb66c08f0,Robber of the Rich,0.4934407213203255,0.2145463953615126,2.299925479935813,0.02145244227051556,1.6379422384053772,1.075655008665314,2.4941591446511615,3610.147358076463,False,0.11130416625268723,0.12116697205142635,0.3286665404110908,0.2241769459982795,1.4661032112267833,0.14262017103277738,1.3891145647758039,0.8951891218095441,2.1555660441579976,3607.6270410767092,False,0.07436005209735733,0.0819820576927604,0.3317566219129744,0.2251125539491193,1.4737366534785046,0.14055250995955532,1.3934136808851174,0.8963144455966489,2.1662059510659204,3604.2572521017664,False,0.07464795292741101,0.08217363301410896,100,0.4088222569838251,True,False,0.7803239175511554,False,False,0.7748948686229261,False,False,3604.2572521017664,2.520316999753959,3.3697889749428214,0.24882767362957336,1.4734901613554328,0.1688695860722151,low,11.130416625268722,12.116697205142636,0.22260833250537446,0.2423339441028527,7.4360052097357325,8.19820576927604,0.14872010419471465,0.1639641153855208,7.464795292741101,8.217363301410895,0.14929590585482203,0.16434726602821792
6f2cec5d-50ea-4d0f-8925-eba06222d015,"Shelinda, Yevon Acolyte",0.3705190235644321,0.33012302119314785,1.1223665112032566,0.26170663725832566,1.4484862180764475,0.7584168594703478,2.766436818694483,3614.185251308562,False,0.08424911319589642,0.09163033412317007,0.32947989284628376,0.33733915069661485,0.9767022065654061,0.3287166024477922,1.3902448640933658,0.7176991258613313,2.693023737235844,3608.8172268448798,False,0.0745747038455324,0.08218411738129805,0.3299133839874636,0.3404162704470853,0.9691469316498071,0.3324718844969068,1.3908476535685304,0.7136929107933664,2.7104895763735066,3605.485781115308,False,0.07427186460555402,0.08171756597683444,40,0.7752566964578506,False,False,0.8801221079753435,False,False,0.8790094259851743,False,False,3605.485781115308,5.368024463682104,3.3314457295718967,0.05824135398308172,1.4098595785794477,0.04131003886341986,low,8.424911319589642,9.163033412317006,0.16849822639179285,0.18326066824634013,7.45747038455324,8.218411738129806,0.1491494076910648,0.1643682347625961,7.427186460555402,8.171756597683444,0.14854372921110803,0.16343513195366888
3faa8c5e-9e1b-4cee-b322-a033bf33dcbc,Hymn to Tourach,0.18678536480251673,0.2048400929633073,0.9118594026218066,0.3618427350255481,1.2053685427681005,0.8067824567253237,1.8008737197784055,3614.633098552708,False,0.04274720486755769,0.04657630025489684,0.2876409736105838,0.208230334429024,1.381359610257108,0.16716841809363825,1.333278536004465,0.8864855249894241,2.0052573950278734,3607.866965739063,False,0.06519694453534144,0.07175397998410343,0.3290146548594084,0.20933457083934315,1.5717167668015783,0.11601625193386397,1.3895982198049384,0.9219344955545574,2.094490684312163,3603.9523616786864,False,0.074050366785761,0.08166579008069136,104,0.8143262135672359,False,False,0.7803724897380995,False,False,0.7748948686229261,False,False,3603.9523616786864,6.766132813645072,3.914604060376405,0.1842296770368379,1.3094150995258345,0.14069616052507045,low,4.274720486755769,4.657630025489684,0.08549440973511538,0.09315260050979368,6.519694453534145,7.175397998410343,0.1303938890706829,0.14350795996820687,7.4050366785761,8.166579008069135,0.148100733571522,0.16333158016138272
612b2e6e-fe8d-49ad-b845-6fa7fa59ffd1,Concealing Curtains // Revealing Eye,0.262133023720273,0.16421774696543812,1.5962527105882318,0.11043238348372458,1.2996994217829216,0.942015302041792,1.793196547148997,3612.900810810808,False,0.05990525699319414,0.06522615385732633,0.3199597031340901,0.16624883065290508,1.9245831797885133,0.05428152535832336,1.3770722715211976,0.994129295384053,1.9075265660086593,3606.0476134742894,False,0.07249240196790865,0.07979628027365199,0.32756788736399844,0.16704123834598703,1.9610001135499118,0.04987900965074508,1.3875892478769083,1.0001670741611972,1.9250822893148811,3602.5573461313315,False,0.0737971820945972,0.08132448497551126,173,0.618978149442389,False,False,0.7628416482230934,False,False,0.6653859887409393,True,False,3602.5573461313315,6.853197336518406,3.49026734295785,0.08788982609398666,1.354786980393676,0.0648735390625377,low,5.990525699319414,6.522615385732633,0.11981051398638828,0.13045230771465266,7.249240196790866,7.979628027365199,0.1449848039358173,0.15959256054730397,7.379718209459719,8.132448497551126,0.1475943641891944,0.16264896995102252
24e58478-c6a8-4f86-854a-a489c99bd777,Usher of the Fallen,0.47683724338293676,0.21966795957154325,2.170718225420747,0.02995247864778492,1.6109712264889882,1.0473760564577388,2.477838095089346,3610.7353102493735,False,0.10767316333827154,0.11721618484884999,0.32293939830920915,0.22615423158435213,1.4279608922053604,0.15330311525348111,1.3811816464262763,0.8866341002449126,2.1515783567289497,3607.739050451334,False,0.07307573924855416,0.08055925347381865,0.3230694736134646,0.22702250158017462,1.4230724768019098,0.15471514607725814,1.381361315734184,0.8852416419572878,2.155523412102368,3604.4070188347264,False,0.07271087483952689,0.0800984047062272,94,0.41621465120984463,True,False,0.7803239175511554,False,False,0.7779245756363491,False,False,3604.4070188347264,2.9962597980393184,3.3320316166077646,0.22978958006271188,1.4578380628831493,0.15762352891806083,low,10.767316333827154,11.721618484885,0.21534632667654308,0.23443236969769998,7.307573924855417,8.055925347381866,0.14615147849710833,0.1611185069476373,7.271087483952689,8.00984047062272,0.14542174967905377,0.1601968094124544
f486df00-7c4a-4ff0-bb0b-c8b5432ac742,Sylvan Library,0.2876226087348547,0.45284039348485156,0.6351522807438693,0.5253291022830084,1.333254050734674,0.5488420616849488,3.2387575368099086,3615.0706518054376,False,0.06557072683286777,0.07142505853335751,0.2538761236865139,0.46214343322891444,0.5493448687839755,0.5827688009585428,1.2890121163082235,0.5210418024377445,3.1889039002545903,3609.4876074192607,False,0.05757798174044474,0.06335881418126238,0.3227164621651707,0.46611121259655364,0.6923593628383717,0.4887116790507904,1.380873765435981,0.5538499293814272,3.4428321733271456,3605.966974116802,False,0.07260365017903316,0.07999007479144532,21,0.8632715278190844,False,False,0.9261193606096347,False,False,0.9312862544381997,False,False,3605.966974116802,5.58304438617688,3.5206333024589185,0.09186164912775752,1.3343799774929597,0.0688421968833403,low,6.557072683286777,7.142505853335751,0.13114145366573554,0.14285011706671502,5.757798174044474,6.335881418126238,0.11515596348088948,0.12671762836252476,7.2603650179033155,7.999007479144532,0.1452073003580663,0.15998014958289064
543d55cb-3a6b-4620-af25-10ae74ed32c4,Worldspine Wurm,0.3086286401253444,0.46634331286817254,0.6618056517786685,0.5080957835522706,1.361556649100369,0.5458537189758284,3.396214854389437,3615.030188304412,False,0.07032655201601781,0.07656354767740264,0.3386810775423637,0.4836365966689686,0.7002800860708612,0.48375240563972954,1.4030957950903578,0.5437603556272799,3.6204879407384967,3609.296043302682,False,0.07658127495943778,0.0844683752085294,0.3223273806571188,0.48705304961302437,0.6617911147732589,0.5081051012688163,1.3803365974967283,0.5313700559605639,3.5856915552844977,3606.000999029997,False,0.07254656457289041,0.0798943858071256,21,0.8623406809907492,False,False,0.9228613724240062,False,False,0.9312862544381997,False,False,3606.000999029997,5.734145001730212,3.295044272685118,0.04153914598998876,1.3816630138958184,0.030064600103076173,low,7.032655201601782,7.656354767740265,0.14065310403203563,0.1531270953548053,7.658127495943779,8.44683752085294,0.15316254991887557,0.1689367504170588,7.254656457289041,7.9894385807125605,0.14509312914578082,0.1597887716142512
1103da9c-300c-406b-997d-9e5bb7cd02d6,"Lightning, Army of One",0.4846692928752403,0.2407235789053648,2.0133852075445313,0.04407412057577508,1.6236379714028966,1.0129340081921923,2.602539001416492,3611.2989724160743,False,0.10963774965681906,0.11904307654029411,0.2992847160339817,0.25005477694366945,1.196876619163338,0.23135464857440324,1.3488936204471458,0.8262791184228998,2.20205734202248,3608.3301570127546,False,0.0678861409370013,0.07467653626640319,0.3215330720034304,0.25045369629181374,1.2838024623473683,0.19921108181784297,1.379240619522352,0.8442081659060757,2.2533597320735304,3604.7623077713397,False,0.07248115990524655,0.0796770649523223,81,0.4336811642568359,True,False,0.8203114330813042,False,False,0.8107251371076528,False,False,3604.7623077713397,2.968815403319695,3.567849241414933,0.2747443509557508,1.4505907371241316,0.18940169954514197,low,10.963774965681907,11.904307654029411,0.21927549931363813,0.23808615308058823,6.788614093700129,7.4676536266403195,0.1357722818740026,0.14935307253280639,7.248115990524655,7.96770649523223,0.1449623198104931,0.1593541299046446
05690d52-06c4-40b1-8360-380418a83250,The Aetherspark,0.27640010122115244,0.2838116898834334,0.9738855412709566,0.330113373562814,1.3183752420622563,0.75588138674622,2.299452413247832,3614.519770897343,False,0.06305000067341071,0.06868889821947088,0.3483978044058094,0.2897683258494722,1.2023322541705053,0.22923482511700677,1.416795745241685,0.8028815267138397,2.500132481501695,3608.3418384189895,False,0.07872014762397246,0.08687971156633062,0.31851978417133747,0.29189991901192397,1.0911951782978264,0.27518700910061766,1.3750908259472365,0.7759989925251966,2.43669746715922,3605.248667169953,False,0.07168206545416814,0.07898631672537293,57,0.811278266477493,False,False,0.8203114330813042,False,False,0.8381266441557625,False,False,3605.248667169953,6.177932478353341,3.093171249036459,0.09842050317942874,1.370087271083726,0.07183520733068272,low,6.305000067341071,6.868889821947088,0.12610000134682142,0.13737779643894177,7.872014762397246,8.687971156633061,0.15744029524794492,0.17375942313266124,7.168206545416814,7.898631672537293,0.14336413090833627,0.15797263345074586
773199f9-c83b-4a77-8342-9f1552ecf595,Intrepid Adversary,0.42019918409176843,0.1770358496552269,2.3735259548283376,0.01761915469362374,1.5222647363421824,1.0759553006905314,2.1537046437000993,3609.7755397414903,False,0.09529108747123971,0.10376086431361431,0.3015784423982794,0.18599863336783035,1.6214013884815959,0.10493158318795567,1.3519911644080609,0.938963305321167,1.9467002579107693,3607.1415634524374,False,0.06835419781201797,0.07524715094777318,0.3146103402119509,0.1872158833771566,1.680468208876013,0.09286625470538976,1.3697254800172967,0.94901299110644,1.976946478278702,3603.597096783167,False,0.07088745644514247,0.07801404829106368,150,0.4019067836597793,True,False,0.7776596220707381,False,False,0.7166441943257827,False,False,3603.597096783167,2.633976289052953,3.5444666692701503,0.17027357193412151,1.4146604602558466,0.1203635619414477,low,9.52910874712397,10.376086431361431,0.19058217494247942,0.20752172862722862,6.835419781201797,7.524715094777318,0.13670839562403594,0.15049430189554636,7.088745644514247,7.801404829106367,0.14177491289028493,0.15602809658212735
a24e8dba-5c86-4e32-8a52-61402f7fe9f0,Containment Priest,0.35763521863194764,0.19537505262532365,1.8305060642404278,0.06717430080840928,1.4299439084351093,0.9750174755404488,2.097131213096754,3612.0799417377875,False,0.08139608187296152,0.08858494414485851,0.2929839052101531,0.19769278614501126,1.48201616722243,0.13833599321993414,1.3404212164602824,0.9098332339744123,1.9747894124379652,3607.5704905671964,False,0.06643466753674353,0.07310774475831466,0.3143690965216184,0.19739617375022997,1.59257948393365,0.11125455902075539,1.3693950822425465,0.9300402594609686,2.0163029204315537,3603.8785765742205,False,0.07084502547369645,0.07795883975935963,123,0.5251149784486845,False,False,0.7803239175511554,False,False,0.7729874048629568,False,False,3603.8785765742205,4.509451170591092,3.6919139929759694,0.08952269197482687,1.3799200690459792,0.06487527356328635,low,8.139608187296151,8.85849441448585,0.16279216374592304,0.17716988828971703,6.643466753674352,7.310774475831466,0.13286933507348705,0.14621548951662933,7.084502547369645,7.795883975935963,0.1416900509473929,0.15591767951871927
819a513c-3be6-4bdc-8ba6-1f7326a8f3ea,Fiery Confluence,0.3056828465837996,0.1506444157450238,2.0291681246332365,0.042441169016276106,1.3575516861102122,1.0104742667952296,1.8238431606038603,3611.3180425198357,False,0.06975105214720598,0.07595431049791751,0.2853685601275083,0.15403804333801427,1.8525849455339298,0.06394187187298786,1.3302522157103651,0.9835901284679045,1.799093856461044,3606.3290907805876,False,0.06475147090271353,0.07119294995897518,0.3129260110884169,0.15460960172831398,2.0239752744354305,0.04297269586317641,1.3674203533410176,1.009940271222403,1.8514346600597225,3602.310353729298,False,0.07054677533157666,0.07768214479710889,209,0.4336811642568359,True,False,0.7731116881090416,False,False,0.6587901853913153,True,False,3602.310353729298,4.988951739248023,4.018737051289463,0.03716813763065252,1.3517414183871983,0.027496484997107582,low,6.975105214720598,7.595431049791751,0.13950210429441195,0.15190862099583502,6.475147090271354,7.119294995897518,0.12950294180542707,0.14238589991795036,7.054677533157666,7.768214479710888,0.14109355066315332,0.15536428959421777
4a1f905f-1d55-4d02-9d24-e58070793d3f,"Atraxa, Grand Unifier",0.17928421934896524,0.15946854028557714,1.1242607415099057,0.2609024277648242,1.1963607247173764,0.8752251428473847,1.6353266303455156,3614.1973549372597,False,0.041071002964878374,0.044723775715479086,0.2769112708494071,0.1677385439301672,1.6508505699482559,0.09876909116409181,1.31904932771602,0.9494653186989315,1.832495715938616,3607.041537339553,False,0.06286281700166434,0.06902156826010203,0.310959460774883,0.16853762528529015,1.8450447503844314,0.0650310291624228,1.3647338948101382,0.9808121904545566,1.8989350068951285,3603.0071283211714,False,0.07012979479582108,0.07736518699514128,187,0.7752566964578506,False,False,0.7761883269753548,False,False,0.7105541981065335,False,False,3603.0071283211714,7.155817597706573,4.034409018381666,0.16837317009276176,1.2933813157478449,0.1301806111180807,low,4.107100296487838,4.472377571547908,0.08214200592975675,0.08944755143095817,6.286281700166434,6.902156826010203,0.12572563400332867,0.13804313652020406,7.012979479582109,7.736518699514128,0.14025958959164217,0.15473037399028255
07d8ae46-14ec-4878-ba8a-a47d4508c6d7,Zealous Persecution,0.18109274412969295,0.348506019623439,0.5196258713848437,0.6033243624970959,1.1985263304202416,0.6053314895857003,2.3730226981810456,3615.1986789529965,False,0.04143044808982648,0.04515462922312702,0.2756923734356722,0.3569457578434789,0.7723648968439727,0.4398983384740409,1.3174425213668675,0.6544753792822371,2.6519787482440993,3609.191683455282,False,0.06248161730731791,0.06879972877455764,0.30593572805956726,0.35860822739882653,0.8531196572891802,0.3935929514776244,1.3578950291947498,0.6723767890218737,2.742329807360179,3605.714439568862,False,0.0688817074231914,0.07589002419612445,35,0.9013593712311545,False,False,0.9193975000055795,False,False,0.9053129787574345,False,False,3605.714439568862,6.0069954977143425,3.477243886420183,0.1593686987745082,1.2912879603272864,0.12341840369526487,low,4.143044808982648,4.515462922312702,0.08286089617965296,0.09030925844625404,6.248161730731791,6.8799728774557645,0.12496323461463582,0.1375994575491153,6.88817074231914,7.589002419612445,0.1377634148463828,0.1517800483922489
0e9aeaa8-9a75-4719-992f-cbb316f72175,Savannah,0.276617852120261,0.18671579989258774,1.481491401795624,0.1384756744472643,1.318662350714527,0.9145299005070974,1.901381676233633,3613.263907145717,False,0.06312034681758232,0.06877615524712782,0.30770725531084114,0.19490075239261917,1.5787894686572483,0.11438435499014614,1.3603027092490816,0.9283947872372506,1.9931428808394607,3607.2826748806956,False,0.06968065288498233,0.07677047032448564,0.3042078905179495,0.19554135517714605,1.5557215006634253,0.1197743316046129,1.3555508329640584,0.9239907985869605,1.988675713610601,3604.0084061932616,False,0.0685313195890679,0.07549938045129112,132,0.6488138646109055,False,False,0.7803239175511554,False,False,0.7748948686229261,False,False,3604.0084061932616,5.98123226502139,3.2742686874339597,0.04164035853455461,1.3448386309758888,0.03096308923274912,low,6.312034681758232,6.877615524712782,0.12624069363516463,0.13755231049425565,6.9680652884982335,7.677047032448564,0.13936130576996467,0.15354094064897128,6.85313195890679,7.549938045129112,0.1370626391781358,0.15099876090258224
cbac1d27-15e2-4e2f-82ab-625a16e096cb,Enlightened Tutor,0.36823101052480234,0.39791650392605704,0.9253976824073349,0.35475908391726163,1.4451758512471486,0.6625327176757198,3.1523473261137336,3614.627713330352,False,0.08363221558872136,0.09106116563911543,0.3496475640025918,0.40084451111563457,0.8722772903374655,0.3830571235051923,1.4185675062280199,0.6466127613632342,3.1121157669134782,3609.0382628358175,False,0.07897431411730296,0.08718863232349933,0.30345770103090286,0.40223314963614343,0.7544323517477564,0.45058965156386144,1.3545342943259855,0.6157469026162987,2.9797359056282966,3605.878073857614,False,0.0683146722602264,0.07529435635582565,28,0.8143262135672359,False,False,0.9146018098042583,False,False,0.9250325825036135,False,False,3605.878073857614,5.589450494534503,3.160188978203678,0.09064155692116316,1.4060925506003847,0.06446343584030816,low,8.363221558872135,9.106116563911543,0.16726443117744272,0.18212233127823085,7.897431411730296,8.718863232349932,0.15794862823460593,0.17437726464699865,6.831467226022641,7.529435635582566,0.1366293445204528,0.1505887127116513
f20015ad-8fda-498f-ac28-1ffb824ab480,Caldaia Guardian,0.2614424422760886,0.251036764300658,1.041450813009078,0.2976663701199843,1.2988021833229948,0.7940652710562177,2.124368327002619,3614.389874173992,False,0.059634196875765114,0.06501841658351704,0.27272932357293533,0.25807000803022173,1.056803638883124,0.2906012132410557,1.3135446511285374,0.7920839524903118,2.178303884435147,3608.6750044970636,False,0.06178494894625162,0.06805788641430466,0.30003737731885954,0.2585689001129756,1.1603768944670656,0.245895389785585,1.3499092626220006,0.813216695431974,2.2407988271129957,3605.1000378472845,False,0.06753177796890224,0.074465562628239,74,0.7960042095188636,False,False,0.8585974814893607,False,False,0.8252844693988077,False,False,3605.1000378472845,5.714869676928629,3.5749666497790713,0.05110707929900582,1.3207520323578443,0.038695438694701836,low,5.963419687576511,6.501841658351704,0.11926839375153023,0.13003683316703407,6.178494894625162,6.805788641430466,0.12356989789250324,0.13611577282860932,6.753177796890224,7.446556262823901,0.13506355593780447,0.148931125256478
2e139ad1-1079-49e9-babd-6399c44ad333,Seasoned Pyromancer,0.39356934523942777,0.19523358541998567,2.015889552982306,0.043811526280718736,1.482262067986253,1.0109712655418293,2.1732574535769316,3611.3347436282716,False,0.08947742570157427,0.09729856254018487,0.31540690992781845,0.2008557465522952,1.5703155888830815,0.11634170927092932,1.370816996530514,0.924714393145064,2.032129327614078,3607.2891016374674,False,0.07150140649350457,0.0786799010472421,0.2991081552240093,0.2019028276049529,1.4814460935101428,0.13848773962874084,1.3486554797207315,0.9078996837991191,2.003383892997586,3604.2179028816445,False,0.06748523818719743,0.07427980443013854,122,0.4336811642568359,True,False,0.7803239175511554,False,False,0.7748948686229261,False,False,3604.2179028816445,4.0456419908041426,3.071198755822934,0.13360658826552152,1.4005781814124996,0.09539388092621699,low,8.947742570157427,9.729856254018488,0.17895485140314854,0.19459712508036975,7.150140649350457,7.86799010472421,0.14300281298700915,0.1573598020944842,6.748523818719743,7.427980443013854,0.13497047637439485,0.14855960886027708
18f23daa-bc59-456a-8a28-3823e51bc74b,Night's Whisper,0.16246673726666394,0.19949536301804252,0.8143885392061485,0.41542240212721115,1.1764091872127997,0.7956911473694998,1.739291156290837,3614.8040684359476,False,0.03719024781279683,0.04053813446590859,0.2884403400524842,0.2046894624429273,1.4091606700706873,0.1587876644165951,1.3343447402110102,0.8933730766606977,1.9929813559906637,3607.795187975701,False,0.06534342765079393,0.071937185902756,0.2969106581238896,0.20534773121046107,1.4458920796138994,0.14820747379341243,1.345695067155316,0.899810678463664,2.012529143194957,3604.3434262069063,False,0.0668779575180351,0.07383925663689983,119,0.8478266479205495,False,False,0.7803724897380995,False,False,0.7779245756363491,False,False,3604.3434262069063,7.008880460246473,3.4517617687947677,0.16928587994251632,1.285482998193042,0.1316904853510124,low,3.7190247812796833,4.053813446590859,0.07438049562559367,0.08107626893181719,6.534342765079392,7.1937185902756,0.13068685530158786,0.143874371805512,6.6877957518035105,7.383925663689983,0.1337559150360702,0.14767851327379966
1dd64b1d-bcef-476c-bf0b-3ac7df7cbed3,"Nissa, Ascended Animist",0.3789955380803841,0.2198704538945433,1.7237219979641383,0.08475804184223162,1.4608165176830148,0.9493758108417668,2.247776774977473,3612.466219344561,False,0.08613446012944019,0.09374042686546724,0.3261260535098668,0.2431412087177271,1.3413030856833499,0.1798220683748165,1.3855900163498869,0.8603373359185179,2.2315196763590284,3607.9732649606453,False,0.0738360938575105,0.0813510715897684,0.2938165994825285,0.24387627098278272,1.20477731719652,0.22828927879676808,1.3415378423692783,0.8317853272020356,2.1636878214271222,3604.977560704488,False,0.06624878284638117,0.07292625139747078,93,0.5391774096873768,False,False,0.7839301935032851,False,False,0.8232975292663921,False,False,3604.977560704488,4.49295438391573,2.995704256157296,0.11927867531373648,1.3959814588007264,0.08544431200125507,low,8.613446012944019,9.374042686546725,0.17226892025888038,0.18748085373093448,7.38360938575105,8.13510715897684,0.147672187715021,0.1627021431795368,6.6248782846381165,7.292625139747077,0.13249756569276233,0.14585250279494155
a3bb2881-e8fb-4fba-a9f9-d93e6ca24378,"Laelia, the Blade Reforged",0.4095098071819868,0.14441245338705672,2.835695936031304,0.0045725957066009215,1.506079334862828,1.134805645179677,1.9988224173327198,3607.308284644072,False,0.09311938859042701,0.10129210289804852,0.2959055449438128,0.15275816324991548,1.937084988772124,0.052734955265732054,1.3443431708251767,0.9965056644243038,1.813595873525085,3606.0029350688565,False,0.0672062150320334,0.07383197712772438,0.29333296108865126,0.15305945399977852,1.9164641805730975,0.055306038304763556,1.3408891800335183,0.9933585835914712,1.8100047886337083,3602.735914547084,False,0.06626718598613886,0.07283281182991375,233,0.38124016703785185,True,False,0.7628416482230934,False,False,0.6686376194670945,False,False,3602.735914547084,1.3053495752155868,3.267020521772338,0.16519015482930977,1.3971038952405077,0.11823755941992611,low,9.311938859042701,10.129210289804853,0.18623877718085402,0.20258420579609704,6.720621503203341,7.3831977127724375,0.1344124300640668,0.14766395425544876,6.626718598613886,7.283281182991375,0.13253437197227771,0.1456656236598275
5f6927e1-c580-483a-8e2a-6e2deb74800e,Mox Jet,0.24184249031098318,0.1498542292243321,1.613851618087765,0.10655961512753323,1.273593573689156,0.9494505795843371,1.7083991792942328,3612.850114033036,False,0.055289829812829684,0.060229385869405294,0.27682708748659907,0.1514894587157619,1.82736864883785,0.06764435984746232,1.318938290381717,0.9801082525852494,1.7749041590523054,3606.4279417593334,False,0.06280597313823377,0.06906015701379153,0.2917307098311043,0.15196659606716093,1.9197028648465302,0.05489544218431988,1.338742458911144,0.9938948938992216,1.8032403449224121,3602.7323468592863,False,0.06579222902335655,0.07250796312282032,212,0.6112902223099299,False,False,0.7731116881090416,False,False,0.6686376194670945,False,False,3602.7323468592863,6.422172273702472,3.6955949000471264,0.06514888522198814,1.310424774327339,0.04971585282751546,low,5.528982981282969,6.02293858694053,0.11057965962565937,0.12045877173881059,6.280597313823377,6.906015701379154,0.12561194627646755,0.13812031402758307,6.579222902335655,7.250796312282032,0.1315844580467131,0.14501592624564064
261ac92e-c61a-4c11-aa6a-9ae1cb703e5c,Dreams of Steel and Oil,0.21104111156378919,0.17557186365077096,1.2020212531523269,0.22935529386441533,1.234963125283068,0.8753952842623329,1.7422231399088508,3614.01400369695,False,0.0482960099976904,0.05259536286808486,0.28047325235694004,0.18135546809485723,1.5465387137389188,0.12197451788056765,1.323756134832272,0.9277588265928182,1.888777831348138,3607.3770147662226,False,0.06363918472156867,0.06997987922485382,0.28749977723301356,0.18257500061215284,1.574694105266658,0.1153270691199517,1.333090295194662,0.9320701266254597,1.9066480990826855,3603.941068267582,False,0.06486544529141734,0.07144559373700282,153,0.7555445194600263,False,False,0.7803239175511554,False,False,0.7748948686229261,False,False,3603.941068267582,6.636988930727512,3.435946498640533,0.09812716991159398,1.2972698517700005,0.07564129373523083,low,4.82960099976904,5.259536286808486,0.0965920199953808,0.10519072573616972,6.3639184721568665,6.9979879224853825,0.12727836944313733,0.13995975844970765,6.486544529141734,7.144559373700282,0.12973089058283468,0.14289118747400564
107492bd-b32f-4692-917c-7771986b5bf7,Thespian's Stage,0.15586993013592332,0.22694348819485796,0.6868226595780993,0.4921944887064268,1.168674183911275,0.7490576667852686,1.8233567436834164,3614.9969238135986,False,0.03567562215006046,0.03889597846106568,0.2695414205085762,0.23277053280254853,1.1579705440517216,0.2468760572272628,1.3093638656201798,0.8297018797102782,2.066324995178364,3608.4486860731795,False,0.06107945331038328,0.06723352577407132,0.28574994296324635,0.23431996653337575,1.2194861035136972,0.2226597470945264,1.3307596478294392,0.8407026981458301,2.1064774077648383,3604.9561181300887,False,0.06436361660549467,0.07107478215176694,90,0.8622992302965494,False,False,0.8273558002976363,False,False,0.8232975292663921,False,False,3604.9561181300887,6.548237740419154,3.492567943090762,0.16208546391816414,1.2695992324536316,0.12766663666369524,low,3.567562215006046,3.889597846106568,0.07135124430012092,0.07779195692213137,6.107945331038328,6.723352577407132,0.12215890662076656,0.13446705154814265,6.4363616605494665,7.107478215176694,0.12872723321098933,0.14214956430353387
c8f0b123-fdb0-4f3e-ba78-fa155c227e20,Greasewrench Goblin,0.3285788851535735,0.23887353215416426,1.3755349208865684,0.16896566708717908,1.3889928069173436,0.8696945352727247,2.2183662647289344,3613.557429092303,False,0.0748495815696704,0.08147434279996546,0.30223620932736495,0.2488782047179895,1.214394043342754,0.22459728896616893,1.3528807520230073,0.8306347828222339,2.203479034402586,3608.2980886745645,False,0.06848217527547372,0.07540452406202058,0.2852537879174742,0.25124456003564016,1.135363041798834,0.2562232381669154,1.3300995484848104,0.8128688083875788,2.1764456830233696,3605.139034112628,False,0.06432735170778228,0.07087798358888314,77,0.6748508978871165,False,False,0.8203114330813042,False,False,0.8279014377031148,False,False,3605.139034112628,5.259340417738713,3.1590545619365002,0.058893258432533235,1.3573243691417203,0.04338922940709694,low,7.484958156967041,8.147434279996546,0.1496991631393408,0.16294868559993092,6.848217527547372,7.540452406202059,0.13696435055094744,0.15080904812404117,6.432735170778228,7.087798358888314,0.12865470341556456,0.14175596717776628
551c0a45-9515-4e51-84e5-79703832a661,Expedition Map,0.23837529536883287,0.19223949992570846,1.2399912372897024,0.21497863527041505,1.2691854228672488,0.870738023134217,1.8499612912509975,3613.9265880318508,False,0.05445818176690841,0.05934905214281622,0.2910908453003818,0.19661840803817035,1.4804862281453888,0.13874353334863102,1.337886119095869,0.9100267953597894,1.966908311707166,3607.5864285328335,False,0.0659467403059494,0.0726086293179325,0.27857510846240463,0.19728838844579044,1.4120197881739482,0.157944134736681,1.3212458384127035,0.8975287435514658,1.9449968349930478,3604.4382394605595,False,0.06280375233396457,0.06930447144719648,126,0.7391275759039528,False,False,0.7803239175511554,False,False,0.7783695672186082,False,False,3604.4382394605595,6.340159499017318,3.148189072273908,0.0687006962286203,1.3094391267919405,0.05246574263970065,low,5.445818176690842,5.934905214281621,0.10891636353381683,0.11869810428563243,6.594674030594939,7.260862931793249,0.1318934806118988,0.145217258635865,6.280375233396457,6.930447144719648,0.12560750466792914,0.13860894289439296
7d48d622-f397-4f31-b1a5-0c23f60aa71c,Mana Tithe,0.3651493662636224,0.15757486259248177,2.317307216747936,0.020487002465416036,1.4407291884142461,1.0579177988642003,1.9620622666310008,3610.0364087928374,False,0.08312577453342043,0.09047803707849317,0.2828409786011549,0.1613655888383728,1.7527961236174985,0.07963700878286932,1.3268941404768095,0.9671172152461327,1.8205115494543274,3606.686837009402,False,0.0641995760558891,0.07057743270665273,0.2754982749470167,0.16228115267028265,1.6976603284718144,0.08957188938503434,1.317186832579786,0.9583207122929984,1.810438958133583,3603.533789156515,False,0.0622077124225965,0.06847732434031917,193,0.4019067836597793,True,False,0.7731116881090416,False,False,0.7166441943257827,False,False,3603.533789156515,3.3495717834352945,3.1530478528870844,0.12354235583446016,1.361603387156947,0.09073299684750262,low,8.312577453342044,9.047803707849317,0.16625154906684086,0.18095607415698634,6.419957605588909,7.057743270665274,0.1283991521117782,0.14115486541330546,6.22077124225965,6.847732434031917,0.124415424845193,0.13695464868063834
76c3cad2-1e25-4abe-878d-9194de6fcc27,Guide of Souls,0.38734381595255,0.18449362202573152,2.0994970541503424,0.035773107230381455,1.473062866730858,1.0260703552665145,2.1147811143785695,3610.981715110052,False,0.08812071347410794,0.09581100337319942,0.2633933208709313,0.19202008529716574,1.371696718410004,0.17015787041801433,1.3013384618827435,0.8931809863901421,1.8960119149195933,3607.884461469741,False,0.05983845673297863,0.06573347819550629,0.27399008300515615,0.1929463030539172,1.4200328208858812,0.1555981261883509,1.3152017593249854,0.9010588826283237,1.9196921545082213,3604.400527236133,False,0.06188802030354082,0.06807313653508273,136,0.4336811642568359,True,False,0.7839301935032851,False,False,0.7779245756363491,False,False,3604.400527236133,3.09725364031101,3.4839342336081245,0.17172440484811458,1.3632010293128622,0.1259714459977149,low,8.812071347410793,9.581100337319942,0.17624142694821587,0.19162200674639884,5.983845673297862,6.573347819550629,0.11967691346595725,0.13146695639101258,6.188802030354082,6.807313653508274,0.12377604060708164,0.13614627307016547
216a8e4e-ea7b-41c7-a982-b5751025ff25,Scrapheap Scrounger,0.31106908630959185,0.3601734198108495,0.8636647492559403,0.38777208356809434,1.3648835126939125,0.673767073202518,2.764912500649507,3614.7117533158653,False,0.07090825869898112,0.07716905606794816,0.24220781101175454,0.3627443590239843,0.6677093798603772,0.5043191214074665,1.2740589287827428,0.62577078525407,2.593962825145284,3609.335257067857,False,0.054990584866647214,0.06044300510297551,0.2728582860879653,0.36354942001203444,0.7505397370154874,0.4529297005174965,1.313714060073818,0.6442305776460915,2.678923806972306,3605.8690903577635,False,0.06155314855233173,0.06780283866730602,35,0.8238588782624727,False,False,0.9261193606096347,False,False,0.9250325825036135,False,False,3605.8690903577635,5.376496248008152,3.466166710093603,0.09082458391116965,1.317552167183491,0.06893433609184813,low,7.090825869898112,7.716905606794816,0.14181651739796225,0.15433811213589632,5.499058486664722,6.0443005102975516,0.10998116973329443,0.12088601020595102,6.155314855233173,6.780283866730602,0.12310629710466346,0.13560567733461204
09521f23-52d6-482d-9f3b-c4d12fcc08cc,Tidehollow Sculler,0.1733679553186138,0.18265693897843008,0.9491451914623773,0.3425467726711786,1.1893036351813442,0.831403830338869,1.7012708927249613,3614.5635170311807,False,0.03969519364972635,0.043249110177628114,0.25281996485451674,0.19037568998388352,1.3280055078246573,0.18417628737655534,1.2876514334521247,0.8866398705513182,1.8700334477856586,3608.0124611563165,False,0.05738929327220283,0.0630905407980949,0.2724229824561008,0.19055860996457194,1.4296020657725663,0.15283126231711272,1.3131423200215253,0.9038680486970083,1.9077372577969536,3604.3835134957385,False,0.06146291837628104,0.06770495612625621,136,0.811278266477493,False,False,0.7852311682679135,False,False,0.7779245756363491,False,False,3604.3835134957385,6.5510558748642325,3.6289476605779782,0.12383868484018112,1.2633657962183313,0.09802282538507134,low,3.9695193649726352,4.324911017762812,0.0793903872994527,0.08649822035525623,5.7389293272202835,6.309054079809489,0.11477858654440566,0.1261810815961898,6.1462918376281035,6.770495612625621,0.12292583675256208,0.13540991225251242
0d16e8e0-31b2-4389-afd6-783c501f6fa0,"Ajani, Nacatl Pariah // Ajani, Nacatl Avenger",0.35903331687025947,0.14535621407686716,2.4700238593198067,0.013510404075416491,1.431944508686343,1.0769523320713805,1.9039515630308022,3609.3124746633002,False,0.08172519919057789,0.08902015133745911,0.2683310401820232,0.15111580524386206,1.7756649593932672,0.07578815618298204,1.3077799960925585,0.9725284610117249,1.7585999657024256,3606.6150949340417,False,0.06092634873665057,0.06696006472972826,0.26785551807491415,0.15224122253798644,1.759415180787058,0.07850701530721746,1.3071582656281873,0.9699242744596224,1.7616454978941982,3603.3266134935348,False,0.06048667057773359,0.0665827152554484,226,0.3946202342464915,True,False,0.7731116881090416,False,False,0.7166441943257827,False,False,3603.3266134935348,2.6973797292585004,3.2884814405069847,0.12478624305815567,1.3489609234690294,0.09250545429978173,low,8.17251991905779,8.90201513374591,0.16345039838115577,0.17804030267491822,6.092634873665057,6.696006472972826,0.12185269747330114,0.13392012945945653,6.048667057773359,6.65827152554484,0.12097334115546718,0.1331654305108968
564caf57-4ba5-4993-a35e-945699c94eb7,Toxic Deluge,0.13144645459973603,0.1704144592044391,0.7713339303095473,0.44050902568291606,1.1404768387985806,0.8166326766216098,1.5927447640436299,3614.872079427766,False,0.030114021678919946,0.032822055376149406,0.25387099094928833,0.17469624173850193,1.4532138094264269,0.1461643991510899,1.2890055001647294,0.915272317841239,1.8153451678444952,3607.667560742053,False,0.0576000399339599,0.06330051176124057,0.266477221110631,0.17571337077481475,1.5165449273187899,0.1293816189974186,1.3053578543945237,0.9250375149327981,1.8420432690811066,3604.1318487981616,False,0.060105253674643574,0.06634082929685675,159,0.8622992302965494,False,False,0.7803239175511554,False,False,0.7748948686229261,False,False,3604.1318487981616,7.204518685713083,3.5357119438913287,0.16488101559594304,1.244946731119278,0.1324402172996636,low,3.0114021678919944,3.2822055376149404,0.06022804335783989,0.06564411075229881,5.760003993395991,6.330051176124058,0.1152000798679198,0.12660102352248115,6.010525367464357,6.634082929685675,0.12021050734928715,0.1326816585937135
69490262-afc2-4692-8fac-b771a972c8f8,Volcanic Spite,0.44739869747138483,0.2311139250702684,1.9358361783495162,0.05288776838703788,1.564237832646092,0.9944309692000627,2.4605428359191417,3611.708671153544,False,0.101203437013182,0.11018162772386247,0.29371668255339256,0.23515924078437478,1.2490118677611781,0.2116607331904784,1.3414038067240757,0.8460342552266665,2.1268218888037365,3608.221236091569,False,0.06653621545356385,0.07329003057224054,0.26631130549015614,0.23598916177556725,1.1284895606495104,0.2591132231927076,1.3051412931021174,0.8218252879499173,2.0726957662856362,3605.161581131387,False,0.06006620204622306,0.06619555843474806,85,0.47172053750757076,False,False,0.8202535199009725,False,False,0.8279014377031148,False,False,3605.161581131387,3.487435061974793,3.0596549601823426,0.2590965395439746,1.4035943108240951,0.1845950340108252,low,10.1203437013182,11.018162772386248,0.202406874026364,0.22036325544772495,6.653621545356385,7.329003057224054,0.1330724309071277,0.14658006114448108,6.006620204622306,6.619555843474806,0.12013240409244612,0.13239111686949612
24a5cc2c-0fbf-4a5f-b175-6e0ffd0d0787,Misty Rainforest,0.23636087597317665,0.15134136272313933,1.5617731446331047,0.11834144045424846,1.266631324511061,0.9415119909457471,1.7040196276428436,3613.0163790508363,False,0.054043960972061,0.058873177610764604,0.26172611195655393,0.1560701259821679,1.6769776426428844,0.09354685383696944,1.299170666384591,0.9567900118421026,1.76406985807114,3606.9604759084923,False,0.059411800927524634,0.06529464115466538,0.26390042155768234,0.15659876093312114,1.6852012109494703,0.09194975752130966,1.3019985388590587,0.9578796359541206,1.7697423888780934,3603.5865307575477,False,0.05958000910235674,0.06567144417865534,208,0.6400348694550801,False,False,0.7761883269753548,False,False,0.7166441943257827,False,False,3603.5865307575477,6.05590314234405,3.3739451509445644,0.03536721434799772,1.2892668432515704,0.027432035914923963,low,5.4043960972061,5.88731776107646,0.108087921944122,0.11774635522152921,5.941180092752464,6.529464115466538,0.11882360185504927,0.13058928230933076,5.958000910235674,6.567144417865533,0.11916001820471347,0.13134288835731067
7c024bae-5631-4e20-ac69-df392ac9e109,Orcish Bowmasters,0.14879404460991727,0.1538090632668872,0.9673945179142796,0.33334684954030847,1.1604339669656392,0.8584114754017884,1.568719699439382,3614.528839123396,False,0.03409767172186377,0.03714376250558227,0.22241300103734285,0.1560407659285756,1.4253518925890671,0.1540555067895224,1.2490871456375194,0.9199583329994571,1.6959666991763707,3607.7440136590703,False,0.05055879158574597,0.055450119157712474,0.2608638433120631,0.15735494434045397,1.6578051894426447,0.09735679354543897,1.2980509150877204,0.9535610320045242,1.7669935343499583,3603.6746211737145,False,0.0589063729245535,0.06496863761214822,199,0.811278266477493,False,False,0.7803239175511554,False,False,0.7215220143867532,False,False,3603.6746211737145,6.784825464325877,4.06939248535582,0.13761694812208125,1.2358573425636263,0.11135342517495804,low,3.409767172186377,3.7143762505582267,0.06819534344372755,0.07428752501116453,5.055879158574597,5.545011915771248,0.10111758317149194,0.11090023831542495,5.8906372924553505,6.496863761214822,0.117812745849107,0.12993727522429643
06c0c35d-a26e-473a-9206-8fbda7191700,Entomb,0.09205584994338661,0.16388222538798977,0.5617195502773115,0.5743071120500937,1.0964260557039924,0.7952066095888795,1.511745603130895,3615.1524133360704,False,0.02109651776242324,0.023000574860311707,0.23466369219841737,0.17457807401040445,1.344176200411238,0.17889141579356826,1.264483441570107,0.8980681408656874,1.7803976126619014,3607.977468395814,False,0.05324791306137874,0.058470506128478816,0.26018660051838705,0.17544249069573548,1.4830307041731452,0.13806625325253663,1.2971721170730528,0.9197248946185439,1.8295204480788438,3604.237503163528,False,0.05866521845814827,0.06484653342006463,180,0.886782971312673,False,False,0.7839301935032851,False,False,0.7748948686229261,False,False,3604.237503163528,7.17494494025641,3.7399652322860675,0.20074606136906037,1.2193605381157175,0.16463224378187113,low,2.109651776242324,2.3000574860311707,0.04219303552484648,0.04600114972062341,5.324791306137874,5.847050612847882,0.10649582612275749,0.11694101225695763,5.866521845814827,6.484653342006464,0.11733043691629653,0.12969306684012927
416d2d51-8f29-4e95-b037-e8c32b081e6c,Mana Drain,0.14795601282273718,0.1546231986005628,0.9568810771076536,0.3386272833215517,1.159461893785401,0.8563248677546139,1.5699087271230132,3614.54924511445,False,0.033905982288670214,0.03693503083866434,0.2706414729441736,0.15887203824043955,1.7035186049201456,0.08847105929267725,1.310805027060884,0.9600713042605811,1.7896689666101413,3606.868103976454,False,0.061428581927753696,0.06749103761161873,0.25952250040363667,0.1597830197017973,1.6242182735561195,0.10432923221707914,1.2963109509031796,0.9477616634375425,1.7730428928055557,3603.787171958772,False,0.05860749933582885,0.06462898596477828,201,0.811278266477493,False,False,0.7761883269753548,False,False,0.749630063460226,False,False,3603.787171958772,7.681141137995837,3.080932017682244,0.15134313327548288,1.2555259572498214,0.12054162034769385,low,3.3905982288670216,3.693503083866434,0.06781196457734043,0.07387006167732868,6.142858192775369,6.749103761161873,0.12285716385550739,0.13498207522323746,5.860749933582885,6.462898596477828,0.1172149986716577,0.12925797192955657
0359f212-9564-41a9-870b-d2c57455a695,Brainstorm,0.13412513087763353,0.18827531252500143,0.7123883056086964,0.47622435513744865,1.1435359023434941,0.7906542737447618,1.6539142370723354,3614.9599599016005,False,0.030721967754876695,0.033487780464691363,0.2693638634388101,0.19312509394960323,1.3947636629194426,0.1630871198692604,1.3091313994475595,0.8965857679852044,1.9115014784038011,3607.8367279375757,False,0.06106653105524695,0.06718113196970044,0.2591684196346996,0.19346989134385523,1.3395801167535573,0.18038189162347718,1.2958520333766324,0.8868915524955306,1.8933910100748366,3604.6404634128553,False,0.05846244974314728,0.06452637749195139,131,0.8622992302965494,False,False,0.7803724897380995,False,False,0.7982192818538478,False,False,3604.6404634128553,7.123231964024853,3.196264524720391,0.1655954971040654,1.2495064450558953,0.1325287258495555,low,3.0721967754876696,3.3487780464691363,0.06144393550975339,0.06697556092938273,6.106653105524695,6.718113196970044,0.1221330621104939,0.13436226393940087,5.846244974314728,6.452637749195139,0.11692489948629456,0.12905275498390278
2ba70366-b6ae-423a-a8d8-29d2b8afd939,"Ivora, Insatiable Heir",0.207611165641955,0.23800564791061002,0.8722951218364761,0.3830473981779804,1.2307345246292953,0.7719157212648317,1.962270528228853,3614.702789431417,False,0.04748997787120338,0.051732691568385725,0.29134918611468363,0.2412023135354054,1.207903779380281,0.22708427568886458,1.3382317943344082,0.8340955219959157,2.1470734324074927,3608.3159959934687,False,0.06603605101069007,0.07268432753558701,0.25533154101489036,0.2423751934223602,1.0534557493676864,0.2921321648619045,1.2908895327596022,0.8027404536892042,2.07588365346476,3605.3216196001085,False,0.057634261627613904,0.06353792196722957,78,0.821519661044093,False,False,0.8203114330813042,False,False,0.84832149739301,False,False,3605.3216196001085,6.386793437948199,2.9943763933601986,0.10749726970511286,1.2866186172411018,0.08355022091598474,low,4.748997787120338,5.173269156838573,0.09497995574240677,0.10346538313677145,6.603605101069007,7.268432753558701,0.13207210202138014,0.14536865507117402,5.76342616276139,6.353792196722957,0.11526852325522781,0.12707584393445914
07c17b01-ee5d-491a-8403-b3f819b778c4,Wishclaw Talisman,0.21098281439865094,0.23242836108237877,0.9077326597156232,0.36401948422120145,1.2348911325323206,0.7830358697920384,1.947492021804775,3614.6412657225555,False,0.04824735409966286,0.05256793633095341,0.26635879485199687,0.24295548419776822,1.096327566885373,0.2729354496728398,1.3052032749009652,0.8107188512745466,2.1012902143992487,3608.5804709509407,False,0.06041202795818705,0.066447421136891,0.25322753563501477,0.2448274017135841,1.0343104320130707,0.30099106150667454,1.2881763495148246,0.7972123717789322,2.0815009477919797,3605.365887520158,False,0.057150317602871654,0.06303973461967427,84,0.8146096039731812,False,False,0.8566390332277293,False,False,0.8559801591695092,False,False,3605.365887520158,6.060794771614837,3.214583430782568,0.07031214236864458,1.276090252316037,0.05509966261479682,low,4.824735409966286,5.2567936330953415,0.09649470819932572,0.10513587266190683,6.041202795818705,6.644742113689101,0.1208240559163741,0.132894842273782,5.715031760287165,6.303973461967427,0.11430063520574331,0.12607946923934854
758f95f8-bcb0-43ae-b474-56ebd855951e,Lion's Eye Diamond,0.16809767200854153,0.17229023427848827,0.9756656998726351,0.32923015505833675,1.1830521560852358,0.8440097881010556,1.6582893039272968,3614.515319017596,False,0.03847071459456333,0.04194142114080979,0.2744550196104151,0.18147921066832734,1.5123220924296996,0.13045194348049005,1.3158133869392121,0.9219684885387063,1.8779002653253418,3607.4949225403207,False,0.06219428976253871,0.06841168505009165,0.25142394378995664,0.18288780646975938,1.3747441595103267,0.16921077548230612,1.285855099079262,0.8984931856830152,1.8402180029570758,3604.5460219923957,False,0.056716554092332484,0.06266870471455821,157,0.811278266477493,False,False,0.7803239175511554,False,False,0.7783695672186082,False,False,3604.5460219923957,7.020396477275426,2.94890054792495,0.1327612308539763,1.2615735473679033,0.10523463426366542,low,3.847071459456333,4.194142114080979,0.07694142918912666,0.08388284228161957,6.219428976253871,6.841168505009165,0.12438857952507743,0.1368233701001833,5.6716554092332485,6.266870471455821,0.11343310818466497,0.12533740942911642
1ac0e78b-0fdd-44f9-8b7b-c4f28a32782e,Amped Raptor,0.46178592010039166,0.26531322436699845,1.7405311069666827,0.08176580283040125,1.5869055422797196,0.9434348200960501,2.669256154719527,3612.3844647220303,False,0.1044970101659367,0.11357369299086911,0.2795858116400779,0.2726774098425421,1.0253354386838465,0.3052049396697525,1.3225819008476145,0.7750235122892071,2.2569933127357182,3608.723667179927,False,0.06341615468073307,0.06977024126442899,0.24981528567985073,0.2734066401280548,0.9137133083631229,0.36086750919797894,1.2837882607095705,0.751216242709851,2.1939252702930037,3605.5962618182357,False,0.056412574852197826,0.06213932677605449,64,0.5391774096873768,False,False,0.8635797843000993,False,False,0.8947904410224979,False,False,3605.5962618182357,3.66079754210341,3.127405361691217,0.30311728157014906,1.397758567945635,0.2168595410691402,low,10.44970101659367,11.357369299086912,0.2089940203318734,0.22714738598173823,6.341615468073307,6.977024126442899,0.12683230936146614,0.13954048252885798,5.641257485219783,6.213932677605449,0.11282514970439565,0.12427865355210899
0e51d796-7279-4c06-87f0-37adbdaa41df,Underworld Breach,0.17293899895356096,0.17179474210323697,1.0066606046047462,0.31409789984518477,1.1887935852194624,0.8489298730359884,1.664719587738,3614.4552087922575,False,0.03956120349002074,0.04314451082062826,0.27051224061002177,0.17998132626247695,1.5030017070521997,0.13283860379453033,1.3106356396130223,0.9210406021322106,1.8650272049323398,3607.527042635451,False,0.06127927447509532,0.06743563033063266,0.24980032645468236,0.18133726360701505,1.3775454723748175,0.16834366610158757,1.2837690563755515,0.8997658553613845,1.83165762546684,3604.541560656376,False,0.05632685813076218,0.06226064901474859,157,0.8057819199874549,False,False,0.7803239175511554,False,False,0.7783695672186082,False,False,3604.541560656376,6.928166156806583,2.985481979074848,0.12184205439355988,1.261066093736012,0.09661829383786917,low,3.956120349002074,4.314451082062826,0.07912240698004148,0.08628902164125651,6.127927447509532,6.743563033063266,0.12255854895019064,0.1348712606612653,5.632685813076218,6.226064901474859,0.11265371626152436,0.12452129802949718
57fb0fa7-0c5c-4a75-9461-c51403c30282,Foreboding Landscape,0.0667704275120838,0.2266094082081965,0.2946498472417294,0.7682613790971774,1.0690500255270237,0.6856527240656359,1.6668320812649842,3615.3811855351014,False,0.015306871343372708,0.016686977056946273,0.20941258506831906,0.23155741160803467,0.9043657191280021,0.3658015094570386,1.2329535918459622,0.783143021204482,1.9411199723235937,3608.9672755655643,False,0.04756776503898303,0.05224035730141857,0.2492441721824204,0.23177437206870016,1.075374166512862,0.2822072429716491,1.283055281233196,0.8146199471064484,2.0208575306163947,3605.2815650016264,False,0.05623753331696768,0.06202264810629993,88,0.9316915270142133,False,False,0.9087451152849259,False,False,0.8449933834629035,False,False,3605.2815650016264,6.413909969537144,3.685710563937846,0.21400525570617224,1.1950196328687273,0.17908095383540923,low,1.5306871343372708,1.6686977056946273,0.030613742686745417,0.033373954113892546,4.756776503898303,5.224035730141857,0.09513553007796606,0.10448071460283714,5.6237533316967685,6.202264810629993,0.11247506663393536,0.12404529621259985
52eef0d6-24b7-40b7-8403-e8e863d0cd55,"Bristly Bill, Spine Sower",0.29150947984388964,0.1532969027916083,1.9016005838041452,0.057223391565388436,1.3384463216925,0.9910875042323034,1.8075483228293063,3611.847881926578,False,0.06641252476834907,0.07246899948913799,0.2370614701739853,0.16470157388503046,1.4393394342391985,0.1500543751872807,1.2675190299959238,0.9178203408584337,1.7504564018478352,3607.708703701298,False,0.05378743107517461,0.05915621165812174,0.24317392735239166,0.16614815468838406,1.4635969193186151,0.1433041148001194,1.2752904127153628,0.9208331178467536,1.766189340112746,3604.29077696506,False,0.054864693655639354,0.060509465532416984,200,0.4858954417810549,False,False,0.7803239175511554,False,False,0.7771044274120296,False,False,3604.29077696506,4.13917822527992,3.4179267362378596,0.07092729169657619,1.2937519214679287,0.05482294597568598,low,6.641252476834906,7.246899948913798,0.13282504953669813,0.14493799897827597,5.378743107517462,5.915621165812174,0.10757486215034923,0.11831242331624348,5.486469365563935,6.050946553241698,0.10972938731127871,0.12101893106483397
0cb33b46-4d1b-4f97-bfdc-d815aee111da,Mana Crypt,0.24427903675527832,0.1459222203481016,1.674035908805004,0.09412354233073116,1.2767005271637233,0.9591301345525706,1.6994192730900892,3612.654147737456,False,0.055822898914680945,0.06083489636777073,0.22158382786026412,0.14799434405532186,1.4972452445711961,0.13432945656562786,1.2480518653531596,0.9338073863471842,1.6680457676658194,3607.5368972444976,False,0.05035019079654637,0.05526297018252341,0.24234426027600142,0.14881705933466588,1.6284709653549043,0.10342506085505827,1.2742327850471924,0.9518601311744711,1.705785479727708,3603.7776174013816,False,0.05473278992135377,0.06035215623333967,218,0.5707309339508879,False,False,0.7803239175511554,False,False,0.749630063460226,False,False,3603.7776174013816,5.117250492958192,3.759279843116019,0.02864866181056369,1.2663283925213584,0.02262340636106403,low,5.582289891468094,6.083489636777073,0.11164579782936189,0.12166979273554146,5.035019079654637,5.5262970182523405,0.10070038159309273,0.11052594036504682,5.473278992135377,6.035215623333967,0.10946557984270754,0.12070431246667934
311a6257-dd77-4bb6-81cb-c8e7862350f3,Necromancy,0.05511418820126391,0.16145404973941693,0.34136144797988605,0.7328314939864466,1.0566612660361963,0.7700223417558587,1.4500008254243901,3615.3514830364725,False,0.01263613888771387,0.013775690857511846,0.20935942386497608,0.17177121048057822,1.218827202062757,0.22290978465891165,1.2328880482915563,0.8804587956499736,1.7263873643264094,3608.298701017923,False,0.047551543645138555,0.05215042821636395,0.2412584848877137,0.17254910725219405,1.3982018726709233,0.16205245459300643,1.2728500052802056,0.9076124893425075,1.7850648321460252,3604.481441725584,False,0.05444344443139191,0.06016071984603716,179,0.9264388796291327,False,False,0.8203114330813042,False,False,0.7783695672186082,False,False,3604.481441725584,7.052782018549351,3.8172592923392585,0.2161887392440094,1.1874664398693193,0.18205882034678889,low,1.263613888771387,1.3775690857511846,0.02527227777542774,0.027551381715023693,4.755154364513856,5.215042821636395,0.09510308729027711,0.1043008564327279,5.444344443139191,6.016071984603716,0.10888688886278382,0.12032143969207432
207d5f12-fbc6-4c75-9d84-fd2f0023fbd0,Sneak Attack,0.1897135326442467,0.17068718413450454,1.1114691100343483,0.2663664791097611,1.2089032367354822,0.8651664625942754,1.6892090701334534,3614.225933648886,False,0.04344138574306471,0.04730975763726769,0.21559058966504002,0.17559965396465227,1.2277392625639103,0.21954486250476635,1.2405943628605904,0.8793390510123088,1.7502627358465066,3608.2722499201172,False,0.04901714493567203,0.053742666386382754,0.24103121069753453,0.17635186074284473,1.3667630706148592,0.1716995815355632,1.2725607521971611,0.9006681192375144,1.7980106472554638,3604.5619241416234,False,0.05446571812712903,0.060059065454112937,166,0.7752566964578506,False,False,0.8203114330813042,False,False,0.7844083622206893,False,False,3604.5619241416234,5.953683728768738,3.710325778493825,0.06365751546167897,1.240686117264411,0.05130831608081296,low,4.344138574306471,4.730975763726769,0.08688277148612943,0.09461951527453538,4.901714493567203,5.374266638638275,0.09803428987134406,0.10748533277276551,5.446571812712904,6.005906545411293,0.10893143625425807,0.12011813090822587
0a786855-6eb4-42c0-a528-4842db46809d,Stock Up,0.0916427604993528,0.2031762615645586,0.4510505301832892,0.6519531308221151,1.0959732272099922,0.7359576430102286,1.6321011489847268,3615.264126955786,False,0.021008785612302634,0.022896507219065165,0.20997123625940334,0.20614345424108746,1.0185685353551863,0.3084078483886683,1.2336425752713855,0.8236003045470548,1.8478307925823096,3608.7437784465956,False,0.04771955221517743,0.05236973244579224,0.238132547254566,0.20657471564032365,1.1527671550529401,0.24900596904708772,1.2688773678905878,0.8464078905818491,1.9022149871950558,3605.1035215636994,False,0.05378171246601003,0.0593048503416026,109,0.9187714246411036,False,False,0.8635797843000993,False,False,0.8252844693988077,False,False,3605.1035215636994,6.520348509190626,3.6402568828962103,0.17290414068059556,1.1994977234573219,0.1441471186641627,low,2.1008785612302634,2.2896507219065168,0.04201757122460527,0.04579301443813033,4.771955221517743,5.236973244579223,0.09543910443035486,0.10473946489158448,5.378171246601003,5.9304850341602595,0.10756342493202006,0.1186097006832052
17db2b6a-eaa8-4a08-9e86-370bbd058574,Bayou,0.084267399303964,0.16215357979696543,0.5196764660359413,0.6032890923879128,1.0879197639054994,0.7917151451336238,1.4949435033182765,3615.197696910946,False,0.01931793286550157,0.021056628570464753,0.20272389432015428,0.1698801246279244,1.1933349752607323,0.23273821002571948,1.2247342654727955,0.8778837037808132,1.7086249745418398,3608.3581320942617,False,0.04607153744326256,0.05056866515963526,0.23535380139164336,0.17030148044624294,1.3819832967684313,0.16697682984788842,1.2653563743926548,0.9062526938595517,1.7667553046350033,3604.5236374091483,False,0.053142810442265764,0.05860062100573632,177,0.9013593712311545,False,False,0.8203114330813042,False,False,0.7783695672186082,False,False,3604.5236374091483,6.8395648166842875,3.834494685113441,0.17743661048715542,1.1926701345903166,0.14877257788307502,low,1.9317932865501568,2.1056628570464753,0.03863586573100314,0.042113257140929505,4.607153744326256,5.056866515963526,0.09214307488652512,0.10113733031927052,5.314281044226576,5.860062100573632,0.10628562088453153,0.11720124201147264
e7b3ddca-69ef-4743-897b-57c58077db24,Time Warp,0.16651068379141498,0.1780315955723689,0.9352872632303589,0.34964027744064785,1.1811761552426292,0.8332419327324139,1.6743961806370165,3614.5925968867377,False,0.03810970193976519,0.04154602724811901,0.24668585038301233,0.18346164564760192,1.3446181053932829,0.17874859342392824,1.2797770081641273,0.8932408951423022,1.8335806158590648,3607.9773710598884,False,0.05596222598382839,0.06154161093711197,0.23449854259362865,0.18462507492264824,1.2701337707885874,0.20403698401516346,1.264274629872529,0.8804108510629602,1.815505042684913,3604.8251005213183,False,0.05293089523651389,0.05840603067233774,141,0.8125786238777426,False,False,0.7839301935032851,False,False,0.8149261577132576,False,False,3604.8251005213183,6.615225826849382,3.1522705385700647,0.09860085292149812,1.2417425977597618,0.07940522705702835,low,3.810970193976519,4.154602724811901,0.07621940387953038,0.08309205449623802,5.596222598382839,6.154161093711197,0.11192445196765678,0.12308322187422394,5.293089523651389,5.840603067233774,0.10586179047302778,0.11681206134467548
7c884e1e-fecb-4330-b3de-5fc2a60f7173,Kolaghan's Command,0.2502143642073904,0.16040190838827584,1.5599213670308125,0.11877846444720724,1.2843006952823437,0.9378423858538653,1.7587478458877475,3613.015363338385,False,0.05721833965463762,0.06228920284691941,0.23516452240465296,0.16302627795430163,1.442494580355767,0.1491628994071267,1.2651168916851652,0.9190939029243257,1.7414115625559905,3607.690027342405,False,0.05345792746783849,0.05867800793204969,0.2336020603073452,0.16398585954396233,1.424525632618462,0.15429437044177546,1.2631417379464964,0.9159346822857479,1.7419659731202668,3604.3958513985417,False,0.05281504837248106,0.058150908495463116,181,0.6400348694550801,False,False,0.7803239175511554,False,False,0.7779245756363491,False,False,3604.3958513985417,5.325335995980367,3.294175943863138,0.021158957335847273,1.2708531083046684,0.01664941227084344,low,5.721833965463762,6.228920284691942,0.11443667930927524,0.12457840569383882,5.345792746783849,5.867800793204969,0.10691585493567698,0.11735601586409938,5.281504837248106,5.815090849546312,0.10563009674496213,0.11630181699092623
b3c1e5e3-4e6b-456a-958c-7a75c38f8183,Cosmogrand Zenith,0.24970762570455365,0.310694810663465,0.80370710141995,0.42156615188833935,1.2836500555368522,0.6981968449218756,2.360018492011574,3614.824040812249,False,0.0570094566649721,0.06212018513417933,0.2389837439897205,0.31125320728292716,0.7678113458682718,0.44259927291190504,1.269957891967491,0.6899938860102383,2.3374019394522327,3609.198144509093,False,0.05422912645482074,0.0596367640326102,0.23191386169623618,0.3151028423487579,0.7359941915076488,0.4617342326847623,1.2610111027925435,0.679982844839566,2.3385134102041114,3605.898674348301,False,0.05235282969868664,0.057723382748189944,45,0.8520746160894617,False,False,0.9193975000055795,False,False,0.9304433027212582,False,False,3605.898674348301,5.6258963031564235,3.2994701607917705,0.022638952744308716,1.2715396834322954,0.01780436193953372,low,5.70094566649721,6.212018513417933,0.1140189133299442,0.12424037026835866,5.422912645482074,5.9636764032610206,0.10845825290964148,0.1192735280652204,5.235282969868664,5.772338274818995,0.10470565939737328,0.11544676549637989
0e0d989d-7186-40dc-bdfe-cfbb77656bc8,"Emrakul, the Aeons Torn",0.0820805032478576,0.2530104084123454,0.3244155201476389,0.7456234712201244,1.085543196065037,0.6611200100824626,1.782435885394107,3615.362778041484,False,0.018813228307340446,0.020509460426317183,0.20585440076789815,0.2611231420698323,0.7883422324661152,0.4304965508926012,1.2285743114959888,0.7364256801401307,2.0496227651656964,3609.164309794145,False,0.04676331729110488,0.05133391612535859,0.23176024566294146,0.26417938124970286,0.8772836266274741,0.3803326032892629,1.260817406146828,0.7512390705536189,2.1160514594526205,3605.668936264785,False,0.05232298475210995,0.05774000056130524,69,0.9264388796291327,False,False,0.9193975000055795,False,False,0.9053129787574345,False,False,3605.668936264785,6.198468247338951,3.495373529360222,0.175274210081791,1.1916449712359511,0.1470859310554552,low,1.8813228307340446,2.0509460426317183,0.03762645661468089,0.041018920852634366,4.676331729110488,5.133391612535859,0.09352663458220976,0.10266783225071718,5.232298475210994,5.774000056130523,0.1046459695042199,0.11548000112261048
071daca8-ccc6-4707-843e-adac40dd1588,Fury,0.36235070820686255,0.1606967527896776,2.2548726213597656,0.024141325281358383,1.4367027170498503,1.04852569001087,1.9685876243595173,3610.3197016930317,False,0.0825273447284091,0.08978974196709943,0.25302449669436455,0.16582738119842053,1.5258306249895393,0.1270520516220855,1.287914826104065,0.9305335287944028,1.7825522111467644,3607.4394289864013,False,0.0575026440374689,0.0631415846025305,0.2305051434066019,0.16650346411745623,1.3843864728483792,0.16624014870073078,1.2592359440314795,0.9086078861309047,1.7451699318757623,3604.5087683422066,False,0.052132535970880266,0.05739496963846735,185,0.41496513490710435,True,False,0.7803239175511554,False,False,0.7783695672186082,False,False,3604.5087683422066,2.8802727066304215,2.9306606441946315,0.17746677301837077,1.3279511623951314,0.13363953287128913,low,8.25273447284091,8.978974196709943,0.1650546894568182,0.17957948393419887,5.75026440374689,6.31415846025305,0.1150052880749378,0.126283169205061,5.213253597088027,5.739496963846735,0.10426507194176053,0.1147899392769347
1daf4348-05c5-4c55-bcf2-c7bec7988bfc,Plateau,0.386061551286945,0.15919795564981465,2.4250408851741714,0.015306662811793508,1.471175220756141,1.0768429418150223,2.0099091948532903,3609.491440892017,False,0.08790191442195146,0.09555733895226992,0.22359409951237033,0.1682713995715757,1.3287706650188207,0.18392364309257558,1.250563312137806,0.899228735469493,1.7391666168770208,3608.005434051266,False,0.05088375656419649,0.05579506789477989,0.2294540289465624,0.16943744439399783,1.3542108697827515,0.17566911213500236,1.257913038306575,0.9024487635597029,1.7533906364945628,3604.5900603249006,False,0.05192449130501785,0.05711819177690464,192,0.4019067836597793,True,False,0.7852311682679135,False,False,0.7898575382626178,False,False,3604.5900603249006,1.486006840751088,3.4153737263654875,0.22061190861833513,1.3265505237335073,0.16630494253429143,low,8.790191442195146,9.555733895226993,0.17580382884390292,0.19111467790453984,5.088375656419649,5.579506789477989,0.10176751312839298,0.11159013578955979,5.192449130501784,5.711819177690463,0.1038489826100357,0.11423638355380927
4acf970d-d2d7-413d-aba7-587ee53d8d5c,Stomping Ground,0.34275127340529965,0.16180585251605586,2.118287244098842,0.0341507482739842,1.4088183077643806,1.0259426027796468,1.9345809589295164,3610.929631894801,False,0.07811736091847175,0.08500935471232907,0.23420647797356958,0.16492980745929078,1.42003729696573,0.15559682313988554,1.26390543390027,0.9147943942937247,1.746246977252152,3607.7538877210773,False,0.0532455191380373,0.05844416867784541,0.22936013247902948,0.16579203606019732,1.3834206873227086,0.16653591094711173,1.2577949302608653,0.9088345103506704,1.7407438522327985,3604.5105166555472,False,0.05186833677247967,0.05710894928219268,182,0.4336811642568359,True,False,0.7803239175511554,False,False,0.7783695672186082,False,False,3604.5105166555472,3.175744173723615,3.2433710655300274,0.15102337750351524,1.3101728906418386,0.11526980796368838,low,7.811736091847175,8.500935471232907,0.1562347218369435,0.17001870942465813,5.32455191380373,5.844416867784541,0.1064910382760746,0.11688833735569082,5.186833677247967,5.710894928219268,0.10373667354495934,0.11421789856438536
9721f8da-39ed-4ada-a571-61e08a86032b,Broadside Bombardiers,0.3389261888193855,0.14513333960792027,2.3352745119419103,0.019529084786460246,1.4034397518445938,1.0559753510340848,1.8652359026456466,3609.983788211047,False,0.07713874881549773,0.08411020285390836,0.21548150083850542,0.15117915891049663,1.425338666992307,0.15405932796527702,1.2404590352588394,0.922350799943877,1.6682791604332314,3607.7473251746787,False,0.048972211878495986,0.05376710645052157,0.22930784285075334,0.151862488744494,1.5099702681454128,0.1310510109036024,1.2577291623510192,0.9339404179914776,1.693772552675444,3604.1501380764607,False,0.05181098626985165,0.05706823319989052,227,0.4019067836597793,True,False,0.7803239175511554,False,False,0.7748948686229261,False,False,3604.1501380764607,2.23646303636815,3.5971870982180008,0.16298071658575441,1.3005426498181507,0.12531747160198345,low,7.713874881549773,8.411020285390835,0.15427749763099546,0.1682204057078167,4.897221187849599,5.376710645052158,0.09794442375699197,0.10753421290104315,5.1810986269851655,5.706823319989052,0.1036219725397033,0.11413646639978103
e6d7fba8-a157-4d81-9d6b-bd210a96b248,Gleemox,0.13001676746935684,0.18468450479633391,0.7039939144474331,0.4814365634356864,1.1388474787547325,0.7929739863914395,1.6355814971536529,3614.9713166221345,False,0.02978853052174215,0.032464811797189796,0.20511346500234207,0.1868222726250223,1.097906915060565,0.2722451381059753,1.2276643539996146,0.8512425364222956,1.7705409464331554,3608.576242163502,False,0.04661445137620979,0.05115492695258167,0.22792946045517115,0.18779044069692194,1.2137436794401597,0.22484561911645418,1.2559967248701804,0.869236704734622,1.8148425673835746,3604.96026516619,False,0.051484140781832236,0.05678103180571814,134,0.8622992302965494,False,False,0.8566390332277293,False,False,0.8232975292663921,False,False,3604.96026516619,6.395074458632735,3.6159769973119182,0.11714924611544797,1.2075028525415092,0.09701778001507523,low,2.978853052174215,3.2464811797189794,0.0595770610434843,0.06492962359437959,4.661445137620978,5.115492695258167,0.09322890275241957,0.10230985390516334,5.148414078183223,5.678103180571814,0.10296828156366447,0.11356206361143628
8c2996d9-3287-4480-8c04-7a378e37e3cf,Flooded Strand,0.12704487881514648,0.14831597801102045,0.8565825511106198,0.3916756323708569,1.135467975095385,0.8490353654786634,1.518532177679487,3614.7319557808105,False,0.029127368687312496,0.031727788659445866,0.20222499941496147,0.15073608665756053,1.3415831862105623,0.17973118088454199,1.224123404178,0.9109951273366922,1.6448804869430622,3607.9776646408154,False,0.04600276173492218,0.050414435012373804,0.22769921749506805,0.15145370772328692,1.5034245177482566,0.1327296081004154,1.2557075737551482,0.9331866452498019,1.6896957525189955,3604.1665946180806,False,0.051483368447064276,0.05674097148872087,216,0.826733059466334,False,False,0.7839301935032851,False,False,0.7748948686229261,False,False,3604.1665946180806,6.754291139995075,3.811070022734839,0.12023959865976308,1.205099651009511,0.09977564806282904,low,2.9127368687312494,3.1727788659445864,0.05825473737462499,0.06345557731889173,4.600276173492218,5.041443501237381,0.09200552346984436,0.10082887002474761,5.148336844706428,5.674097148872087,0.10296673689412855,0.11348194297744174
9d3a7998-ccac-45ad-a4e9-3a2cb057f63b,Elite Spellbinder,0.28738133696335866,0.14790206318975618,1.9430515759246212,0.052009926991030374,1.332932412970616,0.9974964322776114,1.7811680924921802,3611.650786675792,False,0.06570260904558033,0.07146215515153997,0.21815128321494182,0.15341467761071992,1.421971395517233,0.15503455505121314,1.2437752157001758,0.9207732388768268,1.6800844354219555,3607.749471250032,False,0.04965175442202543,0.05443926604556998,0.2262870723309674,0.15400372603710816,1.4693610223199542,0.14173489351123986,1.2539355838253188,0.9272238815070266,1.6957656934243097,3604.263910445749,False,0.051212771205001756,0.05632341984246214,218,0.47172053750757076,False,False,0.7803239175511554,False,False,0.7748948686229261,False,False,3604.263910445749,3.9013154257600036,3.485560804283068,0.08915719727044014,1.2768810708320368,0.06982419843716833,low,6.570260904558032,7.146215515153997,0.13140521809116065,0.14292431030307995,4.9651754422025425,5.443926604556998,0.09930350884405086,0.10887853209113996,5.121277120500175,5.632341984246214,0.10242554241000351,0.11264683968492428
2ef878cb-27b6-47d8-ad11-bd20529b0e7e,Cast into the Fire,0.31785619819789995,0.2294039764765386,1.3855740562126109,0.1658770047661593,1.3741786376540868,0.8765376718370694,2.154347712434487,3613.5247263938354,False,0.07246829053450547,0.07886167509213149,0.20666367416102852,0.23342259318532754,0.8853627720472903,0.3759610042661904,1.2295689664173624,0.7781432790299002,1.9428810656328606,3608.995519364358,False,0.04698751413045162,0.05155857341832909,0.22586995235671561,0.23457385137114622,0.9628948454247819,0.3356002966110828,1.2534126513172594,0.791445074441811,1.9850313372538004,3605.503294106291,False,0.05105000689555217,0.05624586115880986,88,0.6676518248535761,False,False,0.9146018098042583,False,False,0.8790094259851743,False,False,3605.503294106291,4.52920702947722,3.492225258067265,0.1446096712367244,1.2857200851295696,0.11247368140955132,low,7.246829053450547,7.8861675092131485,0.14493658106901094,0.15772335018426298,4.698751413045162,5.155857341832909,0.09397502826090325,0.10311714683665818,5.105000689555217,5.6245861158809864,0.10210001379110434,0.11249172231761972
56995b84-2307-4955-9c7c-dc4f04acdc07,Inquisition of Kozilek,0.19142607126031394,0.1456598692315055,1.3141991151733743,0.18877920619749056,1.2109753039526314,0.9102215273639681,1.611103607964633,3613.735333282445,False,0.043814211518584265,0.047743340006548285,0.2046163389578733,0.14755809572025963,1.38668324471864,0.16553837196833132,1.2270542017492287,0.9188820336787825,1.6385803169994042,3607.856842794639,False,0.04651635160180887,0.05101309074175503,0.22359959282482766,0.1485168601617717,1.5055502289859362,0.13218267336458855,1.250570181891696,0.9347338402122227,1.6731241692090175,3604.1643419660168,False,0.05052543419936623,0.05572539164280815,222,0.7195184601927213,False,False,0.7803724897380995,False,False,0.7748948686229261,False,False,3604.1643419660168,5.878490487806175,3.6925008286220873,0.03959487793906469,1.229533229197852,0.03220317840852207,low,4.381421151858427,4.774334000654829,0.08762842303716853,0.09548668001309657,4.651635160180887,5.101309074175503,0.09303270320361774,0.10202618148351006,5.052543419936623,5.5725391642808155,0.10105086839873247,0.1114507832856163
18a3cca1-e50e-49b6-9e1a-f86640e3b177,Snuff Out,0.14688381094268035,0.15491429501200954,0.948161762162061,0.34304711007737665,1.158219382793375,0.8549192941729267,1.569121375341102,3614.565510859353,False,0.03366449570010723,0.03666811952838994,0.1950848062630375,0.15662133961432967,1.2455825415835526,0.2129176950082835,1.2154140568433673,0.8941399080246795,1.6521254854130487,3608.2263613981863,False,0.044383127620491784,0.04863296808124512,0.22266450037069963,0.15706277966499405,1.4176783375770523,0.15628469735422906,1.2494013297288404,0.9183483007187866,1.699794818051501,3604.417671839264,False,0.05034657165239709,0.055497671142402394,197,0.811278266477493,False,False,0.8202535199009725,False,False,0.7779245756363491,False,False,3604.417671839264,6.339149461166471,3.8086895589221967,0.09118194693546533,1.2076782564551942,0.07550185361712543,low,3.3664495700107233,3.6668119528389944,0.06732899140021446,0.07333623905677988,4.438312762049178,4.863296808124512,0.08876625524098357,0.09726593616249024,5.034657165239709,5.54976711424024,0.10069314330479417,0.11099534228480479
eca8d6f8-c6f1-437c-99e2-4281eae14a6f,Fateful Absence,0.226579052118725,0.1900154696981411,1.1924242403982628,0.23309494016993393,1.2543017611265297,0.864286240223551,1.8203146535784034,3614.0409548634652,False,0.05179265079787698,0.05643520564309118,0.19127924021770834,0.19292902693290429,0.9914487376968438,0.32146651180530683,1.2107975082394669,0.8295584957321593,1.7672419889630555,3608.7997499312805,False,0.04348606769183725,0.04772314714674902,0.21886645668183588,0.19449289138980408,1.1253185405279524,0.26045407586185176,1.2446650488878408,0.8501524348640851,1.8222509521726447,3605.1682484475386,False,0.04944894164893546,0.054488222041994105,124,0.7555445194600263,False,False,0.8787629646481133,False,False,0.8279014377031148,False,False,3605.1682484475386,5.241204932184701,3.6315014837418857,0.04350425288706283,1.2365881060846124,0.035180876051613984,low,5.179265079787698,5.643520564309118,0.10358530159575396,0.11287041128618236,4.348606769183725,4.772314714674902,0.0869721353836745,0.09544629429349805,4.944894164893546,5.448822204199411,0.09889788329787091,0.10897644408398821
3b1e92b4-6e53-4dba-a572-c67e01965ac5,Abrupt Decay,0.32740295514538614,0.34701371685891647,0.9434870705082146,0.3454318256066087,1.387360408575739,0.7027571254273751,2.738882088335869,3614.5737158952315,False,0.07455245704833108,0.08115563639259482,0.2623779355323742,0.3531166356486083,0.7430347625804593,0.45746063438391116,1.3000177725058324,0.6506843197129265,2.5973366156674143,3609.231330740903,False,0.059513419594608735,0.06547993217916398,0.2185885038982639,0.3534857117006769,0.6183800268661477,0.5363248606022512,1.2443191388484438,0.6223556960844963,2.4878540182820448,3606.055065605911,False,0.049379683321920435,0.054430568966082005,37,0.811278266477493,False,False,0.9216293679463289,False,False,0.9312862544381997,False,False,3606.055065605911,5.34238515432844,3.1762651349922635,0.14304126972729514,1.3105657733100051,0.10914467067610481,low,7.455245704833108,8.115563639259483,0.14910491409666216,0.16231127278518964,5.951341959460874,6.547993217916398,0.11902683918921747,0.13095986435832796,4.937968332192043,5.4430568966082005,0.09875936664384087,0.10886113793216401
05cf51d8-9f91-42ff-99e9-4397f2251c20,Dark Confidant,0.18282944128903444,0.1663339213185723,1.0991711121802328,0.2716934365776117,1.2006096161882966,0.8665936956647521,1.6633671092865296,3614.2565836071053,False,0.041844477298730295,0.045602121266826556,0.18572400775633674,0.17468238913178416,1.0632096840410314,0.2876868717286527,1.204089895042907,0.8550002865134693,1.69570992924059,3608.651981382627,False,0.042232796073955324,0.04633439621593133,0.21640543786760585,0.17590077242471594,1.2302699691681318,0.21859602605558126,1.2416056709226018,0.8795366220164061,1.7527236541134144,3604.9205484514905,False,0.04889864427702453,0.05389103288386021,167,0.7752566964578506,False,False,0.8566390332277293,False,False,0.8232975292663921,False,False,3604.9205484514905,5.604602224478185,3.7314329311366237,0.04099605473430512,1.2154350607179352,0.03372953114425505,low,4.184447729873029,4.560212126682655,0.08368895459746059,0.09120424253365311,4.223279607395533,4.633439621593133,0.08446559214791065,0.09266879243186266,4.889864427702453,5.389103288386021,0.09779728855404907,0.10778206576772043
bbec97ff-bb84-4496-9e09-d4fc1570c516,Mawloc,0.2838431575632516,0.16435142931165186,1.7270501312465816,0.08415866059185399,1.3282245924334506,0.962437987095439,1.8330329762535267,3612.4645684336265,False,0.06479928504675765,0.07057105973449918,0.23903793742823515,0.17181404207388,1.3912596115132945,0.16414671646058465,1.2700267172173472,0.9069049911306702,1.7785411682815069,3607.83950094805,False,0.05430401275136515,0.05965546848088271,0.21517334537095756,0.17225086361652484,1.2491858725886524,0.21159709793187687,1.240076839915672,0.8847604511172495,1.7380869216671726,3604.870913532036,False,0.048650585049692247,0.05359798124733639,176,0.5391774096873768,False,False,0.7803724897380995,False,False,0.8232975292663921,False,False,3604.870913532036,4.625067485576437,2.9685874160140884,0.08814775251777851,1.2794427165221567,0.06889542718831994,low,6.479928504675765,7.057105973449918,0.1295985700935153,0.14114211946899835,5.430401275136515,5.965546848088271,0.1086080255027303,0.11931093696176542,4.865058504969225,5.359798124733639,0.09730117009938449,0.10719596249467278
b8aa7126-5df3-42dd-b4a3-0d0ea59eeebd,Helping Hand,0.17561301469148094,0.2595551358908081,0.6765923320637329,0.49866464556841816,1.1919766919174841,0.7166877333026827,1.982465121214083,3615.009091923682,False,0.04019211023725071,0.04379865030040908,0.15815408424457034,0.265093220583808,0.5965979963435943,0.5507758093008924,1.1713466668696486,0.6966803176992915,1.9694154967915365,3609.4290460610237,False,0.03597751584216706,0.03944220707164192,0.21492588187224376,0.2655850572007162,0.8092544216816133,0.4183688171606511,1.239770004129087,0.7366658879347473,2.0864678116796203,3605.781870806277,False,0.048558100971787393,0.05352311855705705,65,0.8622992302965494,False,False,0.9261193606096347,False,False,0.9060129904095918,False,False,3605.781870806277,5.580045862658153,3.6471752547467986,0.0684233372594385,1.2010311209720734,0.05697049482286437,low,4.019211023725071,4.379865030040908,0.08038422047450142,0.08759730060081816,3.597751584216706,3.944220707164192,0.07195503168433412,0.07888441414328384,4.85581009717874,5.352311855705705,0.09711620194357479,0.1070462371141141
e9a268ba-c442-4fe4-90b4-2810c8474f4e,Caustic Bronco,0.13128633875624335,0.22596540980326504,0.5810019279966201,0.5612391541400616,1.140294245006022,0.73227008502607,1.7756712882072225,3615.1297241807792,False,0.030075844868181698,0.03277887586954864,0.18124715933742536,0.23039099234767135,0.7866937743117772,0.4314611494186845,1.1987114154021263,0.7631358734282804,1.882900683151295,3609.1654776072724,False,0.041211540016964865,0.045211263562479787,0.21243313900571073,0.23216949848715238,0.9149915918755632,0.36019604420252005,1.2366834249175818,0.7845703169290276,1.9493292831319655,3605.599223843681,False,0.048000608145996264,0.05291840535097253,87,0.886782971312673,False,False,0.9193975000055795,False,False,0.8947904410224979,False,False,3605.599223843681,5.964246573506898,3.5662537635912486,0.09638917991155971,1.1918963617752434,0.08087043723163564,low,3.00758448681817,3.277887586954864,0.060151689736363395,0.06555775173909728,4.121154001696486,4.521126356247978,0.08242308003392973,0.09042252712495957,4.800060814599626,5.291840535097253,0.09600121629199253,0.10583681070194506
e0ef33dd-5f6d-48fa-8ef6-a8092868d50f,Figure of Fable,0.24486911415818097,0.46489402648012235,0.5267202850769496,0.5983878467905701,1.277454101606836,0.5135935024174083,3.1773941337479332,3615.1924026930374,False,0.05591987076495805,0.06091976581192454,0.18016565307083834,0.4731189227409187,0.38080415813234675,0.7033485735912214,1.1974157022817642,0.4737159324810727,3.02671762919483,3609.6414814391155,False,0.0409551346581695,0.04494497960270455,0.2112663473206805,0.47547970730615235,0.4443225316967105,0.6568094132954305,1.2352413144652235,0.48642435433219944,3.1368106702974132,3606.2424141432693,False,0.04772475301304846,0.05262159648299197,19,0.9013593712311545,False,False,0.9305750602745201,False,False,0.9355465701707036,False,False,3606.2424141432693,5.550921253921842,3.39906729584618,0.08003839932507173,1.2367037061179411,0.06471913921590422,low,5.591987076495805,6.091976581192454,0.1118397415299161,0.12183953162384908,4.09551346581695,4.494497960270455,0.081910269316339,0.0898899592054091,4.772475301304846,5.262159648299197,0.09544950602609692,0.10524319296598394
24c0d87b-0049-4beb-b9cb-6f813b7aa7dc,Fable of the Mirror-Breaker // Reflection of Kiki-Jiki,0.3027109572562349,0.14940912905175827,2.026053957863377,0.042759255575029055,1.353523181842085,1.009917924131293,1.814033556597964,3611.330350216461,False,0.06908405005813639,0.07522674998842044,0.22490401236433885,0.1534069474659653,1.4660614534047476,0.14263154579126522,1.2522025144642845,0.9270260571749893,1.6914423549312294,3607.625912510117,False,0.05113212925756021,0.0561099052486006,0.2059515919585512,0.1538578642152576,1.3385834582391638,0.18070631418280514,1.2286937238989517,0.9088185479901648,1.6611547711997303,3604.639002330904,False,0.0465911478194923,0.05133474505347957,213,0.4336811642568359,True,False,0.7803239175511554,False,False,0.7982192818538478,False,False,3604.639002330904,3.704437706343924,2.9869101792128276,0.12482945794313327,1.278139806735107,0.09766494814209634,low,6.9084050058136395,7.522674998842044,0.13816810011627279,0.15045349997684088,5.113212925756021,5.6109905248600604,0.10226425851512042,0.1122198104972012,4.65911478194923,5.133474505347957,0.0931822956389846,0.10266949010695914
641b21e1-9188-4bc3-96e8-cda2acbc5ed5,Time Spiral,0.11897958823848229,0.1781128554801573,0.6680011272501172,0.5041328729361072,1.1263469273288438,0.7944369863364403,1.5969264051432992,3615.0215253728043,False,0.02725743825845184,0.029715064996535756,0.24170289978497092,0.18325328498041613,1.318955345388767,0.1871840416110918,1.2734158045000148,0.8891640398034129,1.823721763994122,3608.0448257059925,False,0.05484167918042549,0.06026217162342046,0.20585338328255315,0.18514737561087138,1.1118352750254483,0.26620898195749165,1.2285730614402677,0.8546737405112086,1.76604439302639,3605.201415821718,False,0.04650739469705764,0.0513414344644309,148,0.8622992302965494,False,False,0.7852311682679135,False,False,0.8369038408420719,False,False,3605.201415821718,6.976699666811783,2.843409884274479,0.147068877171171,1.2094452644230422,0.12160027534716855,low,2.7257438258451843,2.9715064996535756,0.05451487651690368,0.05943012999307151,5.484167918042549,6.0262171623420455,0.10968335836085098,0.12052434324684091,4.650739469705764,5.13414344644309,0.09301478939411528,0.1026828689288618
fd52688a-39fd-430f-b950-cb56e0004396,Talisman of Curiosity,0.12291560483311892,0.3024039054684619,0.40646169778365493,0.6844033944726877,1.130788983795334,0.6251297505667222,2.0454693201110192,3615.302669190241,False,0.028158158097831492,0.030692262809729698,0.2387574017348305,0.30823380333780814,0.7745983702934908,0.43857702061121895,1.2696704793626434,0.693932314474518,2.323084099903466,3609.185316585525,False,0.054190339226686576,0.059585268520390366,0.2036903872151955,0.30926795534850077,0.6586210556010097,0.5101391385525773,1.2259185346403703,0.6686631855037827,2.2475833665681764,3606.0046312019003,False,0.04602809083217426,0.05074744547435783,48,0.9254734283166913,False,False,0.9193975000055795,False,False,0.9312862544381997,False,False,3606.0046312019003,6.117352604715961,3.1806853836246773,0.13888149556730944,1.2087926659327826,0.11489273510783547,low,2.815815809783149,3.06922628097297,0.056316316195662984,0.061384525619459396,5.419033922668658,5.958526852039037,0.10838067845337315,0.11917053704078073,4.602809083217426,5.074744547435783,0.09205618166434852,0.10149489094871567
333bf101-14e8-4753-99bc-9174f42c4122,Kinscaer Sentry,0.4314866121180441,0.390976707885291,1.1036120654139796,0.2697614550930387,1.539544528734962,0.7154613244413254,3.312823873196146,3614.215715916528,False,0.09781343951378565,0.10628065251153046,0.19376629505889514,0.3988285556984607,0.48583856970711636,0.6270816256992093,1.2138125758091014,0.5554716678851931,2.652414253280765,3609.54679721902,False,0.0440551385357307,0.04834497806062227,0.20284328126114742,0.40141252087036694,0.5053237522868752,0.6133314627004368,1.2248804914788438,0.5577049278265448,2.6901899975179737,3606.180089698918,False,0.04585762892717494,0.05053655455991746,30,0.7752566964578506,False,False,0.9261193606096347,False,False,0.9312862544381997,False,False,3606.180089698918,4.668918697508161,3.3667075201019543,0.32573195292586066,1.3260791986743026,0.24563536872571323,low,9.781343951378565,10.628065251153046,0.1956268790275713,0.21256130502306092,4.40551385357307,4.834497806062227,0.0881102770714614,0.09668995612124454,4.585762892717494,5.053655455991746,0.09171525785434988,0.10107310911983491
0c9a7cb0-5bff-48ff-b620-2838816ac9b5,Counterspell,0.11535840038292589,0.15656700004610632,0.7367989445346388,0.46124462515334186,1.1222755895029568,0.8257089571194107,1.5253588906049194,3614.924165477808,False,0.026439111924107066,0.02881381676179523,0.22050380217807874,0.1669504578879417,1.3207738688927853,0.18657677516628335,1.2467046649223652,0.8987781085443439,1.7293172883977759,3608.037421213156,False,0.050100595648770646,0.05500554328307222,0.2012646919986435,0.16774817452768354,1.1998025764830527,0.23021602331379476,1.2229484336512304,0.8802742871995647,1.6990191501878251,3604.9961795402614,False,0.04550495682021603,0.05017734699495796,193,0.8622992302965494,False,False,0.7852311682679135,False,False,0.8232975292663921,False,False,3604.9961795402614,6.886744264651952,3.0412416728945573,0.1244290754194084,1.1973095626921841,0.10392389679042247,low,2.6439111924107066,2.8813816761795232,0.05287822384821413,0.05762763352359046,5.010059564877064,5.5005543283072225,0.10020119129754129,0.11001108656614444,4.550495682021603,5.017734699495796,0.09100991364043207,0.10035469398991592
c1e0f201-42cb-46a1-901a-65bb4fc18f6c,Urza's Saga,0.15147503160704334,0.17024052949518523,0.8897706794980768,0.3735890333847991,1.1635492494920965,0.833437632018414,1.6244129182346652,3614.6734459780328,False,0.0347041044959847,0.03780832989381239,0.1987316808531499,0.17227041367991544,1.153603086031943,0.2486629325851596,1.219854611635453,0.8702991029188811,1.7098090398318833,3608.4484363475003,False,0.04519277842454055,0.04956606266436775,0.2002026499164168,0.1726584909116375,1.1595297101193578,0.24624033346124008,1.221650300408383,0.8709175287920662,1.7136289110610081,3605.087491671431,False,0.045278432882662666,0.04990432455440191,162,0.8163823608917753,False,False,0.8273558002976363,False,False,0.8252844693988077,False,False,3605.087491671431,6.2250096305324405,3.3609446760692663,0.05810105091628648,1.2016847205119774,0.0483496627064814,low,3.47041044959847,3.7808329893812385,0.0694082089919694,0.07561665978762477,4.519277842454055,4.956606266436775,0.0903855568490811,0.0991321253287355,4.527843288266267,4.9904324554401915,0.09055686576532533,0.09980864910880383
d7a8cc1d-aabb-4eb6-b0f1-6c93ec246f61,Court of Garenbrig,0.2293296348402333,0.19804926503757736,1.1579423675049785,0.24688755630720072,1.257756571070338,0.8531269416937178,1.8542980121222716,3614.1304110219958,False,0.05236273908057433,0.057112581224275205,0.22431485157325887,0.20910827472739527,1.0727210669481526,0.28339628522558524,1.251464983123878,0.8306577959004876,1.8854510385801209,3608.63752335353,False,0.05089960061135765,0.055978020370867854,0.19322307858557317,0.20990213116972162,0.9205389078652937,0.3572912105577116,1.2131533918783912,0.803976613022206,1.8305770695165677,3605.592737968115,False,0.0436498709705232,0.04816361657616003,120,0.7680833957945186,False,False,0.8566390332277293,False,False,0.8947904410224979,False,False,3605.592737968115,5.492887668465755,3.044785385414798,0.044603179191946785,1.240791648690869,0.03594735606014642,low,5.236273908057433,5.7112581224275205,0.10472547816114866,0.11422516244855041,5.0899600611357645,5.597802037086785,0.1017992012227153,0.11195604074173571,4.364987097052319,4.816361657616003,0.0872997419410464,0.09632723315232006
f5fb426a-5618-4dd4-9c51-0cc847be8c1d,Multiversal Passage,0.16137866671042317,0.22239485358897168,0.7256402929569669,0.46805931321017813,1.1751298671355717,0.7599404178627961,1.8171558877177492,3614.9396791664312,False,0.03695173249011009,0.04026568493927085,0.18818583683487997,0.2265834699574241,0.8305364767793556,0.40623553314019367,1.2070578103108123,0.7742056335308624,1.8819141767123977,3609.093650163434,False,0.04278630048097294,0.04694504828021606,0.192589125787448,0.22817492676359186,0.8440415803748074,0.3986461707985648,1.2123845536203868,0.7752003780933406,1.8961243407447346,3605.723790270239,False,0.04354414073698167,0.048002314000625546,89,0.8622992302965494,False,False,0.9193975000055795,False,False,0.9060129904095918,False,False,3605.723790270239,5.8460290029970565,3.3698598931950983,0.037254686484815114,1.1981907436889234,0.031092450581046423,low,3.695173249011009,4.026568493927085,0.07390346498022018,0.0805313698785417,4.278630048097294,4.694504828021606,0.08557260096194588,0.09389009656043212,4.354414073698167,4.800231400062555,0.08708828147396334,0.09600462800125109
02e8e540-8aa3-4e6a-9a11-c3949cab5f0f,"Tezzeret, Cruel Captain",0.045895020822935256,0.300671045673375,0.15264197029730606,0.8786806252990557,1.0469644957164561,0.5807585246796898,1.8874189679701607,3615.444742870709,False,0.01052266945451669,0.011471846614873382,0.18432255069134676,0.30497527958275555,0.6043852175281982,0.5455875615117542,1.2024035966660054,0.6613784923780743,2.1860015496979224,3609.4206768040776,False,0.041897197842101754,0.045970261778307486,0.1913002083804311,0.30801750629910807,0.6210692719350317,0.5345540460284615,1.2108228967048176,0.6620500617232888,2.2144731523300045,3606.0531876279147,False,0.043238975510366345,0.04769597038491946,49,0.9579618787435881,False,False,0.9261193606096347,False,False,0.9312862544381997,False,False,3606.0531876279147,6.024066066631349,3.3674891761629624,0.16385840098836146,1.1533969963624262,0.14206591616341704,low,1.052266945451669,1.1471846614873382,0.02104533890903338,0.022943693229746764,4.189719784210175,4.597026177830749,0.08379439568420351,0.09194052355661497,4.323897551036635,4.769597038491947,0.08647795102073269,0.09539194076983892
4c732dc7-dd6b-4cc1-bbe0-ff3b1d2c7419,Animate Dead,-0.015050988362679221,0.15133773531703654,-0.09945297734995831,0.9207786213715834,0.9850617116387382,0.732220962242935,1.3252100469293868,3615.4581544558832,False,-0.0034511354133020863,-0.003762690695569615,0.17384055121179495,0.16770525166949052,1.0365838247832317,0.29992985485310497,1.1898658280296284,0.8565335918671647,1.652919047373683,3608.710068168405,False,0.039526945067984216,0.04326169875936181,0.18964549102645184,0.16859837858142895,1.1248357939270315,0.2606586235646988,1.2088209838018402,0.8686566587915949,1.6821930230897206,3605.1719896501027,False,0.0428676392541216,0.04735107689337664,205,0.9764059466690718,False,False,0.8585974814893607,False,False,0.8279014377031148,False,False,3605.1719896501027,6.748086287478145,3.5380785183024273,0.22375927216310199,1.127916174490069,0.19838289158701317,low,-0.3451135413302086,-0.3762690695569615,-0.0069022708266041725,-0.00752538139113923,3.9526945067984216,4.326169875936181,0.07905389013596843,0.08652339751872362,4.28676392541216,4.7351076893376645,0.0857352785082432,0.09470215378675328
7f7e780e-fbc5-4dc0-b5c7-efcb8645c7c6,Ertai Resurrected,0.09063212586107841,0.23242933027021762,0.3899341178486869,0.6965852644643309,1.0948661582193153,0.6942456896419283,1.7266681267149009,3615.316131725117,False,0.02076862631804826,0.022643886437553995,0.2139100425700805,0.2375762197395317,0.9003849072293609,0.3679154499011874,1.238511236494314,0.7774473547766748,1.9730082988877067,3608.97776672282,False,0.04856699377641775,0.05336734288708439,0.18953389696571393,0.24057224749574577,0.7878460584655161,0.43078675634400876,1.2086860940861381,0.7542829560272021,1.936835589832046,3605.8198641577856,False,0.04282958873328149,0.04725217114489688,85,0.9254734283166913,False,False,0.9088874262373778,False,False,0.9150788741447575,False,False,3605.8198641577856,6.338365002296996,3.1579025650344192,0.14364507827499873,1.1806878295999226,0.12166219950253322,low,2.076862631804826,2.2643886437553995,0.04153725263609652,0.04528777287510799,4.8566993776417755,5.336734288708439,0.0971339875528355,0.10673468577416878,4.282958873328149,4.725217114489688,0.08565917746656299,0.09450434228979376
3d3025a2-4a17-4137-ba0b-bd676c6f5f88,"Tinybones, the Pickpocket",0.1934071472066879,0.2579160715673627,0.7498840457337445,0.4533245441303263,1.2133767159032771,0.7319022200826726,2.011584354164029,3614.9062759050157,False,0.04423186610076437,0.04821224495995896,0.17687434209810496,0.2633035899471207,0.6717505907672077,0.5017424883711543,1.193481113371608,0.712339472343085,1.9996044347921496,3609.3349700240506,False,0.04020825853237898,0.044122071045991196,0.18471481830039144,0.26451445428445497,0.6983165392608445,0.4849792581255683,1.2028753531713252,0.7162446273257946,2.0201325916667465,3605.951675255574,False,0.041753137841853756,0.04604717940148706,68,0.8622992302965494,False,False,0.9261193606096347,False,False,0.9312862544381997,False,False,3605.951675255574,5.571305880965156,3.3832947684763894,0.01989560253166922,1.2032443941487367,0.01653496382648417,low,4.423186610076437,4.821224495995896,0.08846373220152874,0.09642448991991792,4.0208258532378975,4.412207104599119,0.08041651706475796,0.08824414209198239,4.175313784185375,4.604717940148706,0.08350627568370751,0.09209435880297412
4acaef84-55d1-43dc-b10a-696182e6709b,Repeal,0.11857862175743865,0.16779940546250258,0.706668902852203,0.4797722588911726,1.1258953904965754,0.8103344519061298,1.564342263073718,3614.9690013889976,False,0.027157445889473483,0.029615786069830896,0.18489530689286907,0.1728784039774566,1.0695107233693544,0.28483959949569415,1.2030924780444372,0.8573180021125956,1.6883251105894852,3608.643604810806,False,0.042004404457659725,0.04610832118017161,0.18410986215538042,0.17425973819828286,1.056525529413395,0.29072818357119545,1.2021478863996748,0.8543287341045126,1.6915731416782886,3605.323963947504,False,0.04159985846379993,0.04592071191972741,163,0.8622992302965494,False,False,0.8566390332277293,False,False,0.84832149739301,False,False,3605.323963947504,6.32539657819143,3.3196408633020837,0.07719708754786181,1.1770452516468959,0.06558548827230673,low,2.715744588947348,2.96157860698309,0.054314891778946967,0.05923157213966179,4.200440445765972,4.610832118017161,0.08400880891531945,0.09221664236034322,4.1599858463799935,4.592071191972741,0.08319971692759986,0.09184142383945482
3c7474e1-cfae-4867-a11a-d5cf9ff7ea5f,Mind's Desire,0.01097949321091364,0.47970580302692506,0.022887972464859636,0.9817396344664597,1.0110399890483193,0.3948521528531131,2.5888217958763153,3615.467520526382,False,0.002517667066597001,0.002744846293387948,0.1828290305786074,0.48490004522837143,0.37704477938850495,0.7061403273411804,1.2006091230855098,0.4641372105541455,3.105681323665382,3609.6439454052806,False,0.041560466412654026,0.04560210046027807,0.18203478132705087,0.48867464830857704,0.3725071107271841,0.7095153187367682,1.1996559187791,0.4603503129877082,3.126259031130829,3606.300299357501,False,0.04115511936997968,0.0453944046530661,18,0.990911999633636,False,False,0.9305750602745201,False,False,0.9355465701707036,False,False,3606.300299357501,5.823575121101385,3.3436460477796572,0.18956913403719056,1.1371016769709763,0.16671256218895644,low,0.2517667066597001,0.2744846293387948,0.005035334133194002,0.005489692586775896,4.1560466412654025,4.560210046027807,0.08312093282530805,0.09120420092055614,4.115511936997969,4.53944046530661,0.08231023873995937,0.0907888093061322
ea1feac0-d3a7-45eb-9719-1cdaf51ea0b6,Mox Sapphire,0.14574685893010625,0.14899471405780967,0.978201541254388,0.32797465433765505,1.1569032912433457,0.8639133706786698,1.549258607073358,3614.5088451734405,False,0.033391711627919825,0.03638605325835059,0.17987936922359507,0.15032697631049843,1.1965874232184153,0.2314674049307156,1.1970729505722455,0.8915787562117311,1.6072429261105434,3608.3499136886885,False,0.04091714267181422,0.04483511164913995,0.17941138245603178,0.1507940822162148,1.1897773428454859,0.2341339170305411,1.196512867337563,0.890346097112198,1.607962393891357,3605.01922476312,False,0.0405878132868599,0.04476856629156567,212,0.811278266477493,False,False,0.8203114330813042,False,False,0.8232975292663921,False,False,3605.01922476312,6.1589314847519745,3.3306889255686656,0.04016965932889982,1.1834963697177179,0.03394151461443089,low,3.3391711627919825,3.6386053258350595,0.06678342325583965,0.07277210651670118,4.0917142671814215,4.4835111649139945,0.08183428534362844,0.0896702232982799,4.05878132868599,4.476856629156567,0.0811756265737198,0.08953713258313134
866b7fd4-86e3-4b42-b1ea-33bad0db1f9f,Prismari Command,0.10408466459865061,0.16398401030656373,0.6347244734658404,0.5256081291516719,1.109694402769733,0.8046692177783111,1.53034519070883,3615.064443224779,False,0.023858437084519523,0.02600182429852388,0.1714483626806902,0.16796279360405528,1.0207520308625706,0.3073719364435348,1.187022846471963,0.8540558298632503,1.6498022597328457,3608.7411757608297,False,0.03900123027631218,0.042731021866975805,0.17872306786898867,0.16922836094426635,1.0561058848040803,0.2909198421198602,1.19568957345249,0.8581601691529553,1.6659751960687623,3605.3205235288706,False,0.04042707316987098,0.044591466656495826,171,0.8632715278190844,False,False,0.8635797843000993,False,False,0.84832149739301,False,False,3605.3205235288706,6.323267463949378,3.4206522319591386,0.08599517068275686,1.1641356075647284,0.07387040661238028,low,2.385843708451952,2.6001824298523877,0.047716874169039046,0.05200364859704776,3.900123027631218,4.273102186697581,0.07800246055262436,0.08546204373395161,4.042707316987098,4.459146665649582,0.08085414633974196,0.08918293331299165
4cbdacc1-7a1b-4633-85f5-eb50c2bf406d,Snapcaster Mage,0.0849008082850583,0.16009161523890494,0.530326389413716,0.5958856530171801,1.0886090803412312,0.7954249669044409,1.4898573455813469,3615.186692154697,False,0.019459354976810984,0.021214805201028475,0.190603616658308,0.16391593315105596,1.1628132359937098,0.24490528576912907,1.209979741199683,0.8775058892068832,1.6684229611688488,3608.432850901648,False,0.043311812493159324,0.04752627432938983,0.1781675742813654,0.1655419996021393,1.0762681054328822,0.2818073685527721,1.1950255600063295,0.8639030346082609,1.6530629386155713,3605.2796959564857,False,0.040279211797877905,0.044457654476258934,184,0.9013593712311545,False,False,0.8273558002976363,False,False,0.8449933834629035,False,False,3605.2796959564857,6.753841253048904,3.1531549451624414,0.12137066085845194,1.1645381271824145,0.10422214440681882,low,1.9459354976810985,2.1214805201028475,0.03891870995362197,0.04242961040205695,4.331181249315932,4.752627432938983,0.08662362498631865,0.09505254865877966,4.02792117978779,4.445765447625893,0.08055842359575581,0.08891530895251787
1658f12b-8ac5-4d29-86d5-f20c4d5f7e48,Vindicate,0.12319058367960406,0.5073136016190258,0.24282925450147053,0.8081376719135449,1.1310999696010158,0.4184725111272412,3.0572788109429894,3615.4098895808743,False,0.028212638653822817,0.030759462545401628,0.24975715037764745,0.5116079453739861,0.4881807498026142,0.6254218185357532,1.2837136294604452,0.47095420332189214,3.499110254965011,3609.554172940379,False,0.05663782248893559,0.06232809882864876,0.17595513986298658,0.5128400255385234,0.34309946786665,0.7315236314380718,1.1923845669158106,0.4363933296030976,3.2580263238948306,3606.3234102017354,False,0.03977224769243128,0.04388121365988157,19,0.9362038985902353,False,False,0.9261193606096347,False,False,0.9401612190548336,False,False,3606.3234102017354,5.855716640495302,3.2307627386435342,0.15261365985942943,1.2023993886590905,0.1269242660124964,low,2.821263865382282,3.075946254540163,0.056425277307645634,0.061518925090803256,5.663782248893559,6.232809882864876,0.11327564497787118,0.12465619765729752,3.9772247692431284,4.388121365988157,0.07954449538486257,0.08776242731976314
13c5a1ce-932a-4b3d-8b86-ed920e646afc,Satyr Wayfinder,0.2779514835069306,0.4765701706097727,0.5832330696469966,0.5597364120123756,1.3204221334037485,0.5188574735913413,3.360295840617921,3615.127735630313,False,0.06341226303295514,0.06905309804326082,0.1863686349331357,0.4762295405934743,0.39134202951980734,0.6955444359470265,1.2048663343426105,0.47376622998438506,3.064175518968598,3609.6325883068766,False,0.04236380697633341,0.04649566607738276,0.1744008966633499,0.48356105308558545,0.3606595186905648,0.7183539900791205,1.190532750770437,0.46145129477798214,3.071544595706382,3606.3086743366675,False,0.03943818054308556,0.04349180147525056,19,0.886782971312673,False,False,0.9305750602745201,False,False,0.9359977713822368,False,False,3606.3086743366675,5.495147323436413,3.323913970209105,0.1298893826333114,1.238607072838932,0.10486730253816512,low,6.341226303295514,6.905309804326082,0.12682452606591027,0.13810619608652164,4.236380697633341,4.649566607738276,0.08472761395266681,0.09299133215476552,3.9438180543085557,4.349180147525056,0.07887636108617112,0.08698360295050112
66d80dd1-b944-4cb2-8578-b4dbcabbbc1e,Ophiomancer,0.040790101800421266,0.23239074005882482,0.17552378287575535,0.8606680848231009,1.041633445613264,0.6605412206505752,1.6425927725623704,3615.4372399041454,False,0.009352228337073698,0.010196235145746135,0.13932111965202992,0.2383108825229804,0.5846192090644251,0.5588037885976893,1.1494931655886722,0.7205300119354457,1.8338369198331856,3609.4443100966973,False,0.031695941459946704,0.03472847277663227,0.17336354532243353,0.2414568370365979,0.7179897966449242,0.47276357811074987,1.1892983903684207,0.7408983406008878,1.9090752183164241,3605.923746575856,False,0.03919499528697899,0.04324017951773179,86,0.9541142147195295,False,False,0.9261193606096347,False,False,0.9312862544381997,False,False,3605.923746575856,5.992929807448036,3.5205635208412787,0.14766494475515657,1.1268083338567856,0.13104708255905073,low,0.9352228337073698,1.0196235145746135,0.018704456674147395,0.02039247029149227,3.1695941459946706,3.472847277663227,0.06339188291989341,0.06945694555326454,3.9194995286978993,4.324017951773179,0.07838999057395798,0.08648035903546358
6fd672bb-18cf-44e3-8dda-5310b1e0fffe,Godless Shrine,0.16538137161066024,0.17793399352891487,0.9294534918859404,0.3526541170350631,1.1798429915435857,0.8324607081106877,1.6721864120815988,3614.60478381543,False,0.03784055584941598,0.04126537578044498,0.14902029617284662,0.18524453567859148,0.8044517784395232,0.42113610796106016,1.1606965466677552,0.8073007579129504,1.6687912902860425,3609.1390356278594,False,0.03389165634787095,0.0371585070435691,0.1733141292478501,0.18667190156402436,0.9284425122139079,0.35317807505070375,1.1892396213625391,0.824842518267117,1.7146192705848262,3605.5772579874297,False,0.03917752536186234,0.04321994656568706,143,0.8139110590394018,False,False,0.9193975000055795,False,False,0.8947904410224979,False,False,3605.5772579874297,5.465748187570625,3.561777640429682,0.0285430746947839,1.1765930531912934,0.02425908823561896,low,3.7840555849415978,4.126537578044498,0.07568111169883196,0.08253075156088996,3.3891656347870955,3.7158507043569102,0.0677833126957419,0.0743170140871382,3.917752536186234,4.321994656568706,0.07835505072372469,0.08643989313137412
490eb213-9ae2-4b45-abec-6f1dfc83792a,Cori-Steel Cutter,0.18638663229621888,0.21332477414036757,0.8737223936943047,0.3822694525841125,1.2048880189546287,0.793160307137493,1.8303426497220698,3614.698433326257,False,0.04267841292743199,0.04647634184182797,0.18360541946143943,0.21571917063169663,0.8511316770029406,0.3946962106882447,1.2015416246063662,0.7872541441140509,1.833845253728577,3609.0558477281083,False,0.041772988117223846,0.0457972213031988,0.17012010294647334,0.2174541866591502,0.7823261789534044,0.43402290548417044,1.1854472184746645,0.7740722194939752,1.815444440969576,3605.822581239321,False,0.038503134383933935,0.04243663802665232,101,0.821519661044093,False,False,0.9193975000055795,False,False,0.9161179682213344,False,False,3605.822581239321,5.6425855981487985,3.2332664887871942,0.019440800479964215,1.1972922873452199,0.016237305364315585,low,4.267841292743199,4.647634184182797,0.08535682585486398,0.09295268368365595,4.177298811722385,4.57972213031988,0.08354597623444769,0.0915944426063976,3.8503134383933935,4.243663802665232,0.07700626876786787,0.08487327605330464
006d2bf1-20f7-4b09-8d98-8233d91682bd,Flame Slash,0.25796831418112515,0.14876287706991478,1.7340906499131943,0.08290200026126353,1.2942978070886135,0.9669515145329615,1.7324620606685956,3612.4456347145415,False,0.05893609495287378,0.06421273687564827,0.16777962667813698,0.1535992872440439,1.0923203465883462,0.2746923202172217,1.182675951699563,0.8752243930340786,1.598130054259131,3608.589089053361,False,0.03818174053730877,0.04184475502696533,0.17004098390301878,0.15455187823284494,1.100219459299215,0.2712365140619043,1.1853534307349198,0.8755695435718057,1.6047414692192465,3605.2245631659252,False,0.03848238051132734,0.04240774062716446,214,0.5391774096873768,False,False,0.8566390332277293,False,False,0.8369038408420719,False,False,3605.2245631659252,3.856545661180462,3.364525887435775,0.11162185538905045,1.220775729841032,0.09143518556318753,low,5.893609495287378,6.421273687564827,0.11787218990574756,0.12842547375129654,3.8181740537308775,4.184475502696533,0.07636348107461755,0.08368951005393066,3.848238051132734,4.240774062716445,0.07696476102265468,0.08481548125432892
26d40e03-6de4-4373-9fbf-04c1dd79e995,Jetmir's Garden,0.21847497767580504,0.17181977683708552,1.2715356852253197,0.20353814058412512,1.2441778840152926,0.8884367823310814,1.7423621329715584,3613.848886444621,False,0.04993128709823753,0.05443710164020299,0.14284119390054556,0.17351361712983182,0.8232275729325867,0.4103785917588485,1.153546596883787,0.8209890593084974,1.6208130133950414,3609.1076397890956,False,0.03249931350096273,0.03561132611890694,0.16700259815511065,0.17442276036723348,0.9574587502427994,0.3383357571678265,1.181757335693234,0.8395695053338887,1.663412488891407,3605.5212813684802,False,0.037768234238947075,0.041654932972091774,162,0.7195825262322765,False,False,0.9193975000055795,False,False,0.8815232423083604,False,False,3605.5212813684802,4.741246655525174,3.5863584206153973,0.09063128713150559,1.1931606055307713,0.0759590005833194,low,4.993128709823753,5.443710164020299,0.09986257419647505,0.10887420328040598,3.249931350096273,3.561132611890694,0.06499862700192546,0.07122265223781388,3.7768234238947076,4.165493297209178,0.07553646847789415,0.08330986594418355
991037a2-fea2-49f5-8ace-ebbf9f678cff,Talisman of Dominance,0.12451435298471997,0.28462244832726985,0.43747200446237666,0.661769074780308,1.13259827650934,0.6483363583735868,1.9785699805111965,3615.2756348953326,False,0.028531592324315305,0.031090790907226717,0.21217923902490377,0.28705678800389484,0.7391542297269239,0.4598133501733839,1.2363694708778799,0.7043695965666554,2.17018093337621,3609.234853748132,False,0.048219067728266334,0.05293188642198621,0.1658919782926921,0.2879872728281124,0.5760392695954523,0.5645886387564661,1.1804455810888483,0.6712839370485498,2.0758008541643522,3606.104823796467,False,0.0375344041975485,0.04138924169643304,55,0.9187714246411036,False,False,0.9216293679463289,False,False,0.9312862544381997,False,False,3606.104823796467,6.040781147200505,3.130029951665165,0.10377119436853977,1.1831377761586894,0.08770846173592327,low,2.8531592324315307,3.1090790907226715,0.05706318464863061,0.062181581814453435,4.821906772826633,5.29318864219862,0.09643813545653267,0.10586377284397241,3.75344041975485,4.138924169643304,0.075068808395097,0.08277848339286609
ade32396-8841-4ba4-8852-d11146607f21,Mockingbird,0.31543278867308205,0.47291962088052375,0.6669902764570885,0.5047783443940468,1.3708524720133988,0.542542059113569,3.463761875154218,3615.022548843984,False,0.07185843767277222,0.07822435819021167,0.12472953097891024,0.47864798034829104,0.2605871874527707,0.7944108713251311,1.1328420129571224,0.4433390239658023,2.894694481981213,3609.717911352876,False,0.02838864319744462,0.031087608636605646,0.16314915612383737,0.4857914858189379,0.33584194224566055,0.7369900599100214,1.1772122650124572,0.4542978875714682,3.0504846155106695,3606.3259386418504,False,0.036902921210561025,0.04069617306206075,19,0.8622992302965494,False,False,0.9456496504519618,False,False,0.9401612190548336,False,False,3606.3259386418504,5.304637491108224,3.3919727110255735,0.23801045905627638,1.2269689166609927,0.19398246836112626,low,7.185843767277222,7.822435819021168,0.14371687534554445,0.15644871638042335,2.838864319744462,3.1087608636605646,0.05677728639488924,0.06217521727321129,3.6902921210561024,4.069617306206075,0.07380584242112205,0.0813923461241215
c1bd3bc0-77bd-40fe-b4f1-835a04cb6e41,Eagles of the North,0.31543278867308205,0.47291962088052375,0.6669902764570885,0.5047783443940468,1.3708524720133988,0.542542059113569,3.463761875154218,3615.022548843984,False,0.07185843767277222,0.07822435819021167,0.12472953097891024,0.47864798034829104,0.2605871874527707,0.7944108713251311,1.1328420129571224,0.4433390239658023,2.894694481981213,3609.717911352876,False,0.02838864319744462,0.031087608636605646,0.16314915612383737,0.4857914858189379,0.33584194224566055,0.7369900599100214,1.1772122650124572,0.4542978875714682,3.0504846155106695,3606.3259386418504,False,0.036902921210561025,0.04069617306206075,19,0.8622992302965494,False,False,0.9456496504519618,False,False,0.9401612190548336,False,False,3606.3259386418504,5.304637491108224,3.3919727110255735,0.23801045905627638,1.2269689166609927,0.19398246836112626,low,7.185843767277222,7.822435819021168,0.14371687534554445,0.15644871638042335,2.838864319744462,3.1087608636605646,0.05677728639488924,0.06217521727321129,3.6902921210561024,4.069617306206075,0.07380584242112205,0.0813923461241215
1f2f7d4b-aa65-42ed-a441-8e35be96743c,Orcish Lumberjack,0.36224819463411595,0.20644164681924876,1.7547243989546575,0.07930646050740223,1.4365554430702707,0.9585079396380694,2.1530249835948854,3612.378320825156,False,0.08232691964111068,0.08969277161506323,0.20284204462678646,0.21626234608602388,0.9379443453651467,0.34827301214858997,1.2248789767504766,0.80169090254554,1.8714550744201173,3608.9041859806257,False,0.04609300515052857,0.05061298411448628,0.1621939643184028,0.21866292626878797,0.7417533785266754,0.4582367722783439,1.1760883383718739,0.7661438208639165,1.8053839788130301,3605.887674240794,False,0.03669223855654841,0.040467350058361606,108,0.5391774096873768,False,False,0.9003802290818198,False,False,0.929008896989834,False,False,3605.887674240794,3.474134844530454,3.0165117398319126,0.26046710469839685,1.2791742527308738,0.2036212847016994,low,8.232691964111067,8.969277161506323,0.16465383928222135,0.17938554323012645,4.6093005150528565,5.061298411448628,0.09218601030105714,0.10122596822897256,3.669223855654841,4.046735005836161,0.07338447711309681,0.08093470011672321
d5c782cc-c951-4c6f-a93f-774ae6c1c214,Shallow Grave,-0.018914002554274036,0.24852148584206515,-0.07610610603822739,0.9393346823167339,0.9812637447900476,0.6028926559281416,1.5970978040146384,3615.462250417114,False,-0.004337153199033766,-0.004728370450955421,0.16729491450899162,0.259557405804239,0.6445391684765382,0.5192258670491334,1.1821028331835992,0.7107478162834773,1.9660519191287409,3609.3716523783855,False,0.03802983648875512,0.041694527608458765,0.15855181922409728,0.2593749179108117,0.6112843157741902,0.5410113724958114,1.1718126450739879,0.7048128165373818,1.9482405015012478,3606.0662120909146,False,0.03585279978620449,0.03957878209883037,75,0.9819122719358333,False,False,0.9261193606096347,False,False,0.9312862544381997,False,False,3606.0662120909146,6.090598038728331,3.3054402874709012,0.20083908839355158,1.1117264076825448,0.18065513871547925,low,-0.4337153199033766,-0.47283704509554214,-0.008674306398067532,-0.009456740901910843,3.8029836488755118,4.169452760845877,0.07605967297751023,0.08338905521691753,3.585279978620449,3.9578782098830367,0.07170559957240898,0.07915756419766073
d67be074-cdd4-41d9-ac89-0a0456c4e4b2,"Sheoldred, the Apocalypse",0.08316515254175766,0.1503189884715821,0.553257797882801,0.5800868946605147,1.086721268508372,0.8094016039716238,1.4590570486067977,3615.1618437174475,False,0.01906209478169942,0.02078181128375778,0.15585164092873693,0.15441869012656984,1.009279646142527,0.31284053870615625,1.168652809982449,0.8634588894639319,1.5817190684408649,3608.766869761181,False,0.03544694511575258,0.03883391183297025,0.15845118049202764,0.15566265647050934,1.0179138920325865,0.3087188790836649,1.1716947212691151,0.8635982332068821,1.5897074207202866,3605.4022864607805,False,0.03583998044476725,0.0395521020579645,212,0.8913141837788385,False,False,0.8658283789087394,False,False,0.8615710976937427,False,False,3605.4022864607805,6.394973956266313,3.3645833004006818,0.08497345276074308,1.1423562665866454,0.07438437136134712,low,1.906209478169942,2.078181128375778,0.03812418956339884,0.04156362256751556,3.5446945115752584,3.8833911832970247,0.07089389023150516,0.0776678236659405,3.583998044476725,3.95521020579645,0.0716799608895345,0.079104204115929
2487d124-210b-4808-888c-cd0a78aebd90,Molten Collapse,0.16513834277168124,0.24472694796737257,0.6747860999504549,0.4998116728067412,1.179556290510894,0.7301345291990318,1.9056118932084416,3615.010540565211,False,0.03781232949216061,0.041198423872413736,0.15240480840020323,0.24634812077746918,0.6186562654475182,0.5361428270151793,1.1646315936732512,0.7186092671103227,1.8874885296652655,3609.4014433947436,False,0.034681037908548755,0.037994071146632225,0.15536443894249272,0.2469903764695101,0.6290303337452979,0.5293291975687999,1.1680835786887638,0.7198325244655248,1.8954676267447486,3606.0413706456084,False,0.03515931317241677,0.03876929542574059,74,0.8622992302965494,False,False,0.9261193606096347,False,False,0.9312862544381997,False,False,3606.0413706456084,5.609097170467521,3.36007274913527,0.014924696837642859,1.1707571542909696,0.012747901460983604,low,3.781232949216061,4.119842387241373,0.07562465898432122,0.08239684774482747,3.4681037908548755,3.7994071146632225,0.06936207581709751,0.07598814229326445,3.5159313172416775,3.876929542574059,0.07031862634483355,0.07753859085148118
113f48b9-a972-4e2c-af95-05ab078e01f2,Tranquil Landscape,0.07672773073057182,0.2490719700861588,0.3080544579304938,0.7580408944044902,1.0797480541539355,0.662686447426328,1.7592873145015095,3615.373343653867,False,0.01758369399406118,0.019173243682109486,0.19761537549203423,0.2533410817693585,0.7800368345783851,0.43536919427955134,1.2184936411633494,0.7416089882127872,2.0020344644602797,3609.1805741919575,False,0.044878111378616886,0.049288577829474045,0.15446285371108676,0.2562944905498503,0.6026772303208878,0.5467234318857914,1.1670309263843603,0.7061876046895167,1.9286110009483102,3606.0770394491547,False,0.03492766226222379,0.03854962100304404,74,0.9264388796291327,False,False,0.9193975000055795,False,False,0.9312862544381997,False,False,3606.0770394491547,6.192769461909393,3.1035347428028217,0.13874558700941386,1.1550908739005483,0.12011659874074952,low,1.7583693994061182,1.9173243682109486,0.03516738798812236,0.03834648736421897,4.487811137861689,4.9288577829474045,0.08975622275723377,0.09857715565894809,3.492766226222379,3.8549621003044043,0.06985532452444758,0.07709924200608809
504a69eb-3c2d-4bb1-b117-252b15acf0c2,Mana Confluence,0.07987502878091013,0.15275815019373937,0.5228855460713986,0.6010539035986273,1.083151696428418,0.8028953112323933,1.4612335893143344,3615.194667161323,False,0.018306048074330953,0.019960291892979987,0.13924355712907188,0.15767929148596005,0.8830808143342672,0.37719260930810117,1.1494040114561805,0.8438269388365534,1.565640442071094,3609.0061263318175,False,0.03167323954720935,0.03470142576992219,0.1542501317686169,0.15784723314163568,0.9772115018969568,0.32846445491424325,1.1667826997013446,0.8563034695299746,1.5898357495498896,3605.4841643753257,False,0.03488184714823829,0.03849761154798692,200,0.9013593712311545,False,False,0.9146018098042583,False,False,0.8773525197113934,False,False,3605.4841643753257,6.188540829505655,3.5219619564918503,0.08363100327292661,1.1331128025286477,0.07380642340841632,low,1.8306048074330954,1.9960291892979987,0.036612096148661906,0.03992058378595997,3.1673239547209353,3.470142576992219,0.0633464790944187,0.06940285153984438,3.488184714823829,3.849761154798692,0.06976369429647658,0.07699522309597384
16448d95-ee21-4def-b880-26f6f159c213,Metamorphosis Fanatic,0.023843226266542117,0.2127308158495631,0.11208167547950992,0.9107586467157518,1.0241297486601888,0.6749550568312088,1.5539430832845413,3615.4554824650522,False,0.00546720891007563,0.005960553596379481,0.12691888826485936,0.2174584355722841,0.5836466538115557,0.5594580649830475,1.1353249258719837,0.7413372378150337,1.738699503488082,3609.445264321159,False,0.028881495240423598,0.03161425362389958,0.1440166410619821,0.2189829407968208,0.6576614622944772,0.5107556908958407,1.1549033271828546,0.7518714431535061,1.7739757338618751,3606.0063520257827,False,0.0325817252163086,0.035955996793923806,98,0.9735192585887924,False,False,0.9261193606096347,False,False,0.9312862544381997,False,False,3606.0063520257827,6.010218143893326,3.4389122953762126,0.1307735785226658,1.1047860005716756,0.11837005397877645,low,0.5467208910075629,0.5960553596379481,0.01093441782015126,0.011921107192758962,2.8881495240423596,3.161425362389958,0.057762990480847196,0.06322850724779916,3.2581725216308604,3.5955996793923806,0.0651634504326172,0.07191199358784761
80fca8c0-ae3e-439e-b202-228b9f360e9a,Portable Hole,0.19117118062921779,0.2159163672424886,0.8853945769406155,0.37594385627380256,1.2106666770278918,0.7929263798552817,1.848486618812288,3614.681287050461,False,0.04374294387937095,0.04766247132360657,0.12854528078258345,0.2195457908153798,0.585505558112383,0.5582078304385438,1.1371729122048295,0.7395122222728283,1.748669181258408,3609.4422419368,False,0.029261261803545286,0.032041171689800696,0.14389664421046428,0.22146777859041764,0.6497407664732423,0.5158596862461872,1.1547647507343204,0.7481287412651327,1.7824226713753784,3606.0156688942016,False,0.03256703283830089,0.03591329441972979,97,0.8163823608917753,False,False,0.9261193606096347,False,False,0.9312862544381997,False,False,3606.0156688942016,5.239045113660723,3.4265730425986476,0.07349376482306225,1.167534779989014,0.06294781627297973,low,4.374294387937095,4.7662471323606574,0.0874858877587419,0.09532494264721314,2.9261261803545286,3.2041171689800696,0.05852252360709057,0.06408234337960139,3.256703283830089,3.591329441972979,0.06513406567660178,0.07182658883945958
b6cb2549-e485-44d6-9d65-7605c568909e,Unearth,0.15455499745561843,0.17192010878383035,0.8989931343630864,0.3686563176418314,1.1671384659383743,0.8332609540044971,1.6347966289869258,3614.657800278798,False,0.035396697923264935,0.0385742805053495,0.1259730846667771,0.17382552210686344,0.7247099455817085,0.46862999238805403,1.1342516391113502,0.8067633190582217,1.5946768406979834,3609.259701554568,False,0.028679815323674175,0.03139246716569699,0.14375444254673855,0.17438328203943834,0.8243590834253665,0.40973555644395576,1.1546005529404306,0.8203396720805695,1.6250615229534062,3605.7577875754023,False,0.0325389276178638,0.035881348681515046,155,0.8163823608917753,False,False,0.9228613724240062,False,False,0.9060129904095918,False,False,3605.7577875754023,5.39809872422984,3.5019139791656926,0.03288682682702415,1.1519968859967185,0.028547669899793317,low,3.5396697923264933,3.85742805053495,0.07079339584652987,0.077148561010699,2.8679815323674176,3.139246716569699,0.05735963064734835,0.06278493433139398,3.2538927617863798,3.5881348681515046,0.0650778552357276,0.07176269736303009
6f11029a-b24d-4248-834f-b852b56857f6,Biogenic Ooze,0.15504826113899628,0.22651309610063383,0.6845002068671227,0.49365935878945155,1.167714314968126,0.7490740709590702,1.8203229483509717,3615.000476946554,False,0.03548584399747582,0.03869171129285731,0.09943718170654556,0.23705118266389394,0.4194755773378015,0.6748685999191634,1.1045490826721458,0.6940695299022581,1.7577902839268686,3609.6100456610984,False,0.02263653672905729,0.02476929308059661,0.14334700523789606,0.23961198706347492,0.5982463857282834,0.5496755447869999,1.1541302214201634,0.7215940979330506,1.8459360626851187,3606.0812182578265,False,0.032427556190946616,0.0357754803002267,87,0.8622992302965494,False,False,0.9268702165787863,False,False,0.9312862544381997,False,False,3606.0812182578265,5.390431285455634,3.528827403271862,0.06316523229598014,1.1421312063534783,0.05530470750173262,low,3.548584399747582,3.869171129285731,0.07097168799495164,0.07738342258571462,2.263653672905729,2.476929308059661,0.04527307345811458,0.04953858616119322,3.2427556190946616,3.5775480300226703,0.06485511238189323,0.0715509606004534
e20da6b5-1057-4a28-9e85-07de714e262f,"Wan Shi Tong, Librarian",0.0871713103492684,0.25118728398121337,0.3470371149671257,0.7285634357479713,1.0910835776178112,0.6668729264702533,1.7851427552298216,3615.3475395470455,False,0.019979464072877085,0.021780068384752826,0.15764300431007697,0.2579348475079451,0.6111737356667991,0.5410845690538233,1.1707481680452734,0.7061629245427432,1.940984474466557,3609.412219547652,False,0.035856428237451284,0.039306035397058736,0.1413305993519018,0.25981877701086187,0.5439583735166046,0.5864701181240441,1.151805371157081,0.6921765654060611,1.9166433527665403,3606.1428624712144,False,0.03198072895120485,0.03527988759711398,68,0.9264388796291327,False,False,0.9261193606096347,False,False,0.9312862544381997,False,False,3606.1428624712144,5.935319999393414,3.2693570764377,0.07966459042746221,1.1378790389400553,0.07001147547429164,low,1.9979464072877084,2.178006838475283,0.03995892814575417,0.04356013676950565,3.5856428237451285,3.9306035397058734,0.07171285647490257,0.07861207079411747,3.198072895120485,3.527988759711398,0.0639614579024097,0.07055977519422796
5a077de0-1893-40d0-a499-ee2e6e2258f1,Legion Extruder,0.13775039797803532,0.2059553344077732,0.6688362715835358,0.5035999262374106,1.1476890490127987,0.7664988680405865,1.7184502262750327,3615.021508834971,False,0.031536657368226216,0.034389292292432594,0.14885963108906675,0.2079964938948758,0.7156833670682083,0.4741868834751498,1.1605100782397257,0.7719669838196505,1.7446130079710955,3609.274684558469,False,0.03385191735336358,0.037104556685287116,0.13905583430381885,0.20820122961996396,0.6678915132136428,0.5042028451304916,1.1491882623389433,0.7641290612449527,1.728286135520046,3605.9936332882917,False,0.03145600516444086,0.03471609431892719,106,0.8622992302965494,False,False,0.9228613724240062,False,False,0.9312862544381997,False,False,3605.9936332882917,5.746824276502139,3.2810512701771586,0.012821029226927072,1.1524624631971558,0.011124899626977033,low,3.1536657368226217,3.4389292292432594,0.06307331473645243,0.06877858458486519,3.385191735336358,3.7104556685287116,0.06770383470672715,0.07420911337057423,3.1456005164440857,3.4716094318927193,0.06291201032888172,0.06943218863785439
5427d8a6-ac9e-4e50-bd39-81713b2ade25,Fatal Push,0.06899529896713863,0.14501613616573128,0.4757767017615719,0.634233469808122,1.0714311723033574,0.8063508544394876,1.4236541707161983,3615.2411681138346,False,0.015828906286937353,0.017243555115717457,0.12102205641534114,0.14637174479232554,0.8268129657609061,0.40834307993556973,1.1286498060617074,0.8471592687191974,1.5036728414115537,3609.0997934965962,False,0.02758180052752022,0.030138018065691385,0.13728853149574197,0.14731079494338112,0.9319651797990011,0.3513545207312222,1.1471590923030062,0.8594689103552298,1.5311478602635522,3605.5668150259735,False,0.031112018707539782,0.03428326730146852,231,0.9187714246411036,False,False,0.9193975000055795,False,False,0.8947904410224979,False,False,3605.5668150259735,6.141374617238398,3.5329784706227656,0.07572791999964879,1.1157466902226902,0.06787196472394139,low,1.5828906286937352,1.7243555115717457,0.031657812573874705,0.034487110231434914,2.7581800527520217,3.0138018065691385,0.05516360105504044,0.06027603613138277,3.111201870753978,3.4283267301468525,0.062224037415079564,0.06856653460293705
1066a94a-8e4f-4d77-820b-7a77a18116f0,Wooded Foothills,0.1629161817620201,0.15512683680142525,1.0502127492650795,0.2936203091639773,1.176938036681618,0.8683743153736966,1.5951452244322557,3614.360409623606,False,0.037328434022687144,0.04065692902774182,0.13310111401162875,0.15704725256211724,0.8475227158716641,0.3967038310247235,1.142365501649912,0.8396992382098095,1.554126620552899,3609.0652305219487,False,0.030314712188598318,0.03317411445455315,0.1362335069201784,0.1575926778839848,0.8644659685297664,0.3873319673482436,1.1459494494821991,0.841433628142878,1.5606699053220747,3605.688974179059,False,0.030856851566841627,0.03401104822933959,197,0.7960042095188636,False,False,0.9193975000055795,False,False,0.9053129787574345,False,False,3605.688974179059,5.295179101657141,3.376256342889519,0.0345725350317061,1.155084329271243,0.029930745449138194,low,3.7328434022687143,4.065692902774182,0.07465686804537429,0.08131385805548363,3.031471218859832,3.317411445455315,0.060629424377196636,0.0663482289091063,3.0856851566841628,3.4011048229339593,0.061713703133683254,0.06802209645867918
5b8ba842-c662-4686-bca3-93ddb7fa11a6,Mother of Runes,0.19009745589576377,0.1479324029806735,1.2850291894507986,0.19878208406037523,1.2093674519026953,0.904973105008592,1.6161470718046722,3613.809561644999,False,0.04352832720796752,0.04741263246762695,0.11221543197622635,0.15261882478732047,0.7352659944315675,0.4621775139774934,1.1187538500385272,0.8295121976754236,1.5088508408718597,3609.2443047760626,False,0.025562831582701916,0.027958725649224025,0.13562719128853082,0.1539877554876046,0.8807660768810172,0.3784444441965856,1.145254853011528,0.8468863189384822,1.5487423152501438,3605.6613748028667,False,0.03071695566963182,0.03385711408799641,216,0.7195825262322765,False,False,0.9228613724240062,False,False,0.9047399436527692,False,False,3605.6613748028667,4.565256868936558,3.58292997319586,0.09061360186416811,1.1577920516509168,0.07826414228268412,low,4.352832720796751,4.741263246762695,0.08705665441593503,0.0948252649352539,2.5562831582701917,2.7958725649224023,0.05112566316540383,0.05591745129844805,3.071695566963182,3.385711408799641,0.06143391133926364,0.06771422817599282
26c68473-70ca-40ba-b5c6-71ec30f88a2c,Damnation,-0.019963495770912193,0.21490424499911914,-0.09289484147227534,0.9259871039366914,0.9802344553567713,0.6432795978041382,1.4936888885463186,3615.45941191557,False,-0.004577862659321064,-0.004990725141859387,0.11347534280096733,0.21791927082070492,0.520721927774484,0.6025604967236473,1.1201642684385442,0.7307773648953128,1.7170318192137906,3609.5153928704285,False,0.025822405828115153,0.028263252554605323,0.13486750591352742,0.21868606304805385,0.6167174260386762,0.5374211251127938,1.1443851500411841,0.7454574831979287,1.756796867900061,3606.059582682999,False,0.03050915561180266,0.03367559555270572,97,0.9773770150644978,False,False,0.9261193606096347,False,False,0.9312862544381997,False,False,3606.059582682999,5.944019045141431,3.455810187429506,0.1641506946844128,1.0815946246121666,0.15176729890209395,low,-0.4577862659321064,-0.4990725141859387,-0.009155725318642128,-0.009981450283718774,2.582240582811515,2.8263252554605325,0.051644811656230305,0.056526505109210645,3.050915561180266,3.3675595552705717,0.06101831122360532,0.06735119110541143
e9be371c-c688-44ad-ab71-bd4c9f242d58,Force of Negation,-0.0111807619500736,0.16607347822081114,-0.06732418728057028,0.9463236219035904,0.9888815104683776,0.714133914245669,1.369332309023791,3615.46351104522,False,-0.0025639263996172323,-0.0027951663619360523,0.10165804441215609,0.17008574104083166,0.5976870476623407,0.5500487694684105,1.1070048604996918,0.7931761046615328,1.5450033781500205,3609.4292466754237,False,0.023133223094979036,0.025307108169219883,0.1342549597610105,0.17093935670694588,0.7853952556471464,0.4322218615700004,1.1436843759706707,0.8180873367918212,1.598868351842333,3605.8232693885443,False,0.030361558477804532,0.033527684449979445,168,0.9819122719358333,False,False,0.9261193606096347,False,False,0.9152126402133024,False,False,3605.8232693885443,6.034264369796347,3.6059772868793516,0.15480286550229316,1.0798569156462465,0.14335497903409777,low,-0.25639263996172323,-0.27951663619360523,-0.005127852799234465,-0.0055903327238721046,2.3133223094979036,2.5307108169219883,0.04626644618995807,0.050614216338439766,3.0361558477804533,3.3527684449979445,0.060723116955609065,0.06705536889995889
224d904a-5972-4152-878a-9a922e7a55b6,"Titania, Protector of Argoth",0.17297750697394398,0.18478154029523186,0.9361189797290997,0.34921193194016986,1.1888393641884965,0.8276256734655651,1.7077032276269914,3614.5903418984844,False,0.03958826294335533,0.043151724141932746,0.13294895453059902,0.19117153058152184,0.6954432709001365,0.4867775510738197,1.142191693131677,0.7852546291834783,1.6613743050652947,3609.3015791143,False,0.03025856431625786,0.03313568265564576,0.13354199311916073,0.19119527073834836,0.6984586627245273,0.4848904007850018,1.1428692577723698,0.7856838943147662,1.6624372089239854,3605.9503652999892,False,0.030226203164208244,0.033340246903750925,136,0.8125786238777426,False,False,0.9228613724240062,False,False,0.9312862544381997,False,False,3605.9503652999892,5.288762784184655,3.3512138143105403,0.04664767105681955,1.1579667716975144,0.04028411885121425,low,3.958826294335533,4.315172414193275,0.07917652588671066,0.08630344828386549,3.025856431625786,3.3135682655645757,0.06051712863251572,0.06627136531129152,3.0226203164208245,3.3340246903750925,0.06045240632841649,0.06668049380750185
e6befbc4-1320-4f26-bd9f-b1814fedda10,Grief,0.09691094539095393,0.15118498097406444,0.6410090788553849,0.5215167843711899,1.1017622522453596,0.8192126218218501,1.4817643529139175,3615.056424084827,False,0.02221858448698944,0.024212714863618368,0.1492615720371253,0.15360887503388937,0.9716988813582226,0.33120037346598385,1.1609766285173542,0.8591499377632493,1.5688376064748621,3608.8390545054317,False,0.03397641869767223,0.0371814646266192,0.13267358975276772,0.154478384206313,0.8588488961379609,0.39042388700104,1.1418772170696596,0.8435770434980333,1.545660338806731,3605.6994281298403,False,0.030043106545391912,0.03313683209210483,207,0.8632715278190844,False,False,0.8801221079753435,False,False,0.9053129787574345,False,False,3605.6994281298403,6.217369579395381,3.1396263755914333,0.05921437627199455,1.1348720326107913,0.05217713942229322,low,2.2218584486989443,2.421271486361837,0.04443716897397888,0.048425429727236735,3.397641869767223,3.71814646266192,0.06795283739534445,0.0743629292532384,3.004310654539191,3.313683209210483,0.060086213090783824,0.06627366418420966
62b3f560-262b-4bc3-9aef-535fd7082c28,Vaultborn Tyrant,0.06582713773091697,0.17357283505836876,0.3792479261445533,0.7045037651381516,1.068042077030885,0.7600465337304279,1.5008474187884837,3615.3241073610334,False,0.015092212886731578,0.016451774730203983,0.15301445099894861,0.17768923951352514,0.861135156061612,0.38916360852477105,1.1653418191744622,0.8226236622140037,1.6508418343594384,3609.0432470897445,False,0.034811733383128096,0.03812914663826611,0.130382092402889,0.1791449087872201,0.7278023879414331,0.46673456255895174,1.1392636041400732,0.8019236069596098,1.618510227724972,3605.90846835246,False,0.029512884966118636,0.032561997903247764,154,0.9264388796291327,False,False,0.9146018098042583,False,False,0.9312862544381997,False,False,3605.90846835246,6.28086027128893,3.1347787372842504,0.09729974214357728,1.1242158334484735,0.08654898752414418,low,1.5092212886731577,1.6451774730203983,0.030184425773463155,0.032903549460407966,3.48117333831281,3.8129146638266107,0.06962346676625619,0.07625829327653222,2.9512884966118635,3.2561997903247764,0.05902576993223727,0.06512399580649553
ee8e9928-d9b2-4570-adb8-44b34115decd,Tireless Tracker,0.18240761171885495,0.16206668478569672,1.1255096132808253,0.2603731458697326,1.200103270353278,0.8735035454973259,1.6488174168687926,3614.200803683235,False,0.04172264270695029,0.04549854070537945,0.10912168662454089,0.16637063695559634,0.6558951063802504,0.5118916170747734,1.115298058940469,0.8049583340812207,1.5452846533928413,3609.3556517079514,False,0.0248398911899915,0.02718034777105799,0.1286601508879349,0.1674430310940602,0.7683816402944877,0.4422604846570949,1.137303546879923,0.8191171295293547,1.579089621149596,3605.8483750766554,False,0.029116376145230306,0.03212686482397081,179,0.7752566964578506,False,False,0.9261193606096347,False,False,0.9250325825036135,False,False,3605.8483750766554,4.845151975283443,3.5072766312960084,0.08480521141280883,1.1509016253912234,0.0736858907328254,low,4.172264270695028,4.549854070537945,0.08344528541390057,0.0909970814107589,2.4839891189991503,2.7180347771057987,0.049679782379983,0.05436069554211598,2.9116376145230305,3.212686482397081,0.05823275229046061,0.06425372964794163
1c0f2873-5849-4cab-855a-2fbbc41dbb6c,Chaos Defiler,0.13324993912491623,0.15870707001725815,0.8395967432983694,0.40113452585429676,1.1425355269768163,0.8370965036140628,1.5594228679349857,3614.761527537693,False,0.03053240548429282,0.033272512879552185,0.13598834989027622,0.1607993871769665,0.845701916392351,0.39771905380899153,1.1456685463528415,0.8359567104666791,1.5701248661183524,3609.0690973310575,False,0.03095800336743427,0.03388806004939493,0.12847652750313096,0.16147298314766634,0.7956533966158272,0.42623352136793813,1.137094730525465,0.8286059906940431,1.5604333551894454,3605.804480619421,False,0.029090838025020892,0.03208390180739096,183,0.8330280649594476,False,False,0.9193975000055795,False,False,0.9142445210655071,False,False,3605.804480619421,5.692430206635436,3.264616711636336,0.008573815827376485,1.1417662679517075,0.007509256551043182,low,3.053240548429282,3.3272512879552183,0.06106481096858564,0.06654502575910437,3.095800336743427,3.388806004939493,0.06191600673486854,0.06777612009878986,2.909083802502089,3.2083901807390958,0.058181676050041785,0.06416780361478192
cf3eb762-6c3f-4b11-a4f9-968f79370217,Mystic Confluence,0.04090845489392175,0.17850144133295628,0.22917716847796077,0.8187312172844748,1.0417567334494504,0.734214271371998,1.4781203989120113,3615.415470662997,False,0.009381465687887627,0.010225900094176732,0.12436361831494856,0.18265030926089224,0.6808836996673863,0.4959450829718205,1.1324275675483495,0.7916538919179459,1.619889965596721,3609.321008413738,False,0.028318936979425564,0.030978784329792897,0.12624476287748043,0.18286576713799785,0.6903684864221256,0.48996248921778596,1.1345598324299602,0.792809636743435,1.6236255889256617,3605.960934865072,False,0.028588604722922163,0.031528516370398274,149,0.9431670499632897,False,False,0.9261193606096347,False,False,0.9312862544381997,False,False,3605.960934865072,6.094462249258868,3.3600735486661506,0.09280309898050976,1.1029147111425868,0.08414349545158258,low,0.9381465687887627,1.0225900094176732,0.018762931375775255,0.020451800188353464,2.8318936979425566,3.0978784329792894,0.05663787395885113,0.06195756865958579,2.8588604722922164,3.152851637039827,0.057177209445844326,0.06305703274079655
4f84b838-b8f1-4b9a-a19f-479594f9d427,Qasali Pridemage,0.10703530607233594,0.3203207800689929,0.33415036654594166,0.7382660951358978,1.1129735485102743,0.5940490288567352,2.0851984592374233,3615.3570071230743,False,0.024517841798105844,0.026734481735502746,0.1638366885608262,0.32857115215399757,0.49863381945362567,0.6180373753843953,1.1780219149282707,0.6186826808397858,2.2430491025990724,3609.5392466918133,False,0.03724301626866021,0.040862609327879384,0.12491072057555805,0.3305922395217834,0.37783924013536146,0.7055500213874732,1.1330472907410536,0.5927099819232796,2.1659769570437506,3606.2969478112263,False,0.02826314180881767,0.031189078498578104,45,0.9264388796291327,False,False,0.9261193606096347,False,False,0.9355465701707036,False,False,3606.2969478112263,5.817760431260922,3.2422988805869863,0.06504836641799638,1.1413475847265329,0.05699260005319237,low,2.451784179810584,2.6734481735502746,0.04903568359621169,0.05346896347100549,3.724301626866021,4.086260932787939,0.07448603253732042,0.08172521865575877,2.8263141808817673,3.1189078498578104,0.05652628361763534,0.06237815699715621
3bd1ec98-8188-4649-899e-b0972509fc7e,Firebolt,0.2455653055067849,0.18982742871410527,1.2936239360678754,0.19579535045243113,1.278343763752224,0.8811772735115618,1.8545221573996487,3613.785607753299,False,0.05611324088006713,0.06112493232492355,0.14095778052636831,0.19546567897107492,0.7211382646220327,0.4708244504178085,1.1513760364683632,0.7849345423193553,1.6888883160071737,3609.264534902872,False,0.03208584391851574,0.035140212450825825,0.12448143855726919,0.1967295217131566,0.6327542377639211,0.526894144996018,1.132560998299036,0.7701974072037087,1.6654099362981243,3606.0376467130595,False,0.028186625838417852,0.031083113168521914,128,0.7195825262322765,False,False,0.9228613724240062,False,False,0.9312862544381997,False,False,3606.0376467130595,4.521072850426663,3.2268881898125983,0.14578276545318802,1.1874269328398743,0.12277198825575819,low,5.611324088006713,6.112493232492355,0.11222648176013426,0.1222498646498471,3.208584391851574,3.5140212450825823,0.06417168783703148,0.07028042490165165,2.8186625838417854,3.108311316852191,0.056373251676835705,0.06216622633704383
4ced112a-e775-4f97-97b3-74877e9dce12,Dragon's Rage Channeler,0.18549315495914012,0.1684544991429259,1.1011469322749148,0.2708327137155816,1.2038119596048813,0.8653011664324973,1.6747501220441199,3614.2529745899797,False,0.04244439422094954,0.046262815020377934,0.1406062268916842,0.17358070306909953,0.810033744567282,0.4179207817300985,1.1509713371787758,0.8190485222776672,1.6174072511884687,3609.1286902139955,False,0.03199833829973734,0.03504221841843569,0.12428661021263471,0.17448795861063104,0.7122933364701666,0.4762831494959092,1.1323403648080665,0.8043588418511863,1.5940580684396617,3605.9307765912067,False,0.028136986256833092,0.03103922431713879,162,0.7752566964578506,False,False,0.9193975000055795,False,False,0.9312862544381997,False,False,3605.9307765912067,5.124284375984189,3.1979136227887466,0.07147159479681475,1.1623745538639079,0.061487576925382974,low,4.244439422094954,4.626281502037793,0.08488878844189908,0.09252563004075587,3.199833829973734,3.504221841843569,0.06399667659947468,0.07008443683687138,2.813698625683309,3.103922431713879,0.056273972513666184,0.06207844863427758
dd16222e-349c-4a2b-a7c8-8eb35a8ab332,Static Prison,0.25521393779935264,0.19412972054151814,1.314656700104663,0.1886253050031732,1.2907377289261301,0.8822495606084966,1.888358985097509,3613.7308580464155,False,0.058292930542776226,0.06350257975946744,0.1405137350199564,0.19895464728021742,0.7062601298377816,0.48002638296120725,1.1508648866084772,0.7792390802011256,1.6997222301613586,3609.285805438721,False,0.03198271649793265,0.035032490843382835,0.12385237541805512,0.20055356219455375,0.6175526082050238,0.5368702926630123,1.1318487699638777,0.7639655316434671,1.6768840805066676,3606.0566942411388,False,0.02804271186942298,0.030922538029553803,120,0.7195184601927213,False,False,0.9228613724240062,False,False,0.9312862544381997,False,False,3606.0566942411388,4.445052607694379,3.2291111975823696,0.1588889589622524,1.1911504618328284,0.13339117437587966,low,5.829293054277622,6.350257975946744,0.11658586108555245,0.12700515951893487,3.1982716497932646,3.5032490843382833,0.0639654329958653,0.07006498168676567,2.804271186942298,3.0922538029553803,0.05608542373884596,0.061845076059107607
10158a5e-5a03-41ab-85d2-0907ccf32c9b,Dack Fayden,0.10054448442565816,0.1765546315807084,0.5694808656418412,0.5690298523419854,1.10577283027927,0.7823112548891296,1.5629757906999753,3615.143386273158,False,0.023043297754182835,0.02511816826357871,0.0961362295884198,0.18165094481150446,0.5292360559323182,0.596641707480069,1.100909030162899,0.7711289861175222,1.571722389527065,3609.5056441421484,False,0.02189224358124949,0.023936013420902846,0.12375960387482281,0.18243813857553823,0.6783647588225109,0.49754044784728657,1.1317437714772935,0.7915049484163524,1.61823873222823,3605.978300290817,False,0.028016700883118053,0.030907636511056436,144,0.886782971312673,False,False,0.9261193606096347,False,False,0.9312862544381997,False,False,3605.978300290817,5.637742131009418,3.527343851331352,0.030834741314394565,1.112808543973154,0.027708936529461475,low,2.3043297754182834,2.511816826357871,0.04608659550836567,0.05023633652715742,2.189224358124949,2.3936013420902844,0.04378448716249898,0.04787202684180569,2.801670088311805,3.0907636511056436,0.056033401766236106,0.06181527302211287
139b90cd-8272-457a-be32-1298145345be,Watery Grave,0.05516526713697579,0.1563965557307705,0.3527268671564626,0.7242932152917918,1.0567152405475417,0.777733014988036,1.435771759827666,3615.343438228958,False,0.012652374281552525,0.013788501712564016,0.1330088746439358,0.1594371839563053,0.8342399893389215,0.4041457608744149,1.1422601354378965,0.8356979743194106,1.5612796214723295,3609.087742176874,False,0.03029256442756844,0.03313447872639347,0.12314013439772374,0.16061302135703123,0.7666883628569071,0.4432668242397413,1.1310429078591886,0.8255863750645481,1.5495145003071915,3605.8492926026142,False,0.027894279741354413,0.03075445884823086,190,0.9264388796291327,False,False,0.9193975000055795,False,False,0.9250325825036135,False,False,3605.8492926026142,6.255696052083749,3.238449574259903,0.08554489489035477,1.1100060946148755,0.07706704972645684,low,1.2652374281552525,1.3788501712564016,0.02530474856310505,0.027577003425128033,3.029256442756844,3.3134478726393466,0.06058512885513688,0.06626895745278694,2.789427974135441,3.075445884823086,0.055788559482708826,0.06150891769646172
2b9b0195-beda-403e-bc27-7ae3be9f318c,Temple Garden,0.18644431940828377,0.17121930976690625,1.0889211016100022,0.27618867992708607,1.2049575274696573,0.8614437418200995,1.6854526564185122,3614.2814929178267,False,0.042647908749445226,0.046498179062055445,0.12892128190662056,0.17665081624761983,0.7298085830857723,0.4655071972876983,1.1376005708930783,0.8046770051339112,1.608266485359418,3609.2527267635496,False,0.029339514728879627,0.03213505609206058,0.12268586604270047,0.17745650847767797,0.6913573759292857,0.4893409832986714,1.1305292275411647,0.7984133041784557,1.600795387095844,3605.9603750944616,False,0.027770780159303284,0.030632873874906208,155,0.7805841080990102,False,False,0.9228613724240062,False,False,0.9312862544381997,False,False,3605.9603750944616,5.0287661542770365,3.2923516690880206,0.07442829992849265,1.1576957753013002,0.0642900332854044,low,4.264790874944523,4.649817906205545,0.08529581749889045,0.09299635812411089,2.9339514728879625,3.2135056092060577,0.058679029457759255,0.06427011218412115,2.7770780159303285,3.063287387490621,0.05554156031860657,0.061265747749812416
54f449ff-4025-465e-9ec5-a5cf42c4c9d3,Xander's Lounge,0.03714744073433836,0.14442742255081864,0.25720489972233324,0.7970206017899439,1.0378460303388066,0.7819767209662586,1.3774379131888452,3615.4018515974594,False,0.00851907744268337,0.009286034787034714,0.13352754686714546,0.1492497089647923,0.8946586750038108,0.3709695758944379,1.142852747714306,0.8529947530311164,1.5312080154266712,3608.9840295528275,False,0.03039998208606835,0.033249467793111886,0.12167416935631974,0.14963099643873665,0.8131615257012389,0.4161254550536654,1.1293860532381381,0.842313855946619,1.5142964207983456,3605.7765290131597,False,0.027554355100722062,0.03039527046357543,223,0.9348988978063771,False,False,0.9096937761823165,False,False,0.9060129904095918,False,False,3605.7765290131597,6.417822044631976,3.2075005396677625,0.10500671737549938,1.103361610430417,0.09516981231070445,low,0.851907744268337,0.9286034787034714,0.01703815488536674,0.018572069574069427,3.039998208606835,3.3249467793111886,0.0607999641721367,0.06649893558622377,2.755435510072206,3.0395270463575432,0.055108710201444124,0.06079054092715086
2b20d3e1-62ef-44db-8109-a33d4fa3e7f1,Exploration,0.13699724906881575,0.22860993697009055,0.5992620044628215,0.5489981809031369,1.1468249936794208,0.7326565598152014,1.7951215320579939,3615.109925072369,False,0.03136340868852624,0.0342006720842597,0.09569050495368878,0.23373926122426072,0.4093899520880178,0.6822535122615632,1.1004184372303576,0.695977151809928,1.7398857618349028,3609.618597918595,False,0.021782926360876205,0.02382982029111519,0.12071130597489411,0.2353654302804446,0.5128676111486006,0.6080439311010688,1.128299132126225,0.7113398765017556,1.7896633854093387,3606.1763810533776,False,0.027316003527358423,0.03014429912540839,88,0.8823719820809979,False,False,0.9305750602745201,False,False,0.9312862544381997,False,False,3606.1763810533776,5.491327153774364,3.442216865217233,0.04640655644906322,1.1251808543453343,0.04124364209526478,low,3.1363408688526238,3.42006720842597,0.06272681737705248,0.0684013441685194,2.1782926360876207,2.3829820291115187,0.04356585272175241,0.04765964058223038,2.731600352735842,3.014429912540839,0.054632007054716845,0.06028859825081678
2398892d-28e9-4009-81ec-0d544af79d2b,Ancestral Recall,0.03500239313238279,0.14296895864200485,0.24482512473234838,0.8065918390996645,1.03562218717765,0.7825348930491207,1.370562928377044,3615.4081109500494,False,0.008025200714597409,0.008749911097088836,0.1123871221146752,0.1469442770770651,0.7648281671815885,0.4443738726806272,1.1189459455319095,0.8389336474215262,1.4924184205395274,3609.2013406550786,False,0.025575675143235468,0.027986432066342992,0.12035261492145302,0.14774968078694697,0.81457106560521,0.41531787832816147,1.127894493896321,0.8443089816146858,1.5067303760392807,3605.775811782634,False,0.027233533577833258,0.030059763586315236,231,0.9362038985902353,False,False,0.9193975000055795,False,False,0.9060129904095918,False,False,3605.775811782634,6.206770294970738,3.425528872444829,0.09227230671867082,1.094154208868627,0.08433208588950351,low,0.8025200714597409,0.8749911097088836,0.016050401429194817,0.017499822194177672,2.5575675143235466,2.798643206634299,0.051151350286470935,0.055972864132685984,2.723353357783326,3.0059763586315236,0.054467067155666515,0.06011952717263047
17f28b16-da65-41a8-ba4f-f1c5e104aad6,Council's Judgment,0.16576570853573797,0.17268453141760884,0.9599337426168251,0.3370885625852773,1.1802965359223732,0.8413933822323918,1.6557058114887593,3614.5446849914806,False,0.03795024248093096,0.04136176808139935,0.09957220353590643,0.17803619554903066,0.5592806745215162,0.5759701823407193,1.104698230978819,0.7792847713740156,1.565997728116805,3609.4727138701073,False,0.022675326655809906,0.024803050049510944,0.11873328792191847,0.17893628127172082,0.663550662157877,0.5069779439344033,1.1260695418855455,0.7929605365254496,1.599111878528681,3605.997893605876,False,0.026883260250047638,0.029647856936245165,157,0.811278266477493,False,False,0.9261193606096347,False,False,0.9312862544381997,False,False,3605.997893605876,5.071971121373281,3.4748202642313117,0.07559830494355424,1.137021436262246,0.06648802083456765,low,3.7950242480930956,4.136176808139935,0.07590048496186191,0.0827235361627987,2.2675326655809904,2.480305004951094,0.04535065331161981,0.04960610009902189,2.6883260250047636,2.9647856936245165,0.053766520500095276,0.05929571387249033
39c431d7-d94b-46c4-bb89-f3db56214ab4,Elvish Reclaimer,0.0439739488828621,0.23755535973728173,0.18511032094369062,0.8531425065637019,1.0449551322853008,0.6559737171228402,1.6645960043623378,3615.4338046907355,False,0.010081416936075482,0.010991864151875808,0.06844619953499197,0.24543650488175806,0.278875383953038,0.7803404601521938,1.0708430115492074,0.6619208116704864,1.7323896381046588,3609.708226590731,False,0.015587185585314535,0.017031817766466673,0.11774139761205116,0.2475794544484207,0.47557014726591834,0.6343806474523987,1.1249531581753338,0.692453401728917,1.827588116296215,3606.2131450946767,False,0.026646056153016393,0.02940446704649957,80,0.9541142147195295,False,False,0.9456496504519618,False,False,0.9350661105799934,False,False,3606.2131450946767,5.725578100004441,3.495081496054354,0.07999802589003302,1.0802504340032806,0.07405507405682753,low,1.0081416936075482,1.0991864151875808,0.020162833872150964,0.021983728303751615,1.5587185585314534,1.7031817766466673,0.03117437117062907,0.034063635532933345,2.6646056153016393,2.940446704649957,0.053292112306032785,0.05880893409299914
d0e3e7b3-7ba9-47a2-b46c-a40bffb445e2,Twisted Landscape,0.18758033310615407,0.19945092212335322,0.9404836593843491,0.3469695275773247,1.206327153535906,0.8159979190087816,1.7833687653588,3614.581844706513,False,0.04291710735722931,0.04677430643162539,0.12267396631561403,0.2037258884320013,0.6021520743376686,0.547072913957267,1.130515774631937,0.7583359581222255,1.6853558149297923,3609.4227603904837,False,0.027924531366213368,0.03056792353801796,0.11752355820195576,0.2042380606498785,0.5754243740270536,0.5650043236548363,1.1247081257328024,0.7536832887425516,1.6783818707190281,3606.10722597527,False,0.026607569196840663,0.029350152021003606,111,0.8120304382248266,False,False,0.9261193606096347,False,False,0.9312862544381997,False,False,3606.10722597527,5.159084316029293,3.315534415213733,0.08161902780310348,1.1538503513002152,0.07073623343887807,low,4.291710735722932,4.677430643162539,0.08583421471445862,0.09354861286325078,2.7924531366213365,3.056792353801796,0.055849062732426735,0.06113584707603592,2.6607569196840664,2.9350152021003604,0.053215138393681326,0.05870030404200721
17824929-f131-4b8d-addb-66c25323155e,Infernal Grasp,0.057920421085009416,0.28007888153169735,0.20680038697760364,0.8361657539198742,1.0596306680961243,0.6119931516069661,1.8346890807871872,3615.425306535749,False,0.013277989425472366,0.014476301554834925,0.13003891249310723,0.2829190909883897,0.4596328654910167,0.6457797647696288,1.1388726988384463,0.6541081947278745,1.9828998239338123,3609.5749953319755,False,0.029589228399233274,0.032411439567626266,0.11739677051457745,0.28614864986159544,0.41026498140515427,0.6816115774649298,1.1245655356300908,0.6418153822641272,1.970422770899796,3606.270807836805,False,0.0265718892810494,0.029316047865007522,56,0.9521710166669647,False,False,0.9261193606096347,False,False,0.9355465701707036,False,False,3606.270807836805,5.8503112037733445,3.3041874951704813,0.07924203074232206,1.1076896341882205,0.07153811708312612,low,1.3277989425472365,1.4476301554834925,0.026555978850944732,0.02895260310966985,2.958922839923327,3.2411439567626266,0.05917845679846655,0.06482287913525253,2.65718892810494,2.931604786500752,0.0531437785620988,0.058632095730015044
94c6fdd8-21e7-48ae-aa05-a3666b928c1a,Timetwister,0.06978155416713769,0.15294702424441134,0.4562465632258778,0.6482126853670045,1.0722739218987323,0.7945378823877747,1.4470944546139868,3615.2599724395,False,0.015992534389614784,0.01743974263802134,0.1246916373341222,0.16236602618263432,0.7679663059183649,0.44250720289279666,1.132799086257612,0.824032116099051,1.5572618405953393,3609.1970542598697,False,0.028366044658089264,0.031054545878927253,0.11429075960732332,0.1634259034999965,0.6993429876147251,0.484337708186654,1.1210780417113193,0.813813535365897,1.5443537382825814,3605.9503789730493,False,0.02586281303922945,0.028549244992549516,207,0.9187714246411036,False,False,0.9193975000055795,False,False,0.9312862544381997,False,False,3605.9503789730493,6.062918179630287,3.246675286820391,0.06052516435887978,1.1087170166225546,0.054590272767036124,low,1.5992534389614783,1.7439742638021338,0.03198506877922957,0.03487948527604268,2.8366044658089264,3.1054545878927255,0.05673208931617853,0.06210909175785451,2.586281303922945,2.8549244992549516,0.0517256260784589,0.05709848998509903
09fd2d9c-1793-4beb-a3fb-7a869f660cd4,Bonecrusher Giant // Stomp,0.29634272462519756,0.1479381066615762,2.003153422147766,0.04516082336507966,1.3449310188325094,1.0064044569574069,1.7973285321950891,3611.4344909453584,False,0.06758418686919052,0.07366447477063137,0.12668571978615606,0.155373739115109,0.8153612090927455,0.4148655816668547,1.135060234746197,0.8370706454574346,1.5391314263541518,3609.119471213425,False,0.028846621430754168,0.03157121391835993,0.11427776568831055,0.15600811306631662,0.7325116844386987,0.46385631362433,1.1210634746086805,0.8257211643139772,1.5220432373752268,3605.901127769386,False,0.025882516605042098,0.028541365135632213,223,0.4365546258624367,True,False,0.9193975000055795,False,False,0.9309266930848659,False,False,3605.901127769386,2.315019731933262,3.2183434440389647,0.22386754422382893,1.2003515760624623,0.18650164559135765,low,6.758418686919051,7.366447477063137,0.13516837373838103,0.14732894954126274,2.884662143075417,3.157121391835993,0.057693242861508336,0.06314242783671986,2.5882516605042096,2.8541365135632213,0.051765033210084195,0.057082730271264426
70e33f45-7d47-423b-a123-8541f1d1afb4,Lingering Souls,0.12287020413905514,0.17345468573712666,0.7083706249669547,0.4787151293806152,1.1307376463560166,0.8048486916563691,1.5885813546586838,3614.9650757990935,False,0.02815725143441184,0.03068502744101964,0.10703447668574195,0.17955734336315793,0.5961019175320655,0.5511071432622698,1.1129726254253165,0.7827844436908575,1.5824382752237225,3609.4298114186636,False,0.024375497325231917,0.02666678820291718,0.11312892465309157,0.17986988091139575,0.6289486826803377,0.5293826530729002,1.1197762904125497,0.7870873529004822,1.5930873948734776,3606.042408960685,False,0.025619837288727867,0.028251662727676874,152,0.8622992302965494,False,False,0.9261193606096347,False,False,0.9312862544381997,False,False,3606.042408960685,5.535264380429908,3.3874024579786237,0.017765020930700093,1.121162187397961,0.015845183801578146,low,2.8157251434411843,3.068502744101964,0.05631450286882368,0.06137005488203928,2.4375497325231916,2.666678820291718,0.048750994650463834,0.05333357640583436,2.5619837288727867,2.8251662727676874,0.051239674577455735,0.05650332545535375
8ca3c48b-f104-4292-9a4e-2ce87a65893c,Mutavault,0.2490309318952413,0.1950522822124867,1.2767393904366173,0.20169426983395622,1.2827817113256585,0.8752273995041371,1.880115864567157,3613.836569095448,False,0.05685409839652302,0.061977613567057555,0.12292814993253127,0.20144556300039498,0.6102301192520693,0.5417093805169488,1.130803169744532,0.7619265236901294,1.6782665636986362,3609.413478101067,False,0.027978805479139616,0.030635163143476973,0.11298210462255331,0.20309142117439657,0.5563115564863494,0.5779978883146408,1.1196118968918214,0.7519562906334153,1.6670261493600682,3606.1293373717235,False,0.025577841677574174,0.02821631017637488,121,0.7195825262322765,False,False,0.9261193606096347,False,False,0.9312862544381997,False,False,3606.1293373717235,4.4230909943808,3.2841407293435623,0.16316981443383716,1.1777322593206705,0.13854576296309942,low,5.685409839652302,6.1977613567057555,0.11370819679304604,0.12395522713411511,2.7978805479139615,3.063516314347697,0.05595761095827923,0.06127032628695395,2.5577841677574176,2.821631017637488,0.05115568335514835,0.05643262035274976
073bfdca-d7b8-4f4b-93f3-6e7c44bc0b0a,Sol Ring,0.11638834556251958,0.14903160906857682,0.7809641611596875,0.4348235736468071,1.12343206728867,0.8388581910359767,1.504544657606337,3614.856550345633,False,0.026682335840642623,0.02907128664541392,0.11474308946677755,0.15105047165666968,0.759634102484519,0.447473328624709,1.1215852534892319,0.8341718564345245,1.50802675868416,3609.2074159234753,False,0.02613579694317832,0.028570828087847,0.11245322506535832,0.1515559651806747,0.7419914150610913,0.45809253705135744,1.1190199136052912,0.8314397297930245,1.506068957466,3605.887030730629,False,0.02547350753756299,0.028093865886979486,208,0.86061520362736,False,False,0.9193975000055795,False,False,0.929008896989834,False,False,3605.887030730629,5.649134422157658,3.3203851928465156,0.004412153683378772,1.1213457447943977,0.003934695167713643,low,2.668233584064262,2.907128664541392,0.053364671681285246,0.05814257329082784,2.6135796943178318,2.8570828087847,0.05227159388635664,0.057141656175694,2.547350753756299,2.8093865886979486,0.05094701507512598,0.05618773177395897
120be808-ff3b-4fca-96a1-4db6b9825856,Quantum Riddler,0.030945118391207366,0.23059213933159925,0.13419849644877635,0.8932456148187955,1.0314288958560072,0.6563799440486957,1.620777077137228,3615.4500142151783,False,0.007096365574857676,0.007735717452018842,0.10596122255244725,0.23188293628524156,0.45695998269619664,0.6476998089462316,1.1117787637279337,0.7057252139884633,1.7514635937275989,3609.57636640667,False,0.02413201621520291,0.026394773435358843,0.11175528451917209,0.23387542425946223,0.47784107660320213,0.6327633225193688,1.1182391767212525,0.7070594372000171,1.7685342851883719,3606.2097247771253,False,0.0253096912328109,0.02791074326869314,85,0.9687720733075392,False,False,0.9261193606096347,False,False,0.9350661105799934,False,False,3606.2097247771253,5.8736478085083945,3.3666416295445742,0.08681028086524534,1.0871489454350645,0.07985132233238276,low,0.7096365574857676,0.7735717452018842,0.014192731149715351,0.015471434904037684,2.413201621520291,2.6394773435358845,0.04826403243040582,0.052789546870717685,2.53096912328109,2.791074326869314,0.0506193824656218,0.05582148653738628
2c723fc9-d5c9-4126-a9a6-f80c247a4b6b,Baloth Prime,0.1759914074968422,0.2435280490815128,0.7226740745495605,0.4698801470276396,1.1924278126669043,0.7398383454793921,1.9218848240425301,3614.947269418338,False,0.04025937173029801,0.04389362314077372,0.1109651266499341,0.25833695332503687,0.429536406703376,0.6675329051677303,1.117355940230162,0.6734272533107681,1.8539260046719375,3609.60157812972,False,0.025256435683500382,0.027645904766724405,0.10994043208023518,0.2582869144022479,0.4256523499638756,0.6703611881751073,1.116211578076761,0.6728035323271662,1.8518456386860231,3606.2578614248932,False,0.02488611741180144,0.027458954632774868,73,0.8622992302965494,False,False,0.9261193606096347,False,False,0.9355465701707036,False,False,3606.2578614248932,5.345691288617672,3.3437167048268748,0.07621623459014337,1.1419984436579425,0.06673935066497523,low,4.025937173029801,4.389362314077372,0.08051874346059602,0.08778724628154744,2.5256435683500382,2.7645904766724403,0.050512871367000764,0.05529180953344881,2.488611741180144,2.7458954632774866,0.04977223482360288,0.054917909265549736
729daf0e-b822-41bd-a908-ca8ec34032f0,Tropical Island,0.013068770822063466,0.18302300686792375,0.07140507112034489,0.9430753737438134,1.0131545404346674,0.7077556849192951,1.4503339848417203,3615.4629462832117,False,0.002996665861327592,0.0032671527547988855,0.10258146490667529,0.1905383387753787,0.5383770298722202,0.5903167811760359,1.1080275635952368,0.7627128368973144,1.6096819435754268,3609.496322383011,False,0.023348608354842714,0.025550779080085573,0.10969938417987055,0.19038637896891872,0.5761934481551297,0.5644844332444472,1.1159425500451268,0.7683899566846186,1.6206976212631028,3606.107203309304,False,0.02482828071551342,0.027399632467336954,140,0.9819122719358333,False,False,0.9261193606096347,False,False,0.9312862544381997,False,False,3606.107203309304,5.96662390020083,3.389119073706752,0.10278800961045942,1.0790415513583436,0.09525862046838278,low,0.2996665861327592,0.32671527547988855,0.005993331722655184,0.006534305509597771,2.3348608354842715,2.555077908008557,0.04669721670968543,0.051101558160171145,2.482828071551342,2.739963246733695,0.04965656143102684,0.05479926493467391
3277ad99-5682-4baa-b106-de15721876a6,Glorybringer,0.2746526416627734,0.1920143054901888,1.4303759345514344,0.15260915143503315,1.3160734463771533,0.9033046589880267,1.9174586326162146,3613.4185147243943,False,0.06264870788870709,0.06828960869771894,0.1254965017599392,0.19813108697294712,0.6334013691504884,0.5264715711442536,1.133711202959642,0.7688645762374261,1.671687227425726,3609.384323921465,False,0.028563161766343652,0.03127915957039901,0.10950681537992552,0.19957150094279372,0.5487096848127386,0.5832046987687823,1.115727675017234,0.7545352165859393,1.6498212640517333,3606.1375195742476,False,0.024793493842412553,0.02735049472317147,126,0.6488138646109055,False,False,0.9261193606096347,False,False,0.9312862544381997,False,False,3606.1375195742476,4.0341908029295155,3.246804347217221,0.20034577135991927,1.1885041081180097,0.16856969192741436,low,6.264870788870709,6.828960869771894,0.12529741577741418,0.13657921739543788,2.856316176634365,3.1279159570399004,0.057126323532687304,0.06255831914079801,2.4793493842412553,2.7350494723171472,0.049586987684825105,0.05470098944634294
fa7a55aa-ae61-4933-b7a4-dcc55dac6fcd,"Inti, Seneschal of the Sun",0.21949065006240318,0.1456150212173879,1.507335220140007,0.13172475418114588,1.245442203094403,0.9362106339746823,1.6568133547718142,3613.1828994814623,False,0.0502406487702951,0.05470250863509635,0.08331117004586149,0.15233838689631576,0.5468823173410952,0.5844595847434892,1.0868799604212729,0.8063220356901277,1.465057379157784,3609.4862503546374,False,0.018985947296091665,0.020742365051277578,0.10896847477954752,0.1528979360289053,0.7126876765618803,0.4760390438767256,1.1151271951566533,0.8263709784486486,1.5047825901538696,3605.9296767667342,False,0.024692465589094187,0.027214095962721063,227,0.6488138646109055,False,False,0.9261193606096347,False,False,0.9312862544381997,False,False,3605.9296767667342,3.696649126824923,3.556573587903131,0.15856224267313013,1.1491497862241098,0.13798222353078604,low,5.0240648770295095,5.4702508635096345,0.1004812975405902,0.1094050172701927,1.8985947296091665,2.074236505127758,0.03797189459218333,0.041484730102555156,2.469246558909419,2.7214095962721063,0.049384931178188374,0.054428191925442126
b598c93e-dae1-4d71-a9e4-917abf76d2d0,Raucous Theater,0.05154206809067669,0.19093306908841193,0.2699483559173819,0.7871999849814283,1.0528934785788107,0.7242006766406432,1.5307700102907813,3615.395120482599,False,0.011818205499176082,0.012883034464843346,0.10643559504307193,0.19185673983405635,0.554765994330623,0.579054729676313,1.1123062861002655,0.7636821464729491,1.6200788244327382,3609.4777245621926,False,0.024235325563265603,0.026508486161574474,0.1065064432404089,0.19326061204542677,0.5511026903680408,0.5815632812590213,1.1123850937871806,0.7616376537770245,1.624657855009586,3606.1347636671217,False,0.024117882385929747,0.026605114824683807,123,0.932615257517962,False,False,0.9261193606096347,False,False,0.9312862544381997,False,False,3606.1347636671217,5.917395920406307,3.3429608950709735,0.059491615208369986,1.0925282861554189,0.0544531578378804,low,1.1818205499176082,1.2883034464843346,0.023636410998352165,0.025766068929686692,2.42353255632656,2.6508486161574476,0.048470651126531206,0.05301697232314895,2.4117882385929748,2.6605114824683804,0.04823576477185949,0.05321022964936761
fd97b3cf-924e-4f77-bb82-0bf19592389f,Dreadhorde Arcanist,0.26077017514492773,0.22337381877719462,1.167416022936127,0.24304240350981332,1.2979293347318492,0.8377441715475145,2.0109009589951095,3614.0969817492132,False,0.059550459890107474,0.06486040716427238,0.13005560647049358,0.22993461249795838,0.5656199606383678,0.571652155772399,1.138891711312223,0.7257016971766476,1.7873381516702656,3609.464869157654,False,0.02960639922598759,0.032418630251216496,0.10465416274041375,0.23155554359784472,0.4519613787444986,0.651296805583772,1.1103265516567582,0.7052558016844725,1.748053753502544,3606.2339920018335,False,0.023701366239377356,0.02614018738134327,90,0.7680833957945186,False,False,0.9261193606096347,False,False,0.9355465701707036,False,False,3606.2339920018335,4.632112591559235,3.230877155820508,0.18760278307509104,1.1823825325669435,0.1586650495147343,low,5.955045989010747,6.4860407164272385,0.11910091978021495,0.12972081432854476,2.9606399225987587,3.2418630251216496,0.05921279845197518,0.06483726050243299,2.3701366239377357,2.614018738134327,0.04740273247875471,0.05228037476268654
926916ed-2f22-4ba9-9427-194886ad6c1e,Urza's Cave,0.09077017592094289,0.30041875626173364,0.30214550200008566,0.7625411468011902,1.0950173149913618,0.6077141920808437,1.9730704593638668,3615.3766108605078,False,0.02080462530689648,0.02267779052943203,0.13675973920437715,0.30524568288555143,0.44803169011780497,0.6541303259566517,1.146552643774812,0.6303236891435322,2.085568078098465,3609.584713743934,False,0.03112254474177041,0.03408419950080216,0.104321999100562,0.3080564052307413,0.33864577177813404,0.7348765969395017,1.1099578027938086,0.6068530829745814,2.03015582938789,3606.3239635944146,False,0.02362226151433668,0.026060484388256644,50,0.9264388796291327,False,False,0.9261193606096347,False,False,0.9401612190548336,False,False,3606.3239635944146,5.791897116573637,3.260750149519481,0.05153532878345013,1.117175920519994,0.04613000319543479,low,2.080462530689648,2.2677790529432027,0.04160925061379296,0.04535558105886406,3.1122544741770413,3.4084199500802157,0.06224508948354082,0.06816839900160432,2.362226151433668,2.606048438825664,0.04724452302867336,0.05212096877651329
6ade6918-6d1d-448d-ab56-93996051e9a9,Sage of the Skies,0.03801748727650625,0.3179034598763841,0.11958815198579233,0.9048094057090474,1.038749397617608,0.5570650307462536,1.936937792712454,3615.4537446871796,False,0.008716828819432955,0.009503280603672892,0.0766220641929061,0.32100781578469506,0.23869220755764312,0.8113442595993007,1.0796339669432082,0.5754785895395012,2.0254611097004513,3609.728950643275,False,0.017449801698277295,0.01907445611195019,0.10319341684276978,0.3226036521383375,0.3198767780797436,0.7490617421333048,1.1087058307202984,0.5891292136667512,2.086517847964872,3606.336591039865,False,0.023363986636315934,0.025775143371720377,42,0.97339979614183,False,False,0.9456496504519618,False,False,0.9401612190548336,False,False,3606.336591039865,5.724794043904694,3.392359603409659,0.06995643310269029,1.0756963984270382,0.06503362213072916,low,0.8716828819432955,0.9503280603672892,0.01743365763886591,0.019006561207345785,1.7449801698277294,1.9074456111950189,0.03489960339655459,0.03814891222390038,2.336398663631593,2.5775143371720377,0.04672797327263187,0.051550286743440754
ce35e6fb-ff54-44c4-a216-7ddd37f46882,Screaming Nemesis,0.27810052698734455,0.19802787297791463,1.4043504220153904,0.16021452646526013,1.3206189483807567,0.8958035842459127,1.9468937582901322,3613.481222060878,False,0.06348317887595785,0.06913421653961516,0.11838530276639349,0.20613108844186073,0.5743204659775717,0.5657509623536816,1.1256777545729186,0.7515394090991868,1.686073134420409,3609.454977201077,False,0.026958503496331807,0.02950243285311749,0.10316073694932643,0.20797411789823608,0.4960268036804659,0.6198755001449345,1.1086695989239193,0.7375152344270931,1.6666073081635187,3606.192142327336,False,0.02336629985290923,0.0257669363991041,114,0.6579958070793114,False,False,0.9261193606096347,False,False,0.9312862544381997,False,False,3606.192142327336,4.026244859800954,3.2628348737407578,0.2119493494568374,1.1849887672925314,0.1788619059580627,low,6.348317887595785,6.913421653961516,0.1269663577519157,0.1382684330792303,2.6958503496331807,2.950243285311749,0.053917006992663614,0.05900486570623498,2.336629985290923,2.57669363991041,0.04673259970581846,0.0515338727982082
5ad36fb2-c44e-4085-ba0d-54277841ad3a,Lurrus of the Dream-Den,0.07625808680006699,0.1909283915673349,0.399406741836889,0.6895935271375901,1.079241076092731,0.7423298738609276,1.569061600966916,3615.3086100593246,False,0.017477263569792865,0.019056483194824392,0.09027696724771483,0.1978218513712005,0.45635488001937496,0.6481348057954383,1.0944773761164865,0.7427068498549443,1.6128580570716202,3609.577761879972,False,0.02055337838088693,0.022481157930133555,0.10267935815815737,0.1983746775544597,0.5176031508858728,0.6047351829323384,1.1081360373255054,0.7511611949414319,1.634756275336106,3606.1711721847523,False,0.023243362117679727,0.025648825162375877,128,0.9254734283166913,False,False,0.9261193606096347,False,False,0.9312862544381997,False,False,3606.1711721847523,5.730848179352506,3.4065896952197363,0.028894961232774463,1.0939514965115744,0.0264133842541608,low,1.7477263569792865,1.9056483194824392,0.03495452713958573,0.038112966389648784,2.055337838088693,2.2481157930133557,0.04110675676177386,0.04496231586026711,2.3243362117679727,2.5648825162375877,0.046486724235359454,0.05129765032475175
1e3e8085-cfcd-4e88-b441-4d1f8ac63904,Forth Eorlingas!,0.20122761026648106,0.14118080207384653,1.4253185086824074,0.15406515229812903,1.2229030854457654,0.9272920061313961,1.612751912562982,3613.427801933113,False,0.046065345105058206,0.05017798735125506,0.09136366694648579,0.1471299008828752,0.6209728029329477,0.5346175178985783,1.0956673908286296,0.8211816505348691,1.4619019196828018,3609.399576873047,False,0.020817294248371827,0.022753608064433828,0.1026753457852626,0.1481200619503557,0.6931900002828485,0.4881903227617689,1.1081315910794254,0.8289130824224102,1.4814045636240285,3605.9573588273365,False,0.023263612850058426,0.025645154437109574,241,0.6488138646109055,False,False,0.9261193606096347,False,False,0.9312862544381997,False,False,3605.9573588273365,4.028225060066234,3.442218045710433,0.1272356946171358,1.1422340224512737,0.1113919670717596,low,4.606534510505821,5.017798735125506,0.09213069021011641,0.10035597470251012,2.0817294248371825,2.275360806443383,0.04163458849674365,0.045507216128867656,2.3263612850058424,2.5645154437109574,0.04652722570011685,0.05129030887421915
2424f2c4-366b-42cf-bf4b-a8a5bfdd2c4b,Life // Death,0.013539478398986393,0.19168864258016777,0.07063265833980711,0.9436901177186144,1.0136315522111652,0.6961638281606884,1.4758723192392875,3615.4630551332652,False,0.003104709983518727,0.0033848245253915166,0.11525930985904659,0.1970099350850221,0.5850431340394331,0.5585187138590703,1.1221643881364478,0.7627078916247727,1.6510290870586135,3609.4434944198624,False,0.026236308405542315,0.028700616647269417,0.10251081193756957,0.1976921391859433,0.5185376229914279,0.6040832172443993,1.1079492809235019,0.75203998803555,1.6322956606409562,3606.169831326938,False,0.023210929600361356,0.025612356649387436,128,0.9819122719358333,False,False,0.9261193606096347,False,False,0.9312862544381997,False,False,3606.169831326938,6.019560713402825,3.27366309292438,0.10853283592528262,1.0812484070903716,0.10037733717207813,low,0.3104709983518727,0.33848245253915166,0.006209419967037454,0.006769649050783033,2.6236308405542315,2.8700616647269417,0.05247261681108463,0.057401233294538834,2.3210929600361356,2.5612356649387436,0.04642185920072271,0.05122471329877487
49bb0ad3-1082-41f1-82a4-52a4006cc9b6,"Leovold, Emissary of Trest",-0.007384925948334391,0.20383682973299835,-0.03622959578996471,0.9710992874469309,0.9926422756155971,0.6657073547943949,1.4801379018016634,3615.4667319861146,False,-0.0016933801110157194,-0.0018462240513488215,0.10422898014881996,0.20747188435306885,0.5023764086098842,0.615402770596774,1.109854560484335,0.739030628379387,1.666747084798134,3609.533061804326,False,0.0237346433393852,0.025959261841252357,0.0997581177023366,0.20912671670325528,0.47702234929595566,0.6333462070906184,1.104903629122209,0.7333514331530793,1.6647025893144967,3606.2109071164678,False,0.02259259456113304,0.024920498517556122,110,0.9880381961872368,False,False,0.9261193606096347,False,False,0.9350661105799934,False,False,3606.2109071164678,5.933670181788784,3.322154687858074,0.11721228486873791,1.0691334884073804,0.10963297487139939,low,-0.16933801110157193,-0.18462240513488215,-0.0033867602220314388,-0.003692448102697643,2.37346433393852,2.5959261841252355,0.0474692866787704,0.051918523682504714,2.259259456113304,2.4920498517556124,0.04518518912226608,0.049840997035112244
0fe070f4-8877-4280-b8fd-869f3ac34ab6,Sheltering Landscape,0.23781201020524922,0.23410328802946728,1.0158422472704234,0.30970451426848067,1.2684707108609432,0.8016922809494619,2.0070268637318938,3614.4286999738415,False,0.05435361070861969,0.059198499129573534,0.11704664432724161,0.23718177131582593,0.49348920736149204,0.6216669638617165,1.1241718647079626,0.7062191863277015,1.7894761369660148,3609.5414936345023,False,0.02665102897931139,0.029167992444881385,0.09746175831338674,0.23859283752161956,0.4084856835006854,0.6829171390830913,1.1023692842965467,0.6906098692951059,1.7596302818562863,3606.2715025265334,False,0.022074764251047915,0.024346547518833916,80,0.8048561472401073,False,False,0.9261193606096347,False,False,0.9355465701707036,False,False,3606.2715025265334,4.887206339339173,3.2699911079689628,0.16610142656439653,1.1650039532884842,0.14257584800080558,low,5.435361070861969,5.919849912957353,0.10870722141723937,0.11839699825914707,2.665102897931139,2.9167992444881383,0.05330205795862278,0.05833598488976277,2.2074764251047916,2.4346547518833916,0.04414952850209583,0.04869309503766783
17260fff-b239-4af4-9306-3236ae3fa5a5,Thundering Falls,0.057854069621474394,0.17370000344269682,0.33306890313655235,0.739082272199745,1.0595603623829586,0.7538228111041969,1.48929979962881,3615.3571034636925,False,0.01326327750413522,0.014460114505962351,0.08562928603319378,0.17822222304848845,0.48046357277171237,0.6308977993160253,1.0894023967542719,0.7682145129165533,1.5448778460956607,3609.5550391637944,False,0.019498576747169573,0.02131525486791741,0.09739886704344543,0.17986845998123172,0.5415005335210434,0.5881626300185935,1.1022999570723744,0.7748054491329596,1.5682197340267394,3606.145598914919,False,0.022052970793849134,0.02433375949954525,152,0.9264388796291327,False,False,0.9261193606096347,False,False,0.9312862544381997,False,False,3606.145598914919,5.80206429989812,3.4094402488753985,0.042739594689415794,1.083754238736535,0.0394366113291908,low,1.326327750413522,1.4460114505962351,0.02652655500827044,0.028920229011924703,1.9498576747169574,2.131525486791741,0.038997153494339146,0.04263050973583482,2.2052970793849136,2.4333759499545247,0.04410594158769827,0.0486675189990905
3d8ca18d-9099-4f1e-95c1-f04da58a26bd,"Gut, True Soul Zealot",0.26289134975506884,0.1476918405412653,1.779999144107197,0.07507610076874938,1.300685391487868,0.9737656035839858,1.737361107645691,3612.2612247551137,False,0.06020609844029013,0.0654304282602104,0.10479979752965843,0.15777466902857454,0.6642371565404974,0.5065385356043872,1.1104882656054043,0.815104825500328,1.5129148417080527,3609.343133540298,False,0.02389736204326923,0.026104221600704025,0.09733626300243692,0.15833061512231966,0.6147658993634235,0.5387093324977525,1.1022309508007164,0.8081628104823756,1.503302370691736,3606.0596750757786,False,0.022072696917966806,0.024316877303816875,226,0.5391774096873768,False,False,0.9261193606096347,False,False,0.9312862544381997,False,False,3606.0596750757786,2.9180912148158313,3.283458464519299,0.19845444068715157,1.1711348692979962,0.16945481335220555,low,6.020609844029013,6.54304282602104,0.12041219688058026,0.1308608565204208,2.389736204326923,2.6104221600704025,0.04779472408653846,0.05220844320140805,2.2072696917966805,2.4316877303816877,0.04414539383593361,0.04863375460763375
05bdd22c-3e11-4c29-bdfa-d3dfc0e90a9f,Bitter Triumph,-0.02653936640609167,0.14717731641926537,-0.18032239649273624,0.8568994739994623,0.9738097076925528,0.7297838339354892,1.299433205696473,3615.4355251885777,False,-0.0060855466695442775,-0.0066345369321722525,0.07830311346444371,0.1506505328316406,0.5197665882267493,0.6032262694764348,1.0814504111752303,0.8049525632935116,1.4529241164794264,3609.515799627645,False,0.017829110109849264,0.019478655733599526,0.09723201149299629,0.15167543896752686,0.6410531075754018,0.5214881791184065,1.102116047549866,0.818688303903146,1.4836657327043448,3606.028022960892,False,0.022010362021360093,0.024296121058362763,218,0.9541142147195295,False,False,0.9261193606096347,False,False,0.9312862544381997,False,False,3606.028022960892,5.919725560932875,3.4877766667527794,0.1283063398573131,1.0524587221392163,0.12191104236042533,low,-0.6085546669544277,-0.6634536932172252,-0.012171093339088555,-0.013269073864344505,1.7829110109849264,1.9478655733599526,0.03565822021969853,0.03895731146719905,2.2010362021360095,2.4296121058362763,0.044020724042720186,0.048592242116725526
f33d3948-fe7b-4c3b-ab67-1022623fbb2b,"Toby, Beastie Befriender",0.08832072014807002,0.1957481580632955,0.4511956639689624,0.6518485344780812,1.0923384007881103,0.7442742699641852,1.6031767185687393,3615.2645591903347,False,0.020239473505773507,0.022067603131780134,0.10155342376389828,0.20124281759496668,0.5046312955540643,0.613817824718166,1.1068890509917004,0.7461098044021911,1.6421220629676383,3609.531337086668,False,0.023117451186168203,0.025297756885677092,0.09701313229088163,0.20199966045535517,0.4802638384252281,0.6310397986287026,1.10187484366696,0.7416289693372194,1.6371099583544215,3606.208302425698,False,0.021963844434554507,0.02423425466913276,119,0.9187714246411036,False,False,0.9261193606096347,False,False,0.9350661105799934,False,False,3606.208302425698,5.733222103666776,3.3230346609698245,0.014550650203590143,1.10036743181559,0.013223446807746559,low,2.023947350577351,2.2067603131780134,0.040478947011547015,0.04413520626356027,2.3117451186168205,2.5297756885677094,0.046234902372336406,0.050595513771354184,2.1963844434554507,2.423425466913276,0.04392768886910901,0.04846850933826552
1c603751-1e2b-4c8e-a8d2-5c0876e7254f,Darkstar Augur,0.1662727604420005,0.28462031219676004,0.5841914765628357,0.5590914953798156,1.1808951592846006,0.6759859065443684,2.06293261992774,3615.1254895396833,False,0.03806522181363699,0.04147826180102754,0.07575914818106091,0.2870085464030243,0.2639612970781647,0.7918097417793519,1.0787027353513114,0.614603703908439,1.893251836679054,3609.7160931110902,False,0.01725587092601548,0.018859187254549215,0.09684825160521365,0.2871235302241939,0.33730517150437617,0.7358868616139749,1.1016931807639796,0.627561335062006,1.9340386297411596,3606.324818295119,False,0.021933099489769847,0.024193195903314146,56,0.886782971312673,False,False,0.9456496504519618,False,False,0.9401612190548336,False,False,3606.324818295119,5.409396428593027,3.3912748159714283,0.1021924239332892,1.1204303584666306,0.09120818903295787,low,3.806522181363699,4.147826180102754,0.07613044362727397,0.08295652360205508,1.725587092601548,1.8859187254549215,0.03451174185203096,0.03771837450909843,2.1933099489769847,2.4193195903314146,0.043866198979539694,0.04838639180662829
568dd5a6-86f4-4039-87d7-812120c8ab94,Triplicate Titan,-0.02040685280054948,0.17857247559860515,-0.11427770563264164,0.9090176550350764,0.9797999578461764,0.6904519436726237,1.390405177641957,3615.454982566114,False,-0.004679490630262827,-0.005101562348933442,0.07845162512996134,0.18731770336810488,0.4188158605371815,0.6753507125296704,1.0816110311036402,0.7492436308879658,1.5614179078420647,3609.610634084319,False,0.017862544556791576,0.019514484983887692,0.09627937608226016,0.18842922206266358,0.5109577751705715,0.6093806240239201,1.101066632710461,0.761060899148079,1.5929707215617546,3606.178044507391,False,0.021794950177429585,0.024058487360764658,144,0.9735192585887924,False,False,0.9268702165787863,False,False,0.9312862544381997,False,False,3606.178044507391,5.844348481794896,3.432589576927967,0.12126667486428466,1.0541592072200927,0.11503639491427028,low,-0.4679490630262827,-0.5101562348933442,-0.009358981260525654,-0.010203124697866883,1.7862544556791575,1.9514484983887692,0.03572508911358315,0.039028969967775384,2.1794950177429584,2.4058487360764658,0.04358990035485917,0.048116974721529315
bd3d4b4b-cf31-4f89-8140-9650edb03c7b,Ancient Tomb,0.1348729554648037,0.1695277150614778,0.7955805657847342,0.4262758661340288,1.1443913864437318,0.8208611014030786,1.595436357171858,3614.833604656573,False,0.0309008012747557,0.03367560606045428,0.09734405295262588,0.1710487294500164,0.5691012921617264,0.5692874015184992,1.1022395371583635,0.7882724841962103,1.5412589195142732,3609.461469789983,False,0.02217051228662361,0.024239122369585253,0.0962764156961125,0.17191915323833432,0.5600098295193611,0.5754727330841424,1.1010633731328787,0.7860891075055022,1.54224316312164,3606.124749786107,False,0.021806636494804906,0.024053477287935943,157,0.854950479585682,False,False,0.9261193606096347,False,False,0.9312862544381997,False,False,3606.124749786107,5.372134866589931,3.336720003876053,0.04332801331085312,1.115898098911658,0.03882793003510911,low,3.09008012747557,3.3675606060454277,0.0618016025495114,0.06735121212090855,2.217051228662361,2.4239122369585253,0.04434102457324722,0.048478244739170506,2.1806636494804907,2.4053477287935943,0.04361327298960981,0.048106954575871885
f62fd592-4910-417d-a500-e7029f3d119f,Kitesail Freebooter,-0.03462833631242998,0.18651528537005907,-0.18565950905163078,0.8527117832707978,0.9659643634269928,0.6701871376726267,1.3922785129109865,3615.433573907794,False,-0.007939878221784444,-0.008656336293091371,0.06935583100141583,0.1893967088018374,0.3661934330336314,0.714220742068479,1.0718175272059705,0.7394403089199281,1.5535977654557653,3609.6518174644216,False,0.01579559317889436,0.017257424496300522,0.09605350310996694,0.19054826060066388,0.504090159664424,0.6141980215876353,1.1008179596027619,0.7577353569083252,1.5992393243048812,3606.184796046784,False,0.0217479617133036,0.02399800544979186,130,0.9541142147195295,False,False,0.9305750602745201,False,False,0.9312862544381997,False,False,3606.184796046784,5.781756443372615,3.467021417637625,0.13485359617576909,1.046199950078575,0.12889849226779343,low,-0.7939878221784444,-0.8656336293091371,-0.01587975644356889,-0.017312672586182742,1.579559317889436,1.7257424496300522,0.03159118635778872,0.034514848992601044,2.17479617133036,2.399800544979186,0.0434959234266072,0.04799601089958372
ce648aa3-098b-4af0-a433-fd290bc85904,Balance,0.09830930382314275,0.20390271677474894,0.4821382734774687,0.6297077226450404,1.1033039884797593,0.739826173498311,1.6453590513557628,3615.23491053652,False,0.022537056899700987,0.02455980783084083,0.10776302101209516,0.20735953465986964,0.5196916610989607,0.6032784999169933,1.1137837707587437,0.7418103459607511,1.672279572211845,3609.5150404342107,False,0.024542594658673745,0.02684454076199333,0.0960361207319356,0.20797618570676982,0.46176498720550163,0.6442498617587792,1.100798824935148,0.7322764273947283,1.6547822757175998,3606.22506937926,False,0.021754419814769842,0.023991195542274912,111,0.9187714246411036,False,False,0.9261193606096347,False,False,0.9355465701707036,False,False,3606.22506937926,5.7198701023094145,3.289971054950911,0.012984945823595773,1.1059621947245504,0.011740858670878698,low,2.253705689970099,2.455980783084083,0.045074113799401974,0.04911961566168166,2.4542594658673744,2.6844540761993327,0.04908518931734749,0.05368908152398666,2.1754419814769843,2.3991195542274912,0.043508839629539685,0.047982391084549825
1fc6d14a-1328-4032-ad9e-cd85cd365bd3,Endurance,0.03748920152021715,0.1749713358435829,0.2142591032952445,0.8303450082860669,1.0382007860310956,0.7367883419326439,1.4629179246895863,3615.4221474426035,False,0.008595331619486583,0.009371371881880919,0.09173592840605167,0.1845824966388933,0.4969914811885908,0.6191950586730384,1.096075341498183,0.7633445590689902,1.5738386289221964,3609.538979215963,False,0.020885029893565273,0.022844547929733616,0.09512764105175242,0.1851441718625516,0.5138030546398934,0.6073896920687158,1.0997992256972733,0.7650952555878986,1.5809251567177711,3606.1749548852013,False,0.02153702619010357,0.023764956096371304,148,0.9483563707650798,False,False,0.9261193606096347,False,False,0.9312862544381997,False,False,3606.1749548852013,5.883168226640464,3.364024330761822,0.06159843966617773,1.078025117742184,0.05714007832692202,low,0.8595331619486583,0.9371371881880919,0.017190663238973166,0.018742743763761838,2.0885029893565275,2.284454792973362,0.041770059787130547,0.04568909585946723,2.1537026190103568,2.3764956096371304,0.04307405238020714,0.04752991219274261
377cee38-e769-47b0-abd5-0f528600f36a,Badlands,0.07769769487141794,0.1445514137411634,0.5375090624194444,0.5909160267466607,1.080795879141793,0.8141398872700787,1.4347899551841703,3615.179022515565,False,0.01781057336248276,0.019416860818029014,0.10488688140539251,0.14670262015309826,0.7149625636947247,0.47463217605586006,1.1105849754384027,0.833059463928595,1.4805653630690132,3609.2744147019284,False,0.023880237960450842,0.02611719291436071,0.09488912274397182,0.14729441777819052,0.6442139775240131,0.5194366882988906,1.099536934728904,0.8238161144096228,1.4675380217579683,3606.023654143177,False,0.02148821574655297,0.023708217840759827,224,0.8978154666059741,False,False,0.9228613724240062,False,False,0.9312862544381997,False,False,3606.023654143177,5.9046078136366305,3.250760558751608,0.02978909629660964,1.0969725964363664,0.027155734239289776,low,1.7810573362482758,1.9416860818029014,0.03562114672496552,0.03883372163605803,2.388023796045084,2.6117192914360707,0.047760475920901685,0.05223438582872142,2.148821574655297,2.3708217840759827,0.04297643149310594,0.04741643568151965
a8069994-b103-40dc-9e14-062004914ec8,Cathar Commando,0.1908894602822115,0.15624780342117622,1.2217097207290422,0.22181741896412466,1.2103256556301192,0.8910486651544005,1.644004699140246,3613.972477609096,False,0.0436718871457824,0.04760589469576354,0.08902939972316579,0.16155183539115728,0.5510887543159346,0.5815728340614438,1.0931127930674274,0.7964330585720516,1.500308865267391,3609.481995155666,False,0.02027675920153282,0.022170777484309068,0.09422861080354997,0.16220663993388362,0.5809170995833346,0.561296327166296,1.098810917252582,0.7995578405135522,1.5100664025731556,3606.101162762482,False,0.021341154181270985,0.02353940567041446,191,0.7434784846686993,False,False,0.9261193606096347,False,False,0.9312862544381997,False,False,3606.101162762482,4.490482453430104,3.380832393183937,0.11721286256269181,1.134083121983376,0.10335473678305035,low,4.36718871457824,4.760589469576354,0.0873437742915648,0.09521178939152708,2.027675920153282,2.2170777484309068,0.04055351840306564,0.044341554968618135,2.1341154181270987,2.353940567041446,0.04268230836254197,0.04707881134082892
2bf2da97-3331-4614-b4ff-f03d061500a7,Fire Covenant,0.08299350163925631,0.16004247272515992,0.51857172802985,0.604059428696141,1.0865347478305445,0.7939857659569461,1.4868752172406083,3615.1985985181764,False,0.019031567386023053,0.020738680665588094,0.08297898788032357,0.16130224678072386,0.5144316929021217,0.6069502058808496,1.0865189782415807,0.7920162134813458,1.4905294487471166,3609.5207849688713,False,0.018905642471812516,0.020654762835940255,0.0938917274008837,0.1621158214769856,0.5791644920617005,0.5624781873113098,1.09844080843715,0.7994308174727213,1.5092890882721457,3606.1027507903495,False,0.021272483090872773,0.02345774202490697,183,0.9013593712311545,False,False,0.9261193606096347,False,False,0.9312862544381997,False,False,3606.1027507903495,5.677813549305029,3.4180341785217934,0.01192183019556925,1.0904981781697585,0.01093246227662507,low,1.9031567386023054,2.073868066558809,0.038063134772046106,0.04147736133117619,1.8905642471812516,2.0654762835940255,0.03781128494362503,0.04130952567188051,2.1272483090872774,2.3457742024906967,0.042544966181745546,0.04691548404981394
fa87bf1e-2062-4983-b1c4-98bffea69a4c,Pyrogoyf,0.19652824972863694,0.15403562278941363,1.275862337358912,0.20200418674490628,1.2171697051063934,0.8999810504467861,1.6461480942218827,3613.8284102406806,False,0.0450352725438416,0.04900640400452716,0.07191331046049566,0.1579376508002012,0.4553272135943664,0.6488738509243208,1.0745621867248527,0.7884829587051514,1.4644373481896444,3609.5780742886436,False,0.01639195150629158,0.017897635185519067,0.09113388344916469,0.1587823453025191,0.5739547635194102,0.5659984131328579,1.0954156534673176,0.8024549895462558,1.495330541267776,3606.108422241561,False,0.020658192659867746,0.022768465323149523,207,0.7195825262322765,False,False,0.9261193606096347,False,False,0.9312862544381997,False,False,3606.108422241561,4.250335952036949,3.4696520470824908,0.14260751838154073,1.1290491817661878,0.12630762298455214,low,4.50352725438416,4.9006404004527155,0.0900705450876832,0.09801280800905432,1.639195150629158,1.7897635185519067,0.03278390301258316,0.035795270371038135,2.0658192659867747,2.276846532314952,0.04131638531973549,0.045536930646299045
19557351-b65f-4b04-b971-66abdc07000a,Stoneforge Mystic,0.16257021955995699,0.20057583057902909,0.810517494010339,0.4176428147173591,1.1765309310323997,0.7940900521381699,1.7431587613379564,3614.808479583294,False,0.037229582606577716,0.04056378586809356,0.08195425813658255,0.2048760537132523,0.40001872669456534,0.6891427238661416,1.0854061601936922,0.726437515572509,1.6217589363593696,3609.6256166940457,False,0.018668282216952947,0.020405023639805286,0.09025717940007491,0.20592723728039156,0.4382964613718402,0.6611713907710071,1.0944557189791972,0.7309865596380156,1.6386530025934247,3606.2464016795802,False,0.020444660103079184,0.02254908094695285,113,0.8492919433429224,False,False,0.9305750602745201,False,False,0.9355465701707036,False,False,3606.2464016795802,5.182862889248099,3.3792150144654443,0.09112477083870751,1.118797603401763,0.08144884343838228,low,3.7229582606577716,4.056378586809356,0.07445916521315543,0.08112757173618712,1.8668282216952947,2.0405023639805284,0.03733656443390589,0.04081004727961057,2.0444660103079184,2.254908094695285,0.04088932020615837,0.0450981618939057
96c5607b-55fe-43c2-93fe-0084d84499d9,Deep Forest Hermit,0.16192501336994744,0.2339282473656514,0.6921994893453107,0.4888120593614469,1.1757720708299355,0.7433603552766299,1.85971709781222,3614.9902415314746,False,0.03705081208080032,0.04040063391910137,0.11596779193542031,0.249401352852903,0.464984614593563,0.641942474471411,1.1229597031921512,0.6887624381512685,1.8308758218264665,3609.5699839289564,False,0.026391050408264755,0.02889826337670176,0.08940494757632873,0.2504275234317182,0.35700927099055857,0.721084865242549,1.093523386324011,0.6693601664330077,1.7864723005700585,3606.3115493319747,False,0.020242661167558535,0.02233641184616514,84,0.8622992302965494,False,False,0.9261193606096347,False,False,0.9359977713822368,False,False,3606.3115493319747,5.420257602518177,3.258434596981715,0.08224868450592449,1.1307517201153658,0.07273805826935466,low,3.705081208080032,4.040063391910137,0.07410162416160064,0.08080126783820274,2.6391050408264753,2.889826337670176,0.05278210081652951,0.05779652675340352,2.0242661167558533,2.2336411846165136,0.04048532233511707,0.04467282369233028
01c6f877-6b00-4d57-8a88-36cd3b16edbc,Llanowar Elves,0.13804754619005802,0.152444723513228,0.9055580475901437,0.36516982247073637,1.1480301334354743,0.8515099344944245,1.5478071762702412,3614.6496095763378,False,0.03158532964315206,0.03446841204161394,0.09652437533864085,0.16846922278365464,0.5729496090962314,0.5666788134847494,1.1013364262649612,0.7916188117555772,1.5322297876273663,3609.4579377472046,False,0.021965283804175482,0.024039764513750894,0.08908202078317327,0.16998417933926407,0.5240606574649416,0.6002363513719722,1.0931703153347343,0.7834194967408293,1.525391368609734,3606.1644512275907,False,0.02016323310060746,0.022256244817147663,205,0.8146096039731812,False,False,0.9261193606096347,False,False,0.9312862544381997,False,False,3606.1644512275907,5.191671829133156,3.293486519613907,0.05485981810074003,1.1141789583450565,0.04923788740565156,low,3.158532964315206,3.4468412041613936,0.06317065928630412,0.06893682408322788,2.1965283804175484,2.4039764513750894,0.043930567608350964,0.04807952902750179,2.016323310060746,2.2256244817147666,0.04032646620121492,0.04451248963429533
e41cf82d-3213-47ce-a015-6e51a8b07e4f,Questing Beast,0.21476825015612433,0.15153705822876137,1.4172655366709621,0.15640530717546222,1.239574592457686,0.9210468421041257,1.6682595282085877,3613.4617109836036,False,0.04903117879280018,0.05352935826822047,0.09832543111340179,0.16551273359004098,0.5940656587603971,0.5524681985789597,1.1033217819269052,0.7976546642816255,1.5261227809288738,3609.4331077200804,False,0.022378321136632188,0.024491455807112927,0.08823829802512215,0.16578506364944418,0.5322451617939707,0.5945562076397177,1.0922483716483873,0.7892276841267176,1.5116125921110057,3606.155665827825,False,0.019975309747468025,0.022045515143557792,215,0.6488138646109055,False,False,0.9261193606096347,False,False,0.9312862544381997,False,False,3606.155665827825,4.0286032635231095,3.2774418922554105,0.1473262208092987,1.1450482486776596,0.12866376677090768,low,4.9031178792800185,5.352935826822048,0.09806235758560036,0.10705871653644095,2.237832113663219,2.449145580711293,0.044756642273264376,0.048982911614225855,1.9975309747468024,2.2045515143557792,0.03995061949493605,0.044091030287115585
064dfdeb-485f-473e-9fa0-8fdb7638cdc6,Dismember,0.005550188503183312,0.14711307701201096,0.037727363303876583,0.9699050587615424,1.005565619334192,0.7536769564965992,1.3416387565930838,3615.4666208701783,False,0.0012727509709048546,0.0013875443469414939,0.03675092855990186,0.14866066655609236,0.24721353274731264,0.8047429726701765,1.0374345933278692,0.7752079384882947,1.3883636660534695,3609.7247518222684,False,0.00837437053164686,0.009134792544055748,0.08761609077595926,0.15031106613561598,0.5828984720054404,0.5599616493179168,1.0915689781773512,0.8130248542650838,1.4655429386549295,3606.098546458916,False,0.019851284496527816,0.021892575299134742,219,0.9880381961872368,False,False,0.9456496504519618,False,False,0.9312862544381997,False,False,3606.098546458916,5.741869047909859,3.6262053633522555,0.08600335884315924,1.0448563969464708,0.08231117605682352,low,0.12727509709048546,0.1387544346941494,0.002545501941809709,0.0027750886938829877,0.837437053164686,0.9134792544055748,0.01674874106329372,0.018269585088111495,1.9851284496527817,2.1892575299134744,0.03970256899305563,0.043785150598269484
1a6f256b-943e-4cfb-9fc9-d1ded68b5f97,Chart a Course,-0.09291299496156713,0.20015827657346563,-0.46419761676687177,0.6425061685337363,0.9112727821705648,0.6155597779927406,1.3490453944745475,3615.252657914435,False,-0.02129115015151333,-0.02321351706601743,0.03243116762084214,0.20396712616782794,0.15900193443014524,0.8736673497667669,1.0329627894105045,0.692571082715333,1.5406535891209068,3609.760624869983,False,0.007388457535040701,0.008060214935913412,0.0866439282911621,0.2058642099847313,0.42087902650775666,0.673843421159783,1.09050831142095,0.7284400688198143,1.6325411357517345,3606.261707471595,False,0.019621017027142276,0.021650378940076764,111,0.9187714246411036,False,False,0.9674394519612364,False,False,0.9355465701707036,False,False,3606.261707471595,5.4920330444520005,3.49891739838813,0.1792355292503851,1.0115812943340063,0.17718351481418823,low,-2.129115015151333,-2.3213517066017433,-0.04258230030302666,-0.04642703413203486,0.7388457535040701,0.8060214935913412,0.014776915070081402,0.016120429871826825,1.9621017027142276,2.1650378940076767,0.03924203405428455,0.04330075788015353
21c950d7-b4f6-4902-8c9a-98f2933f9fa5,Adanto Vanguard,0.2822087452759208,0.1600216674064351,1.7635658336139306,0.07780510427455473,1.3260554989186477,0.9690551805500004,1.8145748781966853,3612.3509390900863,False,0.06433613523400727,0.07017360705075043,0.08784453979095577,0.17402757002248037,0.5047736963724097,0.6137177925228054,1.0918183745213064,0.7762741792299611,1.5356267087549402,3609.5310759118884,False,0.020004790742998536,0.021874897123994486,0.08650121973944797,0.17443988358359022,0.49587982955742604,0.6199791978866686,1.090352697663166,0.7746058558564575,1.5348050835309628,3606.1929479452288,False,0.01959039101169387,0.02161183149829038,191,0.5391774096873768,False,False,0.9261193606096347,False,False,0.9312862544381997,False,False,3606.1929479452288,2.81986317819792,3.338127966659613,0.23570280125548182,1.1694088570343733,0.20155722255535613,low,6.4336135234007275,7.017360705075043,0.12867227046801455,0.14034721410150086,2.0004790742998537,2.1874897123994486,0.04000958148599707,0.04374979424798897,1.959039101169387,2.161183149829038,0.03918078202338774,0.04322366299658076
8a720448-017f-4f4a-9501-678245eaed17,Mishra's Bauble,-0.010157227898957205,0.16028907117296468,-0.06336818739186995,0.9494733191047015,0.9898941825306224,0.7230160865135246,1.3552817300831101,3615.4640293304083,False,-0.00232904193166675,-0.002539289158042357,0.06973804955459473,0.1631432182214177,0.4274652070424795,0.66904052180269,1.0722272740519259,0.7787831370790473,1.4762406535057406,3609.6030547546175,False,0.015885955805057323,0.01734761616363678,0.0861907209497064,0.16385006421782203,0.5260340992916828,0.5988645149536982,1.0900141970248889,0.7906061059873387,1.5028102372571868,3606.161916768784,False,0.019522637674093846,0.02153870501073818,178,0.9833830805012979,False,False,0.9261193606096347,False,False,0.9312862544381997,False,False,3606.161916768784,5.860974575790806,3.441137985833393,0.10012001449426644,1.0507118845358123,0.09528779103750012,low,-0.232904193166675,-0.2539289158042357,-0.0046580838633335,-0.005078578316084714,1.5885955805057324,1.734761616363678,0.031771911610114646,0.03469523232727356,1.9522637674093846,2.153870501073818,0.03904527534818769,0.04307741002147636
55a14f30-4ff9-4472-90a6-c3139f1c18e5,"Kaito, Bane of Nightmares",0.10205019147753056,0.2569350783664081,0.39718279079044067,0.691232671668401,1.1074390543354473,0.669286832826583,1.8324299820569818,3615.30975305302,False,0.023390714632123964,0.02549201896950304,0.11207637011924255,0.26472552762991164,0.4233681999717315,0.6720266424813541,1.1185982848674745,0.6657868770820484,1.8793733640296066,3609.606110855131,False,0.025520188616057718,0.02792628078785242,0.08617534215632316,0.2676322703841937,0.3219915970245891,0.7474590604033884,1.0899974340506655,0.645078084807495,1.8417838618585027,3606.334934550893,False,0.01952001885351512,0.02153064708108915,68,0.9254734283166913,False,False,0.9261193606096347,False,False,0.9401612190548336,False,False,3606.334934550893,5.703642197888712,3.271176304237997,0.028600850816808965,1.1053449244178624,0.02587504604670963,low,2.3390714632123966,2.549201896950304,0.04678142926424793,0.05098403793900608,2.552018861605772,2.792628078785242,0.051040377232115436,0.05585256157570484,1.952001885351512,2.153064708108915,0.03904003770703024,0.0430612941621783
b34bf7fd-9fe3-43e2-8cfe-7ce7cff08afe,Stonecoil Serpent,0.049347107277940463,0.18185859145366384,0.27134878194915374,0.7861227907288417,1.050584953141624,0.7355801789959521,1.5004873367770046,3615.3944914082194,False,0.011311383128047164,0.012334632583717031,0.08248543461048674,0.184864657800164,0.44619364021246444,0.6554573764993927,1.0859828555605642,0.7558976506711158,1.5602095885923124,3609.587144575953,False,0.0187770395138292,0.020533171918839577,0.08516435798906041,0.1862417550375681,0.4572785408507417,0.6474708518389756,1.0888960207519984,0.7558823913629905,1.5686230524189324,3606.23011160477,False,0.019279379397204623,0.021280558837766306,138,0.932615257517962,False,False,0.9261193606096347,False,False,0.9355465701707036,False,False,3606.23011160477,5.807346832266376,3.357032971182889,0.038311067610374394,1.0751546098180622,0.035633077569055295,low,1.1311383128047163,1.2334632583717031,0.02262276625609433,0.024669265167434062,1.8777039513829201,2.0533171918839574,0.0375540790276584,0.04106634383767915,1.9279379397204623,2.1280558837766304,0.038558758794409245,0.04256111767553261
89f5cc05-5d9d-4709-b3c5-a6249c294acc,Hexdrinker,0.11073932897618041,0.14077534741818926,0.7866386480810208,0.4314934282759977,1.1171036723399264,0.8477407985823878,1.4720544497116947,3614.849169648097,False,0.02536699448557423,0.027663309068069852,0.09390229679860906,0.1503436325011075,0.6245844618521994,0.5322438203098426,1.098452418356287,0.8180995725910665,1.4748787993755652,3609.395684060567,False,0.0213784801629111,0.023383816133562108,0.08440690746144741,0.15094258116450313,0.5591987814853746,0.5760260646617172,1.0880715481745773,0.8094173981747423,1.462656593022026,3606.126080443989,False,0.019113386483744218,0.02109093807603496,241,0.8565658233931264,False,False,0.9261193606096347,False,False,0.9312862544381997,False,False,3606.126080443989,5.45348558752994,3.2696036165780242,0.02903212416534906,1.1012092129569302,0.02636385876884645,low,2.5366994485574232,2.766330906806985,0.05073398897114846,0.055326618136139705,2.1378480162911098,2.3383816133562108,0.0427569603258222,0.046767632267124215,1.9113386483744217,2.1090938076034957,0.038226772967488436,0.04218187615206992
0d60eabe-b281-4eba-9c26-287364ed2067,Earthshaker Khenra,0.24758169972299063,0.193655468636628,1.278464798675781,0.20108558894919337,1.2809240092455814,0.8763558765232242,1.8722603013415091,3613.8269240615186,False,0.05655606761208607,0.061620767663644604,0.08834515572897772,0.20142725326926886,0.4385958418987004,0.6609544104723717,1.0923650930376003,0.7360536560425387,1.6211610209270986,3609.593311299268,False,0.020121929669352775,0.022000030572286278,0.08213354148958,0.20208800520644188,0.4064246237953457,0.6844306301076782,1.0856007728943433,0.7305490175197609,1.6132100787842307,3606.2735064027725,False,0.01860488611553967,0.020522138148425517,122,0.7195825262322765,False,False,0.9261193606096347,False,False,0.9355465701707036,False,False,3606.2735064027725,4.2336127622506865,3.319804896495498,0.19532323635123805,1.1529632917258417,0.16940976157086807,low,5.655606761208607,6.162076766364461,0.11311213522417214,0.12324153532728921,2.0121929669352774,2.2000030572286278,0.04024385933870555,0.044000061144572555,1.860488611553967,2.0522138148425517,0.03720977223107934,0.041044276296851034
7c59e0cd-10a8-4a32-9c0a-a2c6ef1ed9a6,Unable to Scream,0.025338202320371123,0.33185023962868787,0.07635432883436338,0.939137203793331,1.0256619431220997,0.5352141844952267,1.9655353913333795,3615.462219449547,False,0.0058097693470003835,0.006334226216514305,0.11561500012833384,0.33910120450816605,0.34094541273016815,0.7331446763966623,1.122563602083898,0.5775135574789797,2.1820250354372726,3609.6701649600495,False,0.026311923672263718,0.02880847472570902,0.08207094408036131,0.34144873118954455,0.2403609578352839,0.8100504422221717,1.0855328192253983,0.5558990482842089,2.119776073106321,3606.3812640494016,False,0.018584462751583465,0.02050663316748358,41,0.9819122719358333,False,False,0.9397858381873643,False,False,0.953008748790103,False,False,3606.3812640494016,5.792054489497332,3.2889009106479534,0.09690165896179836,1.0779194548104654,0.08989693852295945,low,0.5809769347000383,0.6334226216514305,0.011619538694000767,0.01266845243302861,2.631192367226372,2.880847472570902,0.052623847344527436,0.05761694945141804,1.8584462751583466,2.050663316748358,0.03716892550316693,0.04101326633496716
abcd0e32-2e6b-419b-9e8a-af38f2b48a66,Monastery Mentor,-0.07609946638695823,0.34541567083200364,-0.2203127212024204,0.8256276134619135,0.9267240240845462,0.47089780585359836,1.8237872551957914,3615.419419968649,False,-0.01744467885768549,-0.019016054020802975,0.02807879343720085,0.3507197911776326,0.0800604760367786,0.9361891573548389,1.0284767184446357,0.5171967079360069,2.0451877286765803,3609.7795029429635,False,0.006396802354363742,0.006978629286860327,0.08090520464679424,0.35296616018959226,0.22921518766370355,0.8187016687507181,1.084268108116625,0.5428574756276782,2.1656463861338113,3606.386438395938,False,0.018321579156322536,0.020215386360638965,37,0.9464937947172035,False,False,0.9851165113081077,False,False,0.953008748790103,False,False,3606.386438395938,5.639917025685463,3.3930645470254603,0.15754408403207876,1.0131562835486023,0.1554983042500384,low,-1.744467885768549,-1.9016054020802975,-0.03488935771537098,-0.03803210804160595,0.6396802354363742,0.6978629286860327,0.012793604708727485,0.013957258573720654,1.8321579156322536,2.0215386360638963,0.03664315831264507,0.04043077272127793
fc310a26-b6a0-4e42-98ab-bdfd7b06cb63,"Beza, the Bounding Spring",0.06544784608069713,0.18016728781870395,0.3632615380576468,0.7164095218932881,1.0676370544046896,0.7500015258074159,1.519795414697077,3615.3360088618624,False,0.01500451942548313,0.01635697171099304,0.08102626855927371,0.1833701646075666,0.4418726935904721,0.658581331413771,1.084399381802063,0.7570096680668981,1.5533778085761225,3609.5905295677403,False,0.01845364046004093,0.020172212142002877,0.08050069160271112,0.18417693158403792,0.43708346593872716,0.6620508177099823,1.0838295962214788,0.7554164485621807,1.5550185541782273,3606.2477081867764,False,0.018232826353690276,0.020114405749577846,139,0.9264388796291327,False,False,0.9261193606096347,False,False,0.9355465701707036,False,False,3606.2477081867764,5.745479294122106,3.342821380963869,0.016762327397373378,1.0786220108094104,0.01554050188980914,low,1.5004519425483132,1.635697171099304,0.03000903885096626,0.03271394342198608,1.845364046004093,2.017221214200288,0.03690728092008186,0.04034442428400575,1.8232826353690275,2.011440574957785,0.03646565270738055,0.04022881149915569
493a5ca7-5f90-4af4-b6db-43ae09a2f2c9,Dark Ritual,-0.07596057802497784,0.16144359472947803,-0.47050846552482134,0.6379917874596986,0.9268527442049157,0.6754406247323994,1.2718453376720262,3615.2466964006007,False,-0.017409643619923483,-0.0189826702819334,0.04830708553475163,0.16626399467402364,0.2905444779518396,0.7713997290067875,1.0494928899304674,0.757622268527657,1.4538053747484274,3609.701489955166,False,0.011004325675229147,0.012009102988339515,0.07929753283083277,0.16669339814435052,0.4757088985741591,0.6342817804684524,1.0825263612920446,0.7808114906115355,1.5008274557721801,3606.2125752445277,False,0.0179587791559825,0.019817681011909394,180,0.9187714246411036,False,False,0.9456496504519618,False,False,0.9350661105799934,False,False,3606.2125752445277,5.545206445434815,3.488914710638255,0.1556736170871289,1.019623998475809,0.15267747455909092,low,-1.7409643619923483,-1.89826702819334,-0.034819287239846966,-0.0379653405638668,1.1004325675229147,1.2009102988339515,0.022008651350458295,0.02401820597667903,1.7958779155982498,1.9817681011909394,0.035917558311965,0.03963536202381879
fe30c0ff-f74b-456a-a61e-3720d84d713f,Parallax Wave,0.05906851350768124,0.14453479423571058,0.40868023384978835,0.6827743412860617,1.0608479206625132,0.7991395575537293,1.4082625495588899,3615.3008271285707,False,0.013547167048756633,0.014763812180398683,0.030601412464919694,0.15000511365026972,0.20400246178450643,0.8383515751400356,1.0310744485482666,0.7684278456286096,1.3834929648852525,3609.7442656305548,False,0.0069731302000078455,0.007606290633696833,0.07828289608592931,0.150772835035527,0.5192108781895844,0.6036136939831055,1.081428547303939,0.8047433594070539,1.4532430609748712,3606.1688632461983,False,0.0177384253224092,0.019560506756106655,227,0.9254734283166913,False,False,0.9509872459496662,False,False,0.9312862544381997,False,False,3606.1688632461983,5.556561498015981,3.5754023843564937,0.050354098755672316,1.0577836388382396,0.04760340102346078,low,1.3547167048756632,1.4763812180398683,0.027094334097513266,0.029527624360797367,0.6973130200007845,0.7606290633696833,0.013946260400015691,0.015212581267393666,1.77384253224092,1.9560506756106655,0.0354768506448184,0.03912101351221331
37dbe1a3-3c44-452b-9fb9-37f5d793d0b5,Memory Jar,-0.00244341924883746,0.20161045582186815,-0.012119506594421521,0.9903302695232766,0.9975595634701364,0.671930804899838,1.4809933930906298,3615.467897491209,False,-0.0005602969540157383,-0.0006108545435399293,0.1013109176984967,0.20587875402203612,0.4920902022151006,0.6226555782869225,1.1066206562281027,0.739181755638151,1.6567092835421595,3609.5439746312927,False,0.023062198873742622,0.025220952828015564,0.07827950427552653,0.2083914633395744,0.3756368088263284,0.7071869220190408,1.0814248793095629,0.718803134120529,1.6269820122871144,3606.2978615519323,False,0.017727058422212148,0.019562741755326518,111,0.994566845642601,False,False,0.9261193606096347,False,False,0.9355465701707036,False,False,3606.2978615519323,5.923922859916274,3.2461130793603843,0.10906109275796627,1.0618683663359338,0.10270679136463096,low,-0.056029695401573834,-0.06108545435399293,-0.0011205939080314766,-0.0012217090870798586,2.306219887374262,2.5220952828015566,0.046124397747485245,0.05044190565603113,1.7727058422212147,1.9562741755326518,0.035454116844424295,0.039125483510653036
df9d9075-2d1e-4848-b661-816d539e05eb,Emperor of Bones,0.01367505072309326,0.15040655063639444,0.09092057935795954,0.9275556979547633,1.0137689819121078,0.7549363872927013,1.3613432416109583,3615.4597755549166,False,0.0031360770936345542,0.0034187206220097077,0.06096650628055991,0.15359697306976233,0.39692518063405774,0.6914226348232764,1.0628633143453592,0.7865621324522725,1.4362227449968794,3609.628172851095,False,0.013892361684643823,0.015163803482061422,0.07792299391355859,0.15411505301364942,0.5056157227331792,0.6131264419075317,1.0810394088505884,0.7992012320913052,1.4622677700708508,3606.1828475140865,False,0.017656688435288937,0.019473637520583564,213,0.9773770150644978,False,False,0.9305750602745201,False,False,0.9312862544381997,False,False,3606.1828475140865,5.831602703821773,3.4453253370083985,0.06727042693848051,1.0525572350360184,0.0639114194452129,low,0.31360770936345544,0.34187206220097077,0.0062721541872691085,0.0068374412440194154,1.3892361684643824,1.5163803482061422,0.027784723369287646,0.030327606964122844,1.7656688435288936,1.9473637520583564,0.035313376870577874,0.03894727504116713
54a3ea87-005e-4985-b2a5-21711d0b71c0,Springheart Nantuko,0.1246194013533647,0.16011927079846264,0.7782910872122284,0.4363974286342098,1.1327172603600375,0.8276090736071375,1.5503073042993323,3614.861481129183,False,0.028552449723884397,0.031122000954102225,0.07675190815163688,0.16355726800740594,0.46926626426751955,0.6388793258895864,1.0797741599928696,0.7836284105355084,1.487838139752434,3609.5654574329146,False,0.017483000656649237,0.01910286679955281,0.07781299044729395,0.16428584901541365,0.4736439012467432,0.6357538637554986,1.0809204973089068,0.783340921433234,1.491546132129546,3606.2142848166395,False,0.017626707369250403,0.0194449049606798,181,0.8611748073935441,False,False,0.9261193606096347,False,False,0.9350661105799934,False,False,3606.2142848166395,5.2960236962685485,3.3511726162751074,0.05294310036716787,1.097803972553938,0.04822636981719124,low,2.85524497238844,3.1122000954102225,0.057104899447768795,0.06224400190820445,1.7483000656649237,1.910286679955281,0.034966001313298474,0.03820573359910562,1.7626707369250403,1.9444904960679799,0.035253414738500806,0.0388898099213596
72c6d541-e2cb-4d6e-acac-90a8f53b7006,Elegant Parlor,0.16202436667287862,0.1779666063110113,0.9104200503195958,0.3626010276303884,1.1758888934719283,0.8296177871217287,1.6666888189413325,3614.6362900694576,False,0.03710777802307937,0.04043091428229306,0.07245837327665755,0.18076287177320127,0.40084765508466413,0.6885322905718789,1.0751480502682016,0.7543967502510157,1.532275065621492,3609.6249724748686,False,0.016507499922149678,0.018031300186404975,0.0769042477569288,0.18189381919420655,0.4227974765586662,0.6724430289308058,1.079938664892195,0.7560803405624162,1.5425179803797036,3606.259800738316,False,0.017423070878052678,0.019218024269568146,148,0.8143262135672359,False,False,0.9305750602745201,False,False,0.9355465701707036,False,False,3606.259800738316,5.011317594588945,3.3651717365528384,0.10074084320372667,1.1103252028774415,0.0907309344529456,low,3.710777802307937,4.043091428229307,0.07421555604615875,0.08086182856458612,1.6507499922149678,1.8031300186404975,0.033014999844299356,0.03606260037280995,1.7423070878052678,1.9218024269568146,0.034846141756105356,0.03843604853913629
ec3de5f4-bb55-4ab9-995f-f3e0dc22c1bb,Voice of Victory,0.17544872831928482,0.1996756935022107,0.8786684310043092,0.37958108026990367,1.1917808824758787,0.805803283867188,1.7626407093037906,3614.6935699708774,False,0.04016052245123737,0.04376330464798389,0.03245864932674511,0.20569036304669505,0.15780345197493023,0.8746116784597084,1.0329911773801648,0.690254808247925,1.5459084961013265,3609.7609904198043,False,0.007395345450144114,0.00806872137944148,0.07646046990532704,0.20592473898971192,0.37130298321828653,0.7104118762445442,1.079459518356801,0.7209741332787226,1.6161923125758348,3606.3008244480734,False,0.01732035113165141,0.019105273309344084,115,0.8193546295793713,False,False,0.9674394519612364,False,False,0.9355465701707036,False,False,3606.3008244480734,4.932579551073104,3.4601659717309303,0.15878970509571388,1.1014105260709481,0.14416940944096746,low,4.0160522451237375,4.376330464798389,0.08032104490247474,0.08752660929596778,0.7395345450144114,0.8068721379441479,0.014790690900288228,0.01613744275888296,1.732035113165141,1.9105273309344084,0.03464070226330282,0.03821054661868817
33ab05b5-d6f5-439c-9aed-1a58ceb282ad,Flametongue Yearling,0.2528186743714494,0.22190744481322,1.1392978481828198,0.2545789455966412,1.2876497717608255,0.8335013830517244,1.9892491703433839,3614.1699244949696,False,0.05771104446670673,0.0629021489914472,0.08561237323690508,0.2279440374943003,0.3755850522698836,0.7072254050727267,1.0893839720692662,0.6968689261209253,1.7029851584966174,3609.644792402995,False,0.019495442495093007,0.02131621672980466,0.0736591332211512,0.22886513587358562,0.3218451466624303,0.7475700103838944,1.0764398203790586,0.6873466470967533,1.6857908477359518,3606.3352561627626,False,0.01668314899351982,0.01840703478816058,93,0.7752566964578506,False,False,0.9305750602745201,False,False,0.9401612190548336,False,False,3606.3352561627626,4.525132091974683,3.309536240232319,0.2112099513817669,1.1511578547363834,0.18347609801101886,low,5.771104446670673,6.290214899144719,0.11542208893341346,0.1258042979828944,1.9495442495093007,2.131621672980466,0.03899088499018601,0.04263243345960932,1.668314899351982,1.8407034788160581,0.03336629798703964,0.03681406957632116
3003d481-1b52-4aa9-bbdc-e948fbc8d49d,Sylvan Library,0.1248944456736657,0.20132642418917995,0.6203579394839219,0.5350221572156637,1.133028850657613,0.7636044605010414,1.6811771575825687,3615.082406094118,False,0.028615870843278324,0.03118780944616706,0.0965369687419205,0.21840966734508943,0.44199952280221705,0.6584895512423263,1.1013502959260566,0.7178131509444441,1.689816455355374,3609.590290614636,False,0.021985296211737466,0.024045271672327728,0.07104893174988677,0.2191732716987281,0.3241678659045134,0.7458109488791467,1.073633759361652,0.6987021887818692,1.6497578907698212,3606.3336750062144,False,0.016095317918177112,0.01775470217127073,113,0.8661645118030283,False,False,0.9261193606096347,False,False,0.9401612190548336,False,False,3606.3336750062144,5.492115479481981,3.2566156084217255,0.05939509129596088,1.1026709686484404,0.05386474568090089,low,2.8615870843278324,3.118780944616706,0.05723174168655665,0.06237561889233412,2.1985296211737464,2.404527167232773,0.04397059242347493,0.048090543344655456,1.6095317918177112,1.775470217127073,0.032190635836354224,0.03550940434254146
2573e694-eaa0-42ca-b470-2ab507cbcec1,Moonshadow,-0.12705609082804975,0.47982898943678665,-0.26479452810299264,0.7911677524230645,0.8806842729016175,0.34385992127886156,2.255583569180356,3615.3971583723624,False,-0.02911053483744069,-0.03172225114334021,-0.006605593568590806,0.4851746545291499,-0.013614877667097786,0.9891372349091228,0.9934161754058998,0.38383292337797403,2.571107472680955,3609.7857223405845,False,-0.0015050173768122682,-0.0016395201843449336,0.07003487124258645,0.4857147304859312,0.14418930875849773,0.8853509830993284,1.0725455815992755,0.4139682493414309,2.778846026085793,3606.4182021657957,False,0.015860890922049318,0.017501563897502903,20,0.9339980369312991,False,False,0.9915467547433809,False,False,0.9744704714971155,False,False,3606.4182021657957,5.611436031777885,3.3675201747887513,0.19186130869765794,0.9822153433022643,0.1953352795860521,low,-2.911053483744069,-3.1722251143340205,-0.05822106967488138,-0.06344450228668042,-0.15050173768122682,-0.16395201843449336,-0.0030100347536245364,-0.0032790403686898673,1.5860890922049318,1.7501563897502903,0.031721781844098636,0.035003127795005806
60d0e6a6-629a-45a7-bfcb-25ba7156788b,Elvish Mystic,0.12145860453777682,0.15238250378675713,0.797063977290628,0.4254138760049254,1.1291426235768849,0.8376029454603752,1.5221568540178994,3614.832601592919,False,0.027818485074577015,0.03033495611771697,0.07817024307260051,0.1643289793760925,0.4756935956724694,0.6342926842021587,1.0813067279811712,0.7835545810450258,1.4922052250884086,3609.5596048809202,False,0.017801418123329946,0.01945933505376579,0.06895168135457072,0.16492667379797482,0.4180747708465421,0.6758924502889242,1.0713844400527726,0.7754555628557042,1.4802455142110915,3606.264060626505,False,0.015617178880330903,0.01723136142896231,205,0.854950479585682,False,False,0.9261193606096347,False,False,0.9355465701707036,False,False,3606.264060626505,5.272996711998985,3.29554425441529,0.05775818352411233,1.0939445972036095,0.052798088378293015,low,2.7818485074577017,3.033495611771697,0.05563697014915403,0.06066991223543394,1.7801418123329946,1.9459335053765792,0.03560283624665989,0.03891867010753158,1.5617178880330902,1.723136142896231,0.031234357760661805,0.03446272285792462
f3405184-dcda-4bb6-ade6-c2a87bc3296d,Sleight of Hand,-0.09092307024460489,0.2892050181786388,-0.3143896700590537,0.7532251008096698,0.9130879518302109,0.5180078378385174,1.6094922641641465,3615.3689230735945,False,-0.020841427672260684,-0.022716007045383957,0.05070282593449177,0.2928126103205237,0.17315793154874903,0.8625272898292068,1.0520102166727705,0.5926152617496218,1.8675278336849144,3609.75597503381,False,0.01154849922689844,0.012610062877308204,0.06805216559925187,0.29312328096756546,0.23216226761183784,0.816411983204132,1.0704211461829005,0.6026193963121014,1.9013683217094706,3606.385086625409,False,0.015411798858134552,0.017007081571618787,55,0.9264388796291327,False,False,0.9636611429080082,False,False,0.953008748790103,False,False,3606.385086625409,5.612948039784442,3.3708884084012425,0.15733319435268966,1.0118397715619605,0.1554922021989875,low,-2.0841427672260684,-2.271600704538396,-0.04168285534452137,-0.045432014090767914,1.1548499226898439,1.2610062877308204,0.02309699845379688,0.025220125754616407,1.541179885813455,1.7007081571618787,0.030823597716269104,0.034014163143237575
93f99e67-901f-4c8d-8a09-e443b7eb928f,Archangel Elspeth,0.17940500714628815,0.17010001248258233,1.0547030804283957,0.2915611425155977,1.1965052392217372,0.8572797216466471,1.669962267082707,3614.3538125639698,False,0.04105169910888542,0.044750897206134344,0.0821154638378468,0.17486474388369638,0.469594167549648,0.6386449924694895,1.0855811479590365,0.7705741179964553,1.5293615517066728,3609.565223084811,False,0.0187021645902671,0.02044515651546913,0.06801928266935584,0.1750170253639295,0.3886438049550716,0.6975396575841943,1.0703859481781013,0.7595614231744547,1.5084047755726857,3606.28773516638,False,0.015408224701282008,0.016998093420668825,164,0.7960042095188636,False,False,0.9261193606096347,False,False,0.9355465701707036,False,False,3606.28773516638,4.788589479158873,3.2774879184307792,0.12611929104363595,1.1174907784529584,0.11285935729888892,low,4.1051699108885416,4.475089720613434,0.08210339821777084,0.08950179441226869,1.8702164590267099,2.044515651546913,0.0374043291805342,0.04089031303093826,1.5408224701282007,1.6998093420668825,0.030816449402564016,0.03399618684133765
b277752b-430a-4f09-8a98-b72f813dd52e,Bountiful Landscape,0.05506521464916542,0.2106126509342883,0.26145255000064505,0.7937435367834238,1.0566095188477655,0.6992579475234959,1.5965834629032853,3615.3997108875756,False,0.012623604406184007,0.01376319575899615,0.031885033852497,0.21188408677066026,0.15048338144906945,0.8803832611187927,1.0323988075685455,0.6815349288792504,1.5638924033162709,3609.7632660783497,False,0.007263807811589366,0.007924903232621017,0.06795423061535726,0.21351230421423673,0.31826845232850126,0.7502813124722472,1.0703163196383654,0.7043147845293536,1.626512816779401,3606.337608384755,False,0.015390723477337836,0.0169829209313323,100,0.9348988978063771,False,False,0.9701347540625471,False,False,0.9401612190548336,False,False,3606.337608384755,5.63644480922585,3.4256576935945304,0.03791751206981986,1.0531082153515587,0.03600533308645956,low,1.2623604406184006,1.376319575899615,0.025247208812368013,0.0275263915179923,0.7263807811589366,0.7924903232621017,0.014527615623178732,0.015849806465242033,1.5390723477337835,1.6982920931332302,0.030781446954675672,0.0339658418626646
cda40e31-ba99-4565-ad92-7c687ff44bd9,"Daretti, Scrap Savant",0.05532354295593413,0.5137019549236527,0.10769579991992909,0.9142370013147929,1.0568825062543545,0.38614887834108136,2.892668332548801,3615.456478824669,False,0.012682902312169073,0.013827422007485934,0.044606300442395136,0.5102098271535102,0.08742736432823382,0.9303318190626313,1.0456161202592058,0.38465634227638484,2.84231130695966,3609.7782819662007,False,0.010161041395176353,0.011092697223891834,0.0677178719142358,0.5085121210563188,0.13316864851435053,0.8940600048369403,1.070063370957755,0.3949619351805292,2.899103725887157,3606.421195819856,False,0.015337496434766052,0.0169233136014888,17,0.9744303611469421,False,False,0.981853359675277,False,False,0.9783437634350071,False,False,3606.421195819856,5.6781968584682545,3.3570861463445,0.02444725069854914,1.0575206658237717,0.023117515797675296,low,1.2682902312169073,1.3827422007485934,0.025365804624338146,0.02765484401497187,1.0161041395176353,1.1092697223891834,0.020322082790352705,0.02218539444778367,1.5337496434766051,1.6923313601488799,0.030674992869532104,0.0338466272029776
a87606cc-fbf0-4e2c-9798-f1c935d0573d,Esika's Chariot,0.12428341281095875,0.25250680557072136,0.49219826978544473,0.6225791874804125,1.1323367442668746,0.6902993560643358,1.8574354606487646,3615.2254334432864,False,0.02847216186978488,0.031033875140433154,0.04840094728184724,0.2579806235024856,0.18761466122815582,0.8511787323390532,1.049591401789856,0.6330277146474724,1.740274691329573,3609.7506876892794,False,0.011026209595902284,0.012038430621846119,0.06704760350271104,0.2598126754520687,0.25806132586121744,0.7963595783593032,1.0693463815963753,0.64263058329364,1.7794075065219166,3606.3722213996416,False,0.015187751463848867,0.01675561561381711,68,0.9187175178084849,False,False,0.9541785117145353,False,False,0.953008748790103,False,False,3606.3722213996416,5.474745754007017,3.3784662896377995,0.08274534247701859,1.0837581758843686,0.07635037439002175,low,2.8472161869784878,3.103387514043315,0.05694432373956976,0.06206775028086631,1.1026209595902285,1.203843062184612,0.02205241919180457,0.024076861243692238,1.5187751463848866,1.675561561381711,0.030375502927697733,0.03351123122763422
69c68c95-b788-43b1-9f22-1b22c5a00b25,Deep-Cavern Bat,0.04471770606196006,0.14709420173800183,0.30400726564062264,0.7611223558000765,1.0457326142598329,0.7838113368649254,1.395178468457337,3615.375591350944,False,0.010253916809756973,0.011177970070038679,0.06907353204391978,0.14949564326855105,0.46204377956244136,0.6440499256059974,1.0715149969394127,0.7993647503888036,1.4363210137895408,3609.572326665794,False,0.01573444143199982,0.01718601193348851,0.06654566836051021,0.15036873642241255,0.44254989397245165,0.6580913338436647,1.0688097737507005,0.7959833145107075,1.43514859123301,3606.242925879436,False,0.015075149130177615,0.016631569034930793,218,0.9264388796291327,False,False,0.9261193606096347,False,False,0.9355465701707036,False,False,3606.242925879436,5.80326468514977,3.329400786358292,0.025782382679579774,1.062019128316649,0.024276759233561155,low,1.0253916809756973,1.1177970070038679,0.020507833619513947,0.022355940140077357,1.573444143199982,1.718601193348851,0.03146888286399964,0.03437202386697702,1.5075149130177614,1.6631569034930793,0.03015029826035523,0.033263138069861586
345a1c80-41d6-43b1-83ab-1aa56dd06b1b,Bitter Reunion,0.08235646006893854,0.30205240195859523,0.27265619983458306,0.7851175068017502,1.0858428004516048,0.6006960289993426,1.9628140196909374,3615.393773233639,False,0.018875385103582474,0.0205780857385241,0.11213586712837649,0.30409236823102215,0.3687559401135174,0.7123096483695674,1.1186648400997454,0.6163839743826568,2.030245879978868,3609.650115166298,False,0.02552422414283616,0.027933114496091316,0.06610433371595043,0.30615438726367716,0.21591829634313783,0.8290514350597782,1.0683381750431789,0.5862797200526452,1.9467609354662696,3606.392278266028,False,0.014972583793678312,0.016520891648565184,49,0.932615257517962,False,False,0.9305750602745201,False,False,0.9550557982467566,False,False,3606.392278266028,5.74365806734113,3.257836900269922,0.05032666505656658,1.0909486051981763,0.046131105367172166,low,1.8875385103582474,2.0578085738524097,0.03775077020716495,0.0411561714770482,2.5524224142836163,2.7933114496091314,0.05104844828567232,0.05586622899218263,1.4972583793678311,1.6520891648565184,0.029945167587356623,0.03304178329713037
825969b9-3c70-4fca-8cab-696e9ca7cdb2,Prismatic Ending,0.06803784034739131,0.17323876186862314,0.39274028291075125,0.6945113149404735,1.0704058122402162,0.7622275598417493,1.5031844336821367,3615.3134003609475,False,0.015604997187721568,0.017003948312918182,0.03896531069396557,0.17624865336097223,0.2210814661611133,0.8250290010790058,1.0397344153592405,0.7360317299086935,1.468751428170805,3609.7369627883204,False,0.008879501876683526,0.009688482864559644,0.06530013072818018,0.1771631201763122,0.3685876082064579,0.7124351334506239,1.0674793596680916,0.7543192554920517,1.510649734871319,3606.302702152573,False,0.01479848810323482,0.0163191186366759,155,0.9254734283166913,False,False,0.9504220098785784,False,False,0.9355465701707036,False,False,3606.302702152573,5.576437572627128,3.4342606357472505,0.030671396880975754,1.0592065290891828,0.028956956021929214,low,1.5604997187721568,1.7003948312918182,0.031209994375443136,0.034007896625836365,0.8879501876683525,0.9688482864559644,0.01775900375336705,0.01937696572911929,1.479848810323482,1.63191186366759,0.02959697620646964,0.0326382372733518
68924203-c3d9-41ce-8ca8-c6dd491eb3ca,Psychic Frog,-0.055843707643168705,0.14805570294175582,-0.3771803890940781,0.7060395531136112,0.9456869279795069,0.707489220651549,1.2640811190419359,3615.325868129813,False,-0.0127990162778352,-0.01395808450103908,0.06104578833343288,0.15311483797557285,0.3986928317369987,0.6901195503318034,1.0629475836713222,0.787368194701108,1.4349799410701454,3609.6268515038564,False,0.013907680020209503,0.015179917010999244,0.06427131775034134,0.1532587825783366,0.41936466327787597,0.6749496451735513,1.0663816877956436,0.7896891467342378,1.4400222021141553,3606.26288342771,False,0.014561392378887846,0.016064500104298718,218,0.9264388796291327,False,False,0.9305750602745201,False,False,0.9355465701707036,False,False,3606.26288342771,5.699016625956574,3.363968076146193,0.12069475981613664,1.0250053998154909,0.11775036486428526,low,-1.27990162778352,-1.395808450103908,-0.0255980325556704,-0.02791616900207816,1.3907680020209503,1.5179917010999244,0.027815360040419006,0.03035983402199849,1.4561392378887845,1.6064500104298718,0.02912278475777569,0.032129000208597436
4e117771-5a8b-4812-b487-32ba34b7f724,Giver of Runes,0.21479894132341304,0.14546442237085064,1.4766424519653283,0.13977150581947628,1.2396126370326832,0.9321035861605824,1.648571588722963,3613.2794862564897,False,0.04913343257813258,0.05354011725123098,0.06780401637668135,0.15608324880510052,0.43440930974820685,0.6639912384706446,1.0701555549621427,0.7881087813280356,1.453140656403433,3609.5971344796963,False,0.015448826167887545,0.016872890027833765,0.06383164681209934,0.15711265134234367,0.40627948333079894,0.6845372584813059,1.0659129338147488,0.7834021213964187,1.45030291780208,3606.2737548823416,False,0.014463547629061975,0.015952828283936904,224,0.6488138646109055,False,False,0.9261193606096347,False,False,0.9355465701707036,False,False,3606.2737548823416,3.682351776793439,3.3233795973546876,0.17369970321793438,1.125227041936525,0.15436858228984238,low,4.913343257813258,5.354011725123097,0.09826686515626516,0.10708023450246196,1.5448826167887544,1.6872890027833765,0.03089765233577509,0.03374578005566753,1.4463547629061975,1.5952828283936904,0.02892709525812395,0.03190565656787381
98e7bf8f-dba7-4005-8cee-634c9153931d,Phantasmal Image,0.028905985838670628,0.17436853153240273,0.165775243873629,0.8683338290559053,1.0293278185344552,0.7313549744286576,1.4487024701467373,3615.4405653598587,False,0.0066278303365192625,0.007226071331305095,0.08654398105986379,0.17590044889918766,0.4920054587777886,0.6227154845717011,1.0903993235811227,0.772424585609252,1.539270897143138,3609.5439076457624,False,0.01970519245857561,0.021542312928880036,0.06271999460210298,0.17727001209778506,0.35381051684875836,0.7234808913628817,1.0647286677141807,0.7522179054588074,1.5070727878525547,3606.313709340875,False,0.014205961885497151,0.01567587696098266,152,0.9541142147195295,False,False,0.9261193606096347,False,False,0.9367546699478057,False,False,3606.313709340875,5.896657714096364,3.230198304887381,0.061071505046667474,1.0614852699432529,0.057534010858136884,low,0.6627830336519263,0.7226071331305095,0.013255660673038525,0.01445214266261019,1.970519245857561,2.154231292888004,0.03941038491715122,0.04308462585776007,1.4205961885497151,1.567587696098266,0.028411923770994302,0.03135175392196532
1453f92e-df2d-4789-aa1b-a5b5c51567d4,Preordain,-0.05934038976373252,0.15065146067321109,-0.3938918978850927,0.6936608523811645,0.9423859360299313,0.7014418668284867,1.266093876663569,3615.3128036519124,False,-0.013605954436994023,-0.01483165038835177,0.07708478743179563,0.1573383651472358,0.48993001395216224,0.6241834235428898,1.0801336542687605,0.7935026429615782,1.4703022370909455,3609.545986474214,False,0.017549670679738828,0.019171608904725967,0.06251340698624812,0.15780365539491928,0.39614676117484177,0.6919967636267945,1.0645087306761019,0.7813111901647268,1.450355315462374,3606.281998413846,False,0.01415663785117387,0.015625535421860348,208,0.9254734283166913,False,False,0.9261193606096347,False,False,0.9355465701707036,False,False,3606.281998413846,5.766817177698613,3.263988060367865,0.13774771823882925,1.0290094403249312,0.13386438728427266,low,-1.3605954436994023,-1.483165038835177,-0.027211908873988045,-0.02966330077670354,1.7549670679738827,1.9171608904725967,0.035099341359477655,0.038343217809451935,1.415663785117387,1.5625535421860348,0.02831327570234774,0.031251070843720696
f823be95-bef4-4e86-a924-239be62394bf,Izzet Signet,-0.09640982102719717,0.28118465808442317,-0.3428701326878616,0.7316961619247265,0.9080917846918016,0.5233359073207652,1.575719681927549,3615.35060480678,False,-0.022091926514537036,-0.024084914352795805,0.07646415433954835,0.29035366744592045,0.2633483331282189,0.7922821095356967,1.079463495561718,0.6110178939811884,1.9070496129957817,3609.716529294432,False,0.017414637406655446,0.019027422815346806,0.06226881994845025,0.29284472709570025,0.21263425353771556,0.8316122518944917,1.0642483974773165,0.5994715000610479,1.889371974176744,3606.3936449378225,False,0.014105158825188077,0.01556335959963251,56,0.9264388796291327,False,False,0.9456496504519618,False,False,0.9553482897716276,False,False,3606.3936449378225,5.634075512348318,3.322884356609393,0.17137171086991632,1.0172678925769454,0.16846271480740152,low,-2.2091926514537037,-2.4084914352795805,-0.04418385302907407,-0.04816982870559161,1.7414637406655447,1.9027422815346806,0.03482927481331089,0.03805484563069361,1.4105158825188078,1.556335959963251,0.028210317650376154,0.03112671919926502
f3537373-ef54-4578-9d05-6216420ee349,Esper Sentinel,0.1410667325849168,0.1548248492486019,0.9111375420001623,0.3622229078637219,1.151501488091682,0.8501096209901927,1.5597467012935442,3614.637384768851,False,0.03230181908454196,0.03521980468635527,0.07518651820058418,0.15930187186220587,0.47197510814951116,0.6369445559478744,1.0780852146473354,0.7889556653528319,1.4731724241075184,3609.563100784131,False,0.01712405728453726,0.01871524224025395,0.06209047529496223,0.16035321480853157,0.38721066720801856,0.6986002536471096,1.0640586113898132,0.7770878859114165,1.4570047339560306,3606.288906868376,False,0.014065093248441516,0.015518066666713903,192,0.8143262135672359,False,False,0.9261193606096347,False,False,0.9355465701707036,False,False,3606.288906868376,5.074283984719841,3.2741939157549496,0.0874428767018689,1.097881771376277,0.0796468973086717,low,3.230181908454196,3.521980468635527,0.06460363816908392,0.07043960937271054,1.712405728453726,1.8715242240253949,0.03424811456907452,0.0374304844805079,1.4065093248441516,1.5518066666713903,0.028130186496883033,0.031036133333427807
fa6ac7d2-0127-49a8-b7d2-a38308d3c27b,"Liliana, the Last Hope",-0.020878384952928923,0.3116141369120052,-0.06700076305852787,0.9465810957342441,0.979338059571654,0.5317179532447209,1.8037815519916236,3615.4635561134137,False,-0.004787409904306515,-0.005219415842279973,0.03398015436372866,0.31621515114330406,0.10745896975799667,0.9144248741764178,1.0345640749420546,0.5566594970478508,1.9227603783587364,3609.774357218871,False,0.007741331396445342,0.008446914255207716,0.062023894637892256,0.31455305309338577,0.19718102885327377,0.8436858759521841,1.063987768026731,0.5743593177358614,1.9710135024415598,3606.3999782080364,False,0.01404950705610375,0.01550135307863576,46,0.9819122719358333,False,False,0.981853359675277,False,False,0.957759242847161,False,False,3606.3999782080364,5.689198894542642,3.374379010834673,0.08464970845507691,1.0259633008468132,0.08250754036251437,low,-0.47874099043065155,-0.5219415842279973,-0.00957481980861303,-0.010438831684559946,0.7741331396445342,0.8446914255207716,0.015482662792890685,0.016893828510415432,1.404950705610375,1.550135307863576,0.0280990141122075,0.03100270615727152
b51666ae-2aef-4cb1-9cd4-44aec81530f8,Griselbrand,-0.1475125148618647,0.22877915906845936,-0.644781261818186,0.5190689466585328,0.8628516397847228,0.5510555453589686,1.3510669814495642,3615.0511389378494,False,-0.03378385283828572,-0.03681742580182318,0.02738775983250552,0.2406745947311446,0.11379580741831159,0.9093996622001037,1.0277662519769182,0.6412509212567192,1.6472545047304503,3609.7729650659226,False,0.006239162612347996,0.006805143475031861,0.061718848655420044,0.24325778698562947,0.253717874441841,0.7997135240102211,1.0636632523313159,0.6602964264298842,1.713441825631585,3606.374572670894,False,0.013978163854765729,0.015426297575828418,85,0.8632715278190844,False,False,0.9815041661609534,False,False,0.953008748790103,False,False,3606.374572670894,5.2781738719268105,3.3983923950286226,0.20081161254659308,0.984760381364319,0.20391926436803048,low,-3.378385283828572,-3.681742580182318,-0.06756770567657144,-0.07363485160364636,0.6239162612347996,0.6805143475031861,0.012478325224695991,0.013610286950063721,1.3978163854765728,1.5426297575828418,0.027956327709531457,0.030852595151656836
89af0f45-c11c-4f13-9950-b1489440ee5b,Chain Lightning,0.14510057038952986,0.14625630767928488,0.9920978636197397,0.3211497885974752,1.1561558394644367,0.8680015378021714,1.539969996495981,3614.4832721907196,False,0.033220419341225216,0.036225648589432335,0.09348132622714625,0.148647106456157,0.6288809009189713,0.5294270306753099,1.097990099532144,0.8204789675931432,1.4693640011360152,3609.3902136787947,False,0.02128502399280109,0.023271096952031667,0.061331997639011086,0.1492593532393468,0.41090890659737317,0.6811393313064207,1.0632518527013477,0.7935677712104009,1.4245846962113013,3606.2699767670074,False,0.013892911662532845,0.015329499234661037,222,0.811278266477493,False,False,0.9261193606096347,False,False,0.9355465701707036,False,False,3606.2699767670074,5.093058511924937,3.1202369117872877,0.09290398676308897,1.1057992638993095,0.08401523657692407,low,3.3220419341225216,3.6225648589432335,0.06644083868245043,0.07245129717886467,2.128502399280109,2.3271096952031667,0.04257004798560218,0.046542193904063334,1.3892911662532845,1.5329499234661037,0.02778582332506569,0.030658998469322074
cb94a02f-4660-45b6-8a39-941b710cf8f3,Collective Brutality,0.028726367856237563,0.1532171034761864,0.18748799712626293,0.8512780337333099,1.0291429493518396,0.7621749511547177,1.3896221708624532,3615.4328892362128,False,0.006586971030972158,0.007181197295981656,0.05480643113462939,0.15492568380881944,0.35375949156539677,0.723519133883231,1.0563361210999267,0.7796985493975109,1.4311248900009834,3609.6607297801197,False,0.012484614216591713,0.013628439849311613,0.06060521761539053,0.155709849370667,0.3892189085041109,0.6971142171511344,1.062479383236417,0.7830285767643533,1.4416618668850445,3606.287341901927,False,0.013728519999363455,0.015147993086069012,202,0.9541142147195295,False,False,0.9341393062010893,False,False,0.9355465701707036,False,False,3606.287341901927,5.77215945609305,3.373387878192716,0.03333643388457741,1.0493194845627278,0.031769574829223116,low,0.6586971030972157,0.7181197295981656,0.013173942061944315,0.014362394591963312,1.2484614216591714,1.3628439849311613,0.024969228433183426,0.027256879698623226,1.3728519999363455,1.5147993086069012,0.02745703999872691,0.030295986172138023
939c6e19-4b27-4023-bb9c-ae440f91e21c,Shadowspear,0.05288837587778198,0.288020511595374,0.1836271159468055,0.8543059893762475,1.0543119519046018,0.5995164730867375,1.8541170123411608,3615.434369992211,False,0.012124388409411,0.013219187943439348,0.07624593005031396,0.28845904845611614,0.26432150580262836,0.79153219015323,1.079227956108794,0.6131572780419847,1.8995664292955068,3609.7161755795514,False,0.01736219953759496,0.018978008561211457,0.05958590396295865,0.2914940050710605,0.20441553831761577,0.8380287887192097,1.0613969352663757,0.599450218710664,1.8793277890797002,3606.3971380629782,False,0.013496180346332182,0.01489260390665953,53,0.9541142147195295,False,False,0.9456496504519618,False,False,0.9553482897716276,False,False,3606.3971380629782,5.718194412659614,3.3190375165731894,0.024916004204192266,1.0649789477599239,0.02339577158459383,low,1.2124388409411,1.3219187943439348,0.024248776818822,0.026438375886878696,1.736219953759496,1.8978008561211457,0.03472439907518992,0.037956017122422914,1.349618034633218,1.489260390665953,0.026992360692664363,0.02978520781331906
3e1766e9-2fa7-4446-a255-7beea1467ece,Lion Sash,0.32493251626026737,0.47768483393578415,0.6802236394717704,0.4963628663337869,1.3839372495682611,0.5426288239507291,3.5296361457504735,3614.9932559488598,False,0.07403088913344175,0.08054094746186563,0.08001011844499129,0.4841336503289133,0.1652645264187556,0.8687357786657011,1.083298028911018,0.41941607352556093,2.79802013684861,3609.7584133442215,False,0.018223823002473893,0.019919863390881087,0.059486530404371685,0.48410216478171725,0.12288011649605883,0.9022020310249347,1.061291465716374,0.4109212401856673,2.7410108435706393,3606.423692152871,False,0.013476484602686911,0.01486727653131148,20,0.8622992302965494,False,False,0.9641377110982073,False,False,0.9790416868656052,False,False,3606.423692152871,5.234842604638288,3.3347211913505816,0.32264578385188725,1.176175581398551,0.2743177030322632,low,7.403088913344175,8.054094746186562,0.1480617782668835,0.16108189492373126,1.8223823002473893,1.9919863390881087,0.036447646004947785,0.039839726781762175,1.3476484602686911,1.486727653131148,0.026952969205373822,0.02973455306262296
1ac01fff-4de6-4783-9489-4127e25bc641,Prismatic Vista,0.03818249651658706,0.14905053138668278,0.25617148869821843,0.7978184229601677,1.0389208150086813,0.7757255104651112,1.391415449533353,3615.4023816128683,False,0.008756364792737507,0.009544711698990682,0.04330802896314683,0.15056212227867602,0.28764225894071704,0.7736205933380913,1.0442595074884138,0.7774050763304812,1.402715202384881,3609.703116917408,False,0.009867773464734237,0.010766795421457032,0.057944037879608765,0.150985708098052,0.38377167355455377,0.7011476846272486,1.0596556934714723,0.7882121889992767,1.4245785644752786,3606.2914728478327,False,0.013128890414674724,0.014482709744929212,215,0.9348988978063771,False,False,0.9456496504519618,False,False,0.9355465701707036,False,False,3606.2914728478327,5.6992646954604425,3.4116440695752317,0.020734878462790984,1.047612005322856,0.019792517036305683,low,0.8756364792737507,0.9544711698990682,0.017512729585475013,0.019089423397981364,0.9867773464734237,1.0766795421457032,0.019735546929468474,0.021533590842914063,1.3128890414674723,1.4482709744929212,0.026257780829349448,0.028965419489858424
a15570c0-4210-4959-8584-987ec85f8283,Wight of the Reliquary,-0.1356072581585079,0.43872983610777644,-0.30909057692897646,0.7572526269927814,0.8731855016366589,0.3695320746069408,2.063292938994429,3615.37218973077,False,-0.031060236266893016,-0.0338512314453252,0.013553263864918327,0.45601718332437235,0.02972094991270904,0.976289603686916,1.0136455256907109,0.4146832034470443,2.4777402200328287,3609.7850247805554,False,0.003087855106000123,0.0033667261270351467,0.057784575668335565,0.46242879796851744,0.12495886052552806,0.9005561195323416,1.0594867319032537,0.42802406071784427,2.622544473776681,3606.4232758240705,False,0.013089081438772191,0.014442087331330233,22,0.9264388796291327,False,False,0.986579868981371,False,False,0.9790416868656052,False,False,3606.4232758240705,5.587164950214628,3.3617489564849166,0.18630123026659484,0.9821059197435411,0.1896956596242124,low,-3.1060236266893018,-3.3851231445325203,-0.06212047253378603,-0.0677024628906504,0.3087855106000123,0.3366726127035147,0.006175710212000246,0.0067334522540702935,1.3089081438772192,1.4442087331330233,0.026178162877544382,0.028884174662660467
da13a060-36ee-41e9-bab1-af8ddcc893b8,Norman Osborn // Green Goblin,-0.006901865022260784,0.23120707563591605,-0.029851443790280947,0.9761855308146755,0.9931218981466412,0.631240888050234,1.562463907597663,3615.467153199083,False,-0.0015826619568580444,-0.0017254600103907558,0.05597241841748391,0.235738639189069,0.23743421362754394,0.8123199498317422,1.057568513921105,0.6662599865687102,1.6787007837547077,3609.729571816364,False,0.01274868862487206,0.013922766973889278,0.05746947911447327,0.23844864299207177,0.24101407495275232,0.8095442077951697,1.0591529438756584,0.6637233478370543,1.6901694993497192,3606.3808223785645,False,0.013017168166675913,0.014363710985035139,84,0.9895376125431437,False,False,0.9456496504519618,False,False,0.953008748790103,False,False,3606.3808223785645,5.737581382718872,3.348749437799597,0.06603104572901719,1.036614451981135,0.06369875087388696,low,-0.15826619568580444,-0.17254600103907558,-0.0031653239137160887,-0.0034509200207815116,1.274868862487206,1.3922766973889278,0.02549737724974412,0.027845533947778556,1.3017168166675914,1.4363710985035139,0.026034336333351827,0.028727421970070277
7ea4b5bc-18a4-45db-a56a-ab3f8bd2fb0d,Ledger Shredder,-0.099700059955902,0.2568736649933706,-0.388128771232641,0.6979207412942965,0.9051088557165068,0.547073321083455,1.497462970912218,3615.3175524554654,False,-0.022844447414037745,-0.0249058613163195,0.03385578601234332,0.2599713330707937,0.13022892029069966,0.8963853143283227,1.0344354159143732,0.6214573300361624,1.7218505245334794,3609.768944587535,False,0.0077130520007691545,0.008415277875162275,0.05723453651360555,0.2618958013374279,0.21853934359132499,0.8270089072862652,1.0589041329575941,0.6337623518882166,1.769240409206961,3606.3910915912543,False,0.012965349280328855,0.014305159130090561,66,0.9254734283166913,False,False,0.9753491103702957,False,False,0.9547990612800286,False,False,3606.3910915912543,5.548607867930514,3.3778529962805806,0.15379527724108732,0.9994828015294913,0.15387486108388965,low,-2.2844447414037745,-2.49058613163195,-0.04568889482807549,-0.049811722632639,0.7713052000769155,0.8415277875162275,0.015426104001538309,0.01683055575032455,1.2965349280328855,1.4305159130090561,0.02593069856065771,0.028610318260181122
f05e9a3e-8a35-4687-85cb-e31b3927a5e2,Daze,-0.06577158582478082,0.14696098438409164,-0.44754453775896536,0.6544819380174867,0.936344714273137,0.7020047453526239,1.2489109649919057,3615.2678611202446,False,-0.015072939084380585,-0.016438271177489472,0.05075241806450674,0.1519141294365375,0.3340862252428513,0.7383144941594888,1.0520623893938803,0.7811412593656011,1.4169463690550281,3609.6742514661105,False,0.011562838730674489,0.01261789300779581,0.05706277632934758,0.1534795600878866,0.3717939789289979,0.7100462469755726,1.058722271007374,0.7836779183726889,1.4302978568728224,3606.300577600763,False,0.01292819310674436,0.014263104477942545,221,0.9187714246411036,False,False,0.9398010832144638,False,False,0.9355465701707036,False,False,3606.300577600763,5.59360965413407,3.3736738653474276,0.122377556734237,1.0157097915581303,0.12048476617174876,low,-1.5072939084380585,-1.6438271177489472,-0.03014587816876117,-0.032876542354978944,1.156283873067449,1.261789300779581,0.023125677461348977,0.02523578601559162,1.292819310674436,1.4263104477942545,0.02585638621348872,0.02852620895588509
32a180dd-9641-4546-8940-9b21084f0c71,Lightning Bolt,0.08909833335837523,0.15334711692089578,0.581023857164114,0.5612243746818735,1.093188147903159,0.8094000248759311,1.4764767605475722,3615.1297672258215,False,0.02043099429431271,0.02226283133012108,0.039274842539706256,0.15786772067242327,0.24878323682902762,0.8035284585810127,1.0400562960855044,0.7632681330424789,1.4172176882522838,3609.7239602851614,False,0.008949547077824862,0.009764337565328518,0.05686099229219042,0.1590301106704022,0.35754859285759816,0.7206811551338046,1.0585086593057424,0.7750420255198257,1.4456513904181567,3606.310868835581,False,0.012885094572345691,0.014211490156048556,199,0.886782971312673,False,False,0.9456496504519618,False,False,0.9359977713822368,False,False,3606.310868835581,5.4058069406601135,3.4130914495804063,0.053131851817654674,1.0639177010981353,0.04993981373071808,low,2.043099429431271,2.226283133012108,0.04086198858862542,0.04452566266024216,0.8949547077824862,0.9764337565328518,0.017899094155649723,0.019528675130657036,1.2885094572345692,1.4211490156048556,0.025770189144691383,0.028422980312097113
c86b8a75-9e31-4a44-95b8-c83b9a49646f,Ocelot Pride,0.1585093690422423,0.14161801046029565,1.1192740847512637,0.2630232281284276,1.1717629024699032,0.887752819231266,1.5466335559414408,3614.2111784430303,False,0.036315995733135945,0.03956411375459412,0.05692334634089167,0.14687515261833872,0.3875628064115745,0.6983395977949585,1.0585746636640336,0.7937776039174195,1.4117056377267119,3609.635553123904,False,0.01297149920440511,0.014161345507322842,0.055503345809183785,0.14718030945195154,0.3771112183135027,0.7060909546311429,1.0570725538295647,0.7921772903896466,1.4105458432292899,3606.2965210626576,False,0.012577955443467818,0.013872457738847432,234,0.7752566964578506,False,False,0.9305750602745201,False,False,0.9355465701707036,False,False,3606.2965210626576,4.575625319126175,3.3390320612465985,0.11469034864033856,1.0958033733211672,0.10466325568311985,low,3.6315995733135944,3.956411375459412,0.07263199146627189,0.07912822750918824,1.297149920440511,1.4161345507322842,0.02594299840881022,0.028322691014645685,1.2577955443467819,1.3872457738847432,0.025155910886935636,0.027744915477694865
01e7b0bc-1c6c-48f4-8b72-1a809f536c6c,Birds of Paradise,0.1167361786257525,0.13852587029240088,0.8427030877289952,0.3993945198739792,1.123822902074659,0.8566082976275875,1.4743937441714945,3614.756921263091,False,0.026752777745734594,0.02915908723658306,0.06435070765818127,0.1445295427916834,0.4452425878834522,0.6561444528242609,1.0664663511002213,0.8033802051454826,1.4157063750693981,3609.587519531893,False,0.01466077195312561,0.01601281214297051,0.05517368341684604,0.1453713254130747,0.37953622050338487,0.7042897125959515,1.056724134196175,0.7947289909012549,1.405090173602842,3606.294726729574,False,0.012501199625131056,0.013790186282283401,247,0.8330280649594476,False,False,0.9261193606096347,False,False,0.9355465701707036,False,False,3606.294726729574,5.169401731197922,3.292792802319127,0.06709876787848401,1.0823377957903517,0.0619942943316386,low,2.6752777745734595,2.9159087236583057,0.05350555549146919,0.05831817447316612,1.4660771953125609,1.6012812142970512,0.02932154390625122,0.03202562428594102,1.2501199625131056,1.37901862822834,0.02500239925026211,0.027580372564566802
0ad38866-fc5f-4f62-89c1-afc0f50765aa,Novice Inspector,0.13074559289201193,0.1603258834942493,0.8154989702377134,0.41478675377565344,1.1396778022934728,0.8323575867262036,1.560465734623898,3614.8014073120457,False,0.029961898320138864,0.032648467245959545,0.06311221082971998,0.1639140167685547,0.3850324217167707,0.7002133947725084,1.0651463534818808,0.7724721968144445,1.4687088532304482,3609.637506499872,False,0.014379412402749047,0.015703211054590993,0.054291596347849025,0.1646422378506474,0.32975497087872907,0.7415851139379632,1.0557924224877406,0.7645963818299183,1.4578902880951539,3606.3300373172656,False,0.012301701492292335,0.013569914680979733,183,0.8478266479205495,False,False,0.9305750602745201,False,False,0.9401612190548336,False,False,3606.3300373172656,5.163900812173779,3.3074691826063827,0.08388537980573219,1.0868721927543648,0.07718053729311893,low,2.9961898320138864,3.2648467245959543,0.05992379664027773,0.06529693449191909,1.4379412402749048,1.5703211054590993,0.028758824805498094,0.031406422109181986,1.2301701492292336,1.3569914680979733,0.02460340298458467,0.027139829361959467
9c769202-178c-442a-a9e2-aa08b5ae5c9a,"Agent Bishop, Man in Black",0.138227102479061,0.5114288145466779,0.2702763288798721,0.7869476747322014,1.1482362879735157,0.42139974866852714,3.1287312751965777,3615.3940279593908,False,0.031664330443076344,0.034502871281965886,0.03281231733654072,0.515634572152027,0.06363482805196101,0.9492609991550924,1.0333565779254383,0.37612586506987494,2.8390119274126406,3609.781845666367,False,0.007475698287713522,0.008156747985058665,0.05335408318649437,0.5222044020740187,0.10217087978306971,0.9186210413381621,1.0548030670353434,0.37901990902190374,2.935490943202323,3606.42837701355,False,0.012087528102593595,0.013335339938462698,18,0.932615257517962,False,False,0.9851165113081077,False,False,0.9818999746479742,False,False,3606.42837701355,5.612182293023579,3.353468652817355,0.1148797100480774,1.0787986443114326,0.10648855618594326,low,3.1664330443076345,3.450287128196589,0.06332866088615269,0.06900574256393177,0.7475698287713521,0.8156747985058665,0.014951396575427043,0.01631349597011733,1.2087528102593594,1.3335339938462698,0.02417505620518719,0.026670679876925396
fe964e7e-e2c5-4263-889d-0a531eb51442,Luminarch Aspirant,0.19424042797280056,0.1514213444465449,1.2827810285449668,0.1995688024881691,1.2143882207579295,0.9025371671887854,1.6339922657247599,3613.8151052780513,False,0.044471137277709516,0.04843942933283202,0.03983023017148131,0.16080062674498272,0.24769947093955644,0.8043669412450632,1.0406340909239016,0.759314673245457,1.4261798821355705,3609.724512449656,False,0.00907635591909778,0.00990380354913889,0.05261134882919212,0.16152636153416797,0.3257136997917405,0.7446409780692388,1.0540199194285877,0.7679886536953513,1.446581255083159,3606.3326863595257,False,0.011922490760830767,0.01314976716203553,207,0.7195825262322765,False,False,0.9456496504519618,False,False,0.9401612190548336,False,False,3606.3326863595257,4.090592828395529,3.3918260901300528,0.17375412983402794,1.1030140770368062,0.15752666575281613,low,4.447113727770952,4.843942933283202,0.08894227455541903,0.09687885866566404,0.907635591909778,0.990380354913889,0.01815271183819556,0.01980760709827778,1.1922490760830766,1.314976716203553,0.023844981521661535,0.02629953432407106
02551196-ecea-472f-9547-3c9658d0489e,Ravenous Chupacabra,0.038099624383212044,0.41314785957007905,0.09221789124808355,0.926524923453933,1.0388347209917805,0.4622403984002372,2.3346673749697873,3615.459558320231,False,0.008735167495699674,0.009523785931838835,0.07910741251438844,0.4183250780355855,0.1891051162552082,0.8500104316449497,1.0823205706007921,0.47672773346607816,2.4572050990798444,3609.7503063956938,False,0.018013371502754574,0.019693637775070605,0.051857601332805786,0.4230221924222237,0.1225883706853991,0.9024330638287507,1.0532257538909195,0.45966105602896934,2.4132661971458926,3606.4238813828133,False,0.011746541294114414,0.012961589488480973,27,0.9773770150644978,False,False,0.9541785117145353,False,False,0.9790416868656052,False,False,3606.4238813828133,5.709251924537057,3.3264250128804633,0.043485849609011584,1.058127015161164,0.041097003465494386,low,0.8735167495699674,0.9523785931838835,0.01747033499139935,0.01904757186367767,1.8013371502754574,1.9693637775070605,0.03602674300550915,0.03938727555014121,1.1746541294114414,1.2961589488480973,0.02349308258822883,0.025923178976961947
18092f68-b96e-4084-9eba-b240d2195d81,"Adeline, Resplendent Cathar",0.1895196475385984,0.17571106865497563,1.078586847085525,0.28077194730404065,1.208668871124444,0.8565230523163564,1.705593837871,3614.3049231704204,False,0.04333707346208476,0.04726022373548211,0.05527381046653398,0.18194699517865315,0.30379072988955275,0.7612873296557583,1.056829946163298,0.7398244874154747,1.5096682444363188,3609.6936159289476,False,0.0125902643586042,0.013750922756164297,0.05086729075621584,0.18271419643830872,0.27839813078449316,0.780706754236238,1.05218324957403,0.735464847380576,1.5052923258360535,3606.3613661038457,False,0.011522852355470686,0.012714077032612736,151,0.7808620180991297,False,False,0.9456496504519618,False,False,0.9506511356512741,False,False,3606.3613661038457,4.611307241472787,3.332249825101826,0.156485621550414,1.1058940222872573,0.14150146252419718,low,4.3337073462084765,4.726022373548211,0.08667414692416953,0.09452044747096422,1.25902643586042,1.3750922756164297,0.0251805287172084,0.027501845512328593,1.1522852355470685,1.2714077032612736,0.023045704710941372,0.025428154065225472
340c5799-4964-44dd-8c48-8f3f3aba5211,Badgermole Cub,0.24892336173434654,0.23427481424031438,1.0625271971361205,0.28799641792085173,1.2826437297120636,0.8103773511527513,2.0301343997699752,3614.344204009836,False,0.056805447137400246,0.0619388713638831,0.05487152546726437,0.24563040114694057,0.2233906113048247,0.823231510811596,1.0564048848328085,0.6527480486865314,1.7096815271133055,3609.736035552497,False,0.012497956426364842,0.013650177722863532,0.050825116723819994,0.2462152892515717,0.20642551028538758,0.8364585455914522,1.0521388756992953,0.6493672510020102,1.7047305851190058,3606.396279358859,False,0.01151278867182025,0.012703600203705478,83,0.791587566801583,False,False,0.9499920721649385,False,False,0.9553482897716276,False,False,3606.396279358859,4.608168457339161,3.3397561936380953,0.23050485401276832,1.1303958300813892,0.20391516659803302,low,5.680544713740025,6.19388713638831,0.11361089427480049,0.1238777427277662,1.2497956426364842,1.3650177722863532,0.024995912852729684,0.027300355445727065,1.151278867182025,1.2703600203705478,0.0230255773436405,0.025407200407410957
345a4aee-5846-4ae9-9af1-4c8fe8d692ec,Winds of Abandon,0.0783754262111773,0.16675603767572744,0.47000053073691744,0.638354638379823,1.081528616652511,0.7799960623088353,1.499628273988845,3615.247259080738,False,0.017961282421505347,0.019585534610740918,0.03617063255149945,0.17072696935407622,0.21186244146631572,0.8322143527905588,1.0368327488152556,0.7419642427183485,1.448886734860995,3609.741028371017,False,0.008239617822134367,0.008992627660373509,0.05015304969093698,0.17164261964127378,0.2921946180718685,0.7701378263307541,1.0514320054056399,0.7510624425472201,1.4719272318317542,3606.3535088254193,False,0.01136017835687934,0.01253566941893125,165,0.9187714246411036,False,False,0.9504913926563402,False,False,0.9477526386764077,False,False,3606.3535088254193,5.506230709720967,3.38751954559757,0.04469586783725554,1.0565977902911354,0.042301685890276206,low,1.7961282421505347,1.9585534610740918,0.03592256484301069,0.039171069221481836,0.8239617822134367,0.8992627660373509,0.016479235644268734,0.017985255320747018,1.136017835687934,1.253566941893125,0.02272035671375868,0.0250713388378625
33672990-4860-4aa6-ac1b-f9da66f5da59,Wurmcoil Engine,-0.032588029757496556,0.17706646933468942,-0.18404404786486683,0.8539788998800268,0.9679372388004044,0.6841088000191565,1.3695226522891033,3615.434190852542,False,-0.0074712424389901085,-0.008146395321539046,0.05879401429129398,0.18024933418470043,0.32618158928147883,0.744286969952784,1.0605567587032785,0.7449079087117195,1.5099593188323845,3609.6794113663423,False,0.013394333947361434,0.01462149093272036,0.04922388418563084,0.18137760008959275,0.27138899269433686,0.7860918670448107,1.0504555047906408,0.7361832487305615,1.4988887202306043,3606.365153635088,False,0.011152679084084838,0.012304203657311885,147,0.9541142147195295,False,False,0.9417190779048334,False,False,0.9516565800676312,False,False,3606.365153635088,5.754779486199823,3.3142577312542016,0.09261951990287409,1.0263165007647745,0.09024459787390861,low,-0.7471242438990109,-0.8146395321539046,-0.014942484877980217,-0.016292790643078092,1.3394333947361434,1.462149093272036,0.026788667894722867,0.02924298186544072,1.1152679084084838,1.2304203657311885,0.022305358168169677,0.02460840731462377
486d7edc-d983-41f0-8b78-c99aecd72996,"Otawara, Soaring City",-0.05301881628711508,0.19162967441577666,-0.2766733098553451,0.7820309677793174,0.9483621676595763,0.6514119910802411,1.3806789149774543,3615.39159205605,False,-0.012152606980708223,-0.013252000595326885,0.05566922989193773,0.19752257304532875,0.2818373061551927,0.7780682637979864,1.0572479198853777,0.717864093063955,1.5570818695376294,3609.7064009403575,False,0.012683045737773358,0.013845889096658348,0.04836808424128436,0.19940436697408026,0.24256281331878515,0.8083440916143134,1.049556909591807,0.7100183423193187,1.55146654785503,3606.379981095297,False,0.010959060754560816,0.01209001049228875,124,0.932615257517962,False,False,0.9456496504519618,False,False,0.953008748790103,False,False,3606.379981095297,5.685191115692305,3.3264198450606273,0.10888575222580144,1.0183889990455868,0.10691960766254047,low,-1.2152606980708223,-1.3252000595326885,-0.024305213961416446,-0.02650400119065377,1.2683045737773357,1.3845889096658348,0.025366091475546717,0.027691778193316696,1.0959060754560817,1.209001049228875,0.021918121509121632,0.0241800209845775
672b9b16-daef-44e6-9a3a-cfd9f3c78bc7,Pentad Prism,-0.05782985668953677,0.16642339711461449,-0.34748633721080574,0.7282259811330951,0.9438105168222899,0.6811179987825495,1.3078178718761821,3615.347357425373,False,-0.013255828298008967,-0.014454123068825597,0.056850046745835305,0.16906389772655267,0.33626367018809483,0.7366720433946824,1.058497073413552,0.7599404585391806,1.4743471568533266,3609.6727959385225,False,0.012950476680800885,0.014138379200608397,0.04704417965751224,0.16924932614087465,0.27795785501890286,0.7810447111497725,1.0481683157739472,0.7522515525653976,1.4604912604642057,3606.3615859436322,False,0.010658079777371442,0.011759486885319581,163,0.9264388796291327,False,False,0.9397858381873643,False,False,0.9506511356512741,False,False,3606.3615859436322,5.674561486850507,3.311209994890305,0.11468655659126203,1.016825302003263,0.11278885012530306,low,-1.3255828298008967,-1.4454123068825597,-0.026511656596017934,-0.028908246137651195,1.2950476680800884,1.4138379200608397,0.02590095336160177,0.028276758401216795,1.0658079777371443,1.175948688531958,0.021316159554742885,0.023518973770639162
784287c2-43c5-4210-93ae-cdd33b9acb1b,Commune with Beavers,0.08711722726080998,0.23323353778008918,0.3735192978247876,0.7087619853329679,1.0910245700438377,0.6907201660399939,1.723323960937342,3615.3286678323266,False,0.01996380859027685,0.02176673569413118,0.06480845599813663,0.24461521564760164,0.26494041193047124,0.7910553661436253,1.0669546360493423,0.6605797855227304,1.723322784523827,3609.7157285348603,False,0.014760178924488606,0.016127855876029273,0.04614642593658537,0.24560480384360894,0.1878889387113516,0.8509637139442978,1.0472277410337123,0.6471099960392904,1.6947442448779366,3606.4035727765645,False,0.010453498238596268,0.01153459128529527,84,0.9264388796291327,False,False,0.9456496504519618,False,False,0.958771616893322,False,False,3606.4035727765645,5.612939297466255,3.3121557582958303,0.04379682901012538,1.068402315708964,0.040992824862105384,low,1.996380859027685,2.1766735694131176,0.0399276171805537,0.04353347138826236,1.4760178924488605,1.6127855876029273,0.029520357848977212,0.03225571175205855,1.0453498238596268,1.153459128529527,0.020906996477192536,0.02306918257059054
55d35442-5ca0-4fd7-8ff1-b7347b3e6690,Piggy Bank,0.12307039603026218,0.21619304933778463,0.5692615762034716,0.5691786383887127,1.130964033523581,0.7403235336680642,1.7277306298592199,3615.1435679503,False,0.02819507340433418,0.030732736207888522,0.03955975680145413,0.22058278230992967,0.1793419975357402,0.8576691721201014,1.0403526651751653,0.6751755846519848,1.603040294318332,3609.7537310779812,False,0.009012584416772348,0.009836013972576108,0.04567766779511481,0.2214455242652008,0.20627044934270933,0.8365796601812074,1.0467369595420255,0.6781711700092716,1.6156072551068559,3606.396297107632,False,0.010348534071313373,0.011417514036377585,95,0.886782971312673,False,False,0.9598411708122611,False,False,0.9553482897716276,False,False,3606.396297107632,5.389836872318938,3.3574339703491205,0.09061136834841577,1.072684552746924,0.08447158870366757,low,2.8195073404334177,3.0732736207888522,0.05639014680866836,0.061465472415777045,0.9012584416772348,0.9836013972576108,0.018025168833544696,0.019672027945152215,1.0348534071313373,1.1417514036377585,0.020697068142626746,0.02283502807275517
0ce44270-a684-4489-9077-521456e6dfaa,Lórien Revealed,-0.02430609558627507,0.1480285345171157,-0.16419871794018667,0.8695747103454587,0.9759869187428474,0.7301961931273961,1.3045130535088498,3615.4410906547923,False,-0.00557271701052496,-0.006076289401014623,0.03261256574121526,0.15328389658724803,0.21275924260349446,0.8315147555433495,1.0331501839149104,0.7650425149744887,1.3952156666208373,3609.7406253284776,False,0.007430677738394505,0.008104949991552757,0.04360685791561198,0.154359844693645,0.2825013072678174,0.7775591443317541,1.0445716090933137,0.7718705397191998,1.4136176863554588,3606.3590225985167,False,0.009880476417543383,0.010900419454311916,217,0.9541142147195295,False,False,0.9504913926563402,False,False,0.950058487213157,False,False,3606.3590225985167,5.70046532631477,3.381602729960832,0.06858469035046633,1.017902903917024,0.06737842095404525,low,-0.557271701052496,-0.6076289401014623,-0.01114543402104992,-0.012152578802029246,0.7430677738394506,0.8104949991552757,0.01486135547678901,0.016209899983105513,0.9880476417543382,1.0900419454311916,0.019760952835086765,0.021800838908623832
c2089ec9-0665-448f-bfe9-d181de127814,Brazen Borrower // Petty Theft,-0.04734645706219944,0.1498700924360782,-0.31591664682794135,0.7520657761846286,0.953756904527654,0.7109936088084757,1.279409859194966,3615.3682867828793,False,-0.010853051046861314,-0.011834869476831267,0.0388492932800919,0.16195264825683434,0.23988056816756917,0.8104228454563986,1.039613795058418,0.7568593081544538,1.4280023132848967,3609.7283474420374,False,0.008851416172211293,0.009656901908452142,0.04216596028260039,0.1628200625494314,0.25897275570569817,0.7956562613634297,1.0430675721760987,0.7580837871477684,1.4351843141492564,3606.3717798402604,False,0.009553773350336501,0.010540314809939222,215,0.9264388796291327,False,False,0.9456496504519618,False,False,0.953008748790103,False,False,3606.3717798402604,5.63993934084192,3.3565676017769874,0.08931066764844464,1.0121460905873902,0.0882389098560011,low,-1.0853051046861315,-1.1834869476831267,-0.02170610209372263,-0.023669738953662534,0.8851416172211293,0.9656901908452142,0.017702832344422586,0.019313803816904285,0.9553773350336501,1.0540314809939222,0.019107546700673002,0.021080629619878444
2b5315a4-6a78-456f-8d5a-fea9d62f3f0e,Strip Mine,0.10614772784858714,0.1474081218572773,0.7200941611030152,0.4714670222952868,1.1119861356928886,0.8329578894355152,1.484484607992815,3614.949029764857,False,0.024325893963680248,0.026517445125853523,0.0450793260941586,0.15205543995899815,0.296466381645499,0.7668739371381114,1.0461108405044444,0.776507221613969,1.4093209440426255,3609.6979910428163,False,0.010270359555324422,0.011207931410912475,0.041977456421566424,0.15253853867554498,0.27519246471119013,0.7831683758503923,1.0428709684422879,0.7733696991113994,1.4062871328801514,3606.363117871898,False,0.009510857870739025,0.010493173299366887,214,0.8622992302965494,False,False,0.9456496504519618,False,False,0.951499647891096,False,False,3606.363117871898,5.251038722040903,3.3348731709183994,0.06911516725060074,1.0669893148798737,0.06477587571566452,low,2.4325893963680247,2.6517445125853523,0.048651787927360496,0.053034890251707045,1.0270359555324422,1.1207931410912475,0.020540719110648843,0.02241586282182495,0.9510857870739026,1.0493173299366887,0.01902171574147805,0.020986346598733774
b045c28a-39f9-4cd9-8f3a-a626b697f409,Cathartic Pyre,0.09248262639243532,0.1631031421915257,0.5670192808660703,0.5707010821440719,1.0968940843873962,0.7967617867140808,1.51008325502918,3615.1462765886076,False,0.021197652381400943,0.02310711015490552,0.051378773979675205,0.16566531689478287,0.3101359713832366,0.7564575587286616,1.0527215613111676,0.7608452846329763,1.4565677254397613,3609.6896881774665,False,0.011704849415571771,0.012776433278784971,0.03984143822175952,0.1667147295154119,0.23897971305574645,0.8111213136594153,1.0406457544684766,0.7505721987808409,1.4428240055417678,3606.381736207033,False,0.009026781996180712,0.00995936524337121,175,0.886782971312673,False,False,0.9456496504519618,False,False,0.953008748790103,False,False,3606.381736207033,5.456588411141183,3.3079519704333507,0.05624832991891959,1.0634204667223468,0.052893781602950586,low,2.1197652381400944,2.310711015490552,0.042395304762801886,0.04621422030981104,1.1704849415571772,1.277643327878497,0.023409698831143542,0.025552866557569942,0.9026781996180712,0.995936524337121,0.018053563992361424,0.01991873048674242
928036c9-11b8-493e-b9f2-8fbd3487cd19,"Minsc & Boo, Timeless Heroes",0.18749477606346832,0.15886247908792894,1.18023322523937,0.2379074678768458,1.2062239481671737,0.883489666886076,1.646851420753086,3614.070694079969,False,0.04291224952228297,0.04676247320134508,0.04016993337167769,0.16415928356345885,0.24470095446139814,0.8066879889533682,1.0409876577053054,0.7545888388235419,1.436087108291019,3609.7259896662263,False,0.00915271102773262,0.009987491690232442,0.03963337842672898,0.1656959437476352,0.23919341373312664,0.8109556095399258,1.0404292604487342,0.7519159940451773,1.4396462564578199,3606.381617361708,False,0.008980497683351856,0.009907238755401504,183,0.7629051974704623,False,False,0.9456496504519618,False,False,0.953008748790103,False,False,3606.381617361708,4.344704413742875,3.3443723045184015,0.16579468771843953,1.0958802887737378,0.15128904992347256,low,4.291224952228298,4.676247320134507,0.08582449904456595,0.09352494640269016,0.915271102773262,0.9987491690232442,0.01830542205546524,0.019974983380464884,0.8980497683351857,0.9907238755401504,0.017960995366703713,0.019814477510803008
059164e1-894d-4586-9800-e60d6fbd6eb6,Shifting Woodland,0.1669409096830069,0.26091785359910546,0.6398217192891212,0.5222885106607431,1.1816844371373212,0.7086042538657802,1.970603621633129,3615.05893228151,False,0.03820540461628447,0.04164525133978675,0.07889703722415334,0.2686365416316868,0.29369436021226347,0.7689914642596694,1.0820929010454885,0.6391407490061128,1.8320300314349736,3609.6996427254758,False,0.017967379189702343,0.019642054874849546,0.039359657902271125,0.2710067648789543,0.1452349645952609,0.8845253608331696,1.0401445125783488,0.6115163410848314,1.7692096422600199,3606.4177708545594,False,0.008916937093831828,0.009838675424614252,66,0.8632715278190844,False,False,0.9456496504519618,False,False,0.9744704714971155,False,False,3606.4177708545594,5.359289556034128,3.2818718709163477,0.14153992455897235,1.101307283587053,0.12851992052387468,low,3.8205404616284473,4.164525133978675,0.07641080923256895,0.0832905026795735,1.7967379189702344,1.9642054874849546,0.035934758379404685,0.03928410974969909,0.8916937093831827,0.9838675424614252,0.017833874187663655,0.019677350849228503
995486ce-58bb-4753-a812-0ca73ef1a235,Gitaxian Probe,-0.03752777842767768,0.15016758559208487,-0.24990598523451069,0.8026600545131172,0.9631676620659663,0.7175904718058974,1.2927874347536665,3615.405574259052,False,-0.008605278973668756,-0.009381073947940244,0.04993919702584908,0.15392421748887616,0.3244401552956285,0.7456048228986688,1.0512071779099617,0.7774373093409441,1.4213834576915234,3609.680675084992,False,0.011374099087910748,0.012416385838920352,0.03710037227228398,0.1545198389547051,0.24010102860098972,0.810251936825357,1.0377971816719342,0.7666242356423304,1.4048903494210636,3606.381229153377,False,0.008404278028188853,0.009274368812737077,214,0.9359689796507853,False,False,0.9417190779048334,False,False,0.953008748790103,False,False,3606.381229153377,5.724899174060283,3.2994459316150824,0.08803951584399539,1.0173906738826208,0.08653462047967696,low,-0.8605278973668756,-0.9381073947940244,-0.017210557947337512,-0.018762147895880488,1.137409908791075,1.2416385838920352,0.022748198175821497,0.024832771677840704,0.8404278028188853,0.9274368812737077,0.016808556056377707,0.018548737625474154
8870ef0b-cb1f-463b-8509-fece4743d3d4,Ramunap Excavator,0.050655662360228115,0.1738331751131841,0.29140388379402166,0.7707424445410709,1.0519606012808191,0.7482206477665859,1.4790037002458165,3615.3832337956683,False,0.011609916732359742,0.012661635483682543,0.021017891281854495,0.17893315757986294,0.1174622499604279,0.9064937570770537,1.021240322772537,0.7191458450204437,1.4502368387137208,3609.772117900402,False,0.004787863652269415,0.0052220149713128605,0.03645277544365433,0.17979292133744226,0.20274866870447228,0.8393314809687762,1.0371253250779027,0.7291022104829126,1.4752786707442773,3606.3977978710373,False,0.008256600817078394,0.009112357519213077,158,0.932615257517962,False,False,0.9799535429017744,False,False,0.9553482897716276,False,False,3606.3977978710373,5.611115895266266,3.3743200293647533,0.030720278508282073,1.0367754163770864,0.02963060082542387,low,1.1609916732359742,1.2661635483682543,0.023219833464719484,0.025323270967365086,0.4787863652269415,0.522201497131286,0.00957572730453883,0.010444029942625721,0.8256600817078394,0.9112357519213077,0.016513201634156788,0.018224715038426154
c1c7aa22-51b0-45ee-9a8e-5493a1820d8c,"Wolverine, Fierce Fighter",0.1606697727157682,0.47808494697767756,0.3360695075874667,0.7368184518879257,1.1742971198294752,0.4600699557425326,2.9973131442895427,3615.354961417111,False,0.03678086145040136,0.04008303302071581,0.0696075999487242,0.4795298208165731,0.14515802130969055,0.8845861089592763,1.0720874115493246,0.4188380920671497,2.7441902724985656,3609.764820805821,False,0.01585404778811326,0.01732468227995626,0.03639439751253174,0.48461947078837675,0.07509891720472044,0.9401360093391593,1.0370647816143281,0.4011339910446448,2.6811573820107264,3606.43322465069,False,0.008245368876614726,0.009097594113603114,19,0.9264388796291327,False,False,0.9716557874503354,False,False,0.9818999746479742,False,False,3606.43322465069,5.5901406112902805,3.3315961551306827,0.13723233821514702,1.0944831043310426,0.12538552461166094,low,3.678086145040136,4.008303302071581,0.07356172290080272,0.08016606604143162,1.585404778811326,1.732468227995626,0.03170809557622652,0.03464936455991252,0.8245368876614726,0.9097594113603114,0.016490737753229453,0.018195188227206227
045ce37b-86d2-4e56-84af-b6625b53d13c,Path to Exile,0.10795604259195221,0.14547963926358776,0.7420697709894077,0.45804506384015686,1.1139987758114347,0.8376256050369616,1.4815608131446913,3614.917757101912,False,0.024722576732317668,0.026968698627233334,0.025103985665303266,0.15074076190283636,0.16653747366279503,0.8677339951899217,1.0254217441429498,0.7631139549543091,1.377893493540066,3609.7581774358687,False,0.005718790173398032,0.006238448355692761,0.03602711708576212,0.15158804759521824,0.23766462895520907,0.8121412196624452,1.0366839579575675,0.7702150971465986,1.395342200728133,3606.382393646245,False,0.008160967062781617,0.009005903578492014,230,0.8622992302965494,False,False,0.9641377110982073,False,False,0.953008748790103,False,False,3606.382393646245,5.159579666043101,3.3757837896237106,0.08857703166848485,1.0587014926373175,0.083665728521674,low,2.4722576732317667,2.696869862723333,0.049445153464635336,0.05393739725446667,0.5718790173398032,0.6238448355692761,0.011437580346796063,0.012476896711385521,0.8160967062781617,0.9005903578492014,0.016321934125563233,0.018011807156984028
c8090bcf-e17a-4110-a518-77ccd045b18f,Charming Scoundrel,0.07062382906826523,0.1706853751236582,0.4137661414582219,0.6790453826904561,1.0731774517671309,0.7680353592731147,1.4995531508749744,3615.2967254540185,False,0.016190921290290892,0.017649809820726392,0.03316454673467136,0.1735598185271091,0.19108424413045372,0.8484595915560376,1.033720620600438,0.735641259985331,1.4525807340875119,3609.74938362007,False,0.0075559874274177445,0.008242803900121554,0.03354901452694834,0.17409903129944868,0.19270075356849262,0.847193333253111,1.03411812929502,0.7351467889736308,1.454675884294708,3606.4017211984246,False,0.007601267851511282,0.008386609816488144,157,0.9254734283166913,False,False,0.9541785117145353,False,False,0.957759242847161,False,False,3606.4017211984246,5.547341833948394,3.3476624216455093,0.03945683116669296,1.0470054005541962,0.03768541322309116,low,1.6190921290290892,1.7649809820726392,0.032381842580581785,0.035299619641452784,0.7555987427417744,0.8242803900121554,0.015111974854835489,0.016485607800243107,0.7601267851511282,0.8386609816488144,0.015202535703022563,0.01677321963297629
bb9ad57f-cca2-4717-a951-cbe3c7782efe,Recruiter of the Guard,0.17183275363791034,0.20192720390023425,0.8509638638031525,0.39478942664790606,1.1874792150265139,0.7993594448274307,1.7640460686924215,3614.73968030201,False,0.03935222078708453,0.04286508841187148,0.04304820465290295,0.20699407227357103,0.20796829677329526,0.8352537216336331,1.0439882187273988,0.6958228499329886,1.5663633365109688,3609.742598816983,False,0.00980868542912423,0.010705148313011392,0.03331224221499693,0.20803471686020322,0.16012828396032738,0.8727800212679535,1.0338733077393425,0.6876771548653516,1.5543544072875015,3606.4131996711326,False,0.007548338928693344,0.008327298201336708,113,0.8306768062276131,False,False,0.9507068811085893,False,False,0.9695843329746737,False,False,3606.4131996711326,4.997081485027138,3.3293991458504024,0.15360590728717138,1.088446913831085,0.14112393111255522,low,3.935222078708453,4.286508841187148,0.07870444157416906,0.08573017682374295,0.980868542912423,1.0705148313011392,0.01961737085824846,0.021410296626022784,0.7548338928693344,0.8327298201336708,0.015096677857386689,0.016654596402673416
fadb218d-29e2-42d1-a7a1-1066741d63ad,Mox Diamond,0.0745477246433971,0.15073258210115945,0.4945694129578881,0.6209040975514817,1.077396760671513,0.8018063683208722,1.4477108511078065,3615.223493604114,False,0.017085335348252653,0.01863009693887241,0.057983452264756735,0.15210813375194115,0.38119889340905655,0.703055670175597,1.059697459972194,0.7865110634545884,1.427772295712096,3609.6406219250184,False,0.01320604317898456,0.01442213858901975,0.033215960843638204,0.15233807137161362,0.21804110124652398,0.8273970875859917,1.033773769791364,0.7669246985399729,1.3934721481041819,3606.3913277234615,False,0.007524922730610151,0.00830340634890464,209,0.9182772351814597,False,False,0.9305750602745201,False,False,0.9547990612800286,False,False,3606.3913277234615,5.5828716790956605,3.2492942015569497,0.04362299088014887,1.0569559968116904,0.04127228665312246,low,1.7085335348252653,1.863009693887241,0.034170670696505305,0.03726019387774482,1.3206043178984561,1.442213858901975,0.02641208635796912,0.0288442771780395,0.7524922730610151,0.8303406348904641,0.015049845461220302,0.01660681269780928
b689a206-aec3-4a31-95cf-3d4b840db04c,Securitron Squadron,0.12362208029009279,0.21109681625504612,0.5856179286983334,0.5581322974434637,1.1315881407185393,0.7481680357070255,1.7115028430809194,3615.126232085649,False,0.0283028355849362,0.030870402523518137,0.06964218461923954,0.21577401635363236,0.3227551945137957,0.7468806479934886,1.0721244899803857,0.7023840902774753,1.6364990863640063,3609.6818881845506,False,0.015857206948879172,0.017333192520933793,0.033085815608114716,0.21659287152596152,0.1527557918920196,0.8785908614397573,1.0336392378151544,0.6760851748464205,1.5802891613379828,3606.4155488196125,False,0.007494871733052929,0.008270722170671208,105,0.886782971312673,False,False,0.9417190779048334,False,False,0.9718409694532638,False,False,3606.4155488196125,5.444343901098364,3.266339364938176,0.09794890290338487,1.0791172895046932,0.09076761521293268,low,2.83028355849362,3.0870402523518137,0.0566056711698724,0.061740805047036273,1.5857206948879172,1.7333192520933793,0.031714413897758344,0.03466638504186759,0.7494871733052929,0.8270722170671208,0.014989743466105859,0.016541444341342415
3a9d1082-a862-45d4-9e5e-392e879fead6,Zuran Orb,0.06695527419310547,0.20394608437557046,0.32829889526001443,0.7426856793862132,1.0692476541410223,0.7169285811792179,1.5947063290538275,3615.360430297817,False,0.015344894912595046,0.01673327938991731,0.010713259100709888,0.211970282210161,0.05054132583589275,0.9596910182124364,1.0107708515448361,0.6671445806041145,1.5313887634484553,3609.7833538255045,False,0.002440769712659825,0.0026608594290600807,0.031130566557828254,0.2130580891495406,0.14611304683192958,0.8838321470709475,1.031620190190787,0.6794556689742014,1.5663129552160444,3606.417527899045,False,0.007052225554210918,0.007782079909656681,112,0.9264388796291327,False,False,0.9851165113081077,False,False,0.9744704714971155,False,False,3606.417527899045,5.577076472312456,3.3658259264593653,0.05847680259618615,1.0372128986255484,0.0563787846002263,low,1.5344894912595046,1.673327938991731,0.030689789825190092,0.03346655877983462,0.2440769712659825,0.26608594290600807,0.00488153942531965,0.005321718858120161,0.7052225554210918,0.7782079909656681,0.014104451108421836,0.015564159819313361
2b73d294-6ab1-4051-9b0f-d8e335d37674,Unholy Heat,0.13588071752876058,0.1621904448654366,0.8377849733472016,0.4021514796355954,1.145545241977573,0.8335908751105122,1.5742421619520284,3614.7631993413534,False,0.0311494140584636,0.03392746069158953,0.05861089665313362,0.1660205746569264,0.3530339343436814,0.7240630004587154,1.0603625698347359,0.765834316469414,1.4681619187424206,3609.661070821594,False,0.013356481966064206,0.014581198885948832,0.030070279958069587,0.16690135404178186,0.18016798084539107,0.8570206946517751,1.0305269567998632,0.7430021252063518,1.429317323145267,3606.406379402866,False,0.006814361345428256,0.007517077350703394,180,0.8330280649594476,False,False,0.9341393062010893,False,False,0.9623447867554444,False,False,3606.406379402866,5.10212851975939,3.254691418727816,0.11501828517770973,1.0788115895373906,0.10661573002476843,low,3.11494140584636,3.392746069158953,0.0622988281169272,0.06785492138317906,1.3356481966064206,1.4581198885948832,0.026712963932128412,0.029162397771897663,0.6814361345428256,0.7517077350703394,0.013628722690856512,0.015034154701406788
b0f61742-522c-4b36-97db-41d0c412a072,Nexus of Becoming,0.29860007610247663,0.46406261671244375,0.6434478136115499,0.5199335668606875,1.347970430073793,0.5428280625992734,3.3473293028601034,3615.04762006235,False,0.06809031661782187,0.07411248115900698,0.09567568972700569,0.49591422683001485,0.19292789871866403,0.8470154354573436,1.100402134402529,0.4163137089519882,2.9085875179221836,3609.748526098131,False,0.021787374863489053,0.023830148700379084,0.02959758530642579,0.4990845127240106,0.05930375427777098,0.9527101708987255,1.0300399473314628,0.3872797187256336,2.739576181757791,3606.4353447256685,False,0.006705908826058375,0.007398858302009592,20,0.8632715278190844,False,False,0.9541785117145353,False,False,0.9867355341451085,False,False,3606.4353447256685,5.299093964218628,3.3131813724626227,0.31793048274233016,1.1594708372692615,0.27420308689359285,low,6.809031661782187,7.411248115900698,0.13618063323564375,0.14822496231801396,2.178737486348905,2.3830148700379086,0.043574749726978106,0.04766029740075817,0.6705908826058375,0.7398858302009592,0.01341181765211675,0.014797716604019184
a211d505-4d40-4914-a9da-220770d6ddbc,Consider,-0.011365331120626043,0.28746628893926796,-0.03953622236041444,0.9684628748145329,0.988699010270689,0.5628178389605285,1.7368421276689412,3615.466481769572,False,-0.0026060860046003237,-0.002841303943948048,0.07259927162346094,0.29207618303811944,0.24856279231088782,0.8036989927286692,1.075299547523659,0.6066094852335363,1.906117766126651,3609.7240144122406,False,0.016536486284340592,0.018067661208561403,0.02759518829826786,0.2928714374101193,0.09422287315654221,0.9249321154497405,1.0279794620658844,0.5790115641255716,1.8250788756268899,3606.429982237877,False,0.006252310844299276,0.006898406725852901,54,0.9880381961872368,False,False,0.9456496504519618,False,False,0.9818999746479742,False,False,3606.429982237877,5.742467357331407,3.294032174363565,0.08660053725297012,1.030659339953411,0.08402440447188374,low,-0.26060860046003237,-0.2841303943948048,-0.005212172009200647,-0.005682607887896096,1.6536486284340592,1.8067661208561403,0.033072972568681185,0.036135322417122806,0.6252310844299276,0.6898406725852901,0.012504621688598552,0.013796813451705803
aced2c55-7543-4076-bcdd-36c4d649b8ae,Mox Emerald,0.10649104985263695,0.14225699736651012,0.74858215640721,0.45410909021385937,1.112367970543873,0.8416991227629436,1.4700769769489064,3614.9075810631903,False,0.024396850315171144,0.026603492996428835,0.024296473959335145,0.1438912761244044,0.1688530021676164,0.8659122671171768,1.0245940383170493,0.7728035308071011,1.3584215153086263,3609.7573947390856,False,0.005535366160873415,0.00603740022475957,0.027238970895568267,0.14448219167488835,0.18852822330423247,0.8504625931775414,1.027613343104723,0.7741836769790531,1.3640034197665427,3606.403320885388,False,0.006171301243647541,0.0068093678190373486,235,0.8622992302965494,False,False,0.9641377110982073,False,False,0.958771616893322,False,False,3606.403320885388,5.150186324104652,3.354073853697628,0.08777393222682361,1.054858450655215,0.08320920420394196,low,2.4396850315171146,2.6603492996428835,0.04879370063034229,0.05320698599285767,0.5535366160873415,0.603740022475957,0.01107073232174683,0.01207480044951914,0.6171301243647541,0.6809367819037349,0.012342602487295082,0.013618735638074697
345fd005-5052-4500-a260-3649500e21f4,Mulldrifter,-0.048982759795102165,0.5020567325746157,-0.09756419268378667,0.9222783589093194,0.9521975456377874,0.3559325773113811,2.5473368376883174,3615.458554326542,False,-0.01122969014154288,-0.012243287833329508,0.005404590546882637,0.5101187237646275,0.010594769991968291,0.9915467547433809,1.0054192216929478,0.3699349468849341,2.7325556016314323,3609.7857955273066,False,0.0012313694542746784,0.0013421006576900818,0.026565118109998592,0.5122025644488796,0.05186447697422633,0.9586366794301897,1.0269211162466751,0.3763062741672824,2.802416678613555,3606.436172706143,False,0.0060188653536302405,0.0066408882765867094,18,0.976443913321454,False,False,0.9915467547433809,False,False,0.9886854677044771,False,False,3606.436172706143,5.672758799235453,3.3496228211633934,0.07472357060888779,0.9948459611924702,0.07511069404083476,low,-1.122969014154288,-1.2243287833329508,-0.02245938028308576,-0.024486575666659016,0.12313694542746784,0.13421006576900818,0.0024627389085493567,0.0026842013153801636,0.6018865353630241,0.6640888276586709,0.012037730707260481,0.013281776553173419
44afd414-cc69-4888-ba12-7ea87e60b1f7,Craterhoof Behemoth,0.17780416797514514,0.180132661857648,0.987073449875831,0.323606632399305,1.1945913590821842,0.8392422737793365,1.7004011353806476,3614.4928562056225,False,0.040682643668774124,0.04435127368391106,0.005491741446716353,0.22658248943117668,0.024237272087984728,0.9806633480279594,1.0055068487011594,0.644932294258233,1.5676746718782095,3609.7853203770837,False,0.001251227610558894,0.0013637471544538649,0.02555986425295706,0.22803630968465954,0.11208681761383776,0.910754569577064,1.0258893185298972,0.6561333044171758,1.6040168770408578,3606.426304652506,False,0.005791133274256964,0.006389617021473004,140,0.811278266477493,False,False,0.986579868981371,False,False,0.9802982008213107,False,False,3606.426304652506,4.7075358285387665,3.3590157245776027,0.1890845103810248,1.075329175437747,0.17583872427161845,low,4.068264366877412,4.4351273683911066,0.08136528733754825,0.08870254736782213,0.1251227610558894,0.13637471544538649,0.002502455221117788,0.0027274943089077297,0.5791133274256964,0.6389617021473004,0.011582266548513928,0.012779234042946008
4e4b6e22-93b2-4896-bba5-0ceaa5d8ea3c,"Yavimaya, Cradle of Growth",0.034408387787427955,0.21453689633516912,0.1603844764010757,0.8725782173596897,1.035007204732625,0.6797134755939283,1.5760168840442677,3615.442297963091,False,0.007890354990263247,0.008601335647121622,0.05444739016344605,0.22075793862617335,0.24663842443123218,0.8051880645862504,1.0559569212313291,0.6850673190633073,1.6276429899195144,3609.724987496614,False,0.01240454838483363,0.013543623418750816,0.024822859256710655,0.22196989337899048,0.11182984718710572,0.9109583213223152,1.0251335115275246,0.6634922327454015,1.5838900059286893,3606.4263524940607,False,0.005624425834603841,0.006205440772208526,97,0.9541142147195295,False,False,0.9456496504519618,False,False,0.9802982008213107,False,False,3606.4263524940607,5.717310466476647,3.2986350025535103,0.030823409703804483,1.0386992124971597,0.029675010179030795,low,0.7890354990263246,0.8601335647121622,0.015780709980526494,0.017202671294243244,1.240454838483363,1.3543623418750816,0.02480909676966726,0.027087246837501633,0.5624425834603841,0.6205440772208526,0.011248851669207681,0.012410881544417052
492b368b-de32-45c1-8459-238aae54f9fc,Unmarked Grave,-0.13841743253889432,0.25098415109527117,-0.5514986979650057,0.5812918589861991,0.8707351426911568,0.5324073598289755,1.4240593686776575,3615.1626602992756,False,-0.03171039454907696,-0.034553364735180336,0.037523976641159536,0.26190850880972844,0.14327131566550208,0.8860759088801005,1.0382368902167523,0.6213773698923519,1.734752329962862,3609.7654023020195,False,0.008547445405017765,0.009326912100401596,0.024239729318549896,0.26209526847261494,0.09248442163725129,0.926313167903767,1.024535899745936,0.6129530129958363,1.7124865815372783,3606.430318770273,False,0.005491453168623412,0.006059714238880243,75,0.8913141837788385,False,False,0.9716557874503354,False,False,0.9818999746479742,False,False,3606.430318770273,5.39725799725602,3.335083531746477,0.16750174752559543,0.9778359775512818,0.1712984093150847,low,-3.171039454907696,-3.4553364735180336,-0.06342078909815392,-0.06910672947036067,0.8547445405017765,0.9326912100401596,0.01709489081003553,0.018653824200803193,0.5491453168623412,0.6059714238880243,0.010982906337246825,0.012119428477760485
f1a21287-e244-4960-84fb-c4f6e5c346d9,Third Path Iconoclast,-0.04680789830168067,0.18632735000028625,-0.25121324540712225,0.8016492445067368,0.9542706970052941,0.662317981151935,1.3749174702748583,3615.4049095828914,False,-0.010732477989891366,-0.011700128634223206,0.04065715443619339,0.19029556895511135,0.21365265969899683,0.8308179309142877,1.0414949723972067,0.7172562138540366,1.5123072572633018,3609.7402758364665,False,0.009261295432019005,0.010107189995102184,0.021731610712970625,0.19229155496216244,0.11301385917466211,0.9100195675766154,1.0219694620042064,0.7010613786961748,1.4897719557901892,3606.426096388219,False,0.004923453954372065,0.005432733127294698,129,0.9359689796507853,False,False,0.9504913926563402,False,False,0.9802982008213107,False,False,3606.426096388219,5.664633746424897,3.3141794482476143,0.08722427539191258,1.0059117104689024,0.08671166115687556,low,-1.0732477989891365,-1.1700128634223206,-0.02146495597978273,-0.02340025726844641,0.9261295432019004,1.0107189995102184,0.01852259086403801,0.020214379990204367,0.4923453954372065,0.5432733127294698,0.00984690790874413,0.010865466254589395
53d4fd57-74b6-42c7-88b1-110e5a8dfc3c,Spell Pierce,-0.05254350601977331,0.16546636417532629,-0.31754795774746586,0.7508278558667117,0.9488130410789176,0.6860137691548306,1.312285886084368,3615.3671642614618,False,-0.012047334126026207,-0.01313337557125449,0.04965068937526934,0.17045383373563125,0.29128526057252585,0.7708331593013373,1.0509039403420728,0.7524363845425743,1.467764072171879,3609.701118343531,False,0.011308786519732663,0.012344772732860443,0.021043328469445788,0.17215769599821334,0.1222328653240351,0.9027145988341038,1.021266300584603,0.7287782655762869,1.431141550146275,3606.4239297060512,False,0.004767493777517339,0.005260689427870169,170,0.9264388796291327,False,False,0.9456496504519618,False,False,0.9790416868656052,False,False,3606.4239297060512,5.66604591793066,3.277188637479867,0.10209089926315518,1.0069944273351978,0.10138179168808073,low,-1.2047334126026206,-1.313337557125449,-0.024094668252052413,-0.02626675114250898,1.1308786519732663,1.2344772732860443,0.022617573039465325,0.024689545465720886,0.47674937775173387,0.5260689427870169,0.009534987555034678,0.010521378855740338
8b1e10e8-ea14-4761-910b-4072e2a18456,Grave Researcher // Reanimate,0.005063534320356819,0.4653007549397101,0.010882282623876057,0.9913173660806028,1.0050763756753287,0.4037635093310862,2.5019064318472317,3615.4679259567542,False,0.0011611066068740363,0.001265880934268826,-0.025859023668646647,0.4902021056742227,-0.05275175967079989,0.9579296981501974,0.9744724574777728,0.37282163994592277,2.547053251845862,3609.783124251411,False,-0.005891471885972885,-0.006412786853372987,0.019629907900090955,0.48971583768104965,0.04008428233206509,0.9680259326127234,1.0198238414294283,0.3905445881748452,2.663052309618112,3606.4372601007635,False,0.004447488725478662,0.00490731926278587,21,0.994566845642601,False,False,0.9851165113081077,False,False,0.9923474430545606,False,False,3606.4372601007635,5.684801705343034,3.345864150647685,0.0453513839516555,0.9997908915275099,0.04536086929374434,low,0.11611066068740364,0.1265880934268826,0.0023222132137480727,0.002531761868537652,-0.5891471885972885,-0.6412786853372987,-0.01178294377194577,-0.012825573706745974,0.44474887254786616,0.49073192627858697,0.008894977450957324,0.00981463852557174
ca4c8b04-66af-4cb3-8003-9088d8344b20,Alpha Deathclaw,-0.010129512623301173,0.24697253923222023,-0.0410147324669838,0.9672841509348811,0.989921618100952,0.6100613887895553,1.6063052472931465,3615.466362017012,False,-0.0023227859416824178,-0.0025323581766291126,0.05949882045095123,0.25289802015283264,0.23526803576791386,0.8140007026433991,1.061304509118074,0.6465005053832276,1.7422527154973786,3609.7306003372987,False,0.013551652895772485,0.014802780638832058,0.01811281276526057,0.25216518625107087,0.07182915704797711,0.9427378687763568,1.0182778446498275,0.6211821317003686,1.6692202109329972,3606.433708256984,False,0.0041037159197426665,0.004528089934704438,74,0.9880381961872368,False,False,0.9458858339079219,False,False,0.9818999746479742,False,False,3606.433708256984,5.735761679713505,3.296892080314592,0.07138289101712192,1.0231679906229514,0.06976654046190475,low,-0.2322785941682418,-0.25323581766291126,-0.0046455718833648355,-0.005064716353258225,1.3551652895772486,1.4802780638832058,0.02710330579154497,0.029605561277664116,0.41037159197426665,0.4528089934704438,0.008207431839485333,0.009056179869408876
2aef4608-5ba8-4636-b5e7-cac57c5c0608,Windfall,-0.03356481329677671,0.2226788684912594,-0.15073191957634813,0.8801871927191534,0.9669922352455824,0.6249926461095706,1.496135976712461,3615.4453276802406,False,-0.007695926103622121,-0.008390490495208791,0.016888967558019247,0.2286547592736824,0.07386230495121439,0.9411199501753118,1.0170323924658087,0.6496806395385394,1.5920974466153357,3609.7804520821455,False,0.0038478623415535386,0.0041955531681701075,0.01713946576734366,0.230462319475924,0.0743699265299384,0.9407160376699641,1.0172871891706732,0.6475452003170133,1.598148244700346,3606.433335592761,False,0.003883295063892222,0.004284778241732068,88,0.9579618787435881,False,False,0.9851165113081077,False,False,0.9818999746479742,False,False,3606.433335592761,5.664875598095023,3.3471164893844616,0.05029495392509076,1.0004372722940216,0.05027297094775715,low,-0.769592610362212,-0.8390490495208791,-0.015391852207244242,-0.016780980990417582,0.38478623415535385,0.41955531681701075,0.007695724683107077,0.008391106336340215,0.3883295063892222,0.4284778241732068,0.007766590127784444,0.008569556483464136
cdfadb17-76ad-4d4d-9fa7-33c4b88b4c0a,Sowing Mycospawn,0.19580156234945892,0.28438378530923847,0.6885116960397184,0.49113060750034254,1.2162855245437123,0.6965674445980107,2.1237720606772066,3614.9945033877775,False,0.044778429480706775,0.048803653925712065,0.016614131626265807,0.2926124733808247,0.056778617241798536,0.9547215474235051,1.0167529138277471,0.5729789403835467,1.8042312115087638,3609.782683971216,False,0.0037852283769704807,0.004127559199807618,0.015905293593339462,0.2933818648869236,0.05421362223418187,0.9567649676726996,1.0160324560664347,0.57171014154896,1.8056736740465635,3606.4359274930575,False,0.003603653860770602,0.003976240439914014,54,0.8622992302965494,False,False,0.9851165113081077,False,False,0.9886854677044771,False,False,3606.4359274930575,5.211819416561411,3.346756478158568,0.20025306847727764,1.083023631479298,0.18490184577390312,low,4.477842948070678,4.880365392571207,0.08955685896141355,0.09760730785142413,0.3785228376970481,0.4127559199807618,0.0075704567539409615,0.008255118399615236,0.3603653860770602,0.3976240439914014,0.007207307721541204,0.007952480879828028
6efb6a69-562c-4d95-858d-b067444cfd7e,Palantír of Orthanc,-0.031882321094817936,0.1826566958367175,-0.17454778183066738,0.8614349825904719,0.9686205615797981,0.6771317307028697,1.3855882833038642,3615.437586413156,False,-0.007309921641018862,-0.007970000644706599,0.007717528675920658,0.18512758512462887,0.041687621381358037,0.9667477220903471,1.007747385558045,0.7010805171229751,1.4485565755936398,3609.7841698061206,False,0.001758350385266589,0.0019165399301335762,0.015527577642260253,0.18710322203271337,0.08298936530096414,0.9338599957038547,1.0156487568701795,0.7038466751375066,1.4655782768745966,3606.431978174276,False,0.003518169268861045,0.0038818332795659827,137,0.9541142147195295,False,False,0.986579868981371,False,False,0.9818999746479742,False,False,3606.431978174276,5.653416607035524,3.352191631844562,0.04702819529038138,0.9973389013360076,0.04715367587425269,low,-0.7309921641018862,-0.7970000644706599,-0.014619843282037723,-0.015940001289413197,0.17583503852665888,0.19165399301335762,0.003516700770533178,0.0038330798602671523,0.3518169268861045,0.38818332795659827,0.00703633853772209,0.007763666559131965
1ee98955-4c47-4d45-9377-608dfa755337,Bone Shards,-0.09111948162809855,0.1575350006309521,-0.5784078538937436,0.5629887927069889,0.9129086285734814,0.6703950705330676,1.2431507938464277,3615.1333220359534,False,-0.020883325901745915,-0.02276711409897164,-0.016076793260671657,0.16223432982260863,-0.09909612397234577,0.9210619495634634,0.9840517486111879,0.7160136272625697,1.3524293492107375,3609.7760870125703,False,-0.003662913012844458,-0.003989530432818578,0.014544637608371214,0.16303829237117118,0.08920994814677678,0.9289150594249771,1.0146509255312068,0.7371156969679766,1.3966823728162463,3606.430908770891,False,0.003295301556415488,0.0036361203156938804,190,0.886782971312673,False,False,0.981853359675277,False,False,0.9818999746479742,False,False,3606.430908770891,5.357235023383055,3.3451782416791502,0.10174229695772541,0.970537100905292,0.1048309197688814,low,-2.0883325901745917,-2.276711409897164,-0.04176665180349183,-0.04553422819794328,-0.3662913012844458,-0.39895304328185777,-0.007325826025688916,-0.007979060865637155,0.3295301556415488,0.36361203156938804,0.006590603112830976,0.007272240631387761
07313dd3-d0dc-40ca-98a3-fa4d39e5bcae,Oust,0.07028922081838468,0.1521842474795382,0.46186922748253134,0.6441751027504998,1.0728184178093958,0.7961307050912788,1.4456663337197835,3615.254794748763,False,0.016109131101148793,0.017566549294382783,-0.00752045157545661,0.1557368191565251,-0.048289490026748864,0.9614855305271037,0.9925077562643019,0.7314220565367364,1.3467896373115769,3609.783575841051,False,-0.001713461350410696,-0.0018665305531442855,0.013980047124992179,0.15630104324843502,0.08944308262083309,0.9287297856750137,1.014078224960559,0.7464922844853228,1.3775824180797378,3606.4308671133354,False,0.003167361689558162,0.003494955944984446,207,0.9187714246411036,False,False,0.9851165113081077,False,False,0.9818999746479742,False,False,3606.4308671133354,5.471218907711773,3.352708727715708,0.08031066154509392,1.026468133011419,0.07823980010902151,low,1.6109131101148793,1.7566549294382783,0.032218262202297586,0.035133098588765566,-0.1713461350410696,-0.18665305531442855,-0.003426922700821392,-0.003733061106288571,0.3167361689558162,0.3494955944984446,0.006334723379116324,0.006989911889968892
9d48aaff-46ab-411b-9456-171d4709f951,Fear of Missing Out,0.09630204581459181,0.15755581568029683,0.6112249516070062,0.5410506669475568,1.1010915938792343,0.8085543710649673,1.4994695984570914,3615.0938496031476,False,0.022077673166826312,0.024060463339224736,0.03423910665835843,0.16310501008251427,0.2099206311384119,0.8337296196584288,1.0348320123732115,0.7516783947200846,1.4246482290224287,3609.7418209342304,False,0.007801505694587378,0.008510668007214284,0.01158908748141399,0.16388568425101346,0.07071445888869529,0.9436250131174684,1.011656501124913,0.7337206903467712,1.3948753111822412,3606.4338652159936,False,0.002625907181005092,0.0028972469423450553,190,0.8738033773705093,False,False,0.9505942842943111,False,False,0.9818999746479742,False,False,3606.4338652159936,5.352028668917228,3.307955718236826,0.08943509275432127,1.0491933691257862,0.0852417632307768,low,2.2077673166826313,2.4060463339224736,0.044155346333652624,0.04812092667844947,0.7801505694587378,0.8510668007214284,0.015603011389174757,0.017021336014428567,0.26259071810050916,0.28972469423450553,0.005251814362010184,0.005794493884690111
00cb17a0-5a13-4d02-b7fb-f99531bc8ca5,Dark Depths,-0.05086881593535063,0.2280447735584067,-0.22306503736785765,0.8234848889261923,0.9504033401281303,0.6078442654914373,1.486016337089933,3615.4182541366813,False,-0.011663369062041273,-0.012714711142219115,0.018796077560636837,0.23652625335653515,0.07946719357323936,0.9366610248018049,1.0189738357990363,0.6409554155413496,1.6199374447379447,3609.7795942285975,False,0.004282182007226285,0.004669452047187328,0.010033431415952143,0.2378233701110757,0.042188584794110084,0.966348362474168,1.0100839350558888,0.6337502218600624,1.6098922267253635,3606.4370868284086,False,0.0022732588791291035,0.0025083422867176464,89,0.9464937947172035,False,False,0.9851165113081077,False,False,0.9923474430545606,False,False,3606.4370868284086,5.63865990808381,3.342507400188879,0.068570495670906,0.9931537036610184,0.06904318578094974,low,-1.1663369062041273,-1.2714711142219115,-0.023326738124082546,-0.02542942228443823,0.42821820072262856,0.4669452047187328,0.00856436401445257,0.009338904094374656,0.22732588791291036,0.25083422867176464,0.004546517758258207,0.005016684573435293
5ab21006-7f61-49e0-8b6a-0397c5d4c3bd,Imperial Seal,-0.04665011576602771,0.16900980390749507,-0.27602017567904485,0.7825325700191633,0.9544212761346329,0.6852926323557588,1.3292423255844543,3615.3919400039613,False,-0.010692615265561926,-0.01166076669591043,0.03692654098287043,0.1791876340154514,0.20607750744499614,0.8367303681355166,1.0376167957285092,0.7303136192497114,1.474227765167511,3609.743411152115,False,0.008413963826721972,0.00917648265355897,0.00798123940336213,0.18054165609463788,0.044207190606352115,0.9647392503836383,1.0080131743983116,0.7075971060311563,1.435973311789974,3606.436911931003,False,0.0018084071038980626,0.0019953041389438875,164,0.932615257517962,False,False,0.9507651712885683,False,False,0.9923474430545606,False,False,3606.436911931003,5.648528851846095,3.3064992211120625,0.08319551959387628,1.0000170820871512,0.08319409846503582,low,-1.0692615265561927,-1.166076669591043,-0.02138523053112385,-0.02332153339182086,0.8413963826721972,0.917648265355897,0.016827927653443944,0.01835296530711794,0.18084071038980626,0.19953041389438875,0.0036168142077961252,0.003990608277887775
aac0c8df-f01d-4178-8d66-ee603f814d24,Mishra's Workshop,-0.10922686334420664,0.19355181248395453,-0.5643288065476605,0.5725303803239115,0.896527005311127,0.6134917785528845,1.3101409005807096,3615.1491086012807,False,-0.02503054525480397,-0.027283015684879897,0.03883289702015001,0.19981486725068057,0.19434438265012408,0.8459062357335005,1.039596749420138,0.7027147413901632,1.5379802610471405,3609.7481592166196,False,0.008845652015521486,0.009652096850967962,0.007952390606668025,0.2016545375477248,0.03943571368824747,0.9685430066394587,1.0079840948506353,0.6788938455873503,1.4965991252915642,3606.4373114768196,False,0.0018017601699619123,0.0019880901612387425,121,0.886782971312673,False,False,0.9541785117145353,False,False,0.9923474430545606,False,False,3606.4373114768196,5.400949384661089,3.3108477398000105,0.14306974410901097,0.9813692831939668,0.14578583878575846,low,-2.503054525480397,-2.7283015684879897,-0.05006109050960794,-0.05456603136975979,0.8845652015521486,0.9652096850967962,0.01769130403104297,0.019304193701935923,0.18017601699619124,0.19880901612387425,0.0036035203399238246,0.003976180322477485
ed0216a0-c5c9-4a99-b869-53e4d0256326,Mox Pearl,0.07598717460019797,0.14018239333689372,0.5420593327835513,0.5877776327661377,1.0789487361196382,0.8197381521710475,1.4201246728495027,3615.1742511116404,False,0.017414702934568746,0.018989852999417856,0.013405700596960723,0.14175512221013278,0.09456942640202155,0.9246568351640572,1.0134959598798707,0.7676400512761974,1.338093366787141,3609.776964726901,False,0.003054214275325068,0.003329910283706883,0.007306183474720868,0.1422580652409216,0.05135865908444247,0.959039726543923,1.00733293875317,0.7622203252066327,1.3312681595338125,3606.436228832551,False,0.001655366856908087,0.001826538665741284,243,0.8950860298059677,False,False,0.981853359675277,False,False,0.9886854677044771,False,False,3606.436228832551,5.3972863847393455,3.3407358943500185,0.07161579736646817,1.0332592115842265,0.06931058205294344,low,1.7414702934568747,1.8989852999417856,0.03482940586913749,0.03797970599883571,0.3054214275325068,0.3329910283706883,0.006108428550650136,0.006659820567413766,0.1655366856908087,0.1826538665741284,0.003310733713816174,0.003653077331482568
187e887c-c39d-4d25-a506-cdc95fc70316,"Gideon, Ally of Zendikar",0.1142123708405528,0.20024294276838375,0.5703690190603098,0.5684274377484662,1.1209901652304857,0.7570970752430974,1.6597857680799806,3615.1426090931295,False,0.02616566420748361,0.028525739591107768,0.021791187661361427,0.2047651473924415,0.10642039399213601,0.9152488128919725,1.0220303496398329,0.6841702415124097,1.5267340965837268,3609.7745814741,False,0.0049646829469577125,0.005414805328830874,0.006387063274219867,0.20547417652625907,0.03108450600556911,0.9752021461155777,1.0064075040585423,0.6727763498850998,1.5054870231367758,3606.4379002379114,False,0.0014471372369698854,0.001596760406700315,116,0.886782971312673,False,False,0.981853359675277,False,False,0.9935074046531773,False,False,3606.4379002379114,5.3680276190293625,3.336681236188724,0.11458266117194338,1.0498093396429538,0.10914616287459741,low,2.6165664207483608,2.852573959110777,0.05233132841496722,0.057051479182215536,0.49646829469577125,0.5414805328830874,0.009929365893915425,0.010829610657661748,0.14471372369698854,0.1596760406700315,0.0028942744739397707,0.00319352081340063
ebc01ab4-d89a-4d25-bf54-6aed33772f4b,Force of Will,-0.0659588899814032,0.15181103769528143,-0.4344801997454058,0.6639397701304527,0.936169349439916,0.6952328011209509,1.2606037134865917,3615.279206355217,False,-0.015121204202444057,-0.01648496908184266,0.015916913381238018,0.1583772706898983,0.10049998533188033,0.9199473944831636,1.0160442622166646,0.7449020563953387,1.3858814510179225,3609.775807960492,False,0.0036262788967271684,0.0039535985619501,0.004097853787946304,0.1590724994945495,0.02576091908385908,0.9794480335489928,1.004106261471343,0.7351474076723998,1.371465605133779,3606.438202874752,False,0.0009284573666651316,0.0010244624819206738,207,0.9187714246411036,False,False,0.981853359675277,False,False,0.9935074046531773,False,False,3606.438202874752,5.503398394725082,3.3376050857400514,0.07987491277674852,0.9854399577093078,0.08105507814237689,low,-1.5121204202444056,-1.648496908184266,-0.030242408404888114,-0.03296993816368532,0.36262788967271686,0.39535985619501,0.007252557793454337,0.0079071971239002,0.09284573666651316,0.10244624819206738,0.0018569147333302631,0.0020489249638413476
329a8738-3e17-403a-857a-0ba529ce8cd1,Walking Ballista,-0.06791191555384934,0.16786491933927963,-0.404562881995549,0.6857988471125254,0.934342771018098,0.6723830019353519,1.2983618134917019,3615.3040872615834,False,-0.015574248138916051,-0.016972557214871564,0.006226791907857028,0.16978214138465678,0.036675187726309025,0.9707439926556234,1.0062462186778085,0.7214110413326968,1.4035430490956866,3609.7845629432013,False,0.001418629117924238,0.0015462547610558541,0.0040461058794778355,0.17080853239779029,0.023687961149709984,0.9811015089235958,1.0040543024168294,0.7183929197531402,1.4033059269962818,3606.438305426802,False,0.0009167154866139562,0.0010115254255639305,168,0.9254734283166913,False,False,0.986579868981371,False,False,0.9935074046531773,False,False,3606.438305426802,5.519524318382082,3.346257516399419,0.07190344765971046,0.9815477640375786,0.07325516932964826,low,-1.5574248138916051,-1.6972557214871564,-0.031148496277832102,-0.03394511442974313,0.1418629117924238,0.1546254761055854,0.002837258235848476,0.0030925095221117083,0.09167154866139562,0.10115254255639305,0.0018334309732279124,0.002023050851127861
068bb15a-fc2d-42a2-859b-837b946d23c0,Underground Sea,-0.11932348662523318,0.1634214415823005,-0.7301580837245326,0.4652935607389618,0.8875206532593182,0.6442750729733037,1.222603423607056,3614.9354730605983,False,-0.027323675427890482,-0.029801790346687063,-0.025172779493020978,0.16874124509097335,-0.14917976621216464,0.8814117855500803,0.9751414130331987,0.7005387340511471,1.357385008411194,3609.7636578838506,False,-0.0057347388460103335,-0.00624385639037911,0.003579205965774965,0.16978836490998217,0.02108039598398027,0.9831815231591275,1.0035856189723222,0.7194947932829266,1.3998490385350215,3606.438422098847,False,0.0008109582549608391,0.0008948007351627929,175,0.8622992302965494,False,False,0.9701347540625471,False,False,0.9936092059805123,False,False,3606.438422098847,5.171815176747714,3.3252357850037697,0.11606496571300406,0.9554158950882797,0.1214810914384879,low,-2.7323675427890484,-2.9801790346687063,-0.054647350855780964,-0.059603580693374125,-0.5734738846010333,-0.624385639037911,-0.011469477692020667,-0.01248771278075822,0.0810958254960839,0.08948007351627929,0.0016219165099216782,0.0017896014703255858
2605df98-0b02-4aab-bc36-01e93c693743,Territorial Kavu,0.07247190844983602,0.30424430634196065,0.23820300639703662,0.8117236454578395,1.0751626026817391,0.5922378613463868,1.9518755852207614,3615.41116770188,False,0.016614673159829993,0.018110456850564283,0.009162434705547937,0.3129796722557527,0.02927485558250829,0.976645380643583,1.0092045383026578,0.5464689861578749,1.8637723748817423,3609.785050539136,False,0.0020875607049095756,0.002275616983652251,0.0031954870721508377,0.31234037721094077,0.010230784443193357,0.9918371574474826,1.0032005980835719,0.5438990320176416,1.8503644624294777,3606.438761814534,False,0.0007240162351871963,0.0007988710963364176,48,0.938335652548317,False,False,0.986579868981371,False,False,0.9963183494239019,False,False,3606.438761814534,5.626117162743867,3.3462887246023456,0.07196200459816726,1.0291892463559895,0.06992106150832837,low,1.6614673159829993,1.8110456850564283,0.033229346319659986,0.036220913701128565,0.20875607049095757,0.2275616983652251,0.004175121409819151,0.004551233967304502,0.07240162351871963,0.07988710963364176,0.0014480324703743926,0.0015977421926728352
1e14e677-9bfa-4bcc-9772-8e7758d7538a,Sea Gate Stormcaller,-0.12934460143415033,0.3944834280671817,-0.3278834856710953,0.7429997606395633,0.8786711220396255,0.40554147868101875,1.9037829205965033,3615.3600208436596,False,-0.029631046145961418,-0.0322925155455524,0.011608902658592268,0.3968200197261884,0.029254831111098126,0.9766613510199316,1.0116765474763367,0.4647952299864482,2.202022246965577,3609.785052376102,False,0.00264486389779232,0.0028834377965669677,0.0020093647044248097,0.4006873969312635,0.005014793876258377,0.995998790161041,1.0020113848305126,0.45687843351864194,2.197579797316028,3606.4388413475817,False,0.00045526735410365176,0.0005023410202986689,28,0.9264388796291327,False,False,0.986579868981371,False,False,0.9971034382036139,False,False,3606.4388413475817,5.574968467557483,3.346211028520429,0.13300542543671123,0.9641196847821583,0.13795530527598723,low,-2.963104614596142,-3.2292515545552405,-0.059262092291922835,-0.0645850310911048,0.264486389779232,0.2883437796566968,0.00528972779558464,0.0057668755931339355,0.04552673541036518,0.05023410202986689,0.0009105347082073035,0.0010046820405973378
900c9dfd-ece1-4b09-a801-0fa05e1994b9,Fallen Shinobi,-0.04514750578168843,0.27924404746955095,-0.16167759417185557,0.8715597496409024,0.955856477077014,0.5529620868664029,1.6523042473811105,3615.4419019949028,False,-0.010351380895001525,-0.011285075516080212,-0.0032314584955552422,0.2856772223717335,-0.011311572090792567,0.990974863734291,0.9967737570470001,0.5694075672590139,1.7448976442661837,3609.785779858449,False,-0.0007362473637753096,-0.0008021708541252615,0.0010401298945259575,0.28651270696414416,0.0036303098230687737,0.9971034382036139,1.001040671017221,0.5709093858197178,1.755239009763007,3606.4388533145093,False,0.00023566572056387756,0.0002600324516769392,60,0.9541142147195295,False,False,0.9915467547433809,False,False,0.9971034382036139,False,False,3606.4388533145093,5.656122136453632,3.346926543939844,0.04518419394020701,0.9845569683804117,0.04589291975103751,low,-1.0351380895001525,-1.1285075516080212,-0.02070276179000305,-0.022570151032160424,-0.07362473637753096,-0.08021708541252615,-0.0014724947275506191,-0.001604341708250523,0.023566572056387756,0.026003245167693922,0.0004713314411277551,0.0005200649033538784
7aa37f85-5336-4372-97a2-9c8b00798c7a,Tough Cookie,-0.09375314629714943,0.34490955384936184,-0.2718195110886833,0.7857608022019076,0.9105074966483863,0.463116854207642,1.7900965899228791,3615.3937356481388,False,-0.021491023031630706,-0.02342182237490059,-0.018217077394479697,0.34906194328717993,-0.05218866663872366,0.9583783633402921,0.9819478505397509,0.49540558600808393,1.946327632171477,3609.7831813629446,False,-0.004150670292981769,-0.00451933429420881,-0.0021110899629117608,0.35111790748568966,-0.006012481613452887,0.9952027626518354,0.9978911368202485,0.5014245213776121,1.9859154837673012,3606.4388303396227,False,-0.00047831944772614235,-0.0005277723053012662,39,0.932615257517962,False,False,0.9851165113081077,False,False,0.9971034382036139,False,False,3606.4388303396227,5.610554285194212,3.344351023321906,0.08738364017186229,0.9634488280027952,0.09069878714057532,low,-2.1491023031630707,-2.342182237490059,-0.04298204606326141,-0.04684364474980118,-0.41506702929817685,-0.451933429420881,-0.008301340585963537,-0.00903866858841762,-0.04783194477261424,-0.05277723053012662,-0.0009566388954522847,-0.0010555446106025324
5f1cdcba-a04a-4a2f-8bc1-0dd7fa03754d,Exhume,-0.14178020769380353,0.19157632575665356,-0.7400716509924996,0.4592565191956023,0.8678119739211269,0.5961459220815587,1.2632773188337791,3614.921072210157,False,-0.03245552629486914,-0.03539341962932424,0.006580584814799249,0.20464298491071528,0.03215641531846462,0.9743473137255747,1.0066022844356697,0.6740037086679922,1.5033272755035023,3609.78487373505,False,0.0014993072952121016,0.0016340626098744204,-0.00228497686572921,0.2054902735777865,-0.011119635133797476,0.9911279976370482,0.9977176317066885,0.6669461886029925,1.49253491455358,3606.438742849233,False,-0.0005177131523553427,-0.0005712440702798638,125,0.8622992302965494,False,False,0.986579868981371,False,False,0.9963183494239019,False,False,3606.438742849233,5.136198475106994,3.3461308858168195,0.13879031051454283,0.9573772966878283,0.14496929370970674,low,-3.245552629486914,-3.539341962932424,-0.06491105258973828,-0.07078683925864848,0.14993072952121017,0.16340626098744204,0.002998614590424203,0.003268125219748841,-0.05177131523553427,-0.05712440702798638,-0.0010354263047106854,-0.0011424881405597276
8683a978-1bef-4b01-9361-56b1fc157d26,Courser of Kruphix,0.0791397041241613,0.17937115548663898,0.44120641309051645,0.659063570874348,1.0823555210386069,0.7615284395231988,1.5383450086988726,3615.2735408815197,False,0.01813585805699141,0.019776121052805684,0.012407808763264278,0.1888832487481746,0.06569036082075641,0.9476243467886097,1.0124851049838284,0.6992105551033402,1.466119297444823,3609.7815931886516,False,0.002826851085437905,0.003081957666816404,-0.0022876340218069002,0.190302851219017,-0.012021018114826315,0.9904088462363532,0.9977149806187418,0.6870960248178288,1.4487570100772713,3606.438721985146,False,-0.0005183188848466858,-0.0005719082775401119,142,0.9187714246411036,False,False,0.9851165113081077,False,False,0.9963183494239019,False,False,3606.438721985146,5.491947692868052,3.342871203505638,0.08464054041986513,1.0308518688803925,0.0821073744686452,low,1.813585805699141,1.9776121052805684,0.03627171611398282,0.03955224210561137,0.2826851085437905,0.3081957666816404,0.00565370217087581,0.006163915333632808,-0.051831888484668576,-0.057190827754011186,-0.0010366377696933715,-0.0011438165550802237
a9738cda-adb1-47fb-9f4c-ecd930228c4d,"Ragavan, Nimble Pilferer",0.1129137387484811,0.15008164646131425,0.7523487475704518,0.451841359641563,1.119535356262282,0.8342298723222252,1.5024149284325783,3614.900737170753,False,0.02588534656107904,0.028204780448798816,-0.011489763632950994,0.158382424300875,-0.0725444359351653,0.9421686438381374,0.9885759916228262,0.7247566647720018,1.3484284294515503,3609.7806460986044,False,-0.002617572699891463,-0.002851254573893125,-0.0036684860024461825,0.15898811319133876,-0.023073964014097323,0.9815912738627345,0.9963382346715842,0.7295807770184134,1.3606305280209365,3606.4383341193707,False,-0.0008311598143708824,-0.0009171205342490274,209,0.8622992302965494,False,False,0.9851165113081077,False,False,0.9935074046531773,False,False,3606.4383341193707,5.120091072148625,3.3423119792337275,0.1309593646394559,1.0348165275188974,0.12655322093999352,low,2.588534656107904,2.8204780448798816,0.05177069312215808,0.05640956089759763,-0.2617572699891463,-0.2851254573893125,-0.005235145399782926,-0.00570250914778625,-0.08311598143708825,-0.09171205342490274,-0.0016623196287417648,-0.0018342410684980548
87cc2855-6b14-44dd-a398-7dc2bbae081f,Kaldra Compleat,0.11653033758594179,0.22116057172587203,0.5269037635260811,0.5982604202037604,1.1235915970067873,0.7283712638261397,1.733261784975647,3615.1899620333375,False,0.02670073557966654,0.029102839225095323,-0.006696605076211948,0.22400687922906654,-0.02989464028631052,0.9761510803726091,0.9933257672162361,0.6403437814279751,1.5408849253058703,3609.785014201358,False,-0.0015257162123468889,-0.0016621023132062374,-0.003684380270631421,0.22557267315960577,-0.01633345129542579,0.9869683708225453,0.9963223987303299,0.6403074549243462,1.5502838746880487,3606.438599726719,False,-0.0008347765699156599,-0.0009210940421339742,92,0.9013593712311545,False,False,0.986579868981371,False,False,0.9959272365183627,False,False,3606.438599726719,5.404947831979371,3.3464144746390048,0.13026582979055124,1.0377465876511176,0.12552759155334905,low,2.670073557966654,2.9102839225095325,0.05340147115933308,0.058205678450190645,-0.1525716212346889,-0.16621023132062374,-0.0030514324246937777,-0.0033242046264124747,-0.083477656991566,-0.09210940421339742,-0.0016695531398313198,-0.0018421880842679483
b256ddc8-8b12-434c-a610-1a872e948f2f,White Plume Adventurer,0.04146604890813301,0.14987479060788417,0.27667127166582806,0.7820325329529907,1.0423377727452485,0.7770205036930427,1.3982488587208866,3615.3914636159534,False,0.009508553745185687,0.01036533919020366,-0.008500222938184017,0.15477353866481522,-0.05492038892121279,0.9562018883817132,0.991535801811751,0.7320866785428514,1.342932845371978,3609.7828918572154,False,-0.0019366034445023274,-0.002109598016909797,-0.004673593403837002,0.1556873044156512,-0.03001910413555318,0.9760518171390958,0.9953373108398674,0.7335784676751421,1.3504981484661827,3606.4379653959,False,-0.001058893038307431,-0.0011683962265833792,207,0.932615257517962,False,False,0.9851165113081077,False,False,0.9935074046531773,False,False,3606.4379653959,5.60857175873798,3.344926461315481,0.050801970933497476,1.0097369617989556,0.05031208409266139,low,0.9508553745185687,1.036533919020366,0.019017107490371374,0.02073067838040732,-0.19366034445023272,-0.21095980169097972,-0.0038732068890046547,-0.004219196033819594,-0.1058893038307431,-0.11683962265833792,-0.002117786076614862,-0.0023367924531667583
0324641d-af55-4c53-b4dc-c8262e967da5,Volcanic Island,-0.05704537890735312,0.1596323001928219,-0.35735486388686544,0.7208261622619914,0.944551205692324,0.6907863536739159,1.2915382236922024,3615.3403723853808,False,-0.013076845717391565,-0.014258194214412268,-0.02080929365336269,0.1687216425292831,-0.12333505851065348,0.9018417800755628,0.9794057256484461,0.7036292373742199,1.3632685006276923,3609.7706973308123,False,-0.00474091632779507,-0.005162469669513836,-0.005130933785720951,0.16970776276551314,-0.030233936869525597,0.9758804831874456,0.9948822069706458,0.7133677958899163,1.3874898915390945,3606.437952414469,False,-0.0011625260288528492,-0.001282731163661066,177,0.9264388796291327,False,False,0.978095068797399,False,False,0.9935074046531773,False,False,3606.437952414469,5.569675054568506,3.332744916343472,0.050331001278321796,0.9729463794371386,0.051730498557833064,low,-1.3076845717391565,-1.4258194214412268,-0.02615369143478313,-0.028516388428824535,-0.474091632779507,-0.5162469669513836,-0.00948183265559014,-0.010324939339027672,-0.11625260288528493,-0.1282731163661066,-0.0023250520577056985,-0.002565462327322132
94b67489-5eb0-4406-9bf3-27e50dc632eb,"Nadu, Winged Wisdom",-0.08964872637016146,0.19706423386511415,-0.4549213452478845,0.649165825995024,0.9142522815891339,0.6213289514941965,1.345273276548331,3615.26069344354,False,-0.0205513628237716,-0.022399010186845536,-0.00376340412109173,0.21536573378572377,-0.017474479597743696,0.9860580920687191,0.996243668608902,0.6531945624884412,1.5194576076418072,3609.785602443475,False,-0.0008574542587317027,-0.0009342005884904192,-0.005479355779631439,0.21601496944846493,-0.025365629954356744,0.9797633256049072,0.9945356285096724,0.6512454347638805,1.5187839539078587,3606.4382230550054,False,-0.001241495653484104,-0.0013698357941422379,119,0.9187714246411036,False,False,0.9905131738099934,False,False,0.9935074046531773,False,False,3606.4382230550054,5.475091000064822,3.3473793884695624,0.08199138701976816,0.9683438595692361,0.08467176841111142,low,-2.05513628237716,-2.2399010186845536,-0.0411027256475432,-0.04479802037369107,-0.08574542587317027,-0.09342005884904192,-0.0017149085174634055,-0.0018684011769808384,-0.1241495653484104,-0.1369835794142238,-0.002482991306968208,-0.0027396715882844758
75fdce80-e338-4a50-bdc6-786511feaeef,Ziatora's Proving Ground,-0.006632709060132996,0.19761526038454316,-0.03356374931382468,0.9732250298276081,0.993389238803199,0.6743819619839465,1.4632985984187552,3615.4669180037517,False,-0.0015208982896403544,-0.0016581719222019675,0.005128228688554143,0.19955050905316826,0.025698900558493575,0.9794975007957898,1.0051414005597923,0.6797768006331724,1.4862367091349051,3609.7852473071976,False,0.0011684155396730692,0.0012734436594458165,-0.007208573741043611,0.19998569234648497,-0.036045447334074304,0.9712461207489587,0.992817345708497,0.6708695778390819,1.4692666272252652,3606.4375674137837,False,-0.0016332277123411664,-0.001802136495148987,114,0.9880381961872368,False,False,0.986579868981371,False,False,0.9935074046531773,False,False,3606.4375674137837,5.6816706965541925,3.347679893413897,0.012324054851295285,0.9971159950238294,0.012359700288431098,low,-0.15208982896403545,-0.16581719222019675,-0.0030417965792807087,-0.003316343844403935,0.11684155396730692,0.12734436594458165,0.0023368310793461383,0.002546887318891633,-0.16332277123411665,-0.1802136495148987,-0.003266455424682333,-0.003604272990297974
327cf118-cc92-4073-85d0-94d2a0a6989a,Scalding Tarn,-0.02429027049076838,0.14830514774931278,-0.16378575430050057,0.8698998066510307,0.9760023639512604,0.7298119650963718,1.3052411579915109,3615.441227527207,False,-0.005568952867823522,-0.00607233348459546,-0.00971819730147791,0.14922789637388104,-0.06512319437332001,0.948075913189552,0.9903288717789782,0.7391866091144033,1.3267979454525451,3609.7816673230272,False,-0.0022140393741992134,-0.00241193376658122,-0.011251027533443092,0.14989010364804212,-0.07506184370825242,0.9401655064537754,0.9888120285732828,0.7370971106497968,1.3264863119450625,3606.433233051192,False,-0.0025490015620097217,-0.002812734596318589,217,0.9541142147195295,False,False,0.9851165113081077,False,False,0.9818999746479742,False,False,3606.433233051192,5.659560204179797,3.348434271835231,0.014326507827717827,0.9850477547678405,0.014543972876821945,low,-0.5568952867823521,-0.607233348459546,-0.011137905735647043,-0.01214466696919092,-0.22140393741992134,-0.24119337665812202,-0.004428078748398427,-0.00482386753316244,-0.25490015620097217,-0.2812734596318589,-0.005098003124019443,-0.005625469192637178
7832abb5-5107-4603-904e-491b221bd3e3,Smuggler's Copter,0.061217009792605914,0.15682330528353314,0.3903565843222529,0.6962728870760428,1.0631295986896168,0.7817997318896819,1.445695742153864,3615.3155850121975,False,0.0140354621597849,0.015300390994050395,0.014601940514114287,0.16043067935257047,0.09101713321318258,0.9274789772268502,1.0147090696434522,0.7409351376768013,1.3896418777561208,3609.777622849766,False,0.0033269042789220906,0.0036271323258109667,-0.011734351984655327,0.16148415591991386,-0.0726656551400302,0.9420721794970647,0.988334227018109,0.7201877784391015,1.3563192455342128,3606.433586547731,False,-0.002658597032013414,-0.0029335606211590703,191,0.9254734283166913,False,False,0.981853359675277,False,False,0.9818999746479742,False,False,3606.433586547731,5.5379621624315405,3.344036302034965,0.07479537167150774,1.022057631783726,0.07318116840532034,low,1.40354621597849,1.5300390994050395,0.0280709243195698,0.03060078198810079,0.33269042789220904,0.36271323258109667,0.006653808557844181,0.007254264651621933,-0.2658597032013414,-0.29335606211590703,-0.005317194064026828,-0.005867121242318141
6a058e68-70af-4a64-859c-c881e5578368,Chrome Mox,0.02839351152533255,0.14814088739229103,0.19166559634642835,0.8480041564447138,1.0288004496105074,0.7695397825928872,1.375406949790831,3615.431293681449,False,0.006511402593181378,0.0070980038756010555,-0.009938069195823573,0.15172055595225745,-0.06550245702336359,0.9477739501175132,0.9901111502302168,0.7354223206499764,1.3330029049754466,3609.781617697109,False,-0.0022641346095469625,-0.0024664905449542363,-0.01182372092254215,0.152366151356043,-0.07760070604469729,0.9381456807342298,0.9882459045846631,0.7331086382944401,1.332176320006903,3606.43284528714,False,-0.0026787584733838116,-0.0029559051183724594,215,0.9541142147195295,False,False,0.9851165113081077,False,False,0.9818999746479742,False,False,3606.43284528714,5.649675984339865,3.348772409969115,0.040554545025844324,1.0023858348084624,0.040458018876128224,low,0.6511402593181378,0.7098003875601056,0.013022805186362755,0.014196007751202111,-0.22641346095469625,-0.24664905449542363,-0.004528269219093925,-0.0049329810899084725,-0.26787584733838116,-0.29559051183724594,-0.005357516946767623,-0.005911810236744919
eeeffc0b-dc92-458e-ad58-86ff6077a508,Sentinel of the Nameless City,0.053610748999658536,0.16025982219533524,0.3345239515760489,0.7379842201640249,1.0550738336690548,0.7706673104470194,1.444437540561341,3615.356090378965,False,0.012292079536293042,0.01340006734150645,0.006120420827335105,0.1664927101279627,0.036760893751030185,0.9706756552240406,1.0061391888727955,0.7259999804951893,1.3943747859264781,3609.784556355351,False,0.001394472641689949,0.0015198931728626075,-0.013789436489456575,0.16770532070765087,-0.08222420392668846,0.9344684266604333,0.986305202285354,0.7099988951487894,1.3701400927550609,3606.4321065405634,False,-0.0031241692279467457,-0.003447311918434559,176,0.9264388796291327,False,False,0.986579868981371,False,False,0.9818999746479742,False,False,3606.4321065405634,5.571534023613822,3.352449814787633,0.06876863138370082,1.015839408275735,0.06769636108174548,low,1.2292079536293041,1.340006734150645,0.024584159072586084,0.0268001346830129,0.1394472641689949,0.15198931728626075,0.002788945283379898,0.003039786345725215,-0.3124169227946746,-0.3447311918434559,-0.006248338455893491,-0.006894623836869118
4216656e-90e8-45fc-a0f6-0d0d79d0a021,Shelldock Isle,-0.11664589836108932,0.1751747112901154,-0.6658832059834616,0.5054857556910807,0.8899002525164857,0.6312910110583211,1.254449129730669,3615.024418881128,False,-0.026723566818906683,-0.029133527407840865,-0.010625580244419189,0.1795560961144394,-0.05917693954343391,0.9528111770252828,0.989430671820112,0.695895670473436,1.4067813551309742,3609.7824056971735,False,-0.002420920050222143,-0.0026371404459863412,-0.01581329452798154,0.1808935279969251,-0.08741769096487709,0.930339507852145,0.9843110791649842,0.6904825283136883,1.403175693573489,3606.431224000031,False,-0.003582867959762009,-0.00395327114218702,155,0.8622992302965494,False,False,0.9851165113081077,False,False,0.9818999746479742,False,False,3606.431224000031,5.242013183954441,3.3511816971426924,0.09953041930362627,0.9545473345005274,0.10426975772312659,low,-2.672356681890668,-2.9133527407840862,-0.053447133637813365,-0.05826705481568173,-0.24209200502221428,-0.2637140445986341,-0.004841840100444286,-0.0052742808919726825,-0.3582867959762009,-0.39532711421870204,-0.007165735919524018,-0.00790654228437404
396bca07-82ba-49b7-b79e-7784b3a06d48,Sunset Saboteur,0.030919451536335185,0.2530896248749079,0.122167993064186,0.9027659743789447,1.0314024226599696,0.6280495507122776,1.693801000673272,3615.453109998278,False,0.007089998759122016,0.007729292524149944,-0.02263622698638529,0.2564365587119183,-0.08827223037185936,0.9296603097320947,0.977618050160899,0.5914063809459152,1.6160411567960429,3609.778119619009,False,-0.005157008659388309,-0.005614385224178675,-0.017413800586453754,0.25838937283897573,-0.06739364082634221,0.9462683315664264,0.9827369433623319,0.592231915680954,1.6307326138252531,3606.434326169873,False,-0.0039452981523010995,-0.004353339524045652,70,0.97339979614183,False,False,0.981853359675277,False,False,0.9831167868454929,False,False,3606.434326169873,5.67499037926882,3.3437934491357737,0.05378437249907064,0.9972524720610668,0.053932553697171634,low,0.7089998759122016,0.7729292524149944,0.014179997518244032,0.015458585048299889,-0.5157008659388309,-0.5614385224178675,-0.010314017318776618,-0.01122877044835735,-0.39452981523010994,-0.4353339524045652,-0.007890596304602199,-0.008706679048091304
2dc16614-5cf8-444d-a5ae-cac25018af68,Burst Lightning,0.05990723984467333,0.1569242614806897,0.38175894077440164,0.702640176698511,1.0617380549904871,0.7806219442063409,1.4440891724624745,3615.3221766275446,False,0.013736790581222793,0.014973191562823285,-0.010464749959018388,0.16165969948557857,-0.06473320185747304,0.9483864269925213,0.9895898150346264,0.7208546471716368,1.3585096605295182,3609.781717948451,False,-0.002384139287556297,-0.0025970029834537223,-0.018077722828841847,0.16213543648089643,-0.11149766652629237,0.911221715905866,0.9820846989909486,0.7147208884310537,1.3494643455984325,3606.4264374418735,False,-0.004095514019893196,-0.004519315269810142,186,0.9264388796291327,False,False,0.9851165113081077,False,False,0.9802982008213107,False,False,3606.4264374418735,5.540458679093717,3.355280506577401,0.07965335599953849,1.011137523005354,0.07877598663610935,low,1.3736790581222793,1.4973191562823285,0.027473581162445585,0.02994638312564657,-0.2384139287556297,-0.2597002983453722,-0.004768278575112594,-0.0051940059669074445,-0.4095514019893196,-0.45193152698101424,-0.008191028039786392,-0.009038630539620285
d2507bc2-da17-4e46-b4c5-ba0080ce2c6f,Rishadan Port,0.13381430031380678,0.19889189767047047,0.6727991531133861,0.501075076614771,1.1431805116702156,0.7741312709051583,1.6881654719031292,3615.0144497777064,False,0.03065483094563709,0.03340969311781522,-0.018792868613595234,0.2046773707359162,-0.09181703158500422,0.9268434119746902,0.9813826163338433,0.6570727636527286,1.4657613173436546,3609.7774794702045,False,-0.004281421403972045,-0.0046619379472027656,-0.021117468723314277,0.20560140503469193,-0.10271072184429403,0.9181925638526618,0.9791039437236547,0.6543609145766144,1.4650088525465756,3606.4283202886145,False,-0.004784234921367457,-0.005279173207461241,117,0.8622992302965494,False,False,0.981853359675277,False,False,0.9818999746479742,False,False,3606.4283202886145,5.236970307501906,3.3491591815900392,0.1640765679465609,1.0345556905759046,0.15859616784401875,low,3.0654830945637093,3.340969311781522,0.06130966189127418,0.06681938623563044,-0.4281421403972045,-0.46619379472027656,-0.00856284280794409,-0.009323875894405531,-0.47842349213674573,-0.5279173207461241,-0.009568469842734914,-0.010558346414922481
0020c31b-002a-4121-bc61-2c2c16e9afc8,Ornery Tumblewagg,0.11677738441387638,0.33950990778165346,0.3439586938033589,0.730877350423754,1.1238692110371427,0.5777222657708698,2.1863135252920998,3615.349691980871,False,0.026753849142774302,0.029162568590845594,-0.017580503637912123,0.3561888369575535,-0.04935725607820541,0.9606345913262495,0.9825731317694181,0.48884460359299914,1.974962906778805,3609.78347170721,False,-0.004005410282386227,-0.004361424444975059,-0.021586235763917112,0.3606682425360985,-0.0598506694466081,0.9522745694926965,0.9786450796240984,0.4826343308062846,1.9844137284483176,3606.4352843878773,False,-0.004890682265163316,-0.005396348064510337,37,0.9264388796291327,False,False,0.9851165113081077,False,False,0.9867355341451085,False,False,3606.4352843878773,5.566220273660747,3.3481873193327374,0.14522413141304424,1.028362474143553,0.14121881638474865,low,2.6753849142774304,2.9162568590845597,0.053507698285548605,0.05832513718169119,-0.40054102823862275,-0.43614244449750594,-0.008010820564772455,-0.008722848889950119,-0.48906822651633164,-0.5396348064510337,-0.009781364530326632,-0.010792696129020674
2a717b98-cdac-416d-bf6c-f6b6638e65d1,"Tamiyo, Inquisitive Student // Tamiyo, Seasoned Scholar",-0.1343601835170651,0.15580729565622967,-0.8623484731646645,0.38849578600497425,0.8742751084022962,0.644202292764552,1.186516989704676,3614.7237841038923,False,-0.030771819056694655,-0.03354940746048829,-0.022984354997450523,0.16212273012243678,-0.141771329535917,0.8872606310045286,0.9772777731669282,0.7112403181782379,1.3428257953267038,3609.76580477819,False,-0.005236710841998365,-0.0057018619631427625,-0.022095220368807678,0.1628065827335022,-0.13571453928847155,0.8920469533786282,0.9781470910899175,0.710919467211069,1.3458229461081925,3606.4204451943697,False,-0.005006166129511505,-0.005523634815838174,194,0.8238588782624727,False,False,0.9716557874503354,False,False,0.9783437634350071,False,False,3606.4204451943697,4.9579793257021265,3.345359583820482,0.10387198268762132,0.943233324219714,0.11012331733884509,low,-3.0771819056694656,-3.354940746048829,-0.06154363811338931,-0.06709881492097658,-0.5236710841998364,-0.5701861963142763,-0.01047342168399673,-0.011403723926285525,-0.5006166129511505,-0.5523634815838174,-0.01001233225902301,-0.011047269631676349
80c72839-0fa6-4b5f-83b7-6553ebf09bef,"Otharri, Suns' Glory",0.18588704452156687,0.16927993696688703,1.098104405355068,0.27215890192054637,1.2042862219682597,0.8642427128880803,1.678122687984295,3614.2585396181266,False,0.04254296330594975,0.04636038842555118,0.016449408099083726,0.17628358369163127,0.09331219478643167,0.9256555443152961,1.016585444494957,0.7195952225693278,1.4361490092569984,3609.7771979111712,False,0.0037479473229521027,0.004086541296050739,-0.02342995194895373,0.177080503271693,-0.13231243144258162,0.8947371749555537,0.9768423981785208,0.690383707340086,1.3821604721171532,3606.42136733157,False,-0.005307877587296652,-0.005857244264836692,163,0.7752566964578506,False,False,0.981853359675277,False,False,0.9783437634350071,False,False,3606.42136733157,4.481341706955391,3.3558305796013883,0.22744382378973893,1.0659046882139125,0.21338101455474043,low,4.254296330594975,4.636038842555118,0.0850859266118995,0.09272077685110236,0.37479473229521026,0.40865412960507386,0.0074958946459042055,0.008173082592101477,-0.5307877587296652,-0.5857244264836692,-0.010615755174593304,-0.011714488529673384
f88d81d9-8ded-4c20-8237-2218046595fb,"Shadow, Mysterious Assassin",-0.05154885184075057,0.29880605395085486,-0.1725160891460014,0.8630318136773872,0.9497572514388831,0.5287663021622369,1.7059310190004828,3615.4382550999403,False,-0.011819018032096491,-0.012884510786616399,-0.07565977577759514,0.30222449572550336,-0.250342963087656,0.8023221342268847,0.9271315855293114,0.5127228734891414,1.6764865024191264,3609.723154177893,False,-0.017233159147475093,-0.01872013856225513,-0.024798064259621944,0.30357454517329197,-0.08168690245575846,0.9348956938757189,0.9755068818444697,0.5380497920633334,1.7686349675494466,3606.4321906880755,False,-0.005618495882320202,-0.006199214569666767,47,0.9541142147195295,False,False,0.9456496504519618,False,False,0.9818999746479742,False,False,3606.4321906880755,5.715100922047441,3.2909634898173863,0.048375296315158245,0.9507985729375547,0.050878595837286114,low,-1.181901803209649,-1.2884510786616399,-0.023638036064192982,-0.025769021573232798,-1.7233159147475092,-1.8720138562255129,-0.034466318294950185,-0.03744027712451026,-0.5618495882320202,-0.6199214569666767,-0.011236991764640405,-0.012398429139333533
43aa7e35-55ee-4e02-a8aa-ea2b267055d1,Woodfall Primus,-0.10289248531423709,0.1811191363815037,-0.5680928441349652,0.5699719264907988,0.9022239705938022,0.632619595397578,1.2867260183467317,3615.145502421179,False,-0.023572136928223165,-0.02570371325770271,-0.025463156056710557,0.18699591247163025,-0.1361695863837326,0.8916872177357634,0.9748582959278461,0.6757209091322087,1.4064219181256723,3609.767367146701,False,-0.0058010300386508494,-0.006316519986198921,-0.025710817919453764,0.1887016525462897,-0.13625115399106924,0.8916227371470161,0.9746168906010464,0.6732988059174598,1.4107823674965767,3606.420303552528,False,-0.005824904220050144,-0.006427466997279918,144,0.886782971312673,False,False,0.9718225069113631,False,False,0.9783437634350071,False,False,3606.420303552528,5.378135274478154,3.3470635941730507,0.0726343253340439,0.9505663857075649,0.07641162829461691,low,-2.3572136928223166,-2.570371325770271,-0.04714427385644633,-0.05140742651540542,-0.580103003865085,-0.6316519986198921,-0.011602060077301699,-0.012633039972397841,-0.5824904220050143,-0.6427466997279918,-0.011649808440100287,-0.012854933994559836
265522eb-4f6a-40e7-b374-3833fa63c80b,Formidable Speaker,0.10578166436120032,0.2621337724656699,0.403540769913781,0.6865504484940904,1.111579152665489,0.6649785266021265,1.8581174627610526,3615.305188060137,False,0.024237788407841705,0.026422472814008335,-0.029091535523185018,0.26862707767392346,-0.10829710755554645,0.9137600169596366,0.971327549421804,0.5737275724609484,1.644469001583476,3609.7741803455137,False,-0.006627792295037632,-0.007213347714242091,-0.025808654940571815,0.26875393597065633,-0.09603079801365108,0.9234961123133425,0.9745215416521432,0.5754710423611052,1.6502867481351784,3606.429645451054,False,-0.0058472633464109365,-0.006451800152943554,66,0.9254734283166913,False,False,0.981853359675277,False,False,0.9818999746479742,False,False,3606.429645451054,5.531007714623229,3.3445348944596844,0.14025160324368502,1.0191427479131454,0.1376172312768473,low,2.4237788407841703,2.6422472814008335,0.04847557681568341,0.05284494562801667,-0.6627792295037632,-0.7213347714242091,-0.013255584590075264,-0.014426695428484182,-0.5847263346410937,-0.6451800152943554,-0.011694526692821873,-0.012903600305887108
4d9dbadd-c1b6-44fe-92ac-6f69d7178342,Talisman of Creativity,-0.07690349360699195,0.21689274619292798,-0.3545692281409247,0.7229123325734714,0.9259792122083585,0.605310774399189,1.4165244329131192,3615.34231485527,False,-0.017627373729138876,-0.019217352282534517,0.03059191282964646,0.21942425747937752,0.13941901037318824,0.8891190509587265,1.0310646537635895,0.6706689500227453,1.585125299455978,3609.7664727219258,False,0.0069693650647950816,0.007603253418429101,-0.02737611463298574,0.22103574924866326,-0.12385378711833557,0.9014310436624496,0.9729952149565073,0.6309010879532934,1.5005833820948289,3606.423525711594,False,-0.0062024112878273086,-0.006843660867064949,95,0.9264388796291327,False,False,0.9716557874503354,False,False,0.9790416868656052,False,False,3606.423525711594,5.575842133344395,3.3429470103319545,0.10508544155523092,0.9766796936428185,0.10759458012614494,low,-1.7627373729138875,-1.9217352282534517,-0.03525474745827775,-0.03843470456506903,0.6969365064795081,0.7603253418429101,0.013938730129590163,0.015206506836858202,-0.6202411287827309,-0.6843660867064949,-0.012404822575654617,-0.013687321734129898
c7bbb911-9de2-455d-9677-e1004db65dbd,"Chandra, Torch of Defiance",0.16866613286899246,0.15391255644295604,1.0958568733247211,0.27314141479399534,1.183724866118389,0.875462922919771,1.6005298705213207,3614.264986865477,False,0.038608637412765795,0.04208671198335329,0.008177834498900992,0.16290608345165059,0.050199687609137796,0.9599632604935482,1.0082113643255823,0.7326273554804975,1.3874586412195622,3609.7833876079867,False,0.0018632459166723978,0.0020309598661577,-0.03022841638262462,0.16490162560804628,-0.18331181558194198,0.854553363990526,0.9702238932043072,0.702271215590289,1.3404143328774925,3606.4052722051347,False,-0.0068478631737767,-0.007556604122860966,202,0.7752566964578506,False,False,0.9851165113081077,False,False,0.961192400980912,False,False,3606.4052722051347,4.481599257490416,3.3781154028520177,0.21350097291408177,1.0540533745494263,0.2025523356493655,low,3.8608637412765794,4.208671198335328,0.07721727482553159,0.08417342396670657,0.18632459166723978,0.20309598661577,0.0037264918333447957,0.0040619197323154,-0.6847863173776699,-0.7556604122860966,-0.0136957263475534,-0.015113208245721932
026e7167-d665-43d0-a51e-8df2d68cdb5e,"Cecil, Dark Knight // Cecil, Redeemed Paladin",-0.03870681289601573,0.2737668425012974,-0.141386051511451,0.8875649728598323,0.9620327233909859,0.562541806950106,1.6452234295133266,3615.4480598510236,False,-0.008874720289730388,-0.00967557120105067,-0.045536467863852376,0.275051669809695,-0.16555604950647462,0.8685063372866193,0.9554847574485471,0.5573077151562139,1.6381454928550698,3609.7585072995553,False,-0.010373410433589692,-0.011282788462359528,-0.030842572012828903,0.2759658132540302,-0.11176229276065404,0.9110118861716694,0.9696282076782707,0.564544783223545,1.665375164317282,3606.426377651424,False,-0.006987584143558754,-0.007710082973894694,57,0.964178887455225,False,False,0.9641377110982073,False,False,0.9802982008213107,False,False,3606.426377651424,5.689552551468296,3.3321296481312856,0.01414345022972363,0.9623818961726013,0.01469629705834266,low,-0.8874720289730388,-0.967557120105067,-0.017749440579460776,-0.01935114240210134,-1.0373410433589692,-1.1282788462359528,-0.020746820867179383,-0.022565576924719055,-0.6987584143558754,-0.7710082973894694,-0.013975168287117508,-0.015420165947789388
19d6834d-afa3-4747-a62d-0654f4d9729f,"Malcolm, Alluring Scoundrel",-0.18021119115893725,0.19590541469432712,-0.9198887710180053,0.35763088742131544,0.8350938283532251,0.5688230917768538,1.2260080721674091,3614.621034150113,False,-0.04123324925385883,-0.04494619305604919,-0.07746254743243403,0.20026638749211062,-0.38679754701964464,0.6989060933492511,0.9254616846638494,0.6250118515678442,1.3703409425475197,3609.636190966885,False,-0.017643299387626862,-0.019168010682709846,-0.031578623307792014,0.2015274282579296,-0.15669640396232007,0.8754841212928917,0.9689147741744134,0.6527426165969265,1.4382327976498095,3606.414305187028,False,-0.007154657870518073,-0.007894076095957825,117,0.8143262135672359,False,False,0.9305750602745201,False,False,0.9700131377115594,False,False,3606.414305187028,4.984843183227895,3.2218857798570752,0.1338209458211883,0.9098234290638293,0.14708452381676357,low,-4.123324925385883,-4.494619305604919,-0.08246649850771766,-0.08989238611209838,-1.7643299387626863,-1.9168010682709846,-0.035286598775253725,-0.03833602136541969,-0.7154657870518073,-0.7894076095957825,-0.014309315741036145,-0.01578815219191565
7054012b-4f9d-44a0-aaf9-7fd3bddc7b2d,Slickshot Show-Off,0.13329423745660185,0.1885376063905229,0.7069901862470133,0.4795725764668387,1.1425861405155922,0.7895915669544091,1.6533903642535939,3614.9689819214036,False,0.030515847140330996,0.03328085827472976,-0.02381237252073478,0.19644614809843225,-0.12121577720527886,0.9035201278609428,0.9764689049703643,0.66441599791434,1.4350821253057058,3609.77121340997,False,-0.0054254432637792565,-0.005905984785348595,-0.03173655709183713,0.19728247749315547,-0.16086860574294135,0.8721968892055918,0.9687617618809341,0.6580922150795002,1.4260909486207447,3606.4129858077636,False,-0.007190611896891824,-0.007933511860891085,133,0.8622992302965494,False,False,0.9783245540312481,False,False,0.9695843329746737,False,False,3606.4129858077636,5.1977685114334236,3.3582276022066253,0.17382437863465805,1.0292722691222969,0.1688808528601332,low,3.0515847140330994,3.328085827472976,0.06103169428066199,0.06656171654945953,-0.5425443263779256,-0.5905984785348595,-0.010850886527558513,-0.01181196957069719,-0.7190611896891824,-0.7933511860891085,-0.014381223793783648,-0.01586702372178217
71384418-173a-4f77-adab-56e52fa23692,Delighted Halfling,0.045898773569640144,0.1488093392352744,0.3084401409583042,0.7577474417526945,1.0469684247163897,0.7821040184738114,1.401530814906333,3615.372898663417,False,0.010523506817186033,0.011473108032084622,0.004064563701603852,0.16193538264331672,0.02509991105870031,0.9799752711258171,1.0040728352435855,0.7310095271507714,1.3791369620086473,3609.7852777872877,False,0.0009260599457881551,0.0010092772617550927,-0.03318339579929863,0.16325782191594765,-0.20325761675531182,0.8389336809358657,0.9673611333516545,0.7024586598077514,1.332160333215201,3606.3975603821423,False,-0.007517591850701513,-0.008295129277767987,210,0.9264388796291327,False,False,0.986579868981371,False,False,0.9553482897716276,False,False,3606.3975603821423,5.587620876129222,3.387717405145395,0.07960729136473521,1.0061341311038765,0.07912194696883441,low,1.0523506817186032,1.1473108032084622,0.021047013634372065,0.022946216064169245,0.0926059945788155,0.10092772617550927,0.0018521198915763101,0.0020185545235101854,-0.7517591850701513,-0.8295129277767987,-0.015035183701403027,-0.016590258555535975
19477aca-b8db-4061-9a78-ebb189a9df22,Breeding Pool,-0.0798273875206642,0.18040323270923336,-0.4424942187667267,0.6581316128609436,0.9232757015408495,0.6482896293383359,1.3149030656649126,3615.2720543797013,False,-0.01829962528159823,-0.019947791310852836,-0.017556289691331606,0.18364393925176786,-0.09559961392062438,0.9238385718438896,0.9825969240307932,0.6855742912182059,1.4083035602154406,3609.776766614537,False,-0.004000073673552701,-0.004355615687606174,-0.03572951316131123,0.18451639077215165,-0.19363869524974336,0.8464587971744617,0.9649012512778125,0.6720774856531603,1.3853081595385686,3606.4013531766063,False,-0.008095314526962136,-0.008931507329111077,139,0.9187714246411036,False,False,0.981853359675277,False,False,0.957759242847161,False,False,3606.4013531766063,5.4952877651644485,3.375413437930547,0.05932122248994376,0.9569246256164851,0.061991530891711465,low,-1.829962528159823,-1.9947791310852836,-0.03659925056319646,-0.03989558262170567,-0.40000736735527015,-0.43556156876061736,-0.008000147347105403,-0.008711231375212347,-0.8095314526962136,-0.8931507329111077,-0.016190629053924273,-0.017863014658222154
4b4956a2-9a39-4152-9c98-70e4b2acfa26,Miscalculation,-0.10833626543724628,0.14337750055796225,-0.7556015763676248,0.4498881105211575,0.8973258060379198,0.6774929267319316,1.1884900497274107,3614.8967923397663,False,-0.024822881373463272,-0.027063677585634216,-0.04460794828969562,0.14794975256650342,-0.3015074207011218,0.7630275922320835,0.9563723557610799,0.7156318191654998,1.2780986791931237,3609.6949654528626,False,-0.01016264478677929,-0.011056904139684243,-0.03625693505801211,0.1485986068340734,-0.24399242920559108,0.8072366833764548,0.9643924754112948,0.7207159367262608,1.2904568904838487,3606.3793157970676,False,-0.00821442914342189,-0.009063490536379282,236,0.8622992302965494,False,False,0.9456496504519618,False,False,0.953008748790103,False,False,3606.3793157970676,5.201826886903746,3.315649655794914,0.06706666937337502,0.9393635457367648,0.07139586124855746,low,-2.4822881373463273,-2.7063677585634216,-0.049645762746926544,-0.05412735517126843,-1.016264478677929,-1.1056904139684243,-0.02032528957355858,-0.022113808279368485,-0.821442914342189,-0.9063490536379282,-0.01642885828684378,-0.018126981072758563
d51269cf-a333-4a64-94cd-245798d840d2,Elder Gargaroth,0.017990826615841532,0.17103124958076196,0.10519028925966045,0.9162248160215577,1.018153636432515,0.7281629506205076,1.4236330295263975,3615.456979572614,False,0.004125348518093556,0.004497604887759188,-0.03865088585806533,0.17711703499108064,-0.21822229499275286,0.8272559147669085,0.9620865285361836,0.679906306787865,1.361379471185875,3609.738298940145,False,-0.008805129576106019,-0.009579769213900136,-0.03643493810708486,0.17919778830173436,-0.2033224765348972,0.8388829886914793,0.9642208258876913,0.678641276050824,1.369975322582521,3606.397533832209,False,-0.008254297313481497,-0.00910779576258125,154,0.9744303611469421,False,False,0.9504913926563402,False,False,0.9553482897716276,False,False,3606.397533832209,5.718680632468931,3.340765107936022,0.0560671078963314,0.9814869969521299,0.05712465684256637,low,0.4125348518093556,0.4497604887759188,0.008250697036187112,0.008995209775518376,-0.8805129576106019,-0.9579769213900136,-0.017610259152212038,-0.01915953842780027,-0.8254297313481497,-0.910779576258125,-0.016508594626962993,-0.0182155915251625
b2996f07-9dbc-444f-aaae-710866da2b4b,Cosmic Spider-Man,-0.1606330771591284,0.4916480160913727,-0.32672373710804264,0.7438768450834217,0.8516044869250379,0.3248917631125326,2.23222095630556,3615.360830397334,False,-0.03677465077668704,-0.040073828069875916,-0.049366590107228325,0.4968476410052332,-0.09935961456383036,0.9208527469508145,0.9518321334892552,0.3594472060328851,2.5204936778944402,3609.77602156544,False,-0.011246283433366132,-0.01222869830126122,-0.0370378960182029,0.4952641307015961,-0.07478412774560243,0.9403864706745714,0.9636396165526494,0.36503735353152544,2.5438528457596354,3606.433267985116,False,-0.008391248524473887,-0.009258410104757586,18,0.9264388796291327,False,False,0.981853359675277,False,False,0.9818999746479742,False,False,3606.433267985116,5.5848088318944065,3.3427535803239152,0.11203512962761153,0.9223587456556475,0.121465893997647,low,-3.677465077668704,-4.007382806987591,-0.07354930155337408,-0.08014765613975183,-1.1246283433366133,-1.222869830126122,-0.022492566866732264,-0.02445739660252244,-0.8391248524473887,-0.9258410104757586,-0.016782497048947773,-0.018516820209515172
e4775a26-0b66-40e9-8f64-41d9308ca032,"Surrak, Elusive Hunter",0.14532155641313693,0.22340106576766017,0.6504962539626965,0.5153717206922128,1.1564113619784822,0.7463620069360869,1.7917407714825495,3615.0452281338435,False,0.03327017869081933,0.03627261126454284,-0.022707860619295583,0.23207033075382663,-0.09784904664691245,0.9220521606222309,0.977548022336571,0.6202915255852073,1.5405661637446852,3609.776332946993,False,-0.005173578322072517,-0.005632142525801298,-0.03848066903100039,0.23343076484202663,-0.1648483183313135,0.8690633717280147,0.9622503057908599,0.608958615685068,1.5205066931403095,3606.4116891551716,False,-0.008717913067983068,-0.009618971875120064,90,0.8632715278190844,False,False,0.981853359675277,False,False,0.9695843329746737,False,False,3606.4116891551716,5.268895186850386,3.364643791821436,0.19416105618762225,1.032069896701971,0.18812781654427985,low,3.327017869081933,3.6272611264542842,0.06654035738163866,0.07254522252908568,-0.5173578322072517,-0.5632142525801298,-0.010347156644145034,-0.011264285051602596,-0.8717913067983067,-0.9618971875120064,-0.017435826135966136,-0.019237943750240127
b841bfa8-7c17-4df2-8466-780ab9a4a53a,Fabled Passage,-0.049359166008324115,0.16123934282679428,-0.3061235871033441,0.7595105495519676,0.9518392000113857,0.6939271619479739,1.3056094534980034,3615.3743160199538,False,-0.011316889240809258,-0.012337740892056692,-0.0670316217614152,0.16352199067969,-0.40992420336123486,0.6818615500429033,0.9351656292848058,0.6787280660325691,1.2884906311708082,3609.617822303181,False,-0.015268276425496911,-0.01659597887045483,-0.03956062749744281,0.16452275101857713,-0.24045688059869488,0.8099760870123061,0.9612116763655519,0.6962648081742984,1.3269777187276488,3606.3810365517056,False,-0.00896267014057997,-0.009889016483767388,180,0.9264388796291327,False,False,0.9305750602745201,False,False,0.953008748790103,False,False,3606.3810365517056,5.756493716772638,3.2367857514755087,0.026046047080746093,0.9494055018872478,0.027434059555133422,low,-1.1316889240809258,-1.2337740892056692,-0.022633778481618516,-0.024675481784113384,-1.5268276425496912,-1.659597887045483,-0.030536552850993822,-0.03319195774090966,-0.896267014057997,-0.9889016483767388,-0.01792534028115994,-0.019778032967534775
1bd3fa8a-6c50-4f7f-9ae3-0810eec5e3db,Reprieve,0.032299135207717454,0.15654785855109923,0.20632115639687656,0.8365400536234502,1.0328264138439462,0.7599256590296306,1.4037299418154705,3615.425479980072,False,0.007405571518355296,0.00807421695467786,-0.03872307585085125,0.1615995167442524,-0.23962371070783856,0.8106219817335617,0.9620170780234754,0.7008522891224503,1.3205020127245806,3609.7284869792284,False,-0.008822153138599994,-0.009597190955419332,-0.04031507068394293,0.1624918110824275,-0.24810524552214042,0.8040529771471829,0.9604867702501572,0.6985147244511087,1.3207092184785425,3606.3773072944027,False,-0.009133731842965075,-0.010077419806559351,194,0.9521710166669647,False,False,0.9456496504519618,False,False,0.953008748790103,False,False,3606.3773072944027,5.696993000843577,3.351179684825638,0.07233964359378908,0.9851100873725263,0.07343305537225032,low,0.7405571518355296,0.807421695467786,0.014811143036710592,0.01614843390935572,-0.8822153138599994,-0.9597190955419332,-0.017644306277199987,-0.019194381910838665,-0.9133731842965075,-1.0077419806559351,-0.01826746368593015,-0.020154839613118702
2be39749-ad6f-4160-99eb-c677eee7f1b2,Thraben Inspector,-0.017681833860520142,0.1564203469832725,-0.11304049761768542,0.9099984485055401,0.9824735724595159,0.7230580902326232,1.3349609576608439,3615.455269758524,False,-0.004054145213528228,-0.004420365606414456,-0.06447658290071098,0.16100039093810795,-0.40047469776329414,0.6888069159606978,0.9375580688953804,0.6838358680542242,1.285418290578952,3609.625656185935,False,-0.014681320034868195,-0.015960635575413773,-0.04079471016549034,0.16121219066340112,-0.25304978486810975,0.8002297420347226,0.9600261933379067,0.6999330412537685,1.3167692301594278,3606.3748637607237,False,-0.00924007253979965,-0.010197333306285361,194,0.9735192585887924,False,False,0.9305750602745201,False,False,0.953008748790103,False,False,3606.3748637607237,5.829613572589096,3.25079242521133,0.04491550356413554,0.9600192782309344,0.046786043345820226,low,-0.40541452135282285,-0.4420365606414456,-0.008108290427056457,-0.008840731212828912,-1.4681320034868195,-1.5960635575413773,-0.02936264006973639,-0.031921271150827546,-0.924007253979965,-1.019733330628536,-0.0184801450795993,-0.020394666612570722
1c7d50d6-b63a-4d8c-88fa-1d78ae693a45,Overgrown Tomb,-0.08361588671592012,0.184682676096781,-0.45275435944030884,0.6507256317025951,0.9197844896909042,0.640443783079156,1.3209645090291942,3615.263318498358,False,-0.0191589362452242,-0.020893489174280966,-0.05323557536819441,0.18748092432073418,-0.28395195703815346,0.7764471985050412,0.9481566238251351,0.6565882383493152,1.3692005594915884,3609.7053526455993,False,-0.012124764415545016,-0.013186293069703092,-0.04242601294614222,0.18848289494775117,-0.22509211224659414,0.8219076170589105,0.9584613766311559,0.6624219846705555,1.3868021167059617,3606.3882383417044,False,-0.009610051793725215,-0.01060502144818587,136,0.9187714246411036,False,False,0.9456496504519618,False,False,0.9547990612800286,False,False,3606.3882383417044,5.557965852758571,3.3171143038948685,0.03867688694025173,0.9421341633823984,0.04105241954224024,low,-1.91589362452242,-2.0893489174280964,-0.0383178724904484,-0.04178697834856193,-1.2124764415545017,-1.3186293069703092,-0.024249528831090033,-0.026372586139406184,-0.9610051793725215,-1.060502144818587,-0.01922010358745043,-0.02121004289637174
16c8d2fa-54a7-46e8-980c-905258497c90,Arid Mesa,0.03184151465381761,0.14594690795612258,0.21817190305525644,0.8272951758922484,1.0323538793773492,0.7755254922093477,1.3742353320060423,3615.4204325891524,False,0.007301678492775441,0.007959855153808593,-0.034300572433179785,0.1480903413134173,-0.23161924085640606,0.8168337618189122,0.9662810235460066,0.7228470405281956,1.2916965334503547,3609.7322816937335,False,-0.007813403926858501,-0.008504014408611538,-0.04291197239814105,0.14892829409717878,-0.2881384807250938,0.7732407377389923,0.9579957164209606,0.7154729912126263,1.2827259784124656,3606.3558811897847,False,-0.009719973661584072,-0.010726598027013368,223,0.9464937947172035,False,False,0.9475271637099382,False,False,0.9498187330974361,False,False,3606.3558811897847,5.6881508954188575,3.376400503948844,0.07435816295638864,0.9855435397814388,0.07544888678675611,low,0.7301678492775441,0.7959855153808593,0.014603356985550882,0.015919710307617185,-0.7813403926858501,-0.8504014408611538,-0.015626807853717003,-0.017008028817223075,-0.9719973661584072,-1.0726598027013368,-0.019439947323168144,-0.021453196054026735
005dae9a-dddc-4a11-95bb-cce319edcce4,Skullclamp,0.012606145847725401,0.15485753026791246,0.08140479720886702,0.9351200341539612,1.0126859382432942,0.7475795085075316,1.371804333646164,3615.4614172123866,False,0.002890717540421636,0.0031515029328814115,-0.03787883190971054,0.15763925167516565,-0.2402880723372397,0.810106941078765,0.962829598047164,0.706910109175043,1.3113984689757945,3609.7281747068732,False,-0.008628814071270233,-0.009389182903640714,-0.04291775702556062,0.15818599654260784,-0.27131198692420666,0.7861510878819562,0.9579901747886996,0.7026036738356854,1.306206057792849,3606.365264002081,False,-0.009721949206129524,-0.010727969387105518,194,0.9819122719358333,False,False,0.9456496504519618,False,False,0.9516565800676312,False,False,3606.365264002081,5.733242505513317,3.3629107047922844,0.05469576345459459,0.9778352370263859,0.055935561926491184,low,0.2890717540421636,0.31515029328814115,0.005781435080843272,0.006303005865762823,-0.8628814071270233,-0.9389182903640714,-0.017257628142540466,-0.018778365807281427,-0.9721949206129523,-1.0727969387105518,-0.019443898412259047,-0.021455938774211036
9b32531e-c759-4603-abd0-1724e8df70db,Tribal Flames,-0.06729621538142844,0.4087066118481483,-0.16465653706241437,0.8692143283407704,0.9349182231581262,0.4196387005930687,2.0829158100952934,3615.440848108176,False,-0.015428262013327924,-0.01681788749618668,-0.08040867166021551,0.411328532531202,-0.19548527588252337,0.8450130634654502,0.9227391719722824,0.412049168628722,2.0663737347794346,3609.747563829188,False,-0.01831464452287974,-0.01988596636385087,-0.04297736375720829,0.4094802114439506,-0.10495589910354192,0.9164108027889761,0.9579330738272477,0.4293174838407587,2.137429311573265,3606.427830254843,False,-0.009736899136650367,-0.010742674179976763,26,0.9541142147195295,False,False,0.9541785117145353,False,False,0.9818999746479742,False,False,3606.427830254843,5.693284278987903,3.319733574345264,0.03519390185496529,0.9385301563192187,0.0374989568720847,low,-1.5428262013327925,-1.6817887496186679,-0.030856524026655847,-0.03363577499237336,-1.8314644522879742,-1.988596636385087,-0.03662928904575948,-0.03977193272770174,-0.9736899136650367,-1.0742674179976763,-0.019473798273300733,-0.021485348359953527
16e040c3-bf42-4a5b-aeb3-5dc9921151e5,Death's Shadow,-0.18311254891128406,0.39201313445338193,-0.4671081982153834,0.6404224690173598,0.8326744338620571,0.3861774529689575,1.7954096166852895,3615.248494864373,False,-0.0419034190396064,-0.04565458857679544,-0.10704730138780934,0.3992321672791828,-0.26813295661356673,0.7885969786222433,0.8984831724841652,0.4108437326748228,1.9649125617212584,3609.713751751947,False,-0.024374952611680205,-0.02643389858339451,-0.04323482553985938,0.39942172146135246,-0.10824355115609986,0.9138024990553153,0.9576864744167238,0.437752586327472,2.0951638252449447,3606.42713131463,False,-0.009795207226930747,-0.010807041195600442,28,0.9187714246411036,False,False,0.9456496504519618,False,False,0.9814915730594127,False,False,3606.42713131463,5.534743112425986,3.286620437316742,0.12501204055466675,0.8962813602543154,0.13947856788988136,low,-4.19034190396064,-4.565458857679544,-0.0838068380792128,-0.09130917715359088,-2.4374952611680203,-2.643389858339451,-0.04874990522336041,-0.05286779716678902,-0.9795207226930747,-1.0807041195600442,-0.019590414453861494,-0.021614082391200884
f83ed433-fae3-4fa5-acad-bb8a5b535ce3,Coveted Jewel,-0.1254705984687487,0.25292679950863123,-0.4960747485537489,0.6198416742260788,0.8820816985984063,0.5372954629191691,1.4481196598514785,3615.222101689214,False,-0.02873876297171906,-0.03132958706246419,-0.03519537010685757,0.25465848461431356,-0.1382061554326839,0.890077490453006,0.9654167842513376,0.5860641643327632,1.5903200093718641,3609.7668071322832,False,-0.008018195090227075,-0.008725953777425188,-0.043714457467864495,0.25553011390212227,-0.17107360381253847,0.8641658909906729,0.9572272475453134,0.5801007516906411,1.5795256268376927,3606.409600159006,False,-0.009903221145877706,-0.010927172398583651,70,0.9182772351814597,False,False,0.9716557874503354,False,False,0.968737225698788,False,False,3606.409600159006,5.455294556930767,3.3572069732772434,0.08333508565293124,0.9349085767983526,0.08913714957917807,low,-2.873876297171906,-3.132958706246419,-0.05747752594343812,-0.06265917412492839,-0.8018195090227075,-0.8725953777425188,-0.01603639018045415,-0.017451907554850377,-0.9903221145877706,-1.092717239858365,-0.019806442291755412,-0.021854344797167302
4df8aabc-7fcb-4b7b-980b-18f499e6c170,Hullbreacher,-0.1426179049580045,0.1557744383593287,-0.9155411276722071,0.35990762173500046,0.8670853146074854,0.6389457003826292,1.176683624849073,3614.6283967643635,False,-0.03266659433166334,-0.03560589367195527,-0.05708751854364187,0.163253803842042,-0.3496856869496133,0.7265745964963403,0.9445114034866912,0.6858715085820575,1.3006835539220658,3609.663565113172,False,-0.013006240369921221,-0.014148652241217863,-0.043766165136139165,0.164053074478492,-0.2667805237741953,0.7896381507209229,0.9571777528359728,0.6939813506393562,1.3201928980945226,3606.367668235358,False,-0.009916351490758406,-0.010940506528551719,193,0.8143262135672359,False,False,0.9355699920136273,False,False,0.9524206989708058,False,False,3606.367668235358,4.964831651191616,3.2958968778139024,0.09009243822848745,0.9229248236433832,0.0976162260679414,low,-3.266659433166334,-3.5605893671955267,-0.06533318866332669,-0.07121178734391054,-1.300624036992122,-1.4148652241217863,-0.026012480739842442,-0.028297304482435726,-0.9916351490758406,-1.094050652855172,-0.019832702981516813,-0.021881013057103438
0027e5ca-8046-40a0-bd73-79be55f28bff,Remand,-0.10171520118019206,0.14505158015147027,-0.701234699228894,0.48315655838235405,0.9032867700454502,0.6797594466822314,1.2003172488760796,3614.976166121317,False,-0.023306010108551708,-0.02541180965292067,-0.06351444741039639,0.14978209031791132,-0.42404567378908564,0.6715325040252069,0.9384605608778583,0.6997113791714377,1.2586735767625703,3609.606044547536,False,-0.01446733395241568,-0.015735093868978645,-0.04487913880250705,0.15079868185127168,-0.29760962265419555,0.7660011293931618,0.9561130318161685,0.7114539718652885,1.2849069170448,3606.350279171331,False,-0.010167175483176078,-0.011218526330171397,226,0.8622992302965494,False,False,0.9261193606096347,False,False,0.947069998552601,False,False,3606.350279171331,5.370121573781034,3.2557653762050904,0.05282626177071825,0.932620120913159,0.05664285016604008,low,-2.3306010108551707,-2.541180965292067,-0.046612020217103416,-0.05082361930584134,-1.446733395241568,-1.5735093868978645,-0.02893466790483136,-0.03147018773795729,-1.0167175483176079,-1.1218526330171397,-0.020334350966352156,-0.022437052660342793
0e606072-a3aa-4300-ba90-ec92a721fa76,"Jace, the Mind Sculptor",-0.13552368554384506,0.18639101431931188,-0.7270934494281762,0.46716871130138127,0.8732584790815318,0.6060152830904081,1.2583517158164224,3614.940244855265,False,-0.031024631321670933,-0.03383620363978107,-0.04697066357204413,0.19412996566808746,-0.2419547307413217,0.8088152407440188,0.9541153875171344,0.652159968765669,1.3958786437320705,3609.7273849363146,False,-0.010699060410047947,-0.01163842847347979,-0.04533299164111576,0.19564035915594422,-0.23171594980042434,0.8167586423623779,0.9556791956589805,0.6512979274644531,1.402311732467848,3606.3851901761923,False,-0.010268763137836983,-0.011331461954001032,133,0.8622992302965494,False,False,0.9456496504519618,False,False,0.953008748790103,False,False,3606.3851901761923,5.212859918950471,3.342194760122311,0.08242071657744876,0.9276843540858822,0.088845646921214,low,-3.1024631321670935,-3.383620363978107,-0.06204926264334187,-0.06767240727956214,-1.0699060410047947,-1.163842847347979,-0.021398120820095894,-0.02327685694695958,-1.0268763137836983,-1.1331461954001032,-0.020537526275673967,-0.022662923908002064
78cef262-c753-4658-b3ec-fec8db47f944,Palace Jailer,0.0112650862444479,0.1469762418792243,0.07664562721439584,0.9389054604169156,1.0113287762616614,0.7581997938159319,1.3489661986682246,3615.462170484868,False,0.0025830334047105756,0.0028162482990093385,-0.05561335885358462,0.1511353303823448,-0.36797060431133455,0.7128951531073027,0.9459047909099603,0.7033936360449146,1.2720272513373767,3609.650429931083,False,-0.012670705458248518,-0.01377266300948321,-0.04546564949520325,0.15204829463552832,-0.2990211077617672,0.7649239402953512,0.9555524257163885,0.7092974492151439,1.287302582721567,3606.349413402059,False,-0.010301448880775896,-0.011364570983944666,221,0.9819122719358333,False,False,0.9305750602745201,False,False,0.947069998552601,False,False,3606.349413402059,5.8117405537846025,3.3010165290243094,0.06542398535170113,0.9709286642960034,0.06738289614627709,low,0.2583033404710576,0.28162482990093385,0.005166066809421151,0.005632496598018677,-1.267070545824852,-1.377266300948321,-0.025341410916497036,-0.02754532601896642,-1.0301448880775896,-1.1364570983944666,-0.020602897761551792,-0.022729141967889332
fc7d1912-7e27-49ef-bd98-375d975a42b0,Starting Town,-0.03482393045562959,0.19616376895347715,-0.17752478269261104,0.859096200605153,0.9657754449312449,0.6575036802519953,1.4185809723143576,3615.436526815075,False,-0.0079847944051181,-0.008705210651323958,-0.07185045773917051,0.19988189680380142,-0.3594645582621069,0.7192475868278494,0.9306700599103347,0.6290031744496607,1.3770149271048295,3609.6566839515262,False,-0.016364856982249827,-0.01778254408771096,-0.046233974176350834,0.20163716652143052,-0.2292929174415718,0.8186412579226023,0.95481853317356,0.643107862127533,1.4176135683922273,3606.386287698552,False,-0.01047396173526774,-0.011556541831562295,115,0.9541142147195295,False,False,0.9341393062010893,False,False,0.953008748790103,False,False,3606.386287698552,5.779842863548765,3.270396252974024,0.03510538502091021,0.9504213460050465,0.036936654641092005,low,-0.7984794405118101,-0.8705210651323958,-0.0159695888102362,-0.017410421302647916,-1.6364856982249827,-1.778254408771096,-0.032729713964499654,-0.03556508817542192,-1.0473961735267738,-1.1556541831562295,-0.02094792347053548,-0.02311308366312459
652236c2-84ef-45e4-b5fc-ed6170bc3d6c,Meticulous Archive,-0.09576812384281604,0.17582720005413813,-0.5446718358327296,0.5859792385721669,0.9086746916380688,0.6437856589794115,1.2825537253074246,3615.1714352118347,False,-0.021944309170788354,-0.02392653770459019,-0.07748897333861082,0.17814022001567223,-0.43498864732396525,0.6635706678645742,0.9254372288233356,0.6526959981595155,1.3121484839913278,3609.5967007951717,False,-0.017647064600751283,-0.019171112723709582,-0.048164990792417706,0.17887837144788266,-0.2692611208530087,0.7877287486950678,0.9529765417510669,0.6711473296459236,1.353151907207829,3606.366365171142,False,-0.010910956878181895,-0.012039087416906957,145,0.8943893641364653,False,False,0.9261193606096347,False,False,0.951838904673207,False,False,3606.366365171142,5.574734416662977,3.2303356240295216,0.04430185011299814,0.9290294874041573,0.0476861614336741,low,-2.1944309170788356,-2.392653770459019,-0.04388861834157671,-0.04785307540918038,-1.7647064600751283,-1.9171112723709582,-0.035294129201502565,-0.038342225447419165,-1.0910956878181894,-1.2039087416906957,-0.02182191375636379,-0.024078174833813915
63c59228-c742-4abd-b4d7-9f7880190e95,Windswept Heath,0.005716447063708906,0.1397621276286283,0.04090125959514924,0.9673746132776201,1.0057328171252233,0.7647415670432621,1.3226670852395506,3615.466371504367,False,0.0013108066549750589,0.0014291088142732167,-0.032470651659456985,0.1442651150872842,-0.2250762538109881,0.8219199537615821,0.9680508601007121,0.7296208398562077,1.2843965201520486,3609.7352379626664,False,-0.007398020882639561,-0.008050513371237356,-0.050684614977595174,0.1448917244259592,-0.3498102819771146,0.7264810820885598,0.9505784214582153,0.7155724731829393,1.26276424709672,3606.316457372097,False,-0.011482684804672762,-0.012668701643234026,247,0.9880381961872368,False,False,0.9499920721649385,False,False,0.9372589589034224,False,False,3606.316457372097,5.7311335417007285,3.4187805905694404,0.05515439566700808,0.9747873662280502,0.056580950449151374,low,0.13108066549750588,0.14291088142732167,0.0026216133099501177,0.0028582176285464334,-0.7398020882639561,-0.8050513371237356,-0.014796041765279122,-0.01610102674247471,-1.1482684804672763,-1.2668701643234026,-0.022965369609345525,-0.025337403286468052
73a065e3-b530-4e62-ab3c-4f6f908184ec,"Elspeth, Storm Slayer",0.08274462705688333,0.22064691062353214,0.37500922547727056,0.7076536055849878,1.0862643705953507,0.7048830913696881,1.6739943080945006,3615.3270609420156,False,0.018970155872386468,0.020675510573492817,-0.07028631423414486,0.2281095719072632,-0.3081252296712889,0.7579870440626845,0.932126900496717,0.5960795932138574,1.4576250697411355,3609.6911454070996,False,-0.01600454814713108,-0.01739192588478966,-0.05089248380365582,0.2288158570827885,-0.22241676976627658,0.8239894583564088,0.9503808463732301,0.6069119453991362,1.488228663153254,3606.3894608783257,False,-0.01152674253610714,-0.0127202569189373,91,0.9264388796291327,False,False,0.9456496504519618,False,False,0.9547990612800286,False,False,3606.3894608783257,5.635915534915966,3.301684528773876,0.15413747009863377,0.989590705821766,0.15575880936617778,low,1.8970155872386467,2.0675510573492817,0.037940311744772935,0.041351021146985634,-1.600454814713108,-1.739192588478966,-0.03200909629426216,-0.03478385176957932,-1.1526742536107142,-1.27202569189373,-0.02305348507221428,-0.0254405138378746
6920c895-bc98-4871-a53f-219fa27a74e5,Occult Epiphany,-0.17117658339235495,0.16123464528008533,-1.0616613017320142,0.28838947336249576,0.8426727583185554,0.6143463093201924,1.1558584577450521,3614.338588616317,False,-0.0391846687833828,-0.04270887085769992,-0.043996529205101026,0.16686784695338233,-0.2636609149598022,0.7920412153927565,0.9569572788697248,0.690004258801543,1.327190697594141,3609.71635684455,False,-0.01002422781952164,-0.010908512894498401,-0.052155107715766785,0.16744677916339115,-0.31147274361649496,0.7554412605055174,0.9491816300299202,0.6836215562061633,1.3179013426465935,3606.3418020947956,False,-0.011816569354207553,-0.013036956079751527,182,0.791587566801583,False,False,0.9456496504519618,False,False,0.9428981701303628,False,False,3606.3418020947956,4.622231771767019,3.3745547497542248,0.11428452055116944,0.9162705557394001,0.12472791997440713,low,-3.9184668783382803,-4.270887085769992,-0.0783693375667656,-0.08541774171539984,-1.002422781952164,-1.0908512894498401,-0.02004845563904328,-0.021817025788996802,-1.1816569354207553,-1.3036956079751527,-0.023633138708415106,-0.026073912159503054
441f8b2f-c8cb-4340-a92f-116c2276e906,Frantic Search,-0.14387977988764533,0.1622633076940187,-0.8867055770794507,0.3752374349381843,0.8659918514390978,0.6300753503817771,1.1902415898424046,3614.679320289877,False,-0.032967643176459796,-0.0359191580832981,-0.00947860272792729,0.17128553282091355,-0.055338022843047584,0.955869170712834,0.9905661776301489,0.7080799647833572,1.3857493518617154,3609.782845004735,False,-0.002159694365180973,-0.0023526708729278978,-0.053677186135202705,0.17295900652042173,-0.31034629080657267,0.7562976327132596,0.9477380000924208,0.6752469258599196,1.3301909011660058,3606.3424673290688,False,-0.012163049237702525,-0.013417603038916481,181,0.8163823608917753,False,False,0.9851165113081077,False,False,0.9428981701303628,False,False,3606.3424673290688,4.89647528514206,3.440377675666241,0.12457432619105102,0.9347653430538893,0.13326801974072472,low,-3.2967643176459798,-3.5919158083298095,-0.06593528635291959,-0.0718383161665962,-0.2159694365180973,-0.23526708729278978,-0.004319388730361946,-0.0047053417458557956,-1.2163049237702526,-1.3417603038916481,-0.02432609847540505,-0.026835206077832963
22c26e44-e129-4c4d-b552-3cc8774ce1a4,Mox Poison,-0.1317616575592176,0.19992855590672723,-0.6590437116981349,0.5098676995550009,0.8765498892242795,0.5923713104381496,1.297057596747539,3615.033632714391,False,-0.03017653475166412,-0.03289845046403411,-0.0783799317806785,0.20261077790944262,-0.3868497648022979,0.6988674329625014,0.9246130699119002,0.6215760212762423,1.375389815225783,3609.63622773126,False,-0.01785085553498345,-0.019393014125310692,-0.0537736344645744,0.2034546243398404,-0.264302837249615,0.7915465741842829,0.9476465967535505,0.6360076431577063,1.411986289787255,3606.3690024917496,False,-0.01218141059305412,-0.013440455567609366,113,0.8631516639674761,False,False,0.9305750602745201,False,False,0.9529992147669977,False,False,3606.3690024917496,5.397404983130855,3.2672252395104806,0.071096707529271,0.9162698519632433,0.07759363398996029,low,-3.017653475166412,-3.2898450464034115,-0.06035306950332824,-0.06579690092806822,-1.785085553498345,-1.9393014125310692,-0.0357017110699669,-0.038786028250621385,-1.218141059305412,-1.3440455567609366,-0.02436282118610824,-0.026880911135218732
df3784d4-80cd-4f78-afb3-d61f3bab5b2c,Zealous Conscripts,0.18912952222662394,0.15830901169370643,1.194685761746454,0.23220982745690688,1.2081974307704095,0.8858956244365218,1.647757355894713,3614.0380094339907,False,0.04326891758605988,0.04716839495999198,-0.03345544661496837,0.169105950577447,-0.19783719319590984,0.843172445292515,0.967097997761028,0.6942639150258452,1.347151302309255,3609.746782337841,False,-0.007621105767767621,-0.00829370342182012,-0.05521918733478115,0.16977291937598502,-0.32525321198306556,0.7449894387085496,0.9462777131308674,0.6784299080539957,1.3198732835005216,3606.333140914612,False,-0.012506362337704524,-0.013801378348419657,189,0.7555445194600263,False,False,0.9541785117145353,False,False,0.9401612190548336,False,False,3606.333140914612,4.291227096149669,3.41364142322891,0.26191971763954214,1.0405243805541018,0.2517189626062046,low,4.326891758605988,4.7168394959991975,0.08653783517211976,0.09433678991998395,-0.7621105767767621,-0.829370342182012,-0.015242211535535241,-0.01658740684364024,-1.2506362337704524,-1.3801378348419657,-0.025012724675409048,-0.027602756696839315
9a71531f-d4b6-4cc7-8193-b2f5bce33b21,Night Scythe,-0.07012216538016475,0.2316800099456971,-0.3026681732127019,0.7621427548593863,0.9322799206178927,0.5920199265962001,1.468102358284511,3615.376590097213,False,-0.016071282816698236,-0.017523993214557776,-0.08394479101890515,0.2357960834735396,-0.35600587500141917,0.7218361654388881,0.919482018359214,0.5792013456474171,1.4596775170487797,3609.659389063737,False,-0.01911325521306786,-0.020761547522205215,-0.05552938968529007,0.2366691429139557,-0.23462876909761973,0.8144968782685861,0.945984221083335,0.5948768261168953,1.5043217473776593,3606.383882575049,False,-0.01257720493653936,-0.013878998568087608,83,0.9264388796291327,False,False,0.9341393062010893,False,False,0.953008748790103,False,False,3606.383882575049,5.717201033476158,3.2755064886878245,0.02650220272412107,0.9325820533534804,0.028418092144087005,low,-1.6071282816698236,-1.7523993214557776,-0.03214256563339647,-0.03504798642911555,-1.9113255213067861,-2.0761547522205213,-0.03822651042613572,-0.04152309504441043,-1.257720493653936,-1.3878998568087608,-0.02515440987307872,-0.027757997136175216
ce54c7c1-3401-4414-8da0-5846cb0ae1b4,Channel,0.02706566087383063,0.3392902475902424,0.07977140830324593,0.9364190647039299,1.027435262845884,0.5283780623077079,1.9978558813148357,3615.4616852642316,False,0.006205889922090137,0.00676601910340463,-0.011120952049706312,0.3488534983119475,-0.03187857396735024,0.9745688854513591,0.9889406571417544,0.49913743079185663,1.959387461277771,3609.7848913731314,False,-0.0025337821026715835,-0.00275974455680722,-0.055814728885560314,0.3509648139702257,-0.15903226381632485,0.8736434544494436,0.9457143332088491,0.4753491158069909,1.8815131243450283,3606.4135504422998,False,-0.012644233781388209,-0.013950164536979448,39,0.9819122719358333,False,False,0.986579868981371,False,False,0.9695843329746737,False,False,3606.4135504422998,5.67679389110026,3.371340930831593,0.08172092963703492,0.9873634177321625,0.08276681935891105,low,0.6205889922090136,0.676601910340463,0.012411779844180274,0.01353203820680926,-0.25337821026715834,-0.275974455680722,-0.005067564205343167,-0.00551948911361444,-1.264423378138821,-1.3950164536979448,-0.025288467562776418,-0.027900329073958896
245cdc59-d560-4c10-b721-f51cc312e370,Mishra's Factory,-0.10722054143222684,0.17892270995441456,-0.5992561897790627,0.5490020578165129,0.8983275327013663,0.632605007154909,1.2756654577217286,3615.1077922925615,False,-0.024581209450341358,-0.026783293008569298,-0.08104858825264893,0.18073980421664212,-0.448426889715454,0.6538451390318524,0.9221488847530851,0.6470714197782718,1.314164927795368,3609.5843453659104,False,-0.01846645415947373,-0.020049629898428345,-0.05908261831653665,0.18216508495274955,-0.3243355790812584,0.7456839860581435,0.9426288875281131,0.6595970340973055,1.3471091798017498,3606.33349382864,False,-0.01338794633324289,-0.014766750333149947,144,0.8823719820809979,False,False,0.9261193606096347,False,False,0.9401612190548336,False,False,3606.33349382864,5.523446926651104,3.2508515372705915,0.0443013548267468,0.9210351016608548,0.048099529265345546,low,-2.458120945034136,-2.6783293008569298,-0.049162418900682715,-0.053566586017138595,-1.8466454159473729,-2.0049629898428343,-0.03693290831894746,-0.04009925979685669,-1.338794633324289,-1.4766750333149947,-0.02677589266648578,-0.029533500666299894
117bb5db-4a1c-4704-b0b5-c67b45ac2f52,"Yuffie, Materia Hunter",0.20620437241179115,0.2962947405955662,0.6959434109336898,0.4864642695711202,1.2290043529141896,0.6876100983863586,2.1966688724128134,3614.9863190369438,False,0.04713264540530826,0.05137891764296665,-0.03862415817336652,0.30639590559772156,-0.1260596420112663,0.8996847135666954,0.9621122432252168,0.5277354654948201,1.754022666822161,3609.770006747018,False,-0.00879965901437325,-0.009572712138341377,-0.0598520991728723,0.30790169359432684,-0.19438704111751298,0.8458728360835797,0.9419038316386201,0.5151282302072484,1.7222562772352417,3606.4010485628023,False,-0.013558567043606156,-0.014958541875067344,50,0.8622992302965494,False,False,0.9773447947051888,False,False,0.957759242847161,False,False,3606.4010485628023,5.216312289925554,3.3689581842158987,0.2871005212755695,1.0443401425926755,0.27491093137798445,low,4.713264540530826,5.137891764296665,0.09426529081061652,0.1027578352859333,-0.879965901437325,-0.9572712138341377,-0.0175993180287465,-0.019145424276682754,-1.3558567043606156,-1.4958541875067344,-0.02711713408721231,-0.029917083750134688
2c695df6-6bf2-4e6b-8500-e3116137ca27,Jacked Rabbit,0.006496712718779329,0.1580401615687479,0.04110798580747617,0.9672098082329169,1.006517862132603,0.73840560583411,1.3719806550596303,3615.4663546493707,False,0.0014897054244543866,0.0016241735491045461,-0.06190954468274426,0.1635459509216183,-0.37854526103440667,0.7050255773215652,0.9399679080410509,0.6821814447592298,1.295168132957512,3609.642516084955,False,-0.014104746863852142,-0.015326090172289586,-0.05995236704953664,0.1645318728010462,-0.3643814783657858,0.7155731643344068,0.9418093936760259,0.6821983431142228,1.3002156088026282,3606.3060080210626,False,-0.013583091485815468,-0.014983570720941364,191,0.9880381961872368,False,False,0.9305750602745201,False,False,0.9359977713822368,False,False,3606.3060080210626,5.823838564415837,3.3365080638923246,0.06654995409155207,0.9627650546165599,0.06912377404273039,low,0.14897054244543867,0.16241735491045461,0.002979410848908773,0.0032483470982090923,-1.4104746863852142,-1.5326090172289586,-0.028209493727704284,-0.030652180344579172,-1.3583091485815468,-1.4983570720941364,-0.027166182971630936,-0.029967141441882728
50bc0f5b-7421-45b9-af85-86dd9821b7d8,Soulherder,-0.14427303382648193,0.26413941351439313,-0.5462003262100088,0.5849282419410029,0.8656513636859821,0.515825739691595,1.4527237122742802,3615.1683486159127,False,-0.0330473625269651,-0.03601006996913708,-0.06835787428668885,0.2755364475548444,-0.2480901343299873,0.8040646687173891,0.9339261855967546,0.5442158588388101,1.6027061798683153,3609.724242547668,False,-0.015572715612370204,-0.016916673042930153,-0.06065840626255285,0.276245921492316,-0.21958118308088798,0.8261973474865911,0.9411446739995952,0.5476601150930123,1.617341254159748,3606.3905722396958,False,-0.013742330339012601,-0.015160030478064135,65,0.8943893641364653,False,False,0.9456496504519618,False,False,0.9547990612800286,False,False,3606.3905722396958,5.444106068244764,3.33367030797217,0.07549331031361317,0.913574074427444,0.08263512771082784,low,-3.30473625269651,-3.601006996913708,-0.0660947250539302,-0.07202013993827416,-1.5572715612370205,-1.6916673042930153,-0.031145431224740408,-0.033833346085860305,-1.37423303390126,-1.5160030478064135,-0.027484660678025203,-0.03032006095612827
3028075c-5fc5-4942-a984-1ffcf7a8933d,Knight of Autumn,-0.04671254483827155,0.2019114543252843,-0.23135163378604812,0.817041636549183,0.9543616943596709,0.6424546840794347,1.417697257458936,3615.4145092203325,False,-0.010710242012462436,-0.011676258608040335,-0.048314919445459736,0.20355362270091074,-0.23735720742465355,0.8123796847211006,0.952833673972036,0.6393648482998131,1.4199904994297035,3609.7295684367155,False,-0.011006561714845412,-0.011969532707034547,-0.06073815940927713,0.20402512333594364,-0.29769941277901796,0.765932591653208,0.9410696177433471,0.6308877016439989,1.403755411829771,3606.3502446199623,False,-0.013758449673603634,-0.015180036511199146,113,0.9428490857756143,False,False,0.9456496504519618,False,False,0.947069998552601,False,False,3606.3502446199623,5.684940783617094,3.3793238167531854,0.013292076616323811,0.949421662025018,0.014000182582703233,low,-1.0710242012462436,-1.1676258608040335,-0.02142048402492487,-0.02335251721608067,-1.100656171484541,-1.1969532707034547,-0.022013123429690824,-0.023939065414069094,-1.3758449673603634,-1.5180036511199146,-0.027516899347207267,-0.030360073022398293
68c72226-6f52-4322-8b14-18737293dfa0,Bloodstained Mire,-0.07456599400099845,0.15296009782779788,-0.4874865736876337,0.6259135552735903,0.9281462199552375,0.6877239302533239,1.2526180458776213,3615.230512003034,False,-0.017088119692280267,-0.01863460977270759,-0.07709786894972342,0.15480341313058663,-0.49803726798120673,0.6184577746985902,0.9257992421730585,0.6835109799227274,1.2539728870267852,3609.5379690993705,False,-0.017554884410458115,-0.019083942827276712,-0.06076682900726316,0.15524310243131859,-0.391430137993713,0.6954793189356074,0.94104263804248,0.6941665860299121,1.275718630708898,3606.2857008469314,False,-0.013762251443318937,-0.015188208844705176,201,0.9187714246411036,False,False,0.9261193606096347,False,False,0.9355465701707036,False,False,3606.2857008469314,5.692542903663707,3.2522682524390802,0.015243395869421472,0.9316627000569254,0.016361496353229647,low,-1.7088119692280266,-1.8634609772707589,-0.03417623938456053,-0.03726921954541518,-1.7554884410458116,-1.9083942827276712,-0.03510976882091623,-0.038167885654553424,-1.3762251443318936,-1.5188208844705176,-0.027524502886637874,-0.03037641768941035
35f1a6ba-e46f-44fb-93f4-fb883d677b36,Baleful Mastery,-0.10562922962097815,0.1681239156734146,-0.6282819978221652,0.5298192225236694,0.8997581899234903,0.6471662227995706,1.2509379689692497,3615.0727414112384,False,-0.024209301695468692,-0.026386877364341255,-0.04835592317720044,0.1697988022241186,-0.2847836530282182,0.7758098968660531,0.9527946050366665,0.683067513703142,1.3290305001703104,3609.704755938226,False,-0.01101719912951697,-0.011983182568888862,-0.06224730766583142,0.17108734878910675,-0.36383349269478393,0.7159823506717393,0.9396504752879594,0.6719451852916185,1.3140104803722914,3606.306380881433,False,-0.014102332469208815,-0.015557903710180787,165,0.8632715278190844,False,False,0.9456496504519618,False,False,0.9359977713822368,False,False,3606.306380881433,5.367985473012595,3.398375056792702,0.05303641511317614,0.9307344234160387,0.05698340340579499,low,-2.4209301695468692,-2.6386877364341252,-0.048418603390937384,-0.05277375472868251,-1.101719912951697,-1.1983182568888862,-0.02203439825903394,-0.023966365137777723,-1.4102332469208814,-1.5557903710180787,-0.02820466493841763,-0.031115807420361574
cd062615-648f-4cc7-9373-520f3f6a90e3,Spitting Dilophosaurus,-0.12016406152865444,0.3860646996367132,-0.31125368789668884,0.7556077714842,0.8867749391301195,0.41609117468608736,1.8898977928635228,3615.3708264458596,False,-0.027531423928950017,-0.030006066303914503,-0.06049127504356698,0.3960352919767541,-0.15274213250448804,0.8786016336483717,0.941301981801359,0.43312866499796565,2.045695638609667,3609.762534689791,False,-0.013779986908509085,-0.014977653969223015,-0.06346706102826741,0.3975637451557525,-0.15963996164540378,0.8731646978138116,0.9385050321822679,0.4305499209107366,2.0457365166118544,3606.4133258150396,False,-0.014377220067706288,-0.0158617722920692,32,0.9264388796291327,False,False,0.9701347540625471,False,False,0.9695843329746737,False,False,3606.4133258150396,5.608291756068411,3.349208874751639,0.054527042671239534,0.9221939843712489,0.05912751936721429,low,-2.753142392895002,-3.0006066303914505,-0.055062847857900034,-0.060012132607829005,-1.3779986908509085,-1.4977653969223015,-0.02755997381701817,-0.02995530793844603,-1.437722006770629,-1.5861772292069198,-0.028754440135412576,-0.0317235445841384
3c02b8ee-84cb-44cb-ba14-9e725a9d03ee,Ponder,-0.1621661521309697,0.14608493765672256,-1.110081263217126,0.2669640104180564,0.8502999136600496,0.6385900179702654,1.1321973767587976,3614.2355429862514,False,-0.03710674381181436,-0.040472559108120365,-0.07072381803285406,0.15009011033230718,-0.47120904819290166,0.6374914578909618,0.9317191806328687,0.6942657725054611,1.2503866184075145,3609.56382553118,False,-0.016107832194458813,-0.01751322225781554,-0.06378321061015978,0.1508395445007202,-0.42285470180437484,0.6724012741958927,0.9382083711058482,0.6980750099851127,1.2609460803243207,3606.2600391570422,False,-0.014447170379216211,-0.015941923391597168,218,0.7752566964578506,False,False,0.9261193606096347,False,False,0.9355465701707036,False,False,3606.2600391570422,4.6717174550713025,3.3037863741378715,0.08790845744579856,0.9067424884662555,0.09694974986172172,low,-3.710674381181436,-4.047255910812036,-0.07421348762362873,-0.08094511821624073,-1.6107832194458813,-1.7513222257815542,-0.032215664388917625,-0.03502644451563108,-1.4447170379216212,-1.5941923391597168,-0.028894340758432422,-0.031883846783194336
19adde22-e5eb-4815-beb6-c520b3274cc9,Lotus Cobra,0.016996624489834272,0.15085328149733138,0.1126699023125655,0.910292263746909,1.01714188894666,0.7567852077314121,1.367069033168996,3615.455350624575,False,0.0038972942241016256,0.004249075026459992,-0.05027431161337739,0.15875479752381455,-0.3166790068554358,0.7514871796582325,0.9509685270078292,0.6966767739321484,1.2980784966537682,3609.68562150014,False,-0.011452873476050446,-0.012453906043847107,-0.0640187506910995,0.15964493803934648,-0.4010070815732427,0.6884149101418766,0.9379874114536283,0.6859690085975807,1.2825949467370459,3606.27805883321,False,-0.014501412817458799,-0.015999404178712817,204,0.9735192585887924,False,False,0.9456496504519618,False,False,0.9355465701707036,False,False,3606.27805883321,5.769729124435344,3.407562666930062,0.07915447749303162,0.9686992758027059,0.08171212621939952,low,0.38972942241016256,0.4249075026459992,0.007794588448203251,0.008498150052919984,-1.1452873476050447,-1.2453906043847107,-0.022905746952100892,-0.024907812087694214,-1.4501412817458799,-1.5999404178712817,-0.029002825634917597,-0.031998808357425634
18bd50f2-c3ba-4217-a2d5-bb771e199706,Vampiric Tutor,-0.2029574336243298,0.14657764153543595,-1.3846411464825195,0.166162223276902,0.8163129881714021,0.6124734949603007,1.0879930317646092,3613.5426215734105,False,-0.046456588909762245,-0.05060411684241861,-0.07108580241437776,0.15230369960023696,-0.4667372007440531,0.6406879107850757,0.9313819738769852,0.6910099515659438,1.255368868852253,3609.5677899991933,False,-0.016198720235267746,-0.017611532726049206,-0.06415953260584001,0.15315352154448178,-0.41892299934615324,0.6752724077909578,0.9378553690846482,0.6946546698380008,1.266201368121552,3606.2631705985805,False,-0.014539370949432012,-0.0160368362757502,226,0.6676518248535761,False,False,0.9261193606096347,False,False,0.9355465701707036,False,False,3606.2631705985805,3.9748315742172053,3.3046194006128644,0.1215423809132461,0.8951834437110118,0.13577371405506367,low,-4.645658890976224,-5.060411684241862,-0.09291317781952449,-0.10120823368483722,-1.6198720235267745,-1.7611532726049206,-0.03239744047053549,-0.03522306545209841,-1.4539370949432011,-1.60368362757502,-0.029078741898864023,-0.0320736725515004
cea3b218-0e6e-443a-84f7-380f1021e8e1,Barrowgoyf,-0.1548407358488328,0.14332065580352113,-1.0803797608985588,0.27997310467092995,0.8565515845819942,0.6467799042720539,1.1343590179655896,3614.3002743513616,False,-0.03543979319635131,-0.03865077660743599,-0.08587574201814997,0.14576738061229533,-0.5891286627874442,0.5557749670854446,0.9177082567116216,0.6896439645146831,1.2211930905961734,3609.438746943096,False,-0.01955544432794891,-0.021255261387767233,-0.06540944068167566,0.14614243091259438,-0.44757323573463803,0.6544612225476761,0.9366838683714813,0.7033866029403933,1.2473605064407427,3606.238501964999,False,-0.014815557513557124,-0.016348232439722388,233,0.7808620180991297,False,False,0.9261193606096347,False,False,0.9355465701707036,False,False,3606.238501964999,4.861527408265829,3.2002449780966344,0.08013228378948711,0.9036479032216991,0.08867644522141677,low,-3.5439793196351306,-3.865077660743599,-0.07087958639270261,-0.07730155321487198,-1.955544432794891,-2.1255261387767233,-0.03911088865589782,-0.042510522775534465,-1.4815557513557125,-1.6348232439722388,-0.029631115027114248,-0.032696464879444775
d6ec3293-b09e-4931-ac4e-dc5eac0ca004,Mana Vault,-0.025390952576310133,0.14518551798133492,-0.17488626227565204,0.8611690050303189,0.9749286866309057,0.7334802790755846,1.295857531730469,3615.437460054794,False,-0.005821985929352847,-0.0063474733916517034,-0.04460200552442514,0.1481665148428874,-0.3010262175075128,0.7633945025347484,0.9563780392743892,0.7153320956955147,1.2786493986642744,3609.695302844594,False,-0.010160321582140525,-0.011056718731749293,-0.06670594686612766,0.14915053817163929,-0.44723906251926404,0.6547024600608331,0.9354702388523519,0.6983457174151487,1.253110810241067,3606.238888210736,False,-0.015107884936216417,-0.016672371045467926,221,0.9541142147195295,False,False,0.9456496504519618,False,False,0.9355465701707036,False,False,3606.238888210736,5.742157210199821,3.456414633858003,0.039458447778553785,0.9555923215858823,0.041292135659974034,low,-0.5821985929352848,-0.6347473391651703,-0.011643971858705695,-0.012694946783303407,-1.0160321582140526,-1.1056718731749293,-0.02032064316428105,-0.022113437463498586,-1.5107884936216418,-1.6672371045467926,-0.030215769872432834,-0.03334474209093585
106f9629-b3aa-4703-82fb-c1e771bbce72,The Wandering Emperor,-0.03321702176417077,0.17704923008284082,-0.18761460724019313,0.8511787746637232,0.9673286054470599,0.6837017375135285,1.368615259512396,3615.4328411110946,False,-0.007616527915337157,-0.00830360676759695,-0.09060336697969243,0.18162520189379094,-0.49884799044944544,0.6178864761725664,0.9133799156979773,0.6398069666763001,1.3039290189888253,3609.5369935556537,False,-0.02063244284221368,-0.022394538902418104,-0.06720008478218623,0.1823809203857787,-0.3684600595283881,0.7125302213593965,0.935008101727132,0.6539877302815511,1.3367837190447012,3606.3030618516214,False,-0.015221846834767284,-0.016793467170696685,150,0.9541142147195295,False,False,0.9261193606096347,False,False,0.9355465701707036,False,False,3606.3030618516214,5.895847555440923,3.2339317040323294,0.05394868974908262,0.9385722076240564,0.05747953040890775,low,-0.7616527915337157,-0.8303606767596949,-0.015233055830674315,-0.0166072135351939,-2.0632442842213683,-2.23945389024181,-0.04126488568442736,-0.04478907780483621,-1.5221846834767283,-1.6793467170696685,-0.030443693669534568,-0.03358693434139337
02c532e8-21f1-4d6f-a931-1ea48a6aeea2,Coalition Relic,-0.1465284089456438,0.18527962137661524,-0.7908501099956244,0.4290314643978492,0.8637011951459207,0.600689890473595,1.2418716651088428,3614.841712353551,False,-0.03355506626419758,-0.03657568674507017,-0.061743048349101326,0.18870185636710143,-0.3271989451390776,0.7435174186760614,0.9401244222806437,0.6494699652443077,1.360854199063766,3609.6787701879975,False,-0.014065456043030607,-0.015291668380160772,-0.06761308939426475,0.18953553395870232,-0.3567304134590239,0.7212936349182455,0.9346220188012904,0.6446145511374,1.3551017681603785,3606.311505366857,False,-0.015316319705956394,-0.016898149044656807,132,0.854950479585682,False,False,0.9417190779048334,False,False,0.9359977713822368,False,False,3606.311505366857,5.1629421655534316,3.367264821140452,0.07642322713472305,0.9128158787426183,0.08372249970059042,low,-3.3555066264197584,-3.657568674507017,-0.06711013252839516,-0.07315137349014034,-1.4065456043030606,-1.5291668380160772,-0.028130912086061215,-0.030583336760321544,-1.5316319705956394,-1.6898149044656807,-0.03063263941191279,-0.033796298089313614
29632951-3c3d-478c-8c5a-9a34f30a5c28,Dauthi Voidwalker,-0.025007696588412436,0.1662139260651442,-0.15045488173241978,0.8804057446324131,0.9753024054982525,0.7041337242269876,1.35090075853836,3615.4454177418665,False,-0.005733528076284155,-0.00625165425751778,-0.08215898693497674,0.1676456006204139,-0.4900754128407017,0.6240805358289112,0.9211255001341629,0.6631564364927114,1.2794450001643574,3609.546114962166,False,-0.018702355132563894,-0.020323525701165635,-0.06782287331663484,0.1683680199386986,-0.40282515255170537,0.6870768561864111,0.9344259706928424,0.6717801213340442,1.2997584581266344,3606.276797640863,False,-0.015356711164398958,-0.016949954045469617,169,0.9579618787435881,False,False,0.9261193606096347,False,False,0.9355465701707036,False,False,3606.276797640863,5.89930277970052,3.2693173213028786,0.05417690536408959,0.943617958775086,0.057414025305767634,low,-0.5733528076284156,-0.625165425751778,-0.01146705615256831,-0.01250330851503556,-1.8702355132563895,-2.0323525701165632,-0.03740471026512779,-0.04064705140233127,-1.5356711164398957,-1.6949954045469617,-0.030713422328797917,-0.033899908090939235
04fc99dc-bfbe-4567-b791-6b1db96471ec,Reanimate,-0.22965040516152396,0.14901317530187808,-1.5411416117822272,0.12328232429015165,0.7948114159080016,0.5935010897733612,1.0644044261130468,3613.0948721607433,False,-0.05242003461667312,-0.057215349622210754,-0.10626801617252439,0.15380777466120324,-0.6909144638923745,0.48961929602637566,0.8991836200254233,0.6651576129139545,1.2155482652900451,3609.308641767384,False,-0.024187972961156465,-0.026294615022520063,-0.07165781158118631,0.15500784345659194,-0.46228506882784426,0.6438769056132085,0.9308493671926023,0.6869641409124234,1.2613184485175772,3606.2251939807875,False,-0.016227960034155737,-0.017909792543190084,210,0.6474748842640248,False,False,0.9251446754945964,False,False,0.9355465701707036,False,False,3606.2251939807875,3.7862303933593466,3.08344778659648,0.1360379512846006,0.8749481343753424,0.15548116047098393,low,-5.242003461667312,-5.721534962221075,-0.10484006923334624,-0.11443069924442151,-2.4187972961156468,-2.6294615022520063,-0.04837594592231293,-0.052589230045040125,-1.6227960034155737,-1.7909792543190084,-0.032455920068311474,-0.03581958508638017
985453e7-997e-4d77-a338-cc0290791ebe,Finale of Devastation,0.013023440468437703,0.23242926409520265,0.05603184486744889,0.9553164384667012,1.0131086148219919,0.6424039823729155,1.5977314798629567,3615.4649058808895,False,0.0029862297279483027,0.003255818130402599,-0.05175718560525243,0.2437723651105206,-0.21231769065286357,0.8318591948928638,0.9495594055450335,0.5888693001533875,1.5311768917553927,3609.7407818090505,False,-0.011792002443734368,-0.012819395056140714,-0.07175196767253483,0.24451661443760514,-0.29344414013569714,0.7691826906526195,0.9307617261805855,0.5763705368488374,1.5030563422950767,3606.352634213216,False,-0.016254735932903507,-0.017930494047812606,88,0.9863716168069501,False,False,0.9504913926563402,False,False,0.9477526386764077,False,False,3606.352634213216,5.7241240718390145,3.3881475958346527,0.08234688864140638,0.9644765821825368,0.08537987356319389,low,0.2986229727948303,0.3255818130402599,0.0059724594558966055,0.006511636260805198,-1.1792002443734368,-1.2819395056140714,-0.023584004887468736,-0.02563879011228143,-1.6254735932903508,-1.7930494047812606,-0.032509471865807014,-0.03586098809562521
97b9bab9-12ee-4da5-9d53-d0b82d9279cd,Pyrite Spellbomb,-0.05641174521499892,0.184923527600575,-0.305054451139637,0.7603246814343612,0.9451498948151734,0.657795057253493,1.3580344118105485,3615.374943823291,False,-0.012933694726896356,-0.01409971306224278,-0.07430500903729187,0.18842885090193467,-0.39433987248567864,0.6933301292675638,0.9283884837749988,0.6417056581637337,1.343147229326943,3609.630354939948,False,-0.016924922028182826,-0.018386272632945733,-0.07371035501331766,0.19004422626337567,-0.3878589550579929,0.6981204140726338,0.9289407179005363,0.6400576436446604,1.3482080339823823,3606.28838527142,False,-0.016696185994237032,-0.01841996049825151,133,0.9264388796291327,False,False,0.9305750602745201,False,False,0.9355465701707036,False,False,3606.28838527142,5.744588883342658,3.341969668528236,0.01676141104017459,0.9341596988302362,0.017942768309490754,low,-1.2933694726896356,-1.409971306224278,-0.025867389453792713,-0.02819942612448556,-1.6924922028182827,-1.8386272632945733,-0.03384984405636565,-0.036772545265891465,-1.6696185994237032,-1.8419960498251509,-0.033392371988474064,-0.03683992099650302
5c70da33-ce5d-4b8b-9c1d-9a356a7e196f,Grave Titan,-0.1946677464252968,0.2700404824780065,-0.7208835676745303,0.4709811537905503,0.8231080932349396,0.4848347866878146,1.3973975295322714,3614.9471547205717,False,-0.044530545560842835,-0.04852373214304173,-0.08149938143927357,0.27688707669166585,-0.2943415865162574,0.7684968978914891,0.9217332800017182,0.5356908526471887,1.585974886941509,3609.699169240779,False,-0.01856231980722742,-0.020165162950001647,-0.07837293337366752,0.2776171663054941,-0.2823057897198791,0.7777090465043234,0.9246195407531338,0.5365998721057932,1.59321934197924,3606.359079848662,False,-0.017751397508840198,-0.01958529524513769,64,0.8622992302965494,False,False,0.9456496504519618,False,False,0.950058487213157,False,False,3606.359079848662,5.247985479792533,3.340089392117079,0.10151144751819419,0.8898203046632638,0.11408083967763506,low,-4.453054556084283,-4.852373214304173,-0.08906109112168567,-0.09704746428608346,-1.856231980722742,-2.016516295000165,-0.03712463961445484,-0.040330325900003294,-1.7751397508840199,-1.958529524513769,-0.035502795017680396,-0.03917059049027538
2970683e-e69c-42cb-a067-34abd56fb42b,Elite Interceptor // Rejoinder,-0.07679200844240885,0.4755672275079546,-0.16147455922228027,0.8717196472010359,0.9260824509079169,0.36461846467913656,2.3521263703261037,3615.442003403743,False,-0.01760165243664759,-0.019188769556309326,-0.16742142362759943,0.4867015192694166,-0.34399198892765787,0.7308523107855251,0.8458430779583769,0.32583752826739715,2.195727779836856,3609.667918942547,False,-0.03807499809980578,-0.041182854644682354,-0.07972302490902783,0.49415985870183626,-0.16133043488894697,0.8718331536456951,0.9233720620324515,0.35054144015184757,2.4322829408492335,3606.412863136771,False,-0.01805531339759365,-0.019920072870830308,19,0.9541142147195295,False,False,0.9392649157879486,False,False,0.9695843329746737,False,False,3606.412863136771,5.774084461195798,3.25505580577601,0.08023937294953998,0.8984325302995817,0.08931040478107378,low,-1.7601652436647588,-1.9188769556309326,-0.03520330487329518,-0.03837753911261865,-3.807499809980578,-4.118285464468236,-0.07614999619961156,-0.08236570928936471,-1.8055313397593649,-1.9920072870830308,-0.0361106267951873,-0.039840145741660615
4b0bd07e-cf80-4d64-af29-f4cec6632b3e,Perilous Landscape,-0.07061816293917057,0.20745903210927685,-0.3403957023282226,0.7335585547174481,0.9318176267107584,0.6204949171728058,1.3993411797877082,3615.3523906722053,False,-0.016183234460998234,-0.01764801488961182,-0.07477307130084303,0.20887154492375792,-0.35798591583231987,0.7203538535793013,0.9279540418406974,0.6162137990095841,1.3974025008081554,3609.6579804973544,False,-0.017025308767464043,-0.01850157577246836,-0.08080429530469513,0.2091757991369868,-0.38629848977786063,0.6992756188511894,0.9223741867413168,0.6121433073082159,1.389828378762848,3606.289934482546,False,-0.018294482504398184,-0.020190575514727527,106,0.9264388796291327,False,False,0.9341393062010893,False,False,0.9355465701707036,False,False,3606.289934482546,5.694410174850873,3.368046014808442,0.009443439969441636,0.9273819517642575,0.010182902472359284,low,-1.6183234460998235,-1.7648014889611818,-0.03236646892199647,-0.03529602977922364,-1.7025308767464042,-1.850157577246836,-0.034050617534928086,-0.03700315154493672,-1.8294482504398184,-2.019057551472753,-0.03658896500879637,-0.040381151029455054
9814d8e8-c462-41ca-9909-1c659f488543,Lotus Petal,-0.06778485449349436,0.1601167790348238,-0.4233463532185583,0.6720425795103586,0.9344614971438926,0.6827587237071755,1.2789558878180147,3615.2887431123145,False,-0.015539812944173805,-0.016940920600882037,-0.06973037812865283,0.16408764862206168,-0.42495811667860994,0.6708672072723183,0.9326452475661787,0.6761487590190092,1.286443472986282,3609.6052494203886,False,-0.01588357828689714,-0.01727042167917353,-0.08088827332226162,0.16552319392923173,-0.4886824100122477,0.6250665588779596,0.9222967308380018,0.6667675907615562,1.2757537581316865,3606.199954024873,False,-0.018320772238419245,-0.02021479159808154,185,0.9254734283166913,False,False,0.9261193606096347,False,False,0.9347968492636749,False,False,3606.199954024873,5.6834936919258325,3.4052953955156227,0.012164766305890806,0.9298011585160243,0.01308319116885802,low,-1.5539812944173805,-1.6940920600882037,-0.03107962588834761,-0.033881841201764074,-1.588357828689714,-1.727042167917353,-0.03176715657379428,-0.03454084335834706,-1.8320772238419245,-2.0214791598081536,-0.03664154447683849,-0.04042958319616308
079e6263-e54c-4899-a336-5315909b9322,"Magda, Brazen Outlaw",0.06559755981861465,0.16156687275913392,0.4060087238081805,0.6847361905065918,1.0677969063045578,0.7779651806224416,1.4656057385516028,3615.3028700014625,False,0.015045775820626195,0.016394589218354294,-0.07328899410315101,0.16550580211863997,-0.44281827685179925,0.6578971823672912,0.929332219682903,0.671876747824902,1.2854416786065495,3609.590223112721,False,-0.016680663714996494,-0.018133722906400473,-0.08295736304085112,0.16600663010058725,-0.49972319172183266,0.6172700001320344,0.9203903890309612,0.6647592339873972,1.2743237324276477,3606.1897259766365,False,-0.018772300632518366,-0.02072761325380973,185,0.9254734283166913,False,False,0.9261193606096347,False,False,0.9312862544381997,False,False,3606.1897259766365,5.712646888741347,3.4004971360845957,0.14740651727359666,0.9725065050061407,0.15157381108999976,low,1.5045775820626195,1.6394589218354294,0.03009155164125239,0.03278917843670859,-1.6680663714996495,-1.8133722906400473,-0.03336132742999299,-0.03626744581280095,-1.8772300632518366,-2.0727613253809727,-0.03754460126503673,-0.04145522650761946
30377bf0-d9b1-4c14-8dde-f74b1e02d604,Gilded Goose,-0.08248112160240918,0.1473642007458008,-0.5597093540017012,0.5756777010170726,0.9208288214653214,0.6898266429463347,1.2291866762634993,3615.154508588681,False,-0.018908961166006225,-0.02061113628453748,-0.09621454117003556,0.15428687689779602,-0.6236080676762339,0.5328850110139334,0.9082691340416201,0.6712478609104574,1.2289839087662446,3609.396677643993,False,-0.021913183510538847,-0.023779598011705427,-0.08307335025094001,0.15485948895994223,-0.5364433965840397,0.5916521458703773,0.9202836417083265,0.6793641793369452,1.2466391472428378,3606.150837314377,False,-0.018817721272725567,-0.020757146463993903,219,0.886782971312673,False,False,0.9261193606096347,False,False,0.9312862544381997,False,False,3606.150837314377,5.757830944688067,3.2458403296159304,0.012559687423701282,0.9164605324050893,0.013704558984924963,low,-1.8908961166006224,-2.061113628453748,-0.03781792233201245,-0.04122227256907496,-2.1913183510538845,-2.377959801170543,-0.04382636702107769,-0.047559196023410855,-1.8817721272725567,-2.0757146463993905,-0.037635442545451134,-0.041514292927987806
400382a4-aea2-4827-b06a-1b0b3745908b,Noble Hierarch,-0.018888419654365086,0.14294663322652454,-0.13213616318219265,0.8948765925986778,0.9812888486833288,0.7415120840464928,1.298600286182089,3615.4505853755522,False,-0.004331043011595624,-0.004721996920771965,-0.06257442160059146,0.15051163021756336,-0.41574476012345774,0.6775967843491691,0.9393431527911649,0.6993686938262528,1.2616600749859352,3609.61309506665,False,-0.014251251580897918,-0.015492112744492526,-0.08564651892296266,0.15146320554614934,-0.5654608894228573,0.5717603191304308,0.9179186407502231,0.6821440668077798,1.2351857503939336,3606.1191909042045,False,-0.01939118035233248,-0.021400083267385406,235,0.9689654014014903,False,False,0.9280432344166238,False,False,0.9312862544381997,False,False,3606.1191909042045,5.837490308902034,3.4939041624456877,0.06337020793310566,0.9461835474082388,0.06697454009498228,low,-0.43310430115956244,-0.4721996920771965,-0.008662086023191249,-0.00944399384154393,-1.4251251580897917,-1.5492112744492526,-0.028502503161795836,-0.03098422548898505,-1.939118035233248,-2.1400083267385406,-0.03878236070466496,-0.04280016653477081
5eccf31d-869d-4003-a92b-71b4f4b479ee,Strix Serenade,-0.16567757501746053,0.19153009422073636,-0.8650211116510961,0.38702720145893765,0.8473193870899616,0.5821212266718624,1.2333344170306497,3614.719700248804,False,-0.03791484956562151,-0.041337055561390335,-0.09783171127297159,0.19599314850493096,-0.4991588329451744,0.6176674934616353,0.9068014953831608,0.6175604735858096,1.3315116287391087,3609.5366412370486,False,-0.022275633309212874,-0.024178846233524287,-0.08573718169254158,0.19542195071003768,-0.43872851223226356,0.6608582648684326,0.9178354234764158,0.6257751203531705,1.3462054293764372,3606.2463248278555,False,-0.019415828259481065,-0.021422078581391668,127,0.8238588782624727,False,False,0.9261193606096347,False,False,0.9355465701707036,False,False,3606.2463248278555,5.183059011755631,3.2903164091931103,0.0705160363864542,0.8906521019831795,0.0791734912312439,low,-3.791484956562151,-4.1337055561390335,-0.07582969913124302,-0.08267411112278067,-2.227563330921287,-2.4178846233524287,-0.04455126661842575,-0.048357692467048574,-1.9415828259481065,-2.142207858139167,-0.03883165651896213,-0.042844157162783336
cc520518-2063-4b57-a0d4-10cf62a7175e,Zagoth Triome,-0.1954398033010086,0.15887830911629414,-1.2301226289987297,0.2186511873308261,0.8224728522247524,0.6023953695662873,1.1229528426384792,3613.9482026077326,False,-0.04473697589678828,-0.04873407611209868,-0.0890074834247157,0.16177655841063798,-0.550187766998898,0.5821905931503653,0.914838727422092,0.6662505100762094,1.2561789965392147,3609.4825887987554,False,-0.020278909784029256,-0.02202876901920814,-0.08666041181047608,0.16294145448665237,-0.5318499953464882,0.5948298927989805,0.9169884412100847,0.6662930683901127,1.2620089285103826,3606.155454423063,False,-0.019634307845919866,-0.02165659670354919,187,0.7427037566054527,False,False,0.9261193606096347,False,False,0.9312862544381997,False,False,3606.155454423063,4.465613808977196,3.327134375692367,0.0945155889853323,0.8847666736189764,0.10682543974981963,low,-4.473697589678828,-4.873407611209868,-0.08947395179357656,-0.09746815222419736,-2.0278909784029255,-2.202876901920814,-0.04055781956805851,-0.04405753803841628,-1.9634307845919865,-2.165659670354919,-0.03926861569183973,-0.04331319340709838
55707746-da6e-46e5-a5ca-7ac843fdc38e,"Phelia, Exuberant Shepherd",8.393494206899305e-05,0.14811215449026607,0.0005666985424515531,0.9995478400065501,1.000083938464705,0.748102043995221,1.3369404508423783,3615.468044054206,False,1.9246973555693797e-05,2.098373550762922e-05,-0.10868936389577001,0.15458255372891785,-0.7031153340005757,0.48198387681992805,0.8970090176110582,0.6625421044831146,1.2144513869096485,3609.2916658182494,False,-0.024737664168161973,-0.026836511038969613,-0.08673943161849101,0.1550659987756644,-0.5593710568619098,0.5759085100437904,0.9169159838223305,0.6766042175429082,1.2425800779693712,3606.1260209062866,False,-0.0196391961635149,-0.0216711808596583,219,0.9995478400065501,False,False,0.9228613724240062,False,False,0.9312862544381997,False,False,3606.1260209062866,6.17637823595669,3.1656449119627723,0.10307492085364667,0.9380029799660313,0.10988762621775403,low,0.0019246973555693797,0.002098373550762922,3.849394711138759e-05,4.196747101525844e-05,-2.4737664168161975,-2.6836511038969615,-0.04947532833632395,-0.053673022077939225,-1.96391961635149,-2.1671180859658303,-0.0392783923270298,-0.0433423617193166
01d1e394-1b0c-4b40-ba85-f55973703d41,Smirking Spelljacker,-0.21034855497621327,0.20326488404158813,-1.03484945748512,0.3007392215873368,0.8103017620310654,0.5440317185337433,1.2068946040871782,3614.39100250049,False,-0.04812081300679371,-0.052416239633478134,-0.10545455469651341,0.20718487733594024,-0.5089877024447299,0.610760843999794,0.8999153688445602,0.5995733774388968,1.350706521596972,3609.526120284583,False,-0.02401889064757229,-0.02605577088781169,-0.08739707114242203,0.20830170579524987,-0.419569637266096,0.6747998729867157,0.9163131818661662,0.6091635974035007,1.3783322753370957,3606.2624360188433,False,-0.019798380601829483,-0.021836779130433914,112,0.7960042095188636,False,False,0.9261193606096347,False,False,0.9355465701707036,False,False,3606.2624360188433,4.8648822159066185,3.263684265739812,0.10601141983510076,0.8755101042472639,0.12108531851410903,low,-4.812081300679371,-5.241623963347814,-0.09624162601358742,-0.10483247926695627,-2.4018890647572286,-2.6055770887811693,-0.04803778129514458,-0.05211154177562338,-1.9798380601829484,-2.1836779130433914,-0.039596761203658966,-0.04367355826086783
4e4fb50c-a81f-44d3-93c5-fa9a0b37f617,"Omnath, Locus of Creation",-0.09048609412610292,0.19166775156203084,-0.47209868842656216,0.6368563486067993,0.9134870366481695,0.627410098735438,1.3300049964227991,3615.2451550484375,False,-0.02073693026590443,-0.02260807998386527,-0.07323058700540294,0.20005383703616947,-0.3660543986075256,0.714324484048807,0.9293865008658863,0.6279240196849949,1.375579275379608,3609.6518921487486,False,-0.016678908720003674,-0.018117706410951673,-0.08850382745583399,0.20023290968895063,-0.44200440174054895,0.658486020693191,0.9152996074604709,0.6181894405158013,1.3552049202236058,3606.2434705047535,False,-0.020041745768485622,-0.022111651913464092,123,0.9187714246411036,False,False,0.9305750602745201,False,False,0.9355465701707036,False,False,3606.2434705047535,5.5932628996888525,3.408421643995098,0.015899464217716708,0.9193910483248423,0.01729347294242858,low,-2.073693026590443,-2.260807998386527,-0.04147386053180886,-0.04521615996773054,-1.6678908720003673,-1.8117706410951673,-0.03335781744000735,-0.036235412821903346,-2.004174576848562,-2.211165191346409,-0.040083491536971244,-0.044223303826928184
24da9431-7e52-44f5-bc18-2f2d8a4ca81e,Abrade,0.0423768581561325,0.16636619774248831,0.2547203622560754,0.7989390880804123,1.043287576107386,0.7529918388518397,1.4454990217685353,3615.4031384019518,False,0.009716850421034004,0.010592899501772779,-0.06873838923090311,0.16968942533436135,-0.40508351711050256,0.6854161219395107,0.9335708803301109,0.6694293386500231,1.3019366470521334,3609.6219176261147,False,-0.015653689747422376,-0.017010337452513014,-0.08860979957092632,0.17008677780001566,-0.520968182930197,0.6023889360345304,0.9152026163643917,0.6557472302333907,1.2773150848111312,3606.167667085898,False,-0.02006127301642539,-0.022138640987996727,168,0.9348988978063771,False,False,0.9305750602745201,False,False,0.9312862544381997,False,False,3606.167667085898,5.781220775837028,3.45425054021689,0.1280849597429944,0.9640203576006297,0.13286540967017305,low,0.9716850421034003,1.059289950177278,0.019433700842068007,0.021185799003545558,-1.5653689747422377,-1.7010337452513014,-0.03130737949484475,-0.03402067490502603,-2.006127301642539,-2.2138640987996725,-0.04012254603285078,-0.044277281975993454
5de097e5-e960-4404-a370-defe93ce892f,Oracle of Mul Daya,0.01540326515613133,0.22217566462124538,0.0693292183119609,0.9447275688355685,1.015522506895566,0.6570067165427146,1.569673393048801,3615.4632401269246,False,0.003531831330429823,0.003850747467032012,-0.10406611512414293,0.23229006127206764,-0.4480007218313849,0.6541526756600242,0.901165714768464,0.5715778210407811,1.4208032844861114,3609.584681605577,False,-0.02370145125918915,-0.025705529532910665,-0.08932313386750096,0.23266556830121518,-0.38391212984235296,0.7010435757065601,0.91455000374298,0.5796402376910127,1.442966955983037,3606.291125869662,False,-0.020233517868103318,-0.022316099383161425,94,0.9819122719358333,False,False,0.9261193606096347,False,False,0.9355465701707036,False,False,3606.291125869662,5.878558521347713,3.2935557359146515,0.11435679212710204,0.94374607513567,0.12117326380473949,low,0.35318313304298227,0.3850747467032012,0.007063662660859646,0.007701494934064024,-2.3701451259189152,-2.5705529532910667,-0.0474029025183783,-0.05141105906582133,-2.023351786810332,-2.2316099383161427,-0.040467035736206636,-0.04463219876632285
8c39f9b4-02b9-4d44-b8d6-4fd02ebbb0c5,"Narset, Parter of Veils",-0.12804966881035096,0.1722334697108196,-0.7434656517420607,0.4571998095363139,0.8798096789592955,0.6277412187810989,1.233095817243737,3614.914961696976,False,-0.02932971545811625,-0.031975689760258386,-0.08506526717375688,0.1802080350206738,-0.4720392582050963,0.6368987672076492,0.918452337656892,0.6451496227615536,1.3075334260238516,3609.562975154594,False,-0.01937282929781395,-0.02105275004014623,-0.09100041235727105,0.18116556028521175,-0.5023052516935762,0.6154528156177399,0.9130173344098518,0.6401294160347752,1.3022376913976805,3606.18644311132,False,-0.020607399196047618,-0.022738950744815578,155,0.8622992302965494,False,False,0.9261193606096347,False,False,0.9312862544381997,False,False,3606.18644311132,5.351986542382292,3.3765320432739827,0.03864265869759653,0.9037597836753465,0.042757665693473654,low,-2.932971545811625,-3.1975689760258383,-0.0586594309162325,-0.06395137952051677,-1.9372829297813952,-2.105275004014623,-0.0387456585956279,-0.04210550008029246,-2.0607399196047615,-2.273895074481558,-0.041214798392095235,-0.045477901489631156
d13a898e-6a97-4fd9-980e-3bfd8d755386,Tarfire,0.0639509141214347,0.22876431922508897,0.2795493385422192,0.7798232798337561,1.0660400699637933,0.6808405429582869,1.6691741444046695,3615.3900177917385,False,0.014657720885687923,0.01598277380264662,-0.0685106794205334,0.23403875349410153,-0.2927322009611544,0.769726854705366,0.9337834877837204,0.5902396510884622,1.477284015822322,3609.7000826279145,False,-0.015607355342531014,-0.016954394477155132,-0.092644526421715,0.2345516985706965,-0.3949855276524076,0.692853568676826,0.9115174630868957,0.5755864438291153,1.4435087803406361,3606.282535113526,False,-0.020983324489791254,-0.023145382286882843,88,0.932615257517962,False,False,0.9456496504519618,False,False,0.9355465701707036,False,False,3606.282535113526,5.689935163823975,3.4175475143883887,0.15452260687689756,0.9704470069448031,0.15922827910343224,low,1.4657720885687924,1.5982773802646622,0.029315441771375846,0.03196554760529324,-1.5607355342531013,-1.6954394477155132,-0.031214710685062028,-0.033908788954310265,-2.0983324489791255,-2.314538228688284,-0.04196664897958251,-0.046290764573765686
32aa6e33-221f-414c-9b51-850d97a7e051,Galvanic Discharge,0.053870739441181176,0.16978376239259155,0.31729029138025394,0.7510233434358216,1.0553481784428733,0.7566114489085747,1.472036643576183,3615.367321309558,False,0.012351607464599703,0.01346496153062432,-0.07638552753999729,0.17381497753048394,-0.4394645882953365,0.6603249354927905,0.9264589622554215,0.6589794797052362,1.3025082497672382,3609.592913595384,False,-0.017393681210083705,-0.018897066199737855,-0.09341874149480893,0.17500775701746452,-0.5337977189518885,0.5934814921150443,0.9108120256429737,0.64633719011832,1.2835073685052725,3606.15417840702,False,-0.02114850656466274,-0.02333872695572392,160,0.9264388796291327,False,False,0.9261193606096347,False,False,0.9312862544381997,False,False,3606.15417840702,5.774407714174231,3.4387351883638075,0.14453615279989962,0.9642063887804229,0.1499016750788348,low,1.2351607464599703,1.346496153062432,0.024703214929199406,0.02692992306124864,-1.7393681210083705,-1.8897066199737855,-0.03478736242016741,-0.03779413239947571,-2.114850656466274,-2.333872695572392,-0.04229701312932548,-0.04667745391144784
de0e01e4-e143-47fd-8565-7b48219bb546,Goldvein Hydra,-0.002588208584861071,0.1625598954985513,-0.015921568951083244,0.9872969626480569,0.9974151379391882,0.7252741165725036,1.3716702894233215,3615.4677908618555,False,-0.0005935082772558688,-0.0006470518502147415,-0.08329618238455459,0.17350006788221992,-0.48009308239060744,0.6311612068757514,0.9200785957871725,0.6548452600642162,1.2927399403374782,3609.555014302202,False,-0.018979244459333695,-0.020601385510376102,-0.09376260195049033,0.17480417420942257,-0.5363865157942904,0.5916914486723963,0.9104988872458375,0.6463728442555754,1.2825542270895882,3606.150596269832,False,-0.021243442298334983,-0.023425418142008103,179,0.994566845642601,False,False,0.9261193606096347,False,False,0.9312862544381997,False,False,3606.150596269832,5.912776559653594,3.404418032369904,0.08691625069335074,0.9426642069907327,0.0922027696063835,low,-0.059350827725586884,-0.06470518502147415,-0.0011870165545117377,-0.001294103700429483,-1.8979244459333695,-2.0601385510376105,-0.03795848891866739,-0.041202771020752205,-2.1243442298334982,-2.3425418142008105,-0.042486884596669966,-0.046850836284016206
5cb76266-ae50-4bbc-8f96-d98f309b02d3,"Teferi, Time Raveler",-0.13016111166673994,0.18687091181267712,-0.6965295476120749,0.48609725959726957,0.877953970897865,0.6087010011069912,1.2663083740843812,3614.98316406646,False,-0.029805926419522916,-0.03250061159952228,-0.10779174304821126,0.19573364738211343,-0.5507062505087794,0.5818350591418796,0.8978145530843447,0.6117511529921289,1.3176452022811518,3609.482724672158,False,-0.02453692008161698,-0.02661985102170883,-0.09389221079880102,0.19590330146734447,-0.4792783485297827,0.6317406230161446,0.9103808861808296,0.6201073432376095,1.3365320810365247,3606.2092305641645,False,-0.021258222842898498,-0.023455869997346446,131,0.8622992302965494,False,False,0.9261193606096347,False,False,0.9350661105799934,False,False,3606.2092305641645,5.500439394302248,3.2734941079934288,0.0324269152829646,0.895383136721013,0.03621568684185338,low,-2.9805926419522915,-3.250061159952228,-0.05961185283904583,-0.06500122319904456,-2.453692008161698,-2.661985102170883,-0.04907384016323396,-0.05323970204341766,-2.1258222842898498,-2.3455869997346444,-0.042516445685796996,-0.04691173999469289
45fd6e91-df76-497f-b642-33dc3d5f6a5a,Mox Ruby,-0.05671600580919686,0.14698427434772765,-0.3858644474783821,0.6995970621565699,0.944862366690528,0.7083583398970965,1.2603294712641036,3615.319218323466,False,-0.012999814921852884,-0.014176033599820392,-0.0865593723736945,0.14843168542962198,-0.5831596678509463,0.5597858193056098,0.9170810978866302,0.6855831590480993,1.22674795756169,3609.446008757002,False,-0.019705198390116918,-0.02141443431747342,-0.09450348000968539,0.14890317731857908,-0.6346639588992432,0.5256476044208666,0.9098245684222106,0.6795301282280369,1.2181663636654458,3606.036296553115,False,-0.02139100880509983,-0.023612743588983687,219,0.9258556358302225,False,False,0.9261193606096347,False,False,0.9312862544381997,False,False,3606.036296553115,5.873209566464084,3.409712203887011,0.03503779826831743,0.9239226776664563,0.03792286856386305,low,-1.2999814921852884,-1.4176033599820392,-0.025999629843705768,-0.028352067199640785,-1.9705198390116918,-2.1414434317473416,-0.039410396780233836,-0.04282886863494684,-2.139100880509983,-2.3612743588983687,-0.04278201761019966,-0.047225487177967373
25b0b816-0583-44aa-9dc5-f3ff48993a51,Gaea's Cradle,0.027032759122661246,0.16221900740712386,0.16664359839668272,0.8676504867602726,1.0274014589826295,0.7475781016255829,1.411964523337923,3615.4402822638094,False,0.006197993110118419,0.006757852140566678,-0.08134746582018045,0.17838632664446483,-0.4560185040544675,0.6483766720659477,0.921873316320171,0.6498688757595291,1.3077259783366209,3609.5777725418225,False,-0.01852922445669795,-0.02011712843506197,-0.09493143088356769,0.17993559635771159,-0.5275856073238794,0.5977869846722141,0.9094352915047144,0.6391569735630043,1.2940053596281962,3606.160273615454,False,-0.021499508715663033,-0.023715136059732467,177,0.9541142147195295,False,False,0.9261193606096347,False,False,0.9312862544381997,False,False,3606.160273615454,5.862509721986953,3.417498926368353,0.11796616747791511,0.9529033556025049,0.12379657053818124,low,0.6197993110118419,0.6757852140566678,0.012395986220236839,0.013515704281133356,-1.852922445669795,-2.011712843506197,-0.0370584489133959,-0.04023425687012394,-2.149950871566303,-2.371513605973247,-0.042999017431326066,-0.047430272119464933
e4e6794a-feeb-4fc8-a2ee-38c75c18aaae,Heartless Act,-0.09272397046390182,0.1622929867152369,-0.5713368910179556,0.5677712992605628,0.9114450513314836,0.6631074573849186,1.252786516491293,3615.1412387972314,False,-0.02125503788127351,-0.02316737210828923,-0.07939941473741396,0.16575820881060074,-0.4790074368391469,0.6319333380505561,0.9236709229785222,0.6674535334056904,1.2782432502869439,3609.556281076072,False,-0.018086567066920266,-0.019646612738525693,-0.09508564802605829,0.16712620144771884,-0.5689451875432195,0.5693933381751637,0.9092950518067391,0.6553059829642139,1.2617273651313092,3606.1148301603043,False,-0.02153600472465054,-0.02375735118776129,180,0.886782971312673,False,False,0.9261193606096347,False,False,0.9312862544381997,False,False,3606.1148301603043,5.584957721159299,3.4414509157677458,0.014375871171783072,0.9148036753722483,0.015714706399636295,low,-2.125503788127351,-2.316737210828923,-0.04251007576254702,-0.04633474421657846,-1.8086567066920265,-1.9646612738525693,-0.03617313413384053,-0.039293225477051386,-2.1536004724650537,-2.375735118776129,-0.04307200944930108,-0.04751470237552258
0d08f5e4-d2d3-4659-86d4-a983d80e3b2c,Tundra,-0.1479076938790691,0.17608214584163942,-0.8399925680829152,0.40091255351782107,0.8625107262870866,0.6107737397737246,1.2180038277937124,3614.760834325015,False,-0.03387609996379387,-0.03691990397608769,-0.13886438116093253,0.18235222586696875,-0.7615173354792945,0.44634812856480377,0.8703460557763781,0.6087943555823031,1.244266228587087,3609.2048200087547,False,-0.031608684665480544,-0.034236709691766676,-0.09535395676910355,0.1835864152192837,-0.5193954936982051,0.6034849731368024,0.9090511127212897,0.6343316648835746,1.302747397438354,3606.168720504198,False,-0.0215970487550528,-0.023820926697798894,148,0.8330280649594476,False,False,0.9193975000055795,False,False,0.9312862544381997,False,False,3606.168720504198,5.556014316260189,3.0360995045566597,0.04654038643420311,0.8806359649282515,0.05284860974079672,low,-3.3876099963793873,-3.6919903976087687,-0.06775219992758774,-0.07383980795217537,-3.160868466548054,-3.4236709691766674,-0.06321736933096109,-0.06847341938353335,-2.15970487550528,-2.3820926697798894,-0.0431940975101056,-0.04764185339559779
1f9fb33a-3b39-4aff-93b8-aedafe0ea694,Fanatic of Rhonas,-0.06912119115688325,0.1726833455583792,-0.4002771137736349,0.6889524226370394,0.9332135759918392,0.6652578637492118,1.3090977587358255,3615.3074952758293,False,-0.01585192745238376,-0.017274519690910428,-0.107392006568301,0.1935149351062037,-0.5549546163419519,0.5789257030563262,0.8981735140535241,0.6146629074734834,1.3124521612393827,3609.47726498436,False,-0.02446573507358394,-0.026518646188007033,-0.09650316661315173,0.19433518728559862,-0.4965810256036076,0.6194845363186972,0.9080070222882187,0.6203942389841768,1.3289561712802205,3606.1918118264184,False,-0.021864320019069496,-0.024107378699114446,159,0.9254734283166913,False,False,0.9261193606096347,False,False,0.9312862544381997,False,False,3606.1918118264184,5.830230291469434,3.285453157941447,0.035040061938315104,0.9131313707778607,0.0383735167355666,low,-1.585192745238376,-1.7274519690910428,-0.03170385490476752,-0.034549039381820856,-2.446573507358394,-2.6518646188007033,-0.04893147014716788,-0.05303729237601407,-2.1864320019069496,-2.4107378699114443,-0.04372864003813899,-0.04821475739822889
be77b98a-dd79-477c-8ab2-7ebf5637a89e,Headliner Scarlett,0.00370549778210659,0.16422338770841133,0.022563764113098968,0.9819982485124938,1.0037123716267295,0.727477402607819,1.3848382387482365,3615.4675352137433,False,0.0008497161973902699,0.0009263735719143296,-0.11147743872645746,0.17107640049305636,-0.6516237096710606,0.5146439486615684,0.8945115724958855,0.6396800281313704,1.2508612402148276,3609.3620427989845,False,-0.025361097604627028,-0.027534014250334304,-0.09692455549369909,0.17232333003557573,-0.562457535341786,0.5738043281511542,0.9076244788310077,0.647472937037227,1.2723036708573572,3606.122979549137,False,-0.021934320439411858,-0.024213557521218843,170,0.990911999633636,False,False,0.9261193606096347,False,False,0.9312862544381997,False,False,3606.122979549137,6.105492414758828,3.239063249847277,0.10920079913084402,0.9352828076512075,0.11675698327555271,low,0.08497161973902699,0.09263735719143296,0.0016994323947805397,0.0018527471438286591,-2.5361097604627028,-2.7534014250334304,-0.050722195209254056,-0.05506802850066861,-2.193432043941186,-2.421355752121884,-0.043868640878823716,-0.048427115042437685
f61693a2-7042-44e0-85ba-9bf12ab94e7e,Suplex,0.04669131343462548,0.1898303328070212,0.2459633965984309,0.8057105674601253,1.0477985178278497,0.7222556341271373,1.5200736167175137,3615.4075299265005,False,0.010705461343253066,0.011670985537940437,-0.0835394743201482,0.1944438950955646,-0.4296327960262806,0.6674627764330846,0.9198547753126676,0.62835529966042,1.3465833870149435,3609.60140487196,False,-0.01902264816369059,-0.020658524268679257,-0.09719984130621258,0.19542368299530374,-0.49738005044428724,0.6189210709721764,0.9073746570766656,0.6186409271591533,1.3308669571633185,3606.1915950547855,False,-0.022005856780582148,-0.024281807434833325,129,0.9362038985902353,False,False,0.9261193606096347,False,False,0.9312862544381997,False,False,3606.1915950547855,5.806125054540644,3.4098098171743914,0.14042386075118407,0.9583426500723943,0.14652782148491075,low,1.0705461343253067,1.1670985537940437,0.021410922686506132,0.023341971075880874,-1.9022648163690588,-2.0658524268679255,-0.03804529632738118,-0.041317048537358514,-2.2005856780582147,-2.4281807434833325,-0.044011713561164297,-0.04856361486966665
1be9d9a4-d7ee-4854-abc2-85cabf993ec9,Archon of Cruelty,-0.2635488578483592,0.17574134280622644,-1.4996406288925985,0.13370751739411402,0.7683200830560799,0.5444376293880172,1.0842669906759645,3613.214615562157,False,-0.06014346984978575,-0.06556639259248581,-0.11039341636568231,0.18985800007532255,-0.5814525399081726,0.5609354959920559,0.8954817688046829,0.6172290473374502,1.2991734619760325,3609.447603709561,False,-0.025135369032357344,-0.027317919455631834,-0.09753438998432118,0.1905959200841182,-0.5117338815084554,0.6088372701034285,0.9070711468568936,0.6243136495729966,1.3178921620935642,3606.1768537634734,False,-0.022087374921029735,-0.024373133117824353,151,0.6488138646109055,False,False,0.9261193606096347,False,False,0.9312862544381997,False,False,3606.1768537634734,3.7670118525961698,3.2707499460875624,0.1387510638008137,0.8569576662392188,0.16191122300092883,low,-6.014346984978575,-6.556639259248581,-0.1202869396995715,-0.13113278518497162,-2.5135369032357344,-2.7317919455631836,-0.05027073806471469,-0.05463583891126367,-2.2087374921029737,-2.437313311782435,-0.04417474984205947,-0.048746266235648705
3b5233ff-03bc-4053-9b49-c4185c2de38d,Restoration Angel,-0.11696417798470751,0.17358955729918016,-0.6737973170996728,0.500440180780009,0.8896170604685769,0.6330539000588319,1.250159763968285,3615.013872968033,False,-0.02679521472153673,-0.02921296264494383,-0.11705529995822549,0.181229912141401,-0.6458939287400606,0.5183480517590101,0.88953600049958,0.6235876615993686,1.2689062739877501,3609.368596294693,False,-0.02664629049211537,-0.02888780806377028,-0.09773669284667248,0.1818329942865137,-0.5375080206437621,0.5909167461576841,0.9068876623278767,0.6350005832104337,1.2951881523075226,3606.149874582186,False,-0.022131019378942535,-0.024415154532782257,151,0.8622992302965494,False,False,0.9261193606096347,False,False,0.9312862544381997,False,False,3606.149874582186,5.6452766733400495,3.2187217125069765,0.017351661828296616,0.8953469077653445,0.01937981990869197,low,-2.679521472153673,-2.9212962644943827,-0.05359042944307346,-0.05842592528988766,-2.6646290492115368,-2.888780806377028,-0.05329258098423074,-0.05777561612754056,-2.2131019378942534,-2.4415154532782255,-0.04426203875788507,-0.048830309065564514
9417f14c-a853-42c6-a992-29139484260a,Ignoble Hierarch,-0.05410404000225752,0.15781630124691087,-0.34282922343750316,0.7317269396709625,0.9473335407907763,0.6952915740100035,1.290740275092529,3615.350498872982,False,-0.012404090896151593,-0.013523335694705707,-0.08187245797486546,0.16096324883218827,-0.5086406901504662,0.6110041020731201,0.9213894670811298,0.6720917428453709,1.2631587265957076,3609.5271788699197,False,-0.01864512917530978,-0.020251154365604318,-0.09857761531917292,0.16150118546059172,-0.6103832305505092,0.5416079740743365,0.9061253606758086,0.660261085019054,1.2435431799470202,3606.0662539666578,False,-0.02231984211826526,-0.02462657010219238,185,0.9264388796291327,False,False,0.9261193606096347,False,False,0.9312862544381997,False,False,3606.0662539666578,5.823320003062236,3.460924903261912,0.04120818011496763,0.9249494561825715,0.04455181830696026,low,-1.2404090896151594,-1.3523335694705707,-0.024808181792303187,-0.027046671389411414,-1.864512917530978,-2.025115436560432,-0.03729025835061956,-0.040502308731208636,-2.2319842118265263,-2.462657010219238,-0.04463968423653052,-0.04925314020438476
a3012af9-621d-4fae-b00d-079a89ae35fe,Harvester of Misery,-0.2413547638236505,0.32697720752071063,-0.7381394123881346,0.46042973591916214,0.7855628876543173,0.4138589388784789,1.4911096329877527,3614.924158825915,False,-0.05512294125794842,-0.0600602561589324,-0.10956744046348041,0.33369764173731586,-0.3283434665376839,0.7426519826527935,0.8962217207157318,0.4659789496654095,1.7237117111393225,3609.6781275469066,False,-0.02494414411086359,-0.02706657614176311,-0.09913382965713595,0.33419190497460494,-0.29663743550182364,0.7667433271640247,0.9056215008982152,0.4704103108060653,1.743478584650448,3606.350882540941,False,-0.022446276993971878,-0.02476586585053131,40,0.8622992302965494,False,False,0.9417190779048334,False,False,0.947069998552601,False,False,3606.350882540941,5.246031279008548,3.3272450059657785,0.120058613243898,0.8624687030894215,0.1392034433410046,low,-5.512294125794842,-6.00602561589324,-0.11024588251589684,-0.1201205123178648,-2.494414411086359,-2.706657614176311,-0.04988828822172718,-0.05413315228352622,-2.2446276993971876,-2.476586585053131,-0.044892553987943756,-0.04953173170106262
1834ac92-8b4e-4442-a834-acd580e1ef99,Jack-in-the-Mox,-0.08129677924538481,0.17656864951105616,-0.4604258993343791,0.6452105481814785,0.9219200441051965,0.652221316422603,1.3031413514430676,3615.256014391039,False,-0.018633282769809134,-0.02031469983285661,-0.10667675504785638,0.17949208624023832,-0.5943256735290078,0.5522943103322737,0.8988161638257898,0.6322431397158679,1.2777845192872612,3609.4326385914565,False,-0.0242859237268997,-0.026347716178457048,-0.10005827743370979,0.18040912739051929,-0.5546187096017625,0.5791554889747186,0.9047846879698133,0.635298591916619,1.288583576291124,3606.1312181581984,False,-0.02265455993886862,-0.024994410953113944,143,0.9187714246411036,False,False,0.9261193606096347,False,False,0.9312862544381997,False,False,3606.1312181581984,5.823375799582664,3.301420433258045,0.023103880279406686,0.9085069653002665,0.02543060335456066,low,-1.8633282769809134,-2.031469983285661,-0.03726656553961827,-0.04062939966571322,-2.42859237268997,-2.634771617845705,-0.0485718474537994,-0.052695432356914096,-2.265455993886862,-2.4994410953113944,-0.04530911987773724,-0.04998882190622789
3ee3945e-5089-4751-b7b3-5961c39d2a33,Nethergoyf,-0.16460408124717424,0.17380521471203955,-0.9470606593702626,0.3436078698681545,0.8482294675689105,0.6033472954171373,1.1925026185039913,3614.5705104160593,False,-0.03767168364789843,-0.04107283161173597,-0.12534719986777154,0.17497997521885997,-0.7163516837340435,0.4737742209197655,0.882190552962061,0.6260606977648752,1.2431065781864366,3609.2724883298515,False,-0.02852886671385047,-0.03094621518308016,-0.1010046503768361,0.17620132415348097,-0.5732343435106966,0.5664860337425328,0.9039288292664007,0.639953830088327,1.2767910589208458,3606.110123786853,False,-0.02286985547983048,-0.025232777922594873,154,0.811278266477493,False,False,0.9228613724240062,False,False,0.9312862544381997,False,False,3606.110123786853,5.298022086207766,3.1623645429986027,0.055699361697490235,0.8781162832657907,0.06343050773451037,low,-3.7671683647898426,-4.107283161173597,-0.07534336729579685,-0.08214566322347194,-2.852886671385047,-3.094621518308016,-0.05705773342770094,-0.06189243036616032,-2.286985547983048,-2.5232777922594876,-0.04573971095966096,-0.05046555584518975
0645f487-efe5-4764-b361-85e07bb5ccca,"Ulamog, the Infinite Gyre",-0.17767159496495666,0.3169736013466031,-0.5605248961117018,0.5751214631121931,0.8372173247316886,0.4498055711910118,1.5583018391144645,3615.152935926917,False,-0.040661165822888,-0.044306895029527116,-0.07964485067764648,0.32057750213321745,-0.2484417969061026,0.8037925977959341,0.9234442487552139,0.49263992115159205,1.73097884265185,3609.724088266995,False,-0.018140497890685184,-0.019706175641289958,-0.10268808439931068,0.32399058220905097,-0.3169477448978824,0.7512832530078355,0.9024084048474831,0.4782079374345562,1.702901322608898,3606.338228657858,False,-0.02325265374637176,-0.025653037234762144,46,0.886782971312673,False,False,0.9456496504519618,False,False,0.9401612190548336,False,False,3606.338228657858,5.428847659922212,3.385859609136787,0.08622692402352528,0.8876899927781285,0.09713630290420211,low,-4.0661165822888,-4.430689502952712,-0.081322331645776,-0.08861379005905423,-1.8140497890685183,-1.9706175641289958,-0.03628099578137037,-0.039412351282579916,-2.3252653746371763,-2.565303723476214,-0.04650530749274352,-0.05130607446952429
3ca1e1de-b916-445f-b3b2-0f4d0cc7ceeb,Stern Scolding,-0.21601936186383733,0.18947652761054187,-1.1400850785478438,0.2542508577959198,0.8057197014873027,0.5557741034876194,1.168072123711769,3614.1635987756113,False,-0.049395097190675086,-0.05382331133128443,-0.11363110303263996,0.19577149376650538,-0.580427215660757,0.5616265563910372,0.892587167855352,0.6081442141508807,1.3100705945750788,3609.4485515589554,False,-0.025874987590783587,-0.028083903279482292,-0.10326214394646188,0.19712530627513414,-0.5238401192505217,0.6003897465767815,0.9018905173506041,0.6128544903372908,1.3272424663793743,3606.16412496876,False,-0.023385998022461687,-0.025798155994071703,128,0.7752566964578506,False,False,0.9261193606096347,False,False,0.9312862544381997,False,False,3606.16412496876,4.715047216655876,3.2844265901953804,0.09617081586330145,0.8667324622310862,0.11095790229864565,low,-4.939509719067509,-5.382331133128443,-0.09879019438135017,-0.10764662266256886,-2.587498759078359,-2.808390327948229,-0.051749975181567175,-0.056167806558964584,-2.3385998022461685,-2.57981559940717,-0.046771996044923374,-0.051596311988143406
5d10b752-d9cb-419d-a5c4-d4ee1acb655e,"Teferi, Hero of Dominaria",-0.18926448693348785,0.18679025783009015,-1.0132460286320089,0.3109426598583639,0.8275675969306575,0.5738579470597885,1.1934454005535082,3614.437657455861,False,-0.0433130988404509,-0.04719444919465027,-0.11594105507083399,0.1931578854535215,-0.6002398234926435,0.5483464168242365,0.8905277138434445,0.6098571615918035,1.3003694292173258,3609.4249649144194,False,-0.02640218718618924,-0.028628666318147644,-0.1052597043771762,0.1936269272765758,-0.5436212093931736,0.5867021616115675,0.9000907347260502,0.615839758349011,1.3155424276464822,3606.1428271684417,False,-0.023839593655752656,-0.026293615937022008,132,0.8048561472401073,False,False,0.9261193606096347,False,False,0.9312862544381997,False,False,3606.1428271684417,5.012692541441538,3.282137745977707,0.07252313779539266,0.872728681833384,0.0830992945517039,low,-4.33130988404509,-4.719444919465027,-0.0866261976809018,-0.09438889838930054,-2.6402187186189243,-2.8628666318147644,-0.05280437437237848,-0.05725733263629529,-2.3839593655752656,-2.6293615937022006,-0.04767918731150531,-0.052587231874044016
14065271-d942-42a8-aa38-d8a622c0375d,Scrubland,-0.10741324073137931,0.17032557903892134,-0.6306348191356165,0.5282793267555999,0.8981544422931412,0.6432309936408365,1.2541084154619164,3615.07030328172,False,-0.024609205891136115,-0.026831713773837473,-0.13023377610438713,0.17272930316197266,-0.7539761564502093,0.4508635391128746,0.8778901771840848,0.6257632274738294,1.2316018732956557,3609.217320877032,False,-0.029635973735762985,-0.03212701325267647,-0.10526337511091692,0.17335210539006743,-0.6072229401198158,0.5437029702311543,0.9000874307386846,0.6408028077050177,1.264285008168547,3606.070116594005,False,-0.02383031036573622,-0.026292997327890255,158,0.8632715278190844,False,False,0.9216293679463289,False,False,0.9312862544381997,False,False,3606.070116594005,5.852982404688191,3.1472042830268947,0.022197253554599783,0.8920440167386369,0.02488358549363314,low,-2.4609205891136114,-2.683171377383747,-0.04921841178227223,-0.05366342754767495,-2.9635973735762984,-3.2127013252676475,-0.05927194747152597,-0.06425402650535295,-2.383031036573622,-2.6292997327890255,-0.04766062073147244,-0.05258599465578051
01006833-6007-4c16-9ebb-20d31c60a57a,Taiga,-0.06306226224820678,0.1567758914235854,-0.4022446415426325,0.6875039912321899,0.9388850147774328,0.6904974428721878,1.2766232229722945,3615.3062891319432,False,-0.014454906621623504,-0.015761345618822253,-0.12135356317960627,0.1613045542877555,-0.7523257090628725,0.45185521081637936,0.8857207459825456,0.645641753879214,1.21507203515007,3609.220436427078,False,-0.027613581238120025,-0.02995857720754197,-0.10664238639715194,0.16218023796215114,-0.6575547535084986,0.5108242768615998,0.8988470554554207,0.6540865133898096,1.2351975045530226,3606.00679120678,False,-0.024138151732258306,-0.026638439432812022,188,0.9254734283166913,False,False,0.9216293679463289,False,False,0.9312862544381997,False,False,3606.00679120678,6.085852704865374,3.2136452202980763,0.053164268794887226,0.9078176054051331,0.05856272061518517,low,-1.4454906621623504,-1.5761345618822253,-0.02890981324324701,-0.03152269123764451,-2.7613581238120024,-2.9958577207541968,-0.05522716247624005,-0.05991715441508394,-2.4138151732258306,-2.6638439432812024,-0.04827630346451661,-0.053276878865624044
15faa763-b897-4e86-b094-73f3236291a9,Verdant Catacombs,-0.14748295660581237,0.14981187302105295,-0.9844543935785831,0.32489214486596507,0.8628771445513631,0.6433192174837927,1.1573678297708738,3614.4979485098393,False,-0.03376909114548168,-0.036818073374174254,-0.10411292196127991,0.15136123613821434,-0.6878440254426174,0.49155100857167844,0.901123535038777,0.6697967674390358,1.212343303037352,3609.312578118275,False,-0.02370549379033918,-0.025733550004230277,-0.10780230549825881,0.15189940825935297,-0.7096953617765068,0.47789306903745,0.8978050700130581,0.666626642815862,1.209153508081139,3605.9349147647663,False,-0.02440782646816986,-0.02692931642392099,210,0.811278266477493,False,False,0.9261193606096347,False,False,0.9312862544381997,False,False,3605.9349147647663,5.185370391564447,3.377663353508524,0.03824639048741385,0.8872685832010659,0.04310576437794005,low,-3.3769091145481682,-3.6818073374174256,-0.06753818229096337,-0.07363614674834851,-2.370549379033918,-2.5733550004230277,-0.04741098758067836,-0.05146710000846055,-2.440782646816986,-2.6929316423920993,-0.04881565293633972,-0.05385863284784198
162e81d3-6cd4-4cb8-8ed8-cfbd8d34ca71,Mind Stone,-0.21493009972400112,0.2075203514484209,-1.0357061282127884,0.3003392625140675,0.806597819617046,0.5370468262453656,1.2114400659612632,3614.3897437679734,False,-0.04915761711985076,-0.05354926516018038,-0.10567920203227367,0.21326604066435662,-0.49552756595971237,0.6202277685881203,0.8997132279605952,0.5923363529149038,1.366594990470838,3609.5397380088125,False,-0.024068734793026427,-0.026114445934638963,-0.1083655299705293,0.21574482165714778,-0.5022856592254115,0.6154665954142734,0.8972995466012402,0.5878841464058148,1.3695665740490999,3606.185912088702,False,-0.024542195329253256,-0.0270683209520185,108,0.7960042095188636,False,False,0.9261193606096347,False,False,0.9312862544381997,False,False,3606.185912088702,4.850005759160922,3.3538259201104665,0.09311540834354914,0.8678701980596272,0.10729186063968478,low,-4.915761711985076,-5.354926516018038,-0.09831523423970152,-0.10709853032036076,-2.4068734793026425,-2.6114445934638963,-0.048137469586052854,-0.05222889186927793,-2.454219532925326,-2.70683209520185,-0.04908439065850651,-0.054136641904037
b768efa2-e56b-4a7e-ace8-d673f10e0714,Birthing Pod,-0.13539376737012165,0.21661411599963304,-0.6250459105368323,0.5319409264372469,0.8733719385983896,0.5712333780346517,1.3353185798691862,3615.0781605567777,False,-0.030999361961137565,-0.03380201479982747,-0.0959397591657537,0.2226819869336605,-0.43083753871091174,0.6665865025168273,0.9085187443473389,0.5871960940326386,1.405674045210161,3609.600499694967,False,-0.021842088055856725,-0.02370605192093511,-0.11036034524142589,0.22341222442482814,-0.49397630557391015,0.6213229133808078,0.8955113838832276,0.5779613360963191,1.3875333669911918,3606.195154690685,False,-0.02497954699840208,-0.027562275534083303,92,0.8632715278190844,False,False,0.9261193606096347,False,False,0.9312862544381997,False,False,3606.195154690685,5.4776608618108185,3.405345004282026,0.03514680574894935,0.8924673556096522,0.03938161494426904,low,-3.0999361961137564,-3.3802014799827473,-0.06199872392227513,-0.06760402959965495,-2.1842088055856723,-2.370605192093511,-0.04368417611171345,-0.04741210384187022,-2.497954699840208,-2.7562275534083303,-0.04995909399680416,-0.055124551068166605
c78da035-6b5b-4136-9ab6-f622b64fdc54,Unstoppable Slasher,-0.1644307469804354,0.15173423474000025,-1.0836759895496944,0.27850848507797,0.8483765075448629,0.630129549209219,1.142213850242795,3614.290829917862,False,-0.03765352260396572,-0.04103426073140065,-0.1445996992075368,0.15307368004467958,-0.9446411634275116,0.344842104292703,0.86536863153532,0.641065199404094,1.168153986741789,3608.8920043559156,False,-0.03291433181668857,-0.035670871810635385,-0.11085803556164539,0.1542798102900189,-0.7185518011284289,0.4724171199724493,0.8950658074245651,0.6614992271680462,1.2111016411166078,3605.9218322064226,False,-0.02510692381614673,-0.027691330936941705,205,0.7808620180991297,False,False,0.8984753264188786,False,False,0.9312862544381997,False,False,3605.9218322064226,5.3988255619465235,2.97017214949301,0.04668929987970216,0.869603648834916,0.05369032195558965,low,-3.765352260396572,-4.103426073140065,-0.07530704520793144,-0.0820685214628013,-3.291433181668857,-3.5670871810635383,-0.06582866363337714,-0.07134174362127077,-2.510692381614673,-2.7691330936941707,-0.05021384763229346,-0.05538266187388341
4820d223-4ea1-4850-931c-3d2ab5eb003b,Birthing Ritual,-0.15100058631290636,0.24109659187957713,-0.6263074278060641,0.5311133152882495,0.85984719451955,0.5360381707308309,1.3792622210376053,3615.0744446982744,False,-0.034582516605983264,-0.037684405021889744,-0.12060549454360528,0.2454569860661683,-0.4913508328953955,0.6231783326311101,0.8863835737823044,0.5478787984359491,1.4340322022206173,3609.5438445284826,False,-0.027459991660123723,-0.029757638181936275,-0.11209346534693304,0.24674414883534512,-0.4542902673721927,0.6496199202042676,0.8939606992486178,0.5511699947115436,1.4499441904839603,3606.23195963552,False,-0.025382752981088046,-0.027994042216116177,79,0.8632715278190844,False,False,0.9261193606096347,False,False,0.9355465701707036,False,False,3606.23195963552,5.530600169791796,3.311884892962553,0.03411350472906771,0.8800638225168239,0.03876253500741485,low,-3.4582516605983264,-3.7684405021889744,-0.06916503321196653,-0.07536881004377949,-2.745999166012372,-2.9757638181936272,-0.054919983320247445,-0.05951527636387255,-2.5382752981088044,-2.799404221611618,-0.05076550596217609,-0.055988084432232355
69af2825-18c2-4463-b6ba-42eaa070ccc1,"Grist, the Hunger Tide",-0.1723029284135555,0.18192832582157717,-0.9470923652787219,0.3435917147851464,0.8417241523817965,0.5892631346125885,1.20234833487192,3614.5694486044567,False,-0.039437017098111135,-0.04298462229153066,-0.13348674843318886,0.19205491251748277,-0.6950446967662832,0.48702729099437814,0.8750390645394129,0.6005469972660242,1.2749932444185244,3609.3027453442396,False,-0.030383411036155123,-0.03290891829219739,-0.11546331229843207,0.19266644866728733,-0.5992912263505923,0.5489786975497968,0.8909532586647444,0.6107365741268014,1.2997382877556607,3606.0797379350342,False,-0.026141772920148482,-0.028833955621406726,138,0.811278266477493,False,False,0.9228613724240062,False,False,0.9312862544381997,False,False,3606.0797379350342,5.2667032602171275,3.2230074092053655,0.049229106282947854,0.8692388251953179,0.05663473012941648,low,-3.9437017098111133,-4.298462229153066,-0.07887403419622227,-0.08596924458306132,-3.038341103615512,-3.2908918292197384,-0.060766822072310246,-0.06581783658439477,-2.614177292014848,-2.883395562140673,-0.052283545840296965,-0.05766791124281345
0055ea30-20fb-4324-a632-8fed87628f05,"Boseiju, Who Endures",-0.05840610138769074,0.16310630157347583,-0.3580861120891768,0.7202788718417491,0.943266807685708,0.6851657820078626,1.2985941415144635,3615.3398523799324,False,-0.013388436998769829,-0.014598111823181825,-0.13736078361090082,0.17259556750070165,-0.795853483377216,0.42611720102552075,0.8716556903084244,0.6214821458784744,1.2225349472800866,3609.1530161271126,False,-0.031247206136547984,-0.033863462380645915,-0.1160805999616728,0.17321393971166704,-0.6701573796826125,0.5027574699808486,0.8904034539209476,0.6340801444075971,1.250344010527345,3605.9900184886906,False,-0.026270404352341733,-0.02898727936406037,174,0.9264388796291327,False,False,0.9193975000055795,False,False,0.9312862544381997,False,False,3605.9900184886906,6.18683625281983,3.1629976384219844,0.07161111737728365,0.9017753173050266,0.07941126354100586,low,-1.3388436998769828,-1.4598111823181825,-0.026776873997539658,-0.02919622364636365,-3.1247206136547985,-3.3863462380645917,-0.06249441227309597,-0.06772692476129183,-2.627040435234173,-2.898727936406037,-0.052540808704683466,-0.05797455872812074
64a5d494-efa1-446b-bebe-2ad36e154376,"Ugin, Eye of the Storms",-0.1522399562257371,0.20657211987556875,-0.7369821073504048,0.4611332303938599,0.8587821858831854,0.5728557660281524,1.2874215230541264,3614.924430358588,False,-0.03485556545044727,-0.037994752020860334,-0.10923461471166082,0.20867524206523277,-0.5234670564202035,0.6006492705172448,0.8965200560278094,0.5955689635046817,1.3495468369110009,3609.511754784377,False,-0.024869695146213254,-0.0269878990998757,-0.11932457094770381,0.21019962063221892,-0.567672627518596,0.5702572813635183,0.8875196909012525,0.5878309764716184,1.3399960758541036,3606.116477670428,False,-0.027010945515027338,-0.02980090206400221,105,0.8622992302965494,False,False,0.9261193606096347,False,False,0.9312862544381997,False,False,3606.116477670428,5.41267557421088,3.3952771139488505,0.03773787014462393,0.880940644270749,0.04283815304703496,low,-3.4855565450447266,-3.7994752020860334,-0.06971113090089454,-0.07598950404172067,-2.4869695146213253,-2.6987899099875703,-0.04973939029242651,-0.0539757981997514,-2.701094551502734,-2.980090206400221,-0.054021891030054676,-0.05960180412800442
4a706ecf-3277-40e3-871c-4ba4ead16e20,Wrenn and Six,0.006645048363500522,0.1960468631447121,0.03389520371257089,0.9729607178751103,1.006667175682593,0.6854999839453384,1.4783060923858091,3615.466895502078,False,0.001523757613501372,0.0016612567274958967,-0.09546616991896693,0.20261191323032762,-0.47117747617555805,0.6375140018762673,0.9089491109556211,0.6110444823947797,1.3520922127781125,3609.563818398683,False,-0.021737123682940816,-0.023593244673518532,-0.11986464147085193,0.202921745086572,-0.5906939220324288,0.5547255211164266,0.8870404970883572,0.5959543183962156,1.3203039548270121,3606.0898010681835,False,-0.027130168748376617,-0.029932900829533315,120,0.9880381961872368,False,False,0.9261193606096347,False,False,0.9312862544381997,False,False,3606.0898010681835,5.903077103394935,3.474017330499464,0.1196266785942357,0.9342189279088572,0.1280499409940306,low,0.1523757613501372,0.16612567274958967,0.003047515227002744,0.0033225134549917934,-2.1737123682940815,-2.359324467351853,-0.04347424736588163,-0.047186489347037064,-2.7130168748376615,-2.9932900829533313,-0.054260337496753235,-0.05986580165906663
e7c53ba4-9956-4cd6-85ca-2d6b61a5127c,Dance of the Dead,-0.2177267514101438,0.22902725923251246,-0.9506586776603033,0.34177767128338377,0.8043451978322264,0.5134409868915314,1.2600692461126821,3614.5653019323286,False,-0.0497548828577851,-0.05423687880831246,-0.11831421603193487,0.23493988824301631,-0.5035935656424312,0.6145470150409226,0.8884168539340165,0.560572667639675,1.4079967717251463,3609.532387144451,False,-0.02693064185878338,-0.029227117621517973,-0.12108384619768309,0.23613365718353907,-0.5127767368781678,0.6081075043179602,0.8859596721287498,0.5577157727091815,1.4073916841648615,3606.1760574322625,False,-0.027405935973208596,-0.030242336482637522,84,0.811278266477493,False,False,0.9261193606096347,False,False,0.9312862544381997,False,False,3606.1760574322625,5.0329147878774165,3.3563297121886535,0.08407165610179013,0.8595739079649976,0.0978061983068169,low,-4.97548828577851,-5.423687880831246,-0.0995097657155702,-0.10847375761662492,-2.6930641858783377,-2.9227117621517973,-0.05386128371756676,-0.058454235243035946,-2.7405935973208595,-3.024233648263752,-0.05481187194641719,-0.060484672965275044
1af92296-455a-425e-9397-a96d09937767,Incinerate,0.06314270860012194,0.18171783969373215,0.34747666330693167,0.7282332475905396,1.0651788385661727,0.746004044508736,1.5209112691558522,3615.3473076814007,False,0.014474804346062015,0.01578118276538315,-0.08397506732330082,0.18852044382692582,-0.4454427626979038,0.6559998147396893,0.9194541802631593,0.6354161520241399,1.330460339905368,3609.587495420198,False,-0.019123023774633482,-0.020766336108131,-0.1210998540204885,0.18963458324398375,-0.6385958296682706,0.5230858949738074,0.8859454899568189,0.6109234358855642,1.2847754154938853,3606.0311296247455,False,-0.027408151596767884,-0.030241971998248962,141,0.9264388796291327,False,False,0.9261193606096347,False,False,0.9312862544381997,False,False,3606.0311296247455,5.759812261202569,3.5563657954526207,0.1792333486093538,0.956859502928717,0.18731417523760133,low,1.4474804346062016,1.578118276538315,0.02894960869212403,0.0315623655307663,-1.912302377463348,-2.0766336108131,-0.038246047549266964,-0.041532672216262,-2.7408151596767882,-3.024197199824896,-0.05481630319353577,-0.060483943996497924
7eb39e97-53c2-4df0-9fb3-a3d6a24ec41f,Avacyn's Pilgrim,-0.037074753551493506,0.16854162995467104,-0.21997386379534062,0.825891509834761,0.9636040998279356,0.6925212549918458,1.3408005234671667,3615.419652337094,False,-0.008500805315184361,-0.009267802978859707,-0.09738833632004085,0.18194077962627747,-0.535274920334436,0.5924597660846487,0.9072036375967986,0.6350876460188313,1.2959131628966685,3609.499282636221,False,-0.02217433706813634,-0.024065512361233277,-0.12364280779561611,0.18350281363567636,-0.6737924359083377,0.5004432844900882,0.8836954336357042,0.6167396393353083,1.2662030614251258,3605.9846925461707,False,-0.02798316937923804,-0.030874083311385025,158,0.9464937947172035,False,False,0.9261193606096347,False,False,0.9312862544381997,False,False,3605.9846925461707,5.920369700872925,3.5145900900502056,0.07990866619223136,0.9181677236868128,0.08703057636503048,low,-0.8500805315184361,-0.9267802978859707,-0.017001610630368723,-0.018535605957719414,-2.217433706813634,-2.4065512361233274,-0.04434867413627268,-0.04813102472246655,-2.7983169379238038,-3.0874083311385023,-0.05596633875847608,-0.06174816662277005
dea15b53-2940-40e7-8d48-8ec11341da83,Careful Study,-0.28213859953467013,0.38349691591526897,-0.7356997874710595,0.46191341903869854,0.7541691497957991,0.35565555638967744,1.5992189529594718,3614.926294664041,False,-0.06435490733667225,-0.070085270112765,-0.12003787264885375,0.3899785444877404,-0.30780635074816876,0.7582296888659266,0.8868868473269601,0.41296360233475965,1.9046915406456106,3609.6910675585777,False,-0.027325144075100477,-0.02963539026184131,-0.12472740067997186,0.3932978970308974,-0.31713213221217224,0.7511433443173521,0.8827375034324907,0.4083660690182367,1.908154371981939,3606.3381778254425,False,-0.028232288830959795,-0.03114647434681872,29,0.8622992302965494,False,False,0.9456496504519618,False,False,0.9401612190548336,False,False,3606.3381778254425,5.235227105463309,3.352889733135271,0.13271769753116103,0.8412645001850834,0.1577597741280683,low,-6.4354907336672245,-7.0085270112765,-0.1287098146733445,-0.14017054022553,-2.7325144075100476,-2.9635390261841312,-0.054650288150200954,-0.05927078052368262,-2.8232288830959797,-3.114647434681872,-0.05646457766191959,-0.06229294869363744
748e6a61-9c1f-4225-9f04-e54002f63ac3,Savai Triome,-0.06660330840866718,0.19307288841402656,-0.34496458283590126,0.730120997014873,0.9355662590022636,0.6408075060725936,1.365908196593962,3615.349133485952,False,-0.0152657874545812,-0.016645453571613122,-0.14173585540821615,0.1974207288123072,-0.717938061828188,0.4727954780319047,0.8678504642191903,0.5893821560661774,1.2778880739662177,3609.2716305506356,False,-0.0322385239359486,-0.03493194401111882,-0.1253897863452006,0.19814344186403665,-0.6328232979380735,0.5268490407653459,0.8821529843739517,0.5982473795480631,1.300789463428564,3606.039186875316,False,-0.028371496809483216,-0.031307003218776164,125,0.9264388796291327,False,False,0.9228613724240062,False,False,0.9312862544381997,False,False,3606.039186875316,6.077502935316261,3.2324436753197006,0.06771579478307332,0.8951899025318019,0.07564405562613873,low,-1.5265787454581201,-1.6645453571613122,-0.0305315749091624,-0.033290907143226245,-3.22385239359486,-3.4931944011118823,-0.0644770478718972,-0.06986388802223764,-2.8371496809483214,-3.130700321877616,-0.05674299361896643,-0.06261400643755233
45026d57-0324-4312-8b86-2e7d4f581ee9,Marsh Flats,-0.10691841727244979,0.15239522157173455,-0.701586415700848,0.48293712567056635,0.8985989801557406,0.6665680449988044,1.211399396048734,3614.975579939801,False,-0.024497909663869423,-0.026709334802459517,-0.1291035557345589,0.1545340509091924,-0.835437594335911,0.4034713700974606,0.8788829474637264,0.6492156769573525,1.1897975707590147,3609.0875038074005,False,-0.02938282801628275,-0.03185598021616959,-0.12561327425838642,0.15476888123841195,-0.8116184161393974,0.4170106206453613,0.8819558558731024,0.6511857927996372,1.1945072209955163,3605.779780429163,False,-0.02843046828977508,-0.031367850409704134,208,0.8622992302965494,False,False,0.9193975000055795,False,False,0.9060129904095918,False,False,3605.779780429163,5.888076132400329,3.3077233782373696,0.019716032692014163,0.8864792611641897,0.022240827908508114,low,-2.449790966386942,-2.6709334802459517,-0.048995819327738846,-0.053418669604919033,-2.938282801628275,-3.1855980216169586,-0.0587656560325655,-0.06371196043233918,-2.843046828977508,-3.1367850409704134,-0.05686093657955016,-0.06273570081940827
a249b1f4-2b22-4b67-a207-e0c4ae95d2e1,Ketria Triome,-0.19038280798160032,0.17339049558852698,-1.0980002527554786,0.2722043789029277,0.8266426279708029,0.5884706775096612,1.1612099982114343,3614.2620042848957,False,-0.043540580539665495,-0.04747494454176765,-0.10700875993941708,0.1779919031886477,-0.6012001558632813,0.547706680681895,0.8985178019943202,0.6338944061759378,1.2736099776791976,3609.424458862301,False,-0.024362196662336525,-0.026436858748546954,-0.12669490088913443,0.17905774021896192,-0.7075645025688627,0.4792157433019095,0.8810024246534977,0.6202404387288628,1.2513941751944384,3605.938148510081,False,-0.02867383663227458,-0.03163732255664775,151,0.7752566964578506,False,False,0.9261193606096347,False,False,0.9312862544381997,False,False,3605.938148510081,4.837545422594758,3.486310352219789,0.07187517402351729,0.8687209515395402,0.08273677974053772,low,-4.35405805396655,-4.747494454176765,-0.08708116107933099,-0.0949498890835353,-2.4362196662336526,-2.6436858748546954,-0.04872439332467305,-0.05287371749709391,-2.867383663227458,-3.163732255664775,-0.05734767326454916,-0.0632746451132955
1571b584-9007-45ee-a3c3-6c72f227fee2,Mystical Tutor,-0.25200831871214147,0.16008341221236483,-1.5742313037270226,0.11543398480982128,0.7772382724205996,0.567921651856008,1.0637018858871097,3612.9718440493925,False,-0.05761391150606766,-0.06273212458756727,-0.1457877735355581,0.16612948651862425,-0.8775550721949309,0.38018521980589026,0.8643411197809493,0.6241268992460354,1.1970090894122458,3609.012952481879,False,-0.03320157435274491,-0.03601268525192075,-0.12684273006913618,0.16727917039060322,-0.7582697222430838,0.44828952924321896,0.8808721964134857,0.6346320454426894,1.2226546579019066,3605.8621021020863,False,-0.028732747739848075,-0.031684200974001764,182,0.6363179162657091,False,False,0.9146018098042583,False,False,0.9250325825036135,False,False,3605.8621021020863,3.9588915675135468,3.1508503797927006,0.10363392399288607,0.8408171962050116,0.1232538112453371,low,-5.761391150606766,-6.273212458756728,-0.11522782301213531,-0.12546424917513455,-3.3201574352744907,-3.601268525192075,-0.06640314870548981,-0.0720253705038415,-2.8732747739848072,-3.168420097400176,-0.05746549547969615,-0.06336840194800353
89175ce1-0746-4ba1-970e-617d134b0527,"Gau, Feral Youth",0.07600795647678829,0.2630224142180011,0.2889790085106228,0.7725974413555888,1.078971158932113,0.6443482260149065,1.8067540419989832,3615.3847601080515,False,0.017418540936076442,0.018993470838227777,-0.09084160003925543,0.2703861040181247,-0.33596992851809454,0.7368935432863442,0.9131623443234933,0.5375151335607696,1.551333934667914,3609.6727359747724,False,-0.020691057298002875,-0.022453281290827132,-0.1270110193827573,0.27184471759991946,-0.4672190083519759,0.6403431953518611,0.8807239675091835,0.5169409302284329,1.5005093649720318,3606.219802917226,False,-0.028755553632244985,-0.03170975963748013,65,0.932615257517962,False,False,0.9397858381873643,False,False,0.9355465701707036,False,False,3606.219802917226,5.712024133279101,3.4529330575464883,0.19824719142292946,0.9576191569215965,0.20702091221757024,low,1.741854093607644,1.8993470838227777,0.034837081872152884,0.037986941676455555,-2.0691057298002873,-2.245328129082713,-0.04138211459600575,-0.044906562581654264,-2.8755553632244983,-3.170975963748013,-0.05751110726448997,-0.06341951927496026
2d9b12cc-f616-4b52-91eb-a430e70f9251,Wrath of God,-0.07309972342367495,0.2615636849806652,-0.27947198950450053,0.779882631113163,0.9295081316705469,0.5566800915430863,1.5520320916215118,3615.389781445978,False,-0.016758948035712793,-0.01826736012586594,-0.12587884489631415,0.2689894801875753,-0.4679693971992312,0.6398064745726957,0.8817216653922683,0.5204308639032236,1.493825883790555,3609.566350421087,False,-0.028658252278729764,-0.03104885579861305,-0.12763742438814812,0.27004549435652514,-0.4726515607760371,0.6364617904097707,0.8801724503621526,0.5184422723793571,1.494290847119901,3606.2148596493594,False,-0.028895785734004066,-0.03186712906759226,66,0.932615257517962,False,False,0.9261193606096347,False,False,0.9350661105799934,False,False,3606.2148596493594,5.823431024890851,3.35149077172764,0.049335681308394275,0.8971340824749893,0.0549925393228717,low,-1.6758948035712793,-1.826736012586594,-0.033517896071425586,-0.03653472025173188,-2.8658252278729766,-3.104885579861305,-0.05731650455745953,-0.0620977115972261,-2.8895785734004065,-3.186712906759226,-0.05779157146800813,-0.06373425813518452
a9225cc3-90f0-448f-a8d9-7c6c2796d077,Sheoldred's Edict,-0.1162080214905409,0.1785905788545628,-0.6506951387686366,0.5152433018587144,0.8902900045796374,0.6273532147572547,1.2634290756939888,3615.0450977192104,False,-0.026614454164854254,-0.029024191982474856,-0.10296047874544424,0.18081625712342642,-0.5694204734874183,0.5690708260591983,0.9021626273758158,0.6329522192480789,1.2858749546695825,3609.461920361331,False,-0.023435979486513086,-0.02545098581917593,-0.12767104942960739,0.18124811549877795,-0.70439932066752,0.48118412894233153,0.8801428550245929,0.6169808111476995,1.2555519252046838,3605.9431903601235,False,-0.028884923861535593,-0.031882992947805555,142,0.8632715278190844,False,False,0.9261193606096347,False,False,0.9312862544381997,False,False,3605.9431903601235,5.583177357879322,3.5187300012075866,0.022019772351222877,0.890865162326682,0.024717289756525672,low,-2.6614454164854253,-2.9024191982474856,-0.05322890832970851,-0.05804838396494971,-2.3435979486513085,-2.545098581917593,-0.04687195897302617,-0.05090197163835186,-2.888492386153559,-3.1882992947805553,-0.057769847723071185,-0.06376598589561111
32e670da-7563-4f6a-a7db-4c126a440eb8,Erode,-0.05581985461318728,0.4491193834859604,-0.12428734244317519,0.9010877688603094,0.9457094857471875,0.3921566717352093,2.28063551099317,3615.4526357420655,False,-0.012796545083861658,-0.013951425825139807,-0.12798507536235468,0.4561578636881514,-0.28057189308885977,0.7790387764654132,0.8798665107355005,0.3598548626273176,2.1513258736081773,3609.7076278082322,False,-0.029125984624040733,-0.03156373701562187,-0.13153973088504028,0.4597582062680606,-0.28610632521988405,0.7747966871410499,0.8767444406132183,0.3560565134187941,2.158873058564335,3606.3574702075257,False,-0.029766118168459806,-0.03283776267122673,21,0.97339979614183,False,False,0.9456496504519618,False,False,0.9499804969174269,False,False,3606.3574702075257,5.745007933833222,3.3501576007065523,0.06896504513396917,0.9007734790319688,0.07656202889996673,low,-1.279654508386166,-1.3951425825139807,-0.025593090167723317,-0.027902851650279614,-2.9125984624040733,-3.1563737015621873,-0.058251969248081466,-0.06312747403124375,-2.9766118168459808,-3.2837762671226733,-0.05953223633691961,-0.06567552534245347
586a4c31-65c7-4c7f-b5f6-74b105b2a629,Trinket Mage,-0.26130757691297474,0.3033912138954516,-0.8612892033288121,0.389078780588724,0.7700440354196229,0.4248775130656437,1.3956206159437854,3614.7250734623944,False,-0.05964769500365706,-0.0649765670957636,-0.11449538344465665,0.30819226303286806,-0.3715063522942688,0.7102604255128342,0.8918160555267982,0.4874574770128156,1.6316005280486594,3609.647733152566,False,-0.02606603471545607,-0.028280175367217886,-0.1330610931996424,0.30849351008244247,-0.43132542128384765,0.6662317686754248,0.8754116087788695,0.4782085364228054,1.6025340963534125,3606.252579785725,False,-0.030114981553848084,-0.03322379556051497,48,0.8238588782624727,False,False,0.9305750602745201,False,False,0.9355465701707036,False,False,3606.252579785725,5.077340309828287,3.3951533668409866,0.12177202010717536,0.8457572332417636,0.1439798742724631,low,-5.964769500365706,-6.49765670957636,-0.11929539000731412,-0.1299531341915272,-2.6066034715456072,-2.828017536721789,-0.05213206943091214,-0.05656035073443577,-3.0114981553848086,-3.322379556051497,-0.06022996310769617,-0.06644759112102994
62d37423-3445-412a-9abd-0480da404637,Phyrexian Fleshgorger,-0.24232670807421797,0.23833335181395346,-1.0167553396529319,0.3092698325459954,0.7847997352530744,0.4919097188354826,1.252080617377037,3614.4362869714646,False,-0.055329767729571676,-0.0603113512125375,-0.1370513573454498,0.24529051843143204,-0.558730758212168,0.5763454843444186,0.8719254452059086,0.5391180186692367,1.4101809913052787,3609.4738989641546,False,-0.031184244485111094,-0.03383190402885716,-0.1367779904441074,0.24627991856685783,-0.5553761396383448,0.5786374094607666,0.8721638333452951,0.5382206725805341,1.4133045996700182,3606.1305382680266,False,-0.030948875872930253,-0.03415532955697537,77,0.8048561472401073,False,False,0.9261193606096347,False,False,0.9312862544381997,False,False,3606.1305382680266,4.962388007309983,3.343360696128002,0.08736409809222068,0.842963004601426,0.1036393028108376,low,-5.532976772957167,-6.03113512125375,-0.11065953545914335,-0.120622702425075,-3.1184244485111092,-3.3831904028857163,-0.06236848897022219,-0.06766380805771433,-3.0948875872930253,-3.415532955697537,-0.061897751745860506,-0.06831065911395073
59faa45d-868b-4bc7-934c-0e077642e129,Loran of the Third Path,-0.13902319919036166,0.20217888951171203,-0.6876247046668449,0.4916891467885651,0.8702078401067389,0.585497232530159,1.293365097065987,3614.9961080757307,False,-0.031826192209982805,-0.03470638022122102,-0.14469013686500834,0.20815395065933331,-0.6951111732767905,0.48698563311051246,0.8652903731622399,0.5754103272035055,1.3012061036965812,3609.3034860196112,False,-0.032910295423128205,-0.0356450394599655,-0.13749140998185638,0.20819691661583276,-0.6603911922267179,0.5090028229020118,0.8715418365251918,0.5795186889755245,1.3107173025886392,3606.00336458107,False,-0.03110337812259949,-0.034318041025963975,109,0.8622992302965494,False,False,0.9228613724240062,False,False,0.9312862544381997,False,False,3606.00336458107,5.69262205611949,3.3001214385412823,0.006251463362951903,0.8690133499313902,0.007193748362376096,low,-3.1826192209982804,-3.4706380221221025,-0.06365238441996561,-0.06941276044244205,-3.2910295423128204,-3.5645039459965497,-0.06582059084625641,-0.071290078919931,-3.110337812259949,-3.4318041025963977,-0.06220675624519898,-0.06863608205192795
2f8f22fb-7291-4517-9b15-e98501f2856b,Splinter Twin,-0.014420655355671982,0.31131270881057976,-0.04632209012850267,0.9630535328289287,0.9856828242828585,0.5354790219145615,1.8143953176960346,3615.4659001750583,False,-0.0033065958219287567,-0.00360510442027695,-0.15235174311727562,0.31637441223995977,-0.48155519922932877,0.6301219583019018,0.8586861906577208,0.46188211116171896,1.5963856495150164,3609.5555803007564,False,-0.03464448114273469,-0.037513679984288006,-0.1382991260019012,0.3165578036460398,-0.4368842732954416,0.6621952778480014,0.8708381624443619,0.4682502418557763,1.6195594521509111,3606.249208466134,False,-0.03128276772265362,-0.034520035728046905,49,0.9880381961872368,False,False,0.9261193606096347,False,False,0.9355465701707036,False,False,3606.249208466134,5.9103198743018766,3.306371834622496,0.1269966336251377,0.9050690591283138,0.14031706458670692,low,-0.33065958219287567,-0.360510442027695,-0.006613191643857513,-0.0072102088405539,-3.464448114273469,-3.7513679984288006,-0.06928896228546938,-0.07502735996857601,-3.128276772265362,-3.4520035728046903,-0.06256553544530724,-0.06904007145609381
99e96b34-b1c4-4647-a38e-2cf1aedaaace,Tersa Lightshatter,-0.01554175308415548,0.3873002237457895,-0.04012843817605577,0.967990729670246,0.984578396708848,0.46086496723004056,2.1034244045325594,3615.466434882539,False,-0.003563737256417731,-0.003885362522695446,-0.13242516205489668,0.39364852980921783,-0.33640456403857694,0.7365658082375093,0.8759684873348055,0.4049562345797034,1.8948239964746196,3609.6731809309495,False,-0.030133539873183558,-0.032649556166354066,-0.13932237827647834,0.3955736988376586,-0.3522033408334752,0.7246857716537747,0.869947531061857,0.40065810233062665,1.8889140202039276,3606.3153389685294,False,-0.031522024917646184,-0.03477431447420826,29,0.9880381961872368,False,False,0.9397858381873643,False,False,0.9367546699478057,False,False,3606.3153389685294,5.793253951589577,3.357841962420025,0.11463086564699099,0.91016480503517,0.12594517499779778,low,-0.3563737256417731,-0.3885362522695446,-0.007127474512835462,-0.007770725045390892,-3.013353987318356,-3.2649556166354063,-0.060267079746367115,-0.06529911233270813,-3.1522024917646183,-3.477431447420826,-0.06304404983529237,-0.06954862894841651
1716b4dd-9045-462b-b053-72de450a8cde,Blood Crypt,-0.1452355661304075,0.1537590135291623,-0.9445661935315537,0.3448803930855484,0.8648185471552023,0.6397977087645973,1.1689806156820985,3614.57615763156,False,-0.0332443402711473,-0.036257934451004115,-0.18521909748799975,0.15611975918311966,-1.1863911298424963,0.23546787302108485,0.8309222109378552,0.6118832237840324,1.1283717117786929,3608.3789442716115,False,-0.04208271174174435,-0.04560517316465246,-0.13958818665731035,0.15740497124609307,-0.886809263724414,0.37518159928520833,0.8697163224471717,0.638839563604952,1.1840319927317184,3605.6525695726823,False,-0.031576961139456315,-0.034850175894186375,195,0.811278266477493,False,False,0.8203114330813042,False,False,0.9034156199394728,False,False,3605.6525695726823,6.197213359948364,2.7263746989292486,0.03879411150931644,0.8551523601800763,0.04536514580997853,low,-3.32443402711473,-3.6257934451004115,-0.0664886805422946,-0.07251586890200823,-4.208271174174435,-4.560517316465246,-0.0841654234834887,-0.09121034632930491,-3.1576961139456317,-3.4850175894186375,-0.06315392227891263,-0.06970035178837275
73cc6df4-3564-4ace-bf8a-eac3e62d725a,Ursine Monstrosity,-0.016845056443853788,0.16253358361401207,-0.1036404665995537,0.9174546728639875,0.983296028215633,0.7150442283798609,1.352183600300312,3615.457303392506,False,-0.003862587787605975,-0.0042111823003869175,-0.15029893385818616,0.17463230309022387,-0.8606594037790026,0.38942565814754027,0.8604507201221188,0.6110489258869289,1.211646744463266,3609.0457390483016,False,-0.03418233575730993,-0.03701302364642034,-0.1428566479005146,0.17599558666765622,-0.8117058535693853,0.41696043473142796,0.8668783288172501,0.6139707454793961,1.2239639144145622,3605.7803689548027,False,-0.03231433565536453,-0.03565592228237452,172,0.9744303611469421,False,False,0.9146018098042583,False,False,0.9060129904095918,False,False,3605.7803689548027,6.411564344204635,3.265370093498859,0.12284530809351424,0.9035416923850006,0.135959756067537,low,-0.3862587787605975,-0.42111823003869175,-0.00772517557521195,-0.008422364600773835,-3.418233575730993,-3.701302364642034,-0.06836467151461986,-0.07402604729284068,-3.2314335655364532,-3.5655922282374517,-0.06462867131072907,-0.07131184456474904
0eee981e-5d26-4810-90e1-432f3c3107f2,Reclamation Sage,-0.05653314405923393,0.21950621610369214,-0.25754689348992443,0.7967566200377691,0.9450351616746903,0.6146112483051843,1.4530997590171744,3615.4016958409347,False,-0.012961048647565521,-0.014129891178254639,-0.15188157404732633,0.23243221300905686,-0.653444598238232,0.5134696950017401,0.8590900132703727,0.5447388837337386,1.3548429769548662,3609.358754613021,False,-0.03455309256431818,-0.03739940338277242,-0.142990714074343,0.23414087710085454,-0.6107037602526395,0.5413957162026849,0.8667621175467052,0.5477661409593553,1.3715279427426197,3606.06575443508,False,-0.03235459779083997,-0.0356870759399992,91,0.9348988978063771,False,False,0.9261193606096347,False,False,0.9312862544381997,False,False,3606.06575443508,6.042941227913616,3.2930001779409395,0.08594514840431755,0.8902957641639228,0.09653550186777389,low,-1.296104864756552,-1.4129891178254639,-0.025922097295131043,-0.028259782356509278,-3.455309256431818,-3.7399403382772425,-0.06910618512863637,-0.07479880676554485,-3.235459779083997,-3.56870759399992,-0.06470919558167994,-0.0713741518799984
fd99bce1-ce39-464b-8e61-2631eb3ed6f6,Tolarian Academy,-0.24717448803737513,0.1658771351987033,-1.4901058409363421,0.13619640864434968,0.7810044057154909,0.564229794714659,1.0810628709451238,3613.233813617681,False,-0.05649921955021198,-0.061534768305660625,-0.10879339569313581,0.173313756682415,-0.6277251025865874,0.5301840379503288,0.896915705004526,0.6385927454882341,1.2597352343373713,3609.3908818813757,False,-0.024783508253534366,-0.026913108087684545,-0.14454896033635578,0.17474025493498363,-0.8272218693405177,0.4081113183668261,0.8654125404767752,0.6144425407713466,1.218891622110471,3605.752272561993,False,-0.032730363633954436,-0.03610031261876745,169,0.6488138646109055,False,False,0.9261193606096347,False,False,0.9060129904095918,False,False,3605.752272561993,3.842931736305218,3.6386093193827946,0.1159112992890351,0.8477775503989307,0.13672371866239183,low,-5.649921955021198,-6.1534768305660625,-0.11299843910042397,-0.12306953661132125,-2.4783508253534365,-2.6913108087684545,-0.04956701650706873,-0.05382621617536909,-3.273036363395444,-3.610031261876745,-0.06546072726790887,-0.0722006252375349
269ddd84-fdc4-4c94-b183-32ecec56967c,Sanguine Evangelist,-0.17107236919514543,0.3672585912300485,-0.4658090328729349,0.6413521988722184,0.8427605813596982,0.4102866537849876,1.7310955424495567,3615.25095796569,False,-0.039152039144470144,-0.04266772267928981,-0.1354873888195445,0.3699710909306054,-0.36621074494968464,0.714207824972341,0.8732901760790353,0.4228952667013919,1.803367858866703,3609.6517102775324,False,-0.03083384389401911,-0.033398220840933524,-0.14460252677047258,0.3737355894778384,-0.38691131067421974,0.6988218673575892,0.865366184654511,0.4159774270271655,1.80023863048367,3606.2890835805733,False,-0.032719142580060694,-0.03608917942473483,31,0.9187714246411036,False,False,0.9305750602745201,False,False,0.9355465701707036,False,False,3606.2890835805733,5.5992476881574476,3.362626696959069,0.030529594719337028,0.8604723140310816,0.035480043019994544,low,-3.9152039144470145,-4.266772267928981,-0.07830407828894029,-0.08533544535857962,-3.083384389401911,-3.3398220840933526,-0.06166768778803822,-0.06679644168186705,-3.271914258006069,-3.608917942473483,-0.06543828516012139,-0.07217835884946966
906b6e99-128f-4c11-8daf-16099d35b0d4,Assassin's Trophy,-0.20367844695237747,0.3126611817568919,-0.6514350320301245,0.5147657027499226,0.8157246277604099,0.44197835742906316,1.5055186688449016,3615.0428193145995,False,-0.04657932648839213,-0.050752757888363864,-0.16150359528922814,0.31825927724869474,-0.5074591907749031,0.6118326633549334,0.8508634723595975,0.4559866351874702,1.5876970786614955,3609.5280583556805,False,-0.03673821008891486,-0.0397431565244834,-0.14462976061621263,0.31971452733049616,-0.4523715635439536,0.6510013291239463,0.86534261772624,0.46242530666072684,1.6193271329821397,3606.233902060315,False,-0.03272739267122237,-0.03609303146979198,45,0.8632715278190844,False,False,0.9261193606096347,False,False,0.9355465701707036,False,False,3606.233902060315,5.5147609589189415,3.2941562953656103,0.04961798996583011,0.8439769059487491,0.05879069630471997,low,-4.657932648839213,-5.075275788836386,-0.09315865297678426,-0.10150551577672773,-3.673821008891486,-3.9743156524483405,-0.07347642017782972,-0.0794863130489668,-3.272739267122237,-3.6093031469791983,-0.06545478534244474,-0.07218606293958396
b5aaaee0-9a61-45df-821e-cce516f8de6a,Old One Eye,-0.15722259069379432,0.18651769071714763,-0.8429366141586051,0.3992638947912913,0.8545138308205203,0.5928598405490243,1.231646735234009,3614.75489788675,False,-0.03601114887287571,-0.039235873002155974,-0.14742699195799452,0.19305264955432413,-0.7636621009778436,0.445068631286199,0.8629254365181768,0.591076289129978,1.2598040602950649,3609.2011212668185,False,-0.033559739382514046,-0.036329783179702424,-0.14521725428420823,0.19372893463385052,-0.7495899079746151,0.45350173085259615,0.8648343837244261,0.591599161099334,1.2642656725242098,3605.8755236749994,False,-0.03287345733213089,-0.03624607517480127,135,0.8330280649594476,False,False,0.9193975000055795,False,False,0.9250325825036135,False,False,3605.8755236749994,5.553776619931341,3.3255975918191325,0.010320552903905766,0.8607578836877078,0.011990076535447886,low,-3.601114887287571,-3.9235873002155977,-0.07202229774575142,-0.07847174600431195,-3.3559739382514047,-3.6329783179702426,-0.06711947876502809,-0.07265956635940485,-3.2873457332130886,-3.6246075174801273,-0.06574691466426177,-0.07249215034960255
8db735ea-f9cf-4e3c-9200-4f180df55baa,Fractured Identity,-0.17366118887564874,0.17639403164603623,-0.9845071698578136,0.3248662078982659,0.840581647830655,0.5948812394618365,1.1877622957296647,3614.4969921340225,False,-0.03974738999508445,-0.043323009405500545,-0.13709177104448392,0.17935112058123545,-0.7643764399140704,0.44464294465587795,0.8718902081854198,0.6134724222288703,1.2391633390261951,3609.200916867822,False,-0.03120247901517293,-0.03381130105510871,-0.14788620314796203,0.18032248862388683,-0.8201206864243107,0.4121473105381962,0.8625292624723595,0.6057316087610275,1.2281953225832356,3605.7653408271217,False,-0.03346498789898504,-0.03691236049673041,151,0.811278266477493,False,False,0.9193975000055795,False,False,0.9060129904095918,False,False,3605.7653408271217,5.29607526620066,3.435576040700198,0.031308560354764814,0.8583337061628115,0.03647597680246068,low,-3.9747389995084452,-4.332300940550055,-0.0794947799901689,-0.08664601881100109,-3.1202479015172933,-3.381130105510871,-0.06240495803034586,-0.06762260211021742,-3.346498789898504,-3.691236049673041,-0.06692997579797008,-0.07382472099346082
ba934866-efd0-4126-b1ff-9c7e82b73bd6,Summon: Kujata,-0.028300067152272262,0.47930338456131816,-0.05904416297450907,0.952916932480296,0.9720966287658079,0.3799427479536387,2.487142762291007,3615.464562999885,False,-0.0064889060329486195,-0.007074554319640047,-0.1106440153682515,0.4928916231335018,-0.22447939907122968,0.8223842950719145,0.8952573900823177,0.34071409082750553,2.352370553710895,3609.735762854746,False,-0.025186778274546857,-0.027316015242241032,-0.15070466033770716,0.49024815109357645,-0.3074048520153242,0.7585352355000861,0.8601016832921725,0.329035037646605,2.2483165042033373,3606.345028753706,False,-0.03409016223719484,-0.03760573481560453,19,0.9854195255261355,False,False,0.9499920721649385,False,False,0.9439235113405922,False,False,3606.345028753706,5.728800145138848,3.390734101039925,0.11199494547363542,0.9091519007134328,0.12318617536382025,low,-0.6488906032948619,-0.7074554319640047,-0.012977812065897239,-0.014149108639280095,-2.518677827454686,-2.731601524224103,-0.050373556549093715,-0.054632030484482064,-3.409016223719484,-3.760573481560453,-0.06818032447438968,-0.07521146963120906
0a26d900-c652-4f9c-8681-a35c5f8b1937,Sacred Foundry,-0.06214507652843099,0.1631498903905979,-0.3809078656421354,0.7032716157675626,0.9397465417352144,0.6825504319444967,1.2938583310062404,3615.323101749589,False,-0.014242557003805915,-0.015532160715989785,-0.15062450946443112,0.16567637695802445,-0.9091489820699854,0.36327149006158155,0.8601706239559849,0.6216673052866182,1.1901759928901234,3608.961276402509,False,-0.03423911988483184,-0.03710060153677003,-0.15083679675810469,0.16632976000390715,-0.9068539313383334,0.36448404570554593,0.8599880400429358,0.6207398993797698,1.1914481890979818,3605.6184167896067,False,-0.03409615549599136,-0.03763959297818453,170,0.9264388796291327,False,False,0.9087451152849259,False,False,0.8952727166473543,False,False,3605.6184167896067,6.361825347079957,3.34285961290243,0.0797585016922786,0.886635068578045,0.08995640316843384,low,-1.4242557003805916,-1.5532160715989785,-0.02848511400761183,-0.03106432143197957,-3.4239119884831837,-3.710060153677003,-0.06847823976966368,-0.07420120307354006,-3.409615549599136,-3.7639592978184533,-0.06819231099198272,-0.07527918595636907
a2c56479-4bee-4edb-80d7-4af010b7c793,Raffine's Tower,-0.22241481537993568,0.17480085122562583,-1.272389772821253,0.20323466600922702,0.8005832012214533,0.5683462313218695,1.127716569154151,3613.8432821017145,False,-0.05084961860248197,-0.05541087677188733,-0.13504503997330908,0.18056631599401907,-0.7478971879660113,0.4545221738582278,0.8736765604328887,0.6132669115352666,1.244663160350447,3609.225544825998,False,-0.03074298329428581,-0.033324805293402815,-0.15379514124862334,0.18211492016079647,-0.8444950095952134,0.39839285083920095,0.8574476586771141,0.600051145581092,1.225256368203211,3605.7243642295316,False,-0.03480438209405776,-0.03839148427375838,152,0.7195825262322765,False,False,0.9216293679463289,False,False,0.9060129904095918,False,False,3605.7243642295316,4.617737275716536,3.5011805964663836,0.07309335921143534,0.8439024734438187,0.08661351460809695,low,-5.084961860248197,-5.541087677188733,-0.10169923720496395,-0.11082175354377466,-3.074298329428581,-3.3324805293402813,-0.06148596658857162,-0.06664961058680563,-3.480438209405776,-3.839148427375838,-0.06960876418811553,-0.07678296854751676
0845f0b0-9413-4ddd-861d-9607636bebc6,Natural Order,0.0008141518336668568,0.16335696309063175,0.004983882035167113,0.9960234539335753,1.0008144833452317,0.7266099278732391,1.3784970334844127,3615.468019536299,False,0.00018669165622735962,0.0002035379491593936,-0.1499243260810154,0.1875928773545221,-0.7992005250694095,0.42417414754452476,0.8607731120352375,0.5959453172563741,1.2432857998011273,3609.146396458878,False,-0.034103185958438094,-0.03692196318315072,-0.1546175267859279,0.18861918656978385,-0.8197338224058331,0.4123678643152212,0.856742795997785,0.5919630080439683,1.239956227872238,3605.766075940032,False,-0.03497075317602324,-0.038577867189808546,171,0.9975189846451872,False,False,0.9193975000055795,False,False,0.9060129904095918,False,False,3605.766075940032,6.321623077421009,3.3803205188460197,0.1440716873474467,0.906110130459418,0.15900019490390108,low,0.01866916562273596,0.02035379491593936,0.00037338331245471924,0.0004070758983187872,-3.4103185958438096,-3.692196318315072,-0.06820637191687619,-0.07384392636630144,-3.4970753176023237,-3.8577867189808543,-0.06994150635204648,-0.07715573437961709
0da69523-cece-425a-b08a-fb27fac29374,Figure of Destiny,0.08123651116096049,0.18290155746534179,0.44415428871541507,0.6569310384748372,1.0846273927173247,0.7578645968115647,1.5522780533384457,3615.2707283731716,False,0.018619771156141465,0.02029953890260272,-0.13851516517492668,0.1962852474474246,-0.7056830147768912,0.4803852860372462,0.8706500476087267,0.5926008258898876,1.2791603931073992,3609.2880488913233,False,-0.03151278839205811,-0.034138028543627685,-0.15549279323515636,0.19655628832295174,-0.7910853148573602,0.4288942080167413,0.8559932458487307,0.5823153623194952,1.2582948765425606,3605.813157703828,False,-0.03516556159948169,-0.03879697874552773,138,0.9187714246411036,False,False,0.9228613724240062,False,False,0.9142445210655071,False,False,3605.813157703828,5.9826794818482085,3.474891187495359,0.22863414686859396,0.9370902287249274,0.24398306572856926,low,1.8619771156141465,2.029953890260272,0.03723954231228293,0.04059907780520544,-3.1512788392058106,-3.4138028543627685,-0.06302557678411622,-0.06827605708725537,-3.516556159948169,-3.8796978745527735,-0.07033112319896338,-0.07759395749105547
d40b65c1-b24d-492d-81b9-d8474ebdc08c,Sylvan Caryatid,-0.18886307377893718,0.1609380443046959,-1.1735141594076552,0.24058968210923615,0.827899860133294,0.603927186409709,1.1349351276657624,3614.0844462464856,False,-0.04324371289600505,-0.04710151824008335,-0.16822111835328304,0.16575303502395758,-1.014890124509447,0.31015820618961365,0.845166932101349,0.6107319842669686,1.1695918365483244,3608.752540317243,False,-0.03829019541468278,-0.041399776846857306,-0.1602599531279613,0.16659158583279485,-0.9619930822245217,0.33605307889987923,0.8519223003123783,0.6146025616123589,1.1808795652682154,3605.5104823751453,False,-0.036279216487003774,-0.03999102409194072,185,0.76415865698505,False,False,0.8635797843000993,False,False,0.8790094259851743,False,False,3605.5104823751453,5.331905929242566,3.2420579420977447,0.02402244017908428,0.8416630308490071,0.028541636377746364,low,-4.3243712896005055,-4.710151824008335,-0.0864874257920101,-0.0942030364801667,-3.829019541468278,-4.13997768468573,-0.07658039082936556,-0.08279955369371461,-3.6279216487003776,-3.999102409194072,-0.07255843297400755,-0.07998204818388144
01794178-cf41-454c-ac37-1d8b18e42db2,Green Sun's Zenith,-0.049772271679912224,0.1538225782902626,-0.32356935004685816,0.7462640957162567,0.9514460710469144,0.7037975570903876,1.2862358173748965,3615.363285087229,False,-0.011413175081465816,-0.012441012414806385,-0.131857832249848,0.16562977302762513,-0.7960998185263204,0.4259740196430426,0.8764655913635865,0.6335019586817359,1.2126117722553915,3609.1513888802683,False,-0.03001683124979439,-0.03251793107699508,-0.1628214295358793,0.16612060660434336,-0.9801398686418125,0.32701708157075426,0.8497429138538561,0.6135964475416049,1.1767718384580161,3605.4768723399256,False,-0.0368376468510764,-0.04062176367491138,198,0.9264388796291327,False,False,0.9193975000055795,False,False,0.8773525197113934,False,False,3605.4768723399256,6.211896206960773,3.6745165403426654,0.10170315719305822,0.8925515254214523,0.11394653899116378,low,-1.1413175081465816,-1.2441012414806385,-0.022826350162931632,-0.02488202482961277,-3.001683124979439,-3.2517931076995077,-0.06003366249958878,-0.06503586215399015,-3.68376468510764,-4.062176367491138,-0.0736752937021528,-0.08124352734982276
b3dd3c7d-4685-4579-b483-14ddaaaddf5b,Scythecat Cub,-0.03515552021569762,0.18558471565742063,-0.18943111824247863,0.8497549371379852,0.9654552567716718,0.671056754980378,1.38900897116416,3615.432141757048,False,-0.008061544794390554,-0.0087880991159629,-0.14096621816808513,0.19019566915793845,-0.7411641852424453,0.45859389602986667,0.8685186513531864,0.598248099049293,1.2608893349550028,3609.235907525546,False,-0.03208414451996459,-0.034749561473157886,-0.16401740088549702,0.1909361752812405,-0.8590168973684881,0.3903311936179287,0.8487272531459624,0.5837676094125912,1.2339464174066141,3605.700000920141,False,-0.037105331232428214,-0.04091972873793809,138,0.9541142147195295,False,False,0.9216293679463289,False,False,0.9053129787574345,False,False,3605.700000920141,6.196234231502331,3.5359066054047616,0.11672800362570934,0.8942337204236068,0.13053411089263578,low,-0.8061544794390554,-0.87880991159629,-0.016123089588781107,-0.0175761982319258,-3.208414451996459,-3.4749561473157886,-0.06416828903992917,-0.06949912294631577,-3.7105331232428216,-4.091972873793809,-0.07421066246485643,-0.08183945747587618
1ea179e9-9c0d-46c1-9ee8-60be68e1f79c,Thirst for Discovery,-0.2918453063018259,0.2992149707306253,-0.9753700010036126,0.3293767587118842,0.7468840652954656,0.415485879785215,1.3426107459552028,3614.508766592584,False,-0.06657197131077039,-0.07247502845728693,-0.169807919417895,0.3058539774438161,-0.5551927780605302,0.5787628081618257,0.8438268837899392,0.46334576302727115,1.5367439752864014,3609.4760390723122,False,-0.03862964244117609,-0.04179869475578557,-0.16678894633943994,0.3076531383339242,-0.5421330893703044,0.5877268252245863,0.8463782237104601,0.46311072923504343,1.5468354593177651,3606.143433158774,False,-0.037733262527624566,-0.0416146352064346,54,0.811278266477493,False,False,0.9261193606096347,False,False,0.9312862544381997,False,False,3606.143433158774,5.032727520271692,3.332605913538373,0.09949415841499454,0.8123630575986217,0.12247499130389228,low,-6.657197131077039,-7.247502845728693,-0.13314394262154078,-0.14495005691457385,-3.8629642441176086,-4.179869475578557,-0.07725928488235217,-0.08359738951157114,-3.7733262527624567,-4.16146352064346,-0.07546652505524913,-0.0832292704128692
b90331d4-74f0-43bf-8ed2-f8616d782859,Basalt Monolith,-0.33109846787653774,0.2612228054151499,-1.2674944951698897,0.20497853071084338,0.718134452384373,0.430376373257037,1.1982932236695942,3613.845303318741,False,-0.07541042661315983,-0.08207863738376708,-0.1938733164587443,0.26595216472221644,-0.7289781478606969,0.46601502956183005,0.8237622547782794,0.4891238452443813,1.3873464951567702,3609.2512959151686,False,-0.0440839957239126,-0.047679107549906175,-0.16687005575954514,0.26605338476598794,-0.6272051599956855,0.530524761280129,0.8463095772475203,0.5024120446454369,1.4256025670052208,3606.043334617132,False,-0.03775451201142943,-0.041638686473625675,65,0.7195825262322765,False,False,0.9228613724240062,False,False,0.9312862544381997,False,False,3606.043334617132,4.594007403572505,3.20796129803648,0.1281751248631473,0.7960687614700576,0.16101011755121902,low,-7.541042661315983,-8.207863738376709,-0.15082085322631966,-0.16415727476753417,-4.40839957239126,-4.767910754990617,-0.0881679914478252,-0.09535821509981235,-3.775451201142943,-4.163868647362568,-0.07550902402285886,-0.08327737294725135
41e108a5-4e2f-42cf-9ea1-87bf3c0a2b7f,"Nissa, Who Shakes the World",-0.06146384066989352,0.1752435225900315,-0.35073388026833585,0.7257880054531269,0.9403869488867721,0.6670160669696562,1.325796569870036,3615.34492091223,False,-0.014092928381928735,-0.015361868210751473,-0.16583066996930346,0.19739278433759802,-0.8401050247393322,0.4008495030471051,0.8471896766984558,0.5753823358327526,1.2473972584953634,3609.078261722694,False,-0.0377271156536108,-0.04079590664436478,-0.17207340300033486,0.19776902777836822,-0.870072553489875,0.38426075578467767,0.8419173716392064,0.5713800537681123,1.2405488360913937,3605.679928150504,False,-0.03892339190663886,-0.042912348715571924,151,0.9264388796291327,False,False,0.9193975000055795,False,False,0.9053129787574345,False,False,3605.679928150504,6.266659189535858,3.3983335721900403,0.09846957724756566,0.8764979990748114,0.11234432634359161,low,-1.4092928381928735,-1.5361868210751473,-0.02818585676385747,-0.030723736421502945,-3.7727115653610803,-4.079590664436478,-0.0754542313072216,-0.08159181328872955,-3.8923391906638862,-4.291234871557192,-0.07784678381327773,-0.08582469743114385
985bdb0c-ce6c-4506-8163-76f3b2fdf5fb,Lose Focus,-0.232801483100992,0.15087389502743268,-1.5430203022110804,0.12282585006172093,0.792310845005275,0.5894800997885473,1.064932430014441,3613.084238549953,False,-0.053168210582467776,-0.057993288865585635,-0.14636899196960151,0.15579582158464347,-0.9394924105206481,0.3474779870518925,0.863838894754191,0.6365267709313601,1.1723271827173638,3608.9025970079306,False,-0.0333011081654054,-0.036093852792735526,-0.1728681304387479,0.15694797576370037,-1.1014358713298527,0.27070700052393615,0.8412485426066822,0.6184826353701192,1.1442505738489455,3605.224593784093,False,-0.03908630363560262,-0.04313436698663825,207,0.6474748842640248,False,False,0.9003802290818198,False,False,0.8369038408420719,False,False,3605.224593784093,4.181641542022589,3.6780032238375497,0.07152804974891591,0.8324660941220494,0.08592307873433828,low,-5.316821058246777,-5.7993288865585635,-0.10633642116493555,-0.11598657773117127,-3.33011081654054,-3.6093852792735523,-0.0666022163308108,-0.07218770558547105,-3.9086303635602624,-4.313436698663825,-0.07817260727120524,-0.0862687339732765
6bcafc2e-cef6-412d-8c5d-1658c3337292,Overlord of the Mistmoors,-0.04322715577448259,0.4031774582416839,-0.10721620192508423,0.9146174622420241,0.9576938196754552,0.4345453469375964,2.1106599316003636,3615.4565565523653,False,-0.009910920893957719,-0.010805155219701268,-0.19466811684987712,0.409992243798005,-0.4748092672352754,0.6349229270321195,0.823107788335526,0.3685227197051179,1.8384387040254226,3609.5610171486833,False,-0.04424192833684336,-0.04779249145603959,-0.17345270226176887,0.40657598556603547,-0.4266181683610454,0.669657462363682,0.8407569161220122,0.3789535525792639,1.865326732513329,3606.257227476279,False,-0.03922040455578847,-0.0432535175769439,29,0.9744303611469421,False,False,0.9261193606096347,False,False,0.9355465701707036,False,False,3606.257227476279,5.895539403682051,3.3037896724044913,0.1345860313399292,0.8738528413776644,0.15401452620758074,low,-0.9910920893957719,-1.0805155219701268,-0.019821841787915438,-0.021610310439402536,-4.4241928336843355,-4.779249145603959,-0.08848385667368672,-0.09558498291207917,-3.922040455578847,-4.32535175769439,-0.07844080911157694,-0.0865070351538878
dcb94950-3f3e-4876-84f8-d5e4d9cfecee,Charming Prince,-0.08459052611850981,0.1867677072703492,-0.45291837306790783,0.6506075203579018,0.9188884682052125,0.6372104938642149,1.325081782442284,3615.2624562871943,False,-0.019395237401557203,-0.02113674428165696,-0.14560460950412926,0.19052381711033034,-0.764233111180064,0.4447283380361332,0.8644994504847805,0.595096744389952,1.2558618526045264,3609.199772478466,False,-0.033148024938067976,-0.03587531777890551,-0.1752427327452815,0.19168605608680483,-0.9142174257366065,0.360602609455434,0.8392532817900714,0.5764034654317481,1.2219670998470196,3605.5996291434767,False,-0.03965011065496656,-0.04370326891256865,135,0.9187714246411036,False,False,0.9193975000055795,False,False,0.8947904410224979,False,False,3605.5996291434767,6.062683808728252,3.6001433349892977,0.07963518641514111,0.8742137334933547,0.09109349734980622,low,-1.9395237401557204,-2.1136744281656963,-0.03879047480311441,-0.04227348856331392,-3.3148024938067975,-3.5875317778905513,-0.06629604987613595,-0.07175063555781103,-3.965011065496656,-4.370326891256865,-0.07930022130993312,-0.0874065378251373
ab1d1461-1625-4163-aacd-a939f4871fad,Staff of the Storyteller,-0.2147946024709036,0.18820860792541494,-1.14125812224287,0.25376252364194907,0.8067071188106616,0.5578397891725925,1.1666008559644934,3614.1579332793617,False,-0.04913754958696586,-0.05352064622508884,-0.19213709089968312,0.19376800083276743,-0.9915831823310605,0.32140089648757897,0.8251937341855853,0.5644393324150073,1.2064090148106155,3608.798146609418,False,-0.04370285138805378,-0.04718034620628403,-0.1763888838966107,0.19428828487237698,-0.9078719492144164,0.3639458793927448,0.8382919217121129,0.572814171871225,1.2268085890964473,3605.6111089892665,False,-0.03991057974277816,-0.04397841607447045,129,0.7752566964578506,False,False,0.8787629646481133,False,False,0.8952727166473543,False,False,3605.6111089892665,5.359786669943787,3.1870376201513864,0.03158480290145127,0.8233975915694532,0.03835911499479666,low,-4.913754958696586,-5.352064622508884,-0.09827509917393172,-0.10704129245017768,-4.370285138805378,-4.718034620628403,-0.08740570277610756,-0.09436069241256806,-3.991057974277816,-4.397841607447045,-0.07982115948555632,-0.0879568321489409
187b6719-e5ed-4615-a00b-3313ceca055b,Currency Converter,-0.23345878300747827,0.17446924356812205,-1.3381085298069948,0.18086106060300444,0.7917902302796942,0.5624694258636361,1.1146059500100955,3613.6676009812163,False,-0.053376683538650646,-0.058142054131157694,-0.16810109314966304,0.1804591490679481,-0.9315188175156922,0.3515852552976896,0.8452683795224692,0.5934507650505851,1.2039391900685135,3608.915352457682,False,-0.03825473520439246,-0.04145360972653295,-0.17754706153653754,0.18059056127918827,-0.9831469611640137,0.32553511434891624,0.8373215927677626,0.5877200430978882,1.1929275816757696,3605.469103370002,False,-0.04017047713096104,-0.04430714632616867,153,0.7079420241818186,False,False,0.9054338427936639,False,False,0.8773525197113934,False,False,3605.469103370002,4.75224852353449,3.4462490876799166,0.05347814924277505,0.8247934008566421,0.06483823608097723,low,-5.337668353865064,-5.814205413115769,-0.10675336707730129,-0.11628410826231539,-3.825473520439246,-4.145360972653295,-0.07650947040878492,-0.0829072194530659,-4.017047713096104,-4.4307146326168665,-0.08034095426192207,-0.08861429265233733
e58e681e-a069-4414-aafe-634c7987fd0d,Swords to Plowshares,-0.10936241397717186,0.1443875112561013,-0.7574229448639422,0.44879651399489995,0.8964054887440964,0.6754595965424972,1.1896237826269254,3614.894278362386,False,-0.02505367413265409,-0.027319547799026678,-0.19407327734220317,0.14699619981154272,-1.3202605073533593,0.1867480562866879,0.8235975510177573,0.6174323142905529,1.0986028919167408,3608.0423189447815,False,-0.04408731421118188,-0.047680442714468474,-0.17917846844001778,0.14751977819856685,-1.214606411615107,0.22451624229724487,0.8359566941960862,0.6260548864382178,1.116233751559756,3604.9632178184793,False,-0.04049464610445098,-0.044678589390885814,225,0.8622992302965494,False,False,0.7852311682679135,False,False,0.8232975292663921,False,False,3604.9632178184793,6.851959417604576,3.0791011263022483,0.07280793772633909,0.85198657798598,0.08545667221477894,low,-2.505367413265409,-2.7319547799026678,-0.05010734826530818,-0.054639095598053355,-4.408731421118188,-4.768044271446847,-0.08817462842236376,-0.09536088542893695,-4.0494646104450975,-4.467858939088582,-0.08098929220890196,-0.08935717878177163
41ff849e-2439-4690-8aa4-769039b6da4c,Talisman of Progress,-0.2639160112817789,0.29367436161069344,-0.8986688856129585,0.36882905478282446,0.7680380434786884,0.4319187617015472,1.3657254292606449,3614.6517542204037,False,-0.06027289124817788,-0.06561970924069171,-0.16976151490557898,0.30089714398897344,-0.5641845338080045,0.5726285523575929,0.8438660420735141,0.4678909995556158,1.5219568182357672,3609.4652974331443,False,-0.038623646945794655,-0.04179587437296656,-0.18142734141093952,0.30330738878505326,-0.5981632763305769,0.5497309925805793,0.8340788460939913,0.46028481252745435,1.5114283647149205,3606.078410669292,False,-0.041037264882656924,-0.04525003099957492,54,0.8163823608917753,False,False,0.9261193606096347,False,False,0.9312862544381997,False,False,3606.078410669292,5.186456787259431,3.3868867638520896,0.0758279985948257,0.8153276438820646,0.09300310024296693,low,-6.027289124817789,-6.561970924069172,-0.12054578249635577,-0.13123941848138343,-3.8623646945794654,-4.1795874372966555,-0.07724729389158931,-0.08359174874593311,-4.103726488265693,-4.525003099957492,-0.08207452976531385,-0.09050006199914984
fa7b7897-36e0-415a-8bb7-602886164852,Show and Tell,-0.3774011092560907,0.20452414258531584,-1.845264351120115,0.06499909354074354,0.6856410017805529,0.45920046161262573,1.0237437080784384,3612.038074822646,False,-0.0857524968232496,-0.09337092114617157,-0.2338452099577441,0.21812206360277042,-1.0720841628548299,0.2836822315310237,0.7914843203054929,0.5161465952026514,1.213700594195511,3608.631626264312,False,-0.05311774888236776,-0.05751410853635036,-0.18206573542799237,0.21920911004758345,-0.8305573403791092,0.40622374244631876,0.8335465450758653,0.5424195003002266,1.2809271097800563,3605.7467814271986,False,-0.04118037721783808,-0.045437440298374876,110,0.5161237546628089,False,False,0.8566390332277293,False,False,0.9060129904095918,False,False,3605.7467814271986,3.4064485583339774,2.884844837113633,0.14790554329531247,0.7702239557206371,0.19202926914539947,low,-8.57524968232496,-9.337092114617157,-0.1715049936464992,-0.18674184229234314,-5.311774888236776,-5.751410853635036,-0.10623549776473552,-0.11502821707270072,-4.118037721783808,-4.543744029837487,-0.08236075443567616,-0.09087488059674975
c565f8fe-acf7-40dd-8100-8f692d1e232c,Talon Gates of Madara,-0.12292996680657567,0.40647739336778027,-0.30242756131667275,0.7623261469228949,0.8843255925374908,0.3986682515022717,1.9616103130106615,3615.3763699866267,False,-0.02816228301117958,-0.030694952990677926,-0.12506213513664968,0.41195316292870005,-0.3035833837214527,0.7614453123406404,0.8824420702224862,0.39357236211354796,1.9785535831753516,3609.693559769959,False,-0.028467608263256394,-0.030848646106707067,-0.18297835748217664,0.41772151262891977,-0.43803910488259745,0.6613579363094904,0.8327861791317793,0.36724997858686176,1.8884489056243037,3606.246519884417,False,-0.04137143252248816,-0.045619833215417016,26,0.9264388796291327,False,False,0.9456496504519618,False,False,0.9355465701707036,False,False,3606.246519884417,5.682810216667804,3.447039885541926,0.05153941340571144,0.8665179472972521,0.05947876044168218,low,-2.8162283011179583,-3.0694952990677926,-0.05632456602235916,-0.06138990598135585,-2.8467608263256396,-3.0848646106707065,-0.05693521652651279,-0.061697292213414134,-4.137143252248816,-4.561983321541701,-0.08274286504497631,-0.09123966643083403
d9482aab-6ddf-48e1-84fa-b13d5ff81e69,Icetill Explorer,-0.08195568602384613,0.22024334162256018,-0.372114250628729,0.7098077865397274,0.9213127848245349,0.5983181544816117,1.4186720578728933,3615.3291996329117,False,-0.01878996413786028,-0.020478582207935636,-0.18422711159307842,0.2309674338522679,-0.7976324130219775,0.4250838356853348,0.8317468830147909,0.5289172524528537,1.3079605064810886,3609.147062712952,False,-0.04190396784212773,-0.04526386757613904,-0.1835513946713183,0.23208967409721132,-0.7908641148525951,0.4290232909947582,0.8323090983860933,0.5281118630375637,1.311726707428646,3605.8107712511437,False,-0.04151791012397906,-0.045760730981368014,92,0.9264388796291327,False,False,0.9193975000055795,False,False,0.9142445210655071,False,False,3605.8107712511437,6.182136919959703,3.336291461808287,0.089565901809744,0.8617895887418064,0.10393012746940725,low,-1.8789964137860282,-2.0478582207935636,-0.03757992827572056,-0.04095716441587127,-4.190396784212773,-4.526386757613904,-0.08380793568425546,-0.09052773515227808,-4.151791012397906,-4.576073098136801,-0.08303582024795812,-0.09152146196273603
8ff57c8b-173e-4a72-a0a0-1ad2d5cc6e5e,Spectacular Spider-Man,-0.1308100826162627,0.21924409992735128,-0.5966412900488904,0.5507468978310079,0.8773843891167393,0.5709072490704966,1.348386042599885,3615.1116516307666,False,-0.02996343164265254,-0.03266053546580133,-0.1999000228787903,0.22487205004951566,-0.888950062201031,0.3740299186029169,0.8188126115136376,0.5269501953015915,1.272329147520402,3608.9943509330606,False,-0.04542992372867101,-0.049071625536648955,-0.1839593446442914,0.22638511916095147,-0.8125946852253265,0.4164504797448072,0.8319696271602481,0.5338319562593249,1.2966130116439085,3605.7775010512764,False,-0.0415912764215804,-0.045865412201564315,94,0.883048511666544,False,False,0.9138386655976029,False,False,0.9060129904095918,False,False,3605.7775010512764,6.117300697706014,3.2168498817841282,0.05857177760310173,0.8427222092635417,0.06950306632394064,low,-2.9963431642652543,-3.2660535465801335,-0.05992686328530508,-0.06532107093160266,-4.542992372867101,-4.907162553664896,-0.09085984745734202,-0.09814325107329791,-4.15912764215804,-4.586541220156431,-0.0831825528431608,-0.09173082440312863
74d29b3d-f588-431d-bf4e-f7215683ab39,Tangle Wire,-0.11304271467300514,0.17536188812557207,-0.6446253281217992,0.5191700171664253,0.8931125102924088,0.6333373785074244,1.2594392548259445,3615.05083281542,False,-0.025920116841589798,-0.028235294933717514,-0.20501039325920806,0.18301364765660105,-1.1201918320533164,0.2626320238832325,0.8146388496146908,0.569089739621798,1.166136742761488,3608.522558608077,False,-0.04664060569304918,-0.05034145093698472,-0.18399882610749208,0.18376604483497683,-1.0012667262481723,0.3166978747918435,0.8319367804304522,0.5803172896005867,1.1926558436839765,3605.4302971098828,False,-0.041645144044958164,-0.04587940902914084,156,0.8632715278190844,False,False,0.8462587436237491,False,False,0.8728821590337175,False,False,3605.4302971098828,6.528274207343202,3.092261498194148,0.078473660677718,0.8465627134458505,0.09269680725518686,low,-2.59201168415898,-2.823529493371751,-0.051840233683179596,-0.05647058986743503,-4.664060569304918,-5.034145093698472,-0.09328121138609836,-0.10068290187396944,-4.164514404495816,-4.587940902914084,-0.08329028808991633,-0.09175881805828168
e16ab44e-4257-4c0c-b705-8ac1e9c1d835,Touch the Spirit Realm,-0.10958631593741866,0.27108965883929204,-0.4042438077742532,0.6860334422843362,0.8962048042656531,0.5268064595824887,1.524626428888868,3615.3043663205235,False,-0.02511121769391845,-0.02737095323284966,-0.22249664193051744,0.277525488050081,-0.8017160639687505,0.42271722135504075,0.8005176949397568,0.4646612662589208,1.3791306193242627,3609.1416690092155,False,-0.05053618766418097,-0.05453153936189947,-0.18715275731500847,0.27999158554327214,-0.668422791891667,0.5038637507925992,0.8293170424642411,0.47905672490579926,1.4356687239008634,3605.9910276029386,False,-0.04231208599930907,-0.04665629067122867,60,0.9254734283166913,False,False,0.9193975000055795,False,False,0.9312862544381997,False,False,3605.9910276029386,6.162697311307966,3.150641406276918,0.0956871093258963,0.8420131805565503,0.11364086873634145,low,-2.511121769391845,-2.737095323284966,-0.0502224353878369,-0.05474190646569932,-5.053618766418097,-5.453153936189947,-0.10107237532836194,-0.10906307872379895,-4.231208599930907,-4.665629067122867,-0.08462417199861814,-0.09331258134245735
ff84ea71-e477-44f7-a3f8-77fef708efeb,Thieving Skydiver,-0.21162723866507613,0.1693856627360617,-1.2493810588611365,0.21152573287104415,0.8092663045372872,0.5806406955430454,1.1279125915329262,3613.9095204521013,False,-0.048341788389883684,-0.052742714593896345,-0.1912474957828799,0.18403580542566744,-1.0391863438776607,0.2987180803661784,0.8259281491194694,0.5758214353525397,1.1846681377713388,3608.706630711999,False,-0.04344353090373069,-0.046994907827401455,-0.19118788276295262,0.1854566651562246,-1.0309032711329094,0.30258618248604463,0.825977386658266,0.5742543016905756,1.1880427212514433,3605.3764720597337,False,-0.043189223340955755,-0.04766383785727252,162,0.7348315824218045,False,False,0.8585974814893607,False,False,0.8559801591695092,False,False,3605.3764720597337,5.202889740102364,3.330158652265254,0.016711082120978826,0.8203906134383409,0.020369665190269517,low,-4.834178838988368,-5.2742714593896345,-0.09668357677976737,-0.10548542918779269,-4.344353090373069,-4.6994907827401455,-0.08688706180746138,-0.09398981565480291,-4.318922334095576,-4.7663837857272515,-0.08637844668191151,-0.09532767571454503
a178cfe8-f9fa-4255-88d0-54a0bed079f5,Malevolent Rumble,-0.08769582977179094,0.20434423605124455,-0.42915734481396856,0.6678087224872983,0.9160394662853609,0.6137236507076473,1.367273858233785,3615.2840074674423,False,-0.020096176460830926,-0.021911502974580832,-0.16588521680014306,0.21077129869921699,-0.7870389271400325,0.4312590789244446,0.8471434664467947,0.5604602475096804,1.2804691428736812,3609.1673330800413,False,-0.03771546824800981,-0.04080842267010876,-0.19132055280949534,0.211237919214405,-0.9057112166272872,0.3650887240301055,0.8258678114687683,0.5458850402110935,1.2494528916866114,3605.619821667541,False,-0.043226542183694254,-0.047688804734365764,105,0.9222120453396023,False,False,0.9193975000055795,False,False,0.8952727166473543,False,False,3605.619821667541,6.116674387400963,3.547511412500171,0.09017165481659262,0.8630169147336413,0.10448422652807784,low,-2.009617646083093,-2.1911502974580834,-0.04019235292166185,-0.043823005949161664,-3.771546824800981,-4.080842267010876,-0.07543093649601962,-0.08161684534021751,-4.322654218369426,-4.768880473436576,-0.08645308436738851,-0.09537760946873153
a6d9b8d6-1e97-4e9c-b0c4-3b71734134a4,"Scarlet Spider, Ben Reilly",-0.07149668070441224,0.3726143204611276,-0.19187851024064714,0.8478373710012347,0.9309993678518269,0.44851159328060103,1.9325249022007618,3615.4312850991832,False,-0.016388262634889343,-0.017866817953346936,-0.20917975593190352,0.3779731970874966,-0.5534248394959094,0.5799725338676225,0.8112493956448814,0.3867382303345194,1.7017339645085574,3609.4813221723243,False,-0.047515709243813854,-0.051299356463942125,-0.19178196491551552,0.3786229477500949,-0.5065249374216448,0.6124881879354729,0.82548683396316,0.3930246515437406,1.7338060357536733,3606.1835613978556,False,-0.043341036966499664,-0.04779740223104062,30,0.9541142147195295,False,False,0.9261193606096347,False,False,0.9312862544381997,False,False,3606.1835613978556,5.949962926858916,3.2977607744687703,0.1197499722069455,0.855911865819956,0.13990923246779163,low,-1.6388262634889343,-1.7866817953346936,-0.032776525269778686,-0.03573363590669387,-4.751570924381386,-5.1299356463942125,-0.09503141848762771,-0.10259871292788425,-4.334103696649967,-4.779740223104062,-0.08668207393299933,-0.09559480446208124
f231caf8-56c0-4719-a90d-5e5efbee3148,Den of the Bugbear,0.08289931447311516,0.18816033545812166,0.44057805419658086,0.659518493405681,1.086432415021027,0.7513415454708717,1.5709704854251008,3615.273776168306,False,0.019002545689282495,0.02071454789347449,-0.1675005861880739,0.2034046427903646,-0.8234845768034185,0.41023248432785486,0.8457761215048232,0.5676934616938435,1.2600766011526165,3609.1088934170953,False,-0.03807438346630955,-0.041201849685971736,-0.19389221641934815,0.20433823456876682,-0.94887878829205,0.3426822639950525,0.8237466858512436,0.5518962759914557,1.2295038614491622,3605.540143311997,False,-0.04379600649600509,-0.0483260079776231,126,0.9187714246411036,False,False,0.9193975000055795,False,False,0.8859266282352715,False,False,3605.540143311997,6.1648827512108255,3.5687501050983883,0.2626857291697834,0.9186517407923646,0.28594702160277746,low,1.9002545689282495,2.071454789347449,0.03800509137856499,0.04142909578694898,-3.807438346630955,-4.120184968597174,-0.0761487669326191,-0.08240369937194347,-4.379600649600509,-4.83260079776231,-0.08759201299201018,-0.0966520159552462
15c34f32-49d9-4a0d-83b2-28172f54fdd1,Crop Rotation,-0.2159020742059377,0.2178612484147404,-0.9910072386757235,0.3216820456583309,0.8058142080061295,0.5257601698385962,1.23504322897622,3614.4751402718557,False,-0.049415356999829164,-0.05378796722390189,-0.18490718823453478,0.22230280638932404,-0.831780719451209,0.40553272871844315,0.8311814236876824,0.5376106451313716,1.2850611596700474,3609.088036247981,False,-0.042082505084295264,-0.045496199436913076,-0.194560295071036,0.2227118627653731,-0.8735964607148261,0.382338054338349,0.8231965420661489,0.5320192819176616,1.273736817257955,3605.6687452460355,False,-0.04402358931565499,-0.04851518330818139,103,0.811278266477493,False,False,0.9193975000055795,False,False,0.9053129787574345,False,False,3605.6687452460355,5.387104023874599,3.4192910019455667,0.02536721568155298,0.8200640579199869,0.03093321239549806,low,-4.941535699982916,-5.378796722390189,-0.09883071399965833,-0.10757593444780378,-4.2082505084295265,-4.549619943691308,-0.08416501016859053,-0.09099239887382615,-4.402358931565499,-4.851518330818139,-0.08804717863130998,-0.09703036661636277
d5806e68-1054-458e-866d-1f2470f682b2,The One Ring,-0.22120337511119414,0.15385081264413666,-1.4377783991485749,0.15049694015677398,0.8015536476501477,0.592887288582669,1.0836600184111924,3613.395931820531,False,-0.05056274396238103,-0.055121221641801665,-0.19579256053316157,0.15571817900791354,-1.257351978944035,0.2086262097778917,0.8221827701451645,0.6059243162501261,1.115625317212933,3608.202060979056,False,-0.04450557989373728,-0.0481358816475857,-0.19614802183368213,0.15636039511002,-1.254461027011772,0.2096744828453323,0.8218905679247904,0.6049470192646301,1.1166334970372667,3604.862084031607,False,-0.044338258845900244,-0.048899090054586314,198,0.6488138646109055,False,False,0.8137642217652268,False,False,0.8232975292663921,False,False,3604.862084031607,5.193870841475018,3.3399769474490313,0.020629122495016805,0.8152089952400342,0.025305317551044273,low,-5.056274396238103,-5.512122164180166,-0.10112548792476206,-0.11024244328360333,-4.450557989373729,-4.81358816475857,-0.08901115978747456,-0.0962717632951714,-4.433825884590024,-4.889909005458631,-0.08867651769180049,-0.09779818010917263
5bb3cb5c-8d66-4f5e-a9a9-917e6045f024,Flickerwisp,-0.22040380285622138,0.18992349565977562,-1.1604872903721584,0.24585046541740996,0.8021948039989363,0.552858131180971,1.1639812589683063,3614.1124325931933,False,-0.05041905591502996,-0.05490818677497494,-0.22612444595166115,0.19693811089733204,-1.148200543416122,0.2508857850074644,0.7976188350541472,0.5421984810869188,1.1733633129288452,3608.460717638791,False,-0.05139707255909326,-0.05538510797232654,-0.19684378230138969,0.19857814195710405,-0.9912661099624499,0.32155565675731457,0.8213189278441917,0.5565173451116155,1.2121181615639334,3605.45208280591,False,-0.044524162497873505,-0.049052673374852696,129,0.7680833957945186,False,False,0.8273558002976363,False,False,0.8773525197113934,False,False,3605.45208280591,5.6517149544024505,3.0086348328809436,0.02370009279004448,0.8070441889657584,0.02936653669536556,low,-5.041905591502996,-5.4908186774974945,-0.10083811183005992,-0.10981637354994989,-5.139707255909326,-5.538510797232654,-0.10279414511818652,-0.11077021594465308,-4.45241624978735,-4.905267337485269,-0.08904832499574701,-0.09810534674970539
70496f16-c4c0-4c03-beef-454eb4824cd1,Deathrite Shaman,-0.3333768000417134,0.22746986499092367,-1.4655866615782953,0.14276092724183512,0.7165001659931485,0.4587647463839065,1.1190321224870352,3613.3074258640117,False,-0.07590134744625782,-0.08265044632904267,-0.22583808187940363,0.23375319400158381,-0.9661390204485225,0.33397462139399137,0.7978472771391044,0.5045974268758988,1.2615210536831356,3608.8490414848266,False,-0.051302610999885645,-0.05534194739213699,-0.1981192709036113,0.235248601340457,-0.8421698142931303,0.39969290748887254,0.8202720127190254,0.5172616035091793,1.3007850771938858,3605.7272851038424,False,-0.04478807882645754,-0.04938167036178576,85,0.6488138646109055,False,False,0.8839725098007629,False,False,0.9060129904095918,False,False,3605.7272851038424,4.4583843791851905,3.121756380984152,0.10377184672587692,0.7782064852837595,0.13334744529665327,low,-7.590134744625781,-8.265044632904267,-0.15180269489251563,-0.16530089265808534,-5.130261099988564,-5.534194739213699,-0.10260522199977129,-0.11068389478427398,-4.4788078826457545,-4.938167036178576,-0.08957615765291509,-0.09876334072357151
31276460-fa9d-47da-85c5-c4baa8074d0d,Rot-Curse Rakshasa,-0.07987940559070855,0.30005555279787505,-0.26621538860344746,0.7900733321391151,0.9232276757698512,0.5127390236552153,1.6623453686656642,3615.397166408976,False,-0.018309054009443926,-0.0199597950551077,-0.2139753140524322,0.30258716525583157,-0.7071526443347993,0.47947162360425266,0.8073683154285826,0.4461740493297813,1.4609625946133613,3609.2863260095082,False,-0.04860339731808631,-0.052456760542392955,-0.1990720750573585,0.3053797485862085,-0.6518836824608905,0.5144762121815472,0.8194908263560089,0.4504012700713871,1.4910375682893027,3606.0141712201967,False,-0.04498498375849601,-0.04960107123730795,48,0.9339980369312991,False,False,0.9228613724240062,False,False,0.9312862544381997,False,False,3606.0141712201967,6.110840399467634,3.272154789311571,0.11585936034126865,0.8500289391848143,0.1363004893131978,low,-1.8309054009443926,-1.9959795055107699,-0.03661810801888785,-0.0399195901102154,-4.86033973180863,-5.245676054239295,-0.09720679463617261,-0.10491352108478591,-4.498498375849601,-4.960107123730795,-0.08996996751699202,-0.0992021424746159
b83cfbaa-7890-4f6f-878b-4edb45677371,Skyclave Apparition,-0.059445504134957874,0.15234228499310723,-0.39021013855508013,0.6963811652137206,0.9422868829308572,0.6990476412882427,1.270163172437393,3615.315899999353,False,-0.013624022143539657,-0.014857894855146714,-0.19667966444134588,0.15826828457908595,-1.2426978972092537,0.2139791791046015,0.821453732010626,0.6023687364200241,1.120221208432148,3608.244553747481,False,-0.04464142351703067,-0.04827690824231767,-0.19926716357330068,0.1593756984783871,-1.2502982918711616,0.2111906021726052,0.8193309687005703,0.5995094553427797,1.1197542095278312,3604.878295832239,False,-0.04497417491404837,-0.0496629141325548,201,0.9254734283166913,False,False,0.8202535199009725,False,False,0.8232975292663921,False,False,3604.878295832239,7.071346251872001,3.366257915241931,0.12295591423028684,0.8610238612140177,0.1428019823479952,low,-1.3624022143539658,-1.4857894855146714,-0.027248044287079314,-0.029715789710293428,-4.4641423517030665,-4.827690824231768,-0.08928284703406134,-0.09655381648463535,-4.497417491404837,-4.9662914132554805,-0.08994834982809674,-0.0993258282651096
86ecaedc-08f1-4de7-aae8-056df57940e0,Goblin Cratermaker,-0.07751183922162144,0.28545962347059944,-0.2715334598961407,0.7859807687273113,0.9254160681258575,0.528869959167207,1.6192920098809485,3615.394093146431,False,-0.017770147811384383,-0.019368828119757875,-0.19558166746934816,0.29195788752557206,-0.6698968441200874,0.5029235516829722,0.8223561810735133,0.4640239428954136,1.457402573518146,3609.3341362479896,False,-0.044469267735707814,-0.048032142687233215,-0.20488134007305714,0.2936034597279882,-0.6978165048288991,0.48529195590631047,0.8147439881378807,0.4582482912450297,1.4485766316843172,3605.9486018685584,False,-0.04631271685279094,-0.051050541855248155,54,0.932615257517962,False,False,0.9261193606096347,False,False,0.9312862544381997,False,False,3605.9486018685584,6.059956898441214,3.385534379431192,0.11067207998797679,0.8541720791124172,0.12956649215574662,low,-1.7770147811384382,-1.9368828119757875,-0.03554029562276877,-0.03873765623951575,-4.446926773570781,-4.8032142687233215,-0.08893853547141563,-0.09606428537446643,-4.631271685279094,-5.105054185524816,-0.09262543370558188,-0.10210108371049631
2b74bb81-fb9a-40e5-a941-e517430b52f5,Indatha Triome,-0.13665352744361564,0.19603353761642464,-0.697092594997715,0.4857448480725889,0.8722723922285557,0.5939980388811618,1.2809118489301083,3614.981806437797,False,-0.031296537559441465,-0.03411682556136253,-0.17182221253671517,0.1956292180157677,-0.8783054713374479,0.3797779674159599,0.8421288798174246,0.5739256160358621,1.2356671847493155,3609.014107680397,False,-0.03907190983051326,-0.04229234635269735,-0.20503376365576487,0.19658330300729007,-1.0429866652925321,0.2969544687011251,0.8146198114041908,0.5541404871052082,1.1975400689432179,3605.3503755309966,False,-0.046323958826816725,-0.05110565766514302,118,0.8622992302965494,False,False,0.9146018098042583,False,False,0.8537440975157347,False,False,3605.3503755309966,5.96769875739983,3.6637321494004027,0.05765258082436486,0.8430070278167237,0.06838920545381146,low,-3.1296537559441466,-3.411682556136253,-0.06259307511888293,-0.06823365112272506,-3.9071909830513256,-4.229234635269735,-0.07814381966102651,-0.0845846927053947,-4.6323958826816725,-5.110565766514302,-0.09264791765363345,-0.10221131533028605
f9246b68-580f-4f53-883d-7900880e4b0d,Six,-0.036356339564514784,0.19290407412540223,-0.18846848999612323,0.8505094142150612,0.9642966152177482,0.6607046745324595,1.4073881992410857,3615.4324920915215,False,-0.008337279611791202,-0.009088211368650345,-0.20329022063849744,0.20447570953943678,-0.9942022996100146,0.32012438878688365,0.8160413750066161,0.5465865506091562,1.2183313419997885,3608.794574993976,False,-0.04621797227127699,-0.04989015962147608,-0.20700204288955365,0.20532008592140127,-1.008191877383084,0.3133623565648258,0.8130179890799176,0.5436609874095696,1.2158279992041932,3605.4192334266572,False,-0.04679632321685617,-0.05157376136612968,124,0.9541142147195295,False,False,0.8787629646481133,False,False,0.8708862159530784,False,False,3605.4192334266572,6.637917097545596,3.375341567318628,0.1512786261378306,0.8644519931014273,0.17499945323173186,low,-0.8337279611791202,-0.9088211368650345,-0.016674559223582405,-0.01817642273730069,-4.621797227127699,-4.989015962147608,-0.09243594454255398,-0.09978031924295216,-4.6796323216856175,-5.157376136612967,-0.09359264643371235,-0.10314752273225936
3f3c77ad-fce8-4506-90e1-7ef71552a71c,Wheel of Fortune,-0.25407319879261453,0.16855804828245666,-1.5073335351324082,0.13172518587019566,0.7756350244211774,0.5574140413660462,1.079286932985191,3613.185692574767,False,-0.05803263680811975,-0.0632352937532425,-0.20898679843763057,0.17148052747103865,-1.2187202915673698,0.2229503736111541,0.8114059473989268,0.5797903929175061,1.1355476384515149,3608.294259214323,False,-0.04750277921401125,-0.05142459885130296,-0.21039097711600796,0.17252512927243216,-1.2194801882094657,0.22266199091954209,0.8102673880255552,0.5777926391406908,1.13627830405415,3604.9453624636535,False,-0.04755319286257484,-0.052463807783587446,165,0.6488138646109055,False,False,0.8203114330813042,False,False,0.8232975292663921,False,False,3604.9453624636535,4.891433360443898,3.34889675066961,0.03577092297774942,0.7991027866152197,0.04476385713690881,low,-5.803263680811975,-6.32352937532425,-0.1160652736162395,-0.126470587506485,-4.750277921401125,-5.142459885130296,-0.0950055584280225,-0.10284919770260592,-4.755319286257484,-5.246380778358745,-0.09510638572514968,-0.10492761556717489
9a9a1df5-a4e8-49a4-aebe-ca93894ccfcf,Dimir Signet,-0.2941462006329003,0.2834558414667291,-1.0377143724075484,0.29940305170664494,0.7451675395131685,0.42753477456251243,1.2987824499476346,3614.3869449829845,False,-0.06706933117541103,-0.0730417268559711,-0.1941403259481833,0.28699141933268657,-0.6764673536219273,0.49874396662227827,0.8235423318012793,0.46923878302968797,1.4453664036243536,3609.326786663738,False,-0.04413256049929667,-0.04772975255941292,-0.21286869432751582,0.28893988187769376,-0.7367231305840349,0.4612907375837908,0.8082622596686453,0.4587770747584764,1.4239767336861562,3605.8941083458353,False,-0.04809646918522116,-0.05304606337003903,54,0.7960042095188636,False,False,0.9261193606096347,False,False,0.9304433027212582,False,False,3605.8941083458353,5.060158319246511,3.432678317902628,0.07837479228811084,0.792324043661031,0.09891759932712686,low,-6.706933117541103,-7.30417268559711,-0.13413866235082206,-0.1460834537119422,-4.413256049929667,-4.772975255941292,-0.08826512099859334,-0.09545950511882584,-4.809646918522116,-5.304606337003904,-0.09619293837044232,-0.10609212674007806
c3896705-bbd2-4ffb-a590-ee78e0eabdc5,Long Goodbye,-0.253452489034114,0.17584902653454393,-1.441307319289172,0.14949788041750117,0.7761166180993558,0.5498462523359996,1.095500791959374,3613.3805544682396,False,-0.05789694649754326,-0.06307762620387097,-0.19196402430925474,0.17836088426462116,-1.076267507310917,0.2818076359745595,0.8253365600104364,0.581844902411287,1.1707251098478417,3608.6241956100034,False,-0.04365328663852738,-0.04726520418949337,-0.21754598496643754,0.17940647341975574,-1.2125871537391357,0.22528770280916377,0.8044906095955384,0.5659878469274205,1.143496533434216,3604.963785578143,False,-0.04916014989979509,-0.054237454142379515,152,0.6488138646109055,False,False,0.8566390332277293,False,False,0.8232975292663921,False,False,3604.963785578143,4.756358858236126,3.660410031860465,0.04921994191108059,0.8019812625684436,0.061372932521450284,low,-5.789694649754326,-6.307762620387098,-0.11579389299508652,-0.12615525240774195,-4.365328663852738,-4.726520418949337,-0.08730657327705477,-0.09453040837898674,-4.91601498997951,-5.423745414237952,-0.09832029979959019,-0.10847490828475903
4c6cf93a-d073-48ac-88db-c46bf3e10beb,Generous Plunderer,-0.1001961788622248,0.21524398296652883,-0.4655004868489432,0.6415730883520423,0.9046599254715048,0.5932885614292035,1.379446080643455,3615.251554033979,False,-0.022956697623919525,-0.025030239776291707,-0.22244711744959794,0.21944414925195666,-1.0136844304479196,0.31073335567020066,0.8005573411447863,0.5207122724343262,1.2307988315017888,3608.761025328782,False,-0.05049360586565401,-0.05452094904234439,-0.22112391081636282,0.21999238433347873,-1.0051434802450654,0.31482776598147233,0.8016173450763296,0.5208417719067505,1.2337535170705745,3605.4310362029423,False,-0.049915936128438254,-0.05506684511964849,97,0.9187714246411036,False,False,0.8635797843000993,False,False,0.8713282983802574,False,False,3605.4310362029423,6.4905287051969935,3.329989125839802,0.10410258432671848,0.8356115372308736,0.12458251195490097,low,-2.2956697623919524,-2.5030239776291707,-0.04591339524783905,-0.050060479552583415,-5.049360586565401,-5.452094904234439,-0.10098721173130802,-0.10904189808468878,-4.991593612843825,-5.506684511964849,-0.09983187225687651,-0.11013369023929698
0c3bc412-689f-4385-807b-ed60d6276d76,Grim Monolith,-0.26942613933618603,0.1808337137699992,-1.4899110001073512,0.13624763883740407,0.7638176935208271,0.5358718574981426,1.0887257107684523,3613.2366200565493,False,-0.06150869224125372,-0.06701051385109597,-0.1996706587577048,0.18340917143547172,-1.0886623454812034,0.27630281253158007,0.8190004392882639,0.5716932916778175,1.173289470628217,3608.5960536452903,False,-0.04539756133684606,-0.04910517346710713,-0.22170280728128106,0.18433286539808869,-1.2027307599352266,0.22908052653001998,0.8011534259225827,0.5582238548620482,1.1498018335782307,3604.986405045024,False,-0.05009505070177919,-0.055245382979079494,137,0.6488138646109055,False,False,0.8566390332277293,False,False,0.8232975292663921,False,False,3604.986405045024,4.6405664112589875,3.609648600266155,0.05518274576743687,0.7946571862438913,0.06944220315714923,low,-6.150869224125373,-6.701051385109596,-0.12301738448250744,-0.13402102770219193,-4.539756133684606,-4.910517346710713,-0.09079512267369212,-0.09821034693421427,-5.009505070177919,-5.52453829790795,-0.10019010140355838,-0.11049076595815899
33ca68a6-474e-4d86-bffa-ee4bddb4a3cf,Fellwar Stone,-0.34665276465267925,0.2701581763381119,-1.2831474114588035,0.1994404360393297,0.7070507986669302,0.4163775782823075,1.2006430172294085,3613.8040507895153,False,-0.0788984626618009,-0.08586139674759674,-0.20868033572252892,0.27467827550471213,-0.7597263938660085,0.4474181485253379,0.8116546511758872,0.4737622072137027,1.3905357218126304,3609.2048022303566,False,-0.04743330057652556,-0.05126867359388182,-0.22513729989879575,0.27651787229095914,-0.8141871555481252,0.4155377425706376,0.7984065900895294,0.46435202975771056,1.3727797925875334,3605.7712235209556,False,-0.05086637296137716,-0.05608496135421098,61,0.7195825262322765,False,False,0.9193975000055795,False,False,0.9060129904095918,False,False,3605.7712235209556,4.599248559158696,3.43357870940099,0.10460385250895698,0.772370679977449,0.13543218977707844,low,-7.88984626618009,-8.586139674759675,-0.1577969253236018,-0.17172279349519348,-4.743330057652556,-5.126867359388182,-0.09486660115305112,-0.10253734718776364,-5.086637296137716,-5.608496135421098,-0.10173274592275432,-0.11216992270842197
6cc73d16-5ed7-4104-91f6-0997a2080e2e,Embereth Shieldbreaker // Battle Display,-0.09321282649561662,0.213070055335986,-0.43747501894919555,0.661766889057197,0.9109995948114882,0.5999972932932102,1.3832066761359962,3615.2762575030656,False,-0.021367284148788055,-0.02328810556046418,-0.2089055518925054,0.2141260880742542,-0.9756193361177997,0.3292531388094766,0.8114718740069653,0.5333418533503627,1.2346426558648558,3608.8309214834526,False,-0.04748236848393587,-0.051255470959288396,-0.22698741884432658,0.21564464998148922,-1.0525993520535335,0.29252465427345176,0.7969308085376318,0.5222280376231747,1.2161329301409762,3605.3272193647745,False,-0.05127810162731849,-0.05652397045217533,106,0.9187714246411036,False,False,0.8801221079753435,False,False,0.84832149739301,False,False,3605.3272193647745,6.445336019613023,3.5037021186781203,0.11406878627385642,0.839800759118695,0.13582839147890585,low,-2.1367284148788057,-2.3288105560464176,-0.04273456829757611,-0.04657621112092836,-4.748236848393587,-5.125547095928839,-0.09496473696787174,-0.10251094191857679,-5.127810162731849,-5.652397045217533,-0.10255620325463698,-0.11304794090435066
6bbf7394-9b17-45f8-a25b-d865e8452b2c,Steamcore Scholar,-0.28542906498094095,0.2137886874107407,-1.335099010325843,0.18184394334707443,0.7516916605494797,0.49437799006528765,1.1429318535499826,3613.673810973738,False,-0.06513064099744156,-0.07092647801503549,-0.20049993584283177,0.21980373518333612,-0.9121771096182545,0.361675491738643,0.8183215425269235,0.5318917664813442,1.2589970162418955,3608.9511486868687,False,-0.04558708996014062,-0.04925641684456067,-0.2276004665973699,0.22253785300395929,-1.022749449251317,0.3064263245849571,0.796442401619805,0.5149040746489071,1.2319197503543569,3605.3893972545457,False,-0.051422232261659796,-0.056700147296979586,103,0.7079420241818186,False,False,0.9087451152849259,False,False,0.8611455356772829,False,False,3605.3893972545457,4.7226622868693084,3.5617514323230353,0.0666298819774438,0.788818534898736,0.0844679467198338,low,-6.513064099744156,-7.092647801503549,-0.13026128199488313,-0.14185295603007098,-4.558708996014062,-4.925641684456067,-0.09117417992028123,-0.09851283368912134,-5.14222322616598,-5.670014729697959,-0.10284446452331959,-0.11340029459395917
522aa72b-2b8c-484c-872b-f082101cee35,Get Lost,-0.20381635402503867,0.1586294746625971,-1.284858028172592,0.1988419001611632,0.8156121413214139,0.5976618672321782,1.1130426777127438,3613.8117537001444,False,-0.04663017469722813,-0.05081140182237803,-0.25137938670854565,0.1618430905678473,-1.5532290308257755,0.1203684280894763,0.7777272561971993,0.5663223475681471,1.0680484138218467,3607.363394168432,False,-0.0570692318140292,-0.061497508569241965,-0.2277272026580725,0.16262688256821187,-1.4003047900924688,0.16142206704291817,0.7963414700432174,0.5789866304175192,1.0952925397487796,3604.470096910873,False,-0.05145283984749167,-0.05670145107755015,192,0.7195825262322765,False,False,0.7803239175511554,False,False,0.7783695672186082,False,False,3604.470096910873,6.448359531712413,2.89329725755897,0.03788488512421462,0.7965602891872768,0.047560599791973336,low,-4.6630174697228135,-5.081140182237803,-0.09326034939445627,-0.10162280364475607,-5.70692318140292,-6.1497508569241965,-0.1141384636280584,-0.12299501713848393,-5.145283984749167,-5.6701451077550145,-0.10290567969498333,-0.1134029021551003
7b54447f-1daf-4352-b5c3-3c0ec8b8f4d0,Unwanted Remake,-0.16021018531899353,0.22688027753737988,-0.7061441702115246,0.4800984855529207,0.8519646996737285,0.5461314784016073,1.329064297144184,3614.9681518895623,False,-0.036681495183226664,-0.0399749337867325,-0.2432217522752359,0.22865870270607602,-1.0636890238456378,0.28746959840119113,0.7840976190604614,0.5008779553949517,1.2274628371925371,3608.650608737422,False,-0.05521636354745065,-0.05949042431464979,-0.22948028945232285,0.22998859943532146,-0.9977898470435203,0.31838127445911624,0.7949466373170169,0.5064863302295519,1.2476943965994542,3605.439990477873,False,-0.05182757473766467,-0.05711717340845757,89,0.8622992302965494,False,False,0.8566390332277293,False,False,0.8739107410050639,False,False,3605.439990477873,6.317543152140388,3.210618259548937,0.06786708061326707,0.8103363186837355,0.0837517448600928,low,-3.6681495183226662,-3.9974933786732505,-0.07336299036645333,-0.079949867573465,-5.521636354745065,-5.94904243146498,-0.1104327270949013,-0.11898084862929958,-5.182757473766467,-5.711717340845757,-0.10365514947532933,-0.11423434681691513
3c3ac3dd-35db-447f-8674-37b4680a1ef7,Leyline Binding,-0.26109465923276776,0.18363707519442274,-1.4217970905730124,0.15508516446319873,0.770208008865105,0.5373942263058612,1.10388304875891,3613.4451370743836,False,-0.059575328057499564,-0.06495694263901186,-0.2271334838117404,0.19172054027363644,-1.1847112650922025,0.23613162691395861,0.7968144133658871,0.5472192453217849,1.1602538009683314,3608.381229628661,False,-0.05156683726464067,-0.0556239494475847,-0.2295786734101834,0.1917396324707116,-1.1973459553034855,0.23117173931807877,0.794868431167728,0.5458623981427017,1.157463538460975,3605.0041660355873,False,-0.05182594267608805,-0.057141403284470815,134,0.6488138646109055,False,False,0.8203114330813042,False,False,0.8232975292663921,False,False,3605.0041660355873,5.063907445722634,3.3770635930736717,0.02660640450078211,0.7872969511329067,0.0337946240773522,low,-5.957532805749956,-6.495694263901186,-0.11915065611499913,-0.12991388527802372,-5.156683726464067,-5.56239494475847,-0.10313367452928134,-0.1112478988951694,-5.182594267608805,-5.7141403284470815,-0.1036518853521761,-0.11428280656894163
4a0bb5dc-75a6-4bd6-81f8-611197fb0fba,Nettlecyst,-0.36409737676183657,0.23550934087929618,-1.5459997272398833,0.12210463369518122,0.6948235317829913,0.4379302250278421,1.1024124683074705,3613.040727968189,False,-0.08285476657974436,-0.09011741592738898,-0.21991294657121066,0.24018554977499018,-0.9155960746898753,0.35987879091016894,0.8025886630164611,0.5012368053845391,1.2851182416829356,3608.9390073262857,False,-0.049993418206411955,-0.054021408943847826,-0.23201737187738042,0.2409317902996473,-0.9630002399800375,0.33554740283702966,0.7929323484635081,0.4944824193810631,1.2715147891948146,3605.50181031835,False,-0.05243282612368911,-0.057803636820351,85,0.6474748842640248,False,False,0.9087451152849259,False,False,0.8790094259851743,False,False,3605.50181031835,4.101720641903285,3.437197007935538,0.10776513123346987,0.7634481810876536,0.14115579014143603,low,-8.285476657974437,-9.011741592738897,-0.16570953315948872,-0.18023483185477795,-4.999341820641195,-5.402140894384782,-0.09998683641282391,-0.10804281788769565,-5.243282612368911,-5.7803636820351,-0.10486565224737822,-0.115607273640702
487116ab-b885-406b-aa54-56cb67eb3ca5,Scavenging Ooze,0.0021312318048996026,0.20206439879578683,0.010547289961026227,0.9915846362103894,1.0021335044936581,0.6744113856268955,1.4891082538519502,3615.4679331322923,False,0.0004887074317685144,0.0005328077728435354,-0.18898925341278633,0.2176224677420064,-0.8684271223173289,0.38516055236801194,0.8277954026224225,0.5403548151050754,1.2681393955369276,3609.0309682096567,False,-0.04296038006633014,-0.04641765037064843,-0.23495625528017372,0.21862495570909588,-1.0747000703469938,0.28250903225221513,0.7906054336854849,0.5150655172390564,1.2135484338449842,3605.282609024085,False,-0.053041392173789684,-0.05847603543957974,108,0.994566845642601,False,False,0.9146018098042583,False,False,0.8449933834629035,False,False,3605.282609024085,6.436964922635525,3.748359185571644,0.21152807080817326,0.8735114469338553,0.2421583272327635,low,0.04887074317685144,0.05328077728435354,0.0009774148635370288,0.0010656155456870708,-4.296038006633014,-4.641765037064843,-0.08592076013266028,-0.09283530074129687,-5.304139217378968,-5.847603543957974,-0.10608278434757937,-0.11695207087915949
1132218d-56cd-441e-9006-df3c50344491,Joraga Treespeaker,-0.1935376014937329,0.21064755256247938,-0.9187745081269265,0.35821352869655476,0.8240388505208871,0.5453067467844886,1.2452441330900115,3614.618679683401,False,-0.04429961930651644,-0.048250048118633315,-0.22641465674958697,0.21714917359659722,-1.0426687470162905,0.29710173731022915,0.7973873910409858,0.5209886424435497,1.2204232484013184,3608.692071790406,False,-0.051453776579302925,-0.05547768528831343,-0.23771245136342742,0.21780454522842596,-1.0914026202443237,0.27509575996419733,0.7884293702920225,0.5144744627558425,1.208263804989057,3605.240072614155,False,-0.053702630150960766,-0.05917120251255931,107,0.8143262135672359,False,False,0.8585974814893607,False,False,0.8381266441557625,False,False,3605.240072614155,5.92660789299498,3.4519991762508653,0.035609480228864565,0.8032852039512984,0.04432980970358256,low,-4.429961930651644,-4.825004811863332,-0.08859923861303289,-0.09650009623726663,-5.145377657930292,-5.547768528831343,-0.10290755315860585,-0.11095537057662685,-5.370263015096077,-5.91712025125593,-0.10740526030192153,-0.11834240502511861
7c353e83-4b63-4bc6-b029-273d2eca1f75,Upheaval,-0.22702418603095686,0.22889362652151968,-0.9918327105958669,0.32127913811644504,0.7969015081725122,0.5088226792188798,1.2480811875416518,3614.484236999774,False,-0.05186978662703829,-0.056535328282896924,-0.18552943068047642,0.23068214386806518,-0.8042643768153416,0.4212443063768717,0.8306643882029805,0.5285243332339232,1.305528019129516,3609.1390104845173,False,-0.04217280053961735,-0.04561018240671483,-0.24053688080776192,0.23174415901031273,-1.0379415034018524,0.2992972896151641,0.7862056490140115,0.49919652031803263,1.2382284278499096,3605.3620280986624,False,-0.05428298788224237,-0.05987310854915662,85,0.811278266477493,False,False,0.9193975000055795,False,False,0.8559801591695092,False,False,3605.3620280986624,5.345226515256854,3.776982385854808,0.04445873918896903,0.8045905151298346,0.055256355068757985,low,-5.1869786627038295,-5.653532828289692,-0.10373957325407658,-0.11307065656579385,-4.217280053961734,-4.5610182406714825,-0.0843456010792347,-0.09122036481342966,-5.428298788224237,-5.987310854915662,-0.10856597576448473,-0.11974621709831323
a50d79fe-6d37-42f3-b7b0-0c3018282fa2,End-Raze Forerunners,0.004420029654173568,0.19041944613141248,0.02321207074157338,0.9814811101429796,1.0044298123932673,0.691562267616625,1.4588407946277038,3615.4675056221035,False,0.001013532241090886,0.001105005849265206,-0.2231510729723596,0.22724694624020284,-0.9819761130540612,0.32611161628830165,0.7999939826961102,0.5124484862769022,1.2488872335241217,3608.8159754189146,False,-0.050704636934823404,-0.05466880140873598,-0.24100581248991926,0.2286585237979209,-1.0539988122328228,0.29188346093397655,0.7858370587050888,0.5019892774731112,1.230185405438951,3605.321778664361,False,-0.05442638142344097,-0.05996162235210839,127,0.990911999633636,False,False,0.8801221079753435,False,False,0.84832149739301,False,False,3605.321778664361,6.6515302031889405,3.494196754553741,0.21859275368817854,0.8634202845981555,0.25317074151195534,low,0.10135322410908859,0.1105005849265206,0.002027064482181772,0.002210011698530412,-5.07046369348234,-5.466880140873598,-0.10140927386964681,-0.10933760281747196,-5.442638142344097,-5.996162235210839,-0.10885276284688195,-0.11992324470421678
175b3d28-5c74-4972-9b5c-5e39762c78f4,Relic of Sauron,-0.2861466559046304,0.16606906135424052,-1.7230581877876299,0.08487800302424972,0.7511524469269955,0.5424594102626886,1.0401331193631274,3612.4710751339267,False,-0.06535392056073211,-0.07113601034606337,-0.21521651640360634,0.16963653359009784,-1.2686920196309006,0.2045509298532422,0.8063668296290463,0.5782759383500093,1.124424207898549,3608.165939874404,False,-0.04895138711357819,-0.052931148077385026,-0.2426759045714773,0.17031830441122126,-1.4248374853800438,0.15420418382550655,0.7845257337774361,0.5618615671558009,1.0954310864767782,3604.39396590695,False,-0.054850361859047375,-0.06046055650360743,171,0.5391774096873768,False,False,0.8121158941197176,False,False,0.7779245756363491,False,False,3604.39396590695,4.305135259522558,3.7719739674539596,0.05521438270205081,0.7806816701111593,0.07072586025260331,low,-6.535392056073211,-7.113601034606337,-0.13070784112146422,-0.14227202069212674,-4.895138711357819,-5.293114807738503,-0.09790277422715638,-0.10586229615477005,-5.485036185904738,-6.046055650360743,-0.10970072371809475,-0.12092111300721486
671c008a-8ff8-42d7-9e03-6d8a9ddace67,Faithless Looting,-0.27423084695334105,0.20857810106149152,-1.3147633694895624,0.18858944180675863,0.76015657517539,0.5050772328650758,1.1440587323735885,3613.7209646194397,False,-0.06263802996088808,-0.06817801716155214,-0.20874210059990567,0.21249687502118442,-0.982330213463589,0.32593719444624736,0.8116045209740439,0.5351351347617754,1.230907588900399,3608.813123661996,False,-0.04747242746849473,-0.05132536389879688,-0.24514578219290017,0.21363399296178237,-1.1475036289601863,0.25117353416485455,0.7825904421746799,0.5148558046994628,1.1895520932130998,3605.110022970882,False,-0.055386056620705,-0.061060604310115396,109,0.7195184601927213,False,False,0.8801221079753435,False,False,0.8252844693988077,False,False,3605.110022970882,4.907840957443568,3.7031006911142867,0.05144794579865386,0.7847838461080379,0.06555683587754588,low,-6.263802996088808,-6.8178017161552145,-0.12527605992177615,-0.13635603432310428,-4.747242746849473,-5.1325363898796885,-0.09494485493698945,-0.10265072779759377,-5.538605662070499,-6.10606043101154,-0.11077211324141,-0.12212120862023079
32e29c7d-ed4b-4eff-b3c2-d99e5b63ef8d,Sunfall,-0.3440806049237156,0.3543598013401285,-0.970992205161142,0.33155216020232303,0.7088717871902938,0.3539407277681876,1.419727008651775,3614.5145969528494,False,-0.07831063720435287,-0.0852131224615732,-0.30827990897495083,0.36820269673407563,-0.8372559780505834,0.4024486982403511,0.7347096374029959,0.3570222427313501,1.5119457184605323,3609.077887210446,False,-0.06983580451504269,-0.07498296276264699,-0.24677691435953597,0.3695244449837158,-0.6678229754743585,0.5042465988457703,0.7813149742423247,0.37868716893233667,1.6120247503932708,3605.989017105116,False,-0.05571166832129668,-0.06138596692035925,35,0.811278266477493,False,False,0.9193975000055795,False,False,0.9312862544381997,False,False,3605.989017105116,5.436709742403309,3.0888701053299883,0.0724431870520309,0.7416321329452048,0.0976807555038656,low,-7.831063720435287,-8.52131224615732,-0.15662127440870574,-0.1704262449231464,-6.983580451504269,-7.498296276264699,-0.13967160903008538,-0.14996592552529397,-5.571166832129668,-6.138596692035925,-0.11142333664259337,-0.1227719338407185
19018f23-b63b-45af-8419-8959f41472d4,Pre-War Formalwear,-0.229229739847984,0.2894530387686329,-0.7919410375622732,0.42839505711281867,0.7951458358359801,0.4508783562916937,1.402278222994283,3614.8410490614488,False,-0.05237660318850534,-0.0570718070372106,-0.30124090008653565,0.289950352821507,-1.0389395879506969,0.2988328334154928,0.7398995094198973,0.4191428058891638,1.3061211509486583,3608.7070995115373,False,-0.06822467327323543,-0.07331545377112941,-0.24765687797513922,0.2898618421456738,-0.8543962742452871,0.3928854595980178,0.7806277479040974,0.44229151036615616,1.3777783803567494,3605.7083691968373,False,-0.05588727932690775,-0.06160261845589743,54,0.854950479585682,False,False,0.8585974814893607,False,False,0.9053129787574345,False,False,3605.7083691968373,6.133949549911449,2.9987303146999693,0.055246326416082736,0.7718910310533249,0.07157270157769993,low,-5.2376603188505335,-5.707180703721059,-0.10475320637701067,-0.1141436140744212,-6.822467327323543,-7.331545377112941,-0.13644934654647087,-0.14663090754225883,-5.588727932690775,-6.160261845589742,-0.1117745586538155,-0.12320523691179486
3462a3d0-5552-49fa-9eb7-100960c55891,"Oko, Thief of Crowns",-0.29770325579595247,0.16341628193760419,-1.821747822592255,0.06849325805852406,0.7425216460536943,0.5390218513301615,1.0228498037653433,3612.1191729454267,False,-0.06796154953751142,-0.07397788986006248,-0.23684839647930825,0.1687329620769662,-1.4036877772066358,0.16041184373949102,0.7891109109420674,0.5669041698492591,1.0984149753800463,3607.801579875071,False,-0.0538388504893689,-0.058032424447296616,-0.24810627374092595,0.16845435363836667,-1.4728397834914608,0.14079424216123734,0.780277015914172,0.5608640113402479,1.0855255627991742,3604.253580065482,False,-0.056064257304096504,-0.06174767501370815,180,0.5251149784486845,False,False,0.7803724897380995,False,False,0.7748948686229261,False,False,3604.253580065482,4.317593070355542,3.547999809589328,0.046589264888373116,0.7706365243033112,0.0604555629263638,low,-6.796154953751142,-7.3977889860062485,-0.13592309907502284,-0.14795577972012497,-5.38388504893689,-5.803242444729662,-0.1076777009787378,-0.11606484889459323,-5.606425730409651,-6.174767501370814,-0.11212851460819301,-0.1234953500274163
89345f55-2b32-4356-945a-d56dded39909,Preacher of the Schism,-0.31186214711853033,0.26972100401520205,-1.1562397532116302,0.24758310359193625,0.7320824409465562,0.4314881138361586,1.2420845051267686,3614.1210168585185,False,-0.07107590802157027,-0.07738043774916603,-0.2534531891106809,0.2733787112464359,-0.9271138486061803,0.353867426599202,0.7761160747584885,0.45417374171155556,1.326268135248291,3608.9206792496993,False,-0.05752790603092187,-0.06199399362281227,-0.24842540056231543,0.27656053220677324,-0.898267726707214,0.3690428339642876,0.7800280483185117,0.45362516773300604,1.3412918846727289,3605.6266762579216,False,-0.05608109504315752,-0.061803009941014786,63,0.7680833957945186,False,False,0.9078060520833375,False,False,0.8983633950882475,False,False,3605.6266762579216,5.200337608819154,3.2940029917776883,0.04794560737195552,0.7627421880078521,0.06285951941006565,low,-7.107590802157027,-7.738043774916603,-0.14215181604314053,-0.15476087549833206,-5.752790603092187,-6.199399362281227,-0.11505581206184375,-0.12398798724562454,-5.608109504315752,-6.180300994101478,-0.11216219008631503,-0.12360601988202957
f632be90-9e7f-41f8-a52e-a2952354d730,Descendant of Storms,0.028864678969458792,0.24015448222464442,0.12019213092370394,0.9043309512003721,1.0292853011030159,0.6428537010659102,1.64800829381568,3615.4536039854293,False,0.006618272337314337,0.007215709723966401,-0.24234667789083725,0.2534672855093105,-0.9561260633847567,0.3390085484584575,0.784784063102764,0.4775231887137928,1.2897510325288501,3608.8704856681097,False,-0.055009286820135415,-0.05928086468014959,-0.24856360018941961,0.2545591145626011,-0.9764474574658882,0.32884277350502,0.7799202561816914,0.4735491999748445,1.284503502560721,3605.4839470306206,False,-0.05609431037264128,-0.06181366855292719,76,0.97339979614183,False,False,0.8902311095346108,False,False,0.8773525197113934,False,False,3605.4839470306206,6.583118317319531,3.3865386374891386,0.2493650449213245,0.8646632067958238,0.2883955775629621,low,0.6618272337314337,0.7215709723966401,0.013236544674628673,0.014431419447932803,-5.500928682013542,-5.928086468014959,-0.11001857364027083,-0.11856172936029918,-5.609431037264128,-6.181366855292719,-0.11218862074528256,-0.12362733710585438
c17816e8-28b1-4295-a637-efb0e5c18873,Lush Portico,-0.23335247526418051,0.17980052613352118,-1.2978408922501776,0.19434201461770728,0.7918744081865429,0.5566817835747384,1.1264336230190286,3613.767846260248,False,-0.05339717994404683,-0.05811378568175102,-0.25715410935126304,0.18588761533817946,-1.3833848418757253,0.16654689586905425,0.773249039674895,0.5371414370676203,1.113140852849296,3607.856434184493,False,-0.05843257769169625,-0.06285230249951357,-0.24857032987304264,0.18713676953378222,-1.328281611851648,0.1840850920459648,0.7799150075827768,0.5404471653259277,1.125489146910438,3604.66011584658,False,-0.05618232989857708,-0.061832653803725435,148,0.7195825262322765,False,False,0.7803724897380995,False,False,0.8065007570408996,False,False,3604.66011584658,5.9114120757549244,3.1963183379129987,0.018625368511647866,0.7816794851480715,0.023827372811401994,low,-5.339717994404683,-5.811378568175102,-0.10679435988809366,-0.11622757136350204,-5.843257769169625,-6.285230249951357,-0.1168651553833925,-0.12570460499902714,-5.618232989857708,-6.183265380372544,-0.11236465979715415,-0.12366530760745087
6151b583-3aa7-4be8-9d05-d5e53f19c6c9,Fastbond,-0.25273360586986193,0.15970475592673483,-1.582505194684399,0.11353428738215193,0.7766747558634879,0.5679312379785405,1.062142097593867,3612.9414170886816,False,-0.05781752729509573,-0.06291178540684694,-0.2392068693288555,0.16544174594626945,-1.4458676554739862,0.14821432549025348,0.787252007231957,0.5692288713433356,1.088781251429055,3607.678228455241,False,-0.054399660773373645,-0.058679999820510476,-0.2489259921113468,0.16598168762242435,-1.4997196117056264,0.13368704824792887,0.7796376705875646,0.563126999529913,1.079392211537739,3604.170456193854,False,-0.056279567877295905,-0.06197883323604825,192,0.6310614140324611,False,False,0.7803239175511554,False,False,0.7748948686229261,False,False,3604.170456193854,5.263188633440677,3.50777226138689,0.010577251368469098,0.7811881445610033,0.01353995377696508,low,-5.781752729509574,-6.291178540684694,-0.11563505459019147,-0.12582357081369389,-5.439966077337364,-5.867999982051048,-0.10879932154674729,-0.11735999964102095,-5.62795678772959,-6.197883323604825,-0.11255913575459181,-0.1239576664720965
05bd329b-5707-42fc-af1c-084cc604e805,Imperial Recruiter,-0.14102698189155133,0.2698473677280514,-0.5226175933414198,0.6012403949057963,0.8684658785293832,0.5117455128944509,1.4738438602106048,3615.1939437945125,False,-0.032303256197536837,-0.03520221841260013,-0.25599857426736417,0.2704470627853279,-0.946575539149292,0.34385511323151075,0.7741430725125048,0.45562971979489025,1.3153169573505556,3608.884748578572,False,-0.05810102211259781,-0.0625503172047776,-0.25001809017660326,0.2728152343807637,-0.9164374223605751,0.3594375150218615,0.7787866945551326,0.4562401562945986,1.3293628525422496,3605.594333975014,False,-0.056438382359514934,-0.06218438198549053,65,0.9013593712311545,False,False,0.8984753264188786,False,False,0.8947904410224979,False,False,3605.594333975014,6.30919521594069,3.2904146035580197,0.09432280601687837,0.8071318818656735,0.1168617026982661,low,-3.2303256197536836,-3.520221841260013,-0.06460651239507367,-0.07040443682520026,-5.810102211259781,-6.255031720477761,-0.11620204422519562,-0.1251006344095552,-5.643838235951494,-6.2184381985490536,-0.11287676471902987,-0.12436876397098107
5ad67b3c-cd5a-497b-8639-9b844e8d517a,Mind Twist,-0.3804161662723525,0.17901389837260684,-2.1250649794829823,0.03358119125512106,0.6835768683711356,0.4812909013936672,0.9708833755614339,3610.9257745923933,False,-0.08640283077579744,-0.09414034216618639,-0.26373693882575244,0.18332296696112899,-1.4386464674754804,0.15025071371478377,0.7681755902525076,0.5363062312649763,1.100292525164111,3607.706713349273,False,-0.05984113461144547,-0.06455900291139238,-0.2506675564709468,0.1841328761513045,-1.3613405802936018,0.1734060844364841,0.7782810630596159,0.5424995659133839,1.1165380604450401,3604.577455936901,False,-0.056584362909309176,-0.06239583874132992,146,0.4336811642568359,True,False,0.7803239175511554,False,False,0.7868153627152034,False,False,3604.577455936901,3.21906124312045,3.1292574123717714,0.09470419468848024,0.743344507227753,0.12740283107986142,low,-8.640283077579744,-9.414034216618639,-0.17280566155159488,-0.18828068433237277,-5.984113461144547,-6.455900291139239,-0.11968226922289094,-0.12911800582278476,-5.658436290930918,-6.239583874132992,-0.11316872581861835,-0.12479167748265985
f1b8413f-c9fc-4cea-b416-a1fcf651b009,Sylvan Safekeeper,-0.24768614276016437,0.2609133183640762,-0.9493043295495757,0.342465852176737,0.7806049033351427,0.4680986349860462,1.3017427729286835,3614.558366651587,False,-0.05659870526603003,-0.061628900538760245,-0.2736543207958415,0.26872332765879176,-1.018349702573313,0.3085117960009325,0.7605949516803925,0.4491708088378921,1.287939174004702,3608.7401125040833,False,-0.062087181293951466,-0.06680514610109961,-0.2532420976613025,0.26856830253431735,-0.9429336793344908,0.34571482672748055,0.7762799235185229,0.45857291493444974,1.3140996775704978,3605.5426522734165,False,-0.05717390890811551,-0.06298754828366482,67,0.811278266477493,False,False,0.8635797843000993,False,False,0.8903157892943225,False,False,3605.5426522734165,5.818254147503922,3.1974602306668203,0.02000995165475017,0.7724932595113527,0.0259030760571395,low,-5.659870526603003,-6.1628900538760245,-0.11319741053206006,-0.12325780107752049,-6.208718129395146,-6.680514610109961,-0.12417436258790293,-0.13361029220219922,-5.717390890811551,-6.298754828366482,-0.11434781781623102,-0.12597509656732964
7740ff55-67bb-409e-90f7-2c2c8b8c770a,"Valgavoth, Terror Eater",-0.43254978595263865,0.21497832840521977,-2.0120622816329248,0.04421337206816318,0.6488525485880503,0.4257481479116875,0.9888701380717168,3611.3712451697743,False,-0.09803198944250442,-0.10665213160547898,-0.2932778600269018,0.22772769330592554,-1.2878445118790067,0.19780009413244493,0.7458148797612361,0.4772932777845753,1.1654047118684205,3608.1150948141108,False,-0.0665032716960082,-0.07185778268939419,-0.253922573066682,0.22889466445899054,-1.1093424727345513,0.2672824691203963,0.7757518638090775,0.4953175953406335,1.2149597750295977,3605.2001489794166,False,-0.0573360967685315,-0.06326150756112503,101,0.4336811642568359,True,False,0.8019984861985728,False,False,0.8369038408420719,False,False,3605.2001489794166,3.2561503556635216,2.9149458346942083,0.12689931522102715,0.7234730973861213,0.1754029495768525,low,-9.803198944250441,-10.665213160547898,-0.19606397888500884,-0.21330426321095797,-6.6503271696008195,-7.185778268939419,-0.1330065433920164,-0.14371556537878838,-5.73360967685315,-6.3261507561125025,-0.114672193537063,-0.12652301512225006
05e8a4ea-8c0d-4284-ac23-80e19fdde11d,Myr Battlesphere,-0.35891619453119933,0.19401065941782625,-1.8499818288758474,0.06431616863480588,0.6984328813940215,0.4775067003610142,1.0215741254385595,3612.0152192686373,False,-0.08165036260733277,-0.08889774709375181,-0.23788267475312924,0.1982190925217563,-1.2000997064751446,0.23010061954583216,0.7882951725941886,0.5345168115835476,1.162562646615975,3608.3368846822545,False,-0.054037673776463735,-0.05840259417744792,-0.256843311122386,0.2005955734278986,-1.2804036835573787,0.20040319915388272,0.7734894014569801,0.5220402248122639,1.1460531693346674,3604.7899327373207,False,-0.05798252219549294,-0.06394822625077251,121,0.5161237546628089,False,False,0.8203114330813042,False,False,0.8107251371076528,False,False,3604.7899327373207,3.678334586382789,3.5469519449338804,0.08986229120016709,0.7534058184817302,0.11927475073295604,low,-8.165036260733277,-8.889774709375182,-0.16330072521466554,-0.17779549418750362,-5.403767377646373,-5.840259417744792,-0.10807534755292747,-0.11680518835489584,-5.798252219549294,-6.394822625077251,-0.11596504439098589,-0.12789645250154502
f6ca59cd-8779-4a84-a54b-e863b79c61f0,Underground Mortuary,-0.3347158342388295,0.22996475289272453,-1.4555092901344318,0.14552832019982878,0.715541389828938,0.4559159758612272,1.1230128086456261,3613.327139685981,False,-0.07624303487884482,-0.08297575246010652,-0.28052136952089984,0.23393469682998877,-1.199143920599208,0.23047198860066642,0.755389801551592,0.47757532858353,1.1948141332605513,3608.336016211381,False,-0.06363480615512294,-0.06849952364096756,-0.2572523390951874,0.23432672480426917,-1.0978361060184996,0.2722760621630129,0.7731730873501877,0.48844289172270583,1.2238823271523755,3605.2243741697985,False,-0.05807544891856801,-0.06399357992753152,92,0.6488138646109055,False,False,0.8203114330813042,False,False,0.8369038408420719,False,False,3605.2243741697985,4.991123474600045,3.1116420415823995,0.05763169752124975,0.7480347595769059,0.07704414371579026,low,-7.6243034878844815,-8.297575246010652,-0.15248606975768964,-0.16595150492021304,-6.3634806155122945,-6.849952364096756,-0.1272696123102459,-0.13699904728193513,-5.807544891856801,-6.399357992753152,-0.11615089783713602,-0.12798715985506304
52d3005f-a1c7-4ef5-911f-ccc0752f4181,Faerie Mastermind,-0.2735510525903295,0.16427718725798268,-1.6651797924975547,0.09587689125480194,0.7606735010119284,0.5512679228649224,1.0496242410308443,3612.680947422513,False,-0.06244883761030115,-0.06803864357590728,-0.23284474180565395,0.1729844811981553,-1.3460441086557828,0.17828829192324147,0.7922765714057516,0.5644551637931504,1.1120496469201937,3607.965133842379,False,-0.05289957749589132,-0.057090641910489015,-0.25739613435445236,0.1747258966732587,-1.473142443422619,0.14071263091471833,0.773061916718732,0.548889083361546,1.0887896028480353,3604.2572782687084,False,-0.058104183983538296,-0.0640645324272322,180,0.576125103305882,False,False,0.7839301935032851,False,False,0.7748948686229261,False,False,3604.2572782687084,4.715813580133727,3.707855573670713,0.03160307039382315,0.7753373297121374,0.04076041380021848,low,-6.244883761030115,-6.803864357590728,-0.1248976752206023,-0.13607728715181455,-5.2899577495891315,-5.709064191048902,-0.10579915499178263,-0.11418128382097803,-5.810418398353829,-6.40645324272322,-0.11620836796707659,-0.1281290648544644
02138fbb-3962-4348-8d31-faaefba0b8b2,Raugrin Triome,-0.24582041063904989,0.19072510862685252,-1.2888728306873822,0.19744230093228543,0.7820626624483293,0.5381372587629839,1.1365539145193273,3613.800781716329,False,-0.056153003733367984,-0.06118743255938347,-0.2534211436182172,0.19756879668310143,-1.282698218913093,0.19959782415136895,0.7761409461788195,0.5269466414870237,1.1431798229805918,3608.1356742627668,False,-0.057514140226956105,-0.061932997803602785,-0.25809257603048125,0.1986292440341911,-1.2993684655319657,0.19381750837868283,0.7725237116177635,0.5234017767097505,1.1402194481709476,3604.744853891088,False,-0.058239047825245374,-0.0641558470847009,127,0.7195825262322765,False,False,0.8019984861985728,False,False,0.8107251371076528,False,False,3604.744853891088,5.6651074535620864,3.3908203716787284,0.009538950830565884,0.7769091067483042,0.012278078281886103,low,-5.615300373336798,-6.118743255938347,-0.11230600746673597,-0.12237486511876694,-5.75141402269561,-6.193299780360278,-0.11502828045391221,-0.12386599560720557,-5.823904782524537,-6.4155847084700905,-0.11647809565049075,-0.1283116941694018
8e42df9e-95f2-4c79-9274-2d16e3cd91f1,"Thalia, Guardian of Thraben",-0.09594608040824595,0.19056641211495287,-0.503478442729822,0.6146279329162974,0.9085130013981985,0.6253422068328441,1.3199107059955633,3615.214065149151,False,-0.021994735810633322,-0.023970531784282767,-0.25607826174237797,0.1971219857329264,-1.2990852379568119,0.19391467858746547,0.7740813854636321,0.526008790830318,1.139148245745933,3608.0906985155398,False,-0.058129136042338964,-0.06257043745590679,-0.25967530336474587,0.19769745777276468,-1.3134984449988178,0.18901504454991847,0.7713019843086601,0.5235292791645426,1.136339025675583,3604.705251007743,False,-0.05861217407325073,-0.0645677593996884,133,0.91304416760617,False,False,0.8019984861985728,False,False,0.8078829866104972,False,False,3604.705251007743,7.123366633611113,3.3854475077969255,0.1372110170895383,0.8179654570568302,0.1677467133920855,low,-2.1994735810633324,-2.3970531784282767,-0.043989471621266645,-0.047941063568565534,-5.812913604233897,-6.257043745590679,-0.11625827208467793,-0.12514087491181358,-5.861217407325073,-6.456775939968839,-0.11722434814650146,-0.1291355187993768
5260f8ae-805b-4eae-badf-62de0f768867,Hedge Maze,-0.3738617917468938,0.22315385089737477,-1.6753544258522675,0.09386471277441814,0.6880720024871462,0.444305300323805,1.0655805372153586,3612.6267260241157,False,-0.08501843797407095,-0.09249424718449856,-0.2617223827955487,0.23552795346674782,-1.1112157981387931,0.26647547270716376,0.7697246828631285,0.48512088504297074,1.2212957752916855,3608.542011880899,False,-0.05941838767778598,-0.06397224498454851,-0.2608773082011657,0.23681910950328722,-1.1015889247634578,0.27064042540183675,0.7703754325645777,0.48430385831013967,1.225425519362696,3605.2163423878646,False,-0.05889645517090689,-0.06487778619766577,97,0.5707309339508879,False,False,0.8504265085917619,False,False,0.8369038408420719,False,False,3605.2163423878646,4.084714143216843,3.3256694930341837,0.08230343007743157,0.7427240393049508,0.11081293417465256,low,-8.501843797407096,-9.249424718449855,-0.1700368759481419,-0.18498849436899711,-5.941838767778599,-6.397224498454851,-0.11883677535557197,-0.12794448996909702,-5.889645517090689,-6.487778619766576,-0.11779291034181379,-0.12975557239533153
47c8e6c4-450b-4f8b-b897-5808fe935a90,Vampire Hexmage,-0.017843281491403146,0.3442442806823863,-0.05183319663592633,0.9586616040042591,0.9823149672324007,0.500292640070343,1.9287565268062268,3615.46535739228,False,-0.004091543592504121,-0.0044607067302070424,-0.24682746597046562,0.35042691793569847,-0.7043621746425233,0.48120725567704425,0.7812754785100281,0.3931106222676026,1.5527216481714934,3609.2898442112323,False,-0.056015519213604155,-0.0603544745516133,-0.26339429512693585,0.34973085742043075,-0.7531342732228373,0.45136923082724856,0.7684388458769572,0.38717953621104395,1.525127762772155,3605.871551027906,False,-0.059409215504622616,-0.06546763788852078,37,0.9880381961872368,False,False,0.9228613724240062,False,False,0.9250325825036135,False,False,3605.871551027906,6.175513181047791,3.4182931833261136,0.21387612135544354,0.8440097638731286,0.25340479519333303,low,-0.4091543592504121,-0.44607067302070424,-0.008183087185008242,-0.008921413460414085,-5.601551921360415,-6.03544745516133,-0.11203103842720831,-0.1207089491032266,-5.940921550462262,-6.546763788852078,-0.11881843100924523,-0.13093527577704156
db2a5e85-6cbc-43c1-9362-4056ad017ef0,Pyrokinesis,-0.22722987040562778,0.3402558416156137,-0.6678206296964297,0.5042480963992357,0.796737614839856,0.4089627021142999,1.5521973608323985,3615.020261983951,False,-0.05193327786057726,-0.056574211759893855,-0.258636093268541,0.3501503351145207,-0.7386429979681473,0.4601238073854985,0.7721039457490158,0.38870648785787776,1.5336623433441803,3609.238633347327,False,-0.05868241226184233,-0.06321116451640968,-0.2643424830325862,0.3517038660600672,-0.7516052808684206,0.4522884666247007,0.7677105667843425,0.385319638023779,1.529585975360966,3605.8723606918356,False,-0.05963067496376346,-0.06570511661024786,37,0.8622992302965494,False,False,0.9216293679463289,False,False,0.9250325825036135,False,False,3605.8723606918356,5.781628636624191,3.3662726554912297,0.029027048055513482,0.7788507091244048,0.037269078291199235,low,-5.1933277860577265,-5.657421175989386,-0.10386655572115452,-0.11314842351978771,-5.8682412261842325,-6.321116451640968,-0.11736482452368466,-0.12642232903281936,-5.963067496376346,-6.570511661024786,-0.11926134992752692,-0.13141023322049572
229a0d4a-3777-451d-a2fb-f1a2fdf8019f,Spara's Headquarters,-0.26667165001853044,0.17798529838139443,-1.4982790850910346,0.13406075569424766,0.7659245214837466,0.5403583032909565,1.0856507044257062,3613.217756814444,False,-0.06085553420632808,-0.06633409116959532,-0.23882052337733323,0.1805481397713573,-1.3227526114629093,0.18591766111017616,0.7875562176192207,0.5528354517582087,1.1219338302891022,3608.0328550594854,False,-0.05421249350197039,-0.05849060627929248,-0.2688561899517534,0.1813753529686472,-1.4823193204107963,0.13825534987434276,0.7642531550287892,0.5356084536529778,1.090503484379071,3604.236866189463,False,-0.06062668002232743,-0.06685482069000265,144,0.6488138646109055,False,False,0.7852311682679135,False,False,0.7748948686229261,False,False,3604.236866189463,5.184901754958446,3.7959888700224838,0.023303062590431467,0.7725779647105856,0.03016273263651908,low,-6.085553420632809,-6.633409116959532,-0.12171106841265616,-0.13266818233919064,-5.421249350197039,-5.849060627929248,-0.10842498700394078,-0.11698121255858496,-6.062668002232742,-6.6854820690002645,-0.12125336004465485,-0.1337096413800053
952ba126-0915-47f0-9b6a-a0a6dcd22c6f,Moat,-0.3074182371750685,0.4832481285004894,-0.6361498763150557,0.5246787394376864,0.7353429888099837,0.2851943021618998,1.8960032058601133,3615.0645239007636,False,-0.07004966782378722,-0.07626693292990616,-0.23821124544663744,0.4887754386739218,-0.4873633709846783,0.6260008463365034,0.7880362044496414,0.30233756974462767,2.053998978849805,3609.548750446981,False,-0.054075741684577606,-0.058287735462587476,-0.26910766983425116,0.4904301249465014,-0.5487176585321034,0.5831992258265604,0.7640609848996376,0.2921900843425865,1.9979774124070688,3606.1384568584513,False,-0.06068660539095569,-0.06687427940594354,18,0.8632715278190844,False,False,0.9261193606096347,False,False,0.9312862544381997,False,False,3606.1384568584513,5.515773453782458,3.4102935885298393,0.052693215639657676,0.7624800593864208,0.06910766385426617,low,-7.004966782378721,-7.626693292990616,-0.14009933564757443,-0.15253386585981232,-5.407574168457761,-5.8287735462587476,-0.10815148336915521,-0.11657547092517495,-6.068660539095569,-6.687427940594354,-0.12137321078191138,-0.13374855881188707
247939d9-87e9-4f01-b223-fb4cfa7dbbe1,Mana Leak,-0.3196160821358266,0.15570754485442348,-2.0526692038889127,0.040104670763275355,0.7264278721825407,0.5353669549782364,0.9856743091383097,3611.220811882581,False,-0.07286363204381092,-0.07936236410936892,-0.27166315585930395,0.16064952070042252,-1.6910299805120395,0.0908310768052341,0.7621109304601098,0.5562506836703601,1.0441570453349234,3606.906752121804,False,-0.06166694182469294,-0.06652719139750146,-0.2714248260176595,0.16080984006962984,-1.6878620481192814,0.09143771339757432,0.7622925858835762,0.5562084680026317,1.0447341598012492,3603.571149527506,False,-0.06126683871139267,-0.06754930353692773,196,0.4336811642568359,True,False,0.7761883269753548,False,False,0.7166441943257827,False,False,3603.571149527506,4.314059760777127,3.3356025942980523,0.0358647137010355,0.7502771295087421,0.04780195515824744,low,-7.286363204381092,-7.936236410936893,-0.14572726408762185,-0.15872472821873784,-6.1666941824692945,-6.652719139750146,-0.12333388364938588,-0.13305438279500292,-6.126683871139267,-6.754930353692773,-0.12253367742278534,-0.13509860707385546
95be2701-af7c-483e-8165-e8bd4b2774ed,Opposition,-0.35856163226360005,0.31704768738835293,-1.1309391190240619,0.25808071681310096,0.6986805632469394,0.37532044438496664,1.3006339962614981,3614.1618220600894,False,-0.0815969432082943,-0.08873765581909854,-0.2293014223023327,0.32484030279499765,-0.7058896951190251,0.48025673643804745,0.7950888398737319,0.4206355842370147,1.5028834625069463,3609.2811547071797,False,-0.05210237616574032,-0.0561703896742472,-0.2724881519701743,0.32819914787723514,-0.8302524663229781,0.40639605693933534,0.7614824511885521,0.40021295669391965,1.4488674436185118,3605.7395475209332,False,-0.06148749327529442,-0.0677288750724433,45,0.7752566964578506,False,False,0.9228613724240062,False,False,0.9060129904095918,False,False,3605.7395475209332,4.880667352909768,3.5416071862464378,0.09640827662679252,0.7517506181030745,0.1282450247531073,low,-8.15969432082943,-8.873765581909854,-0.1631938864165886,-0.17747531163819708,-5.210237616574032,-5.61703896742472,-0.10420475233148065,-0.1123407793484944,-6.148749327529442,-6.772887507244329,-0.12297498655058885,-0.1354577501448866
2da5f3f8-5eef-498f-ba2c-2f3fbc3745aa,Ephemerate,-0.25930953651707833,0.21522425675933993,-1.2048341595949095,0.22826732999142907,0.7715841526048187,0.5060351833673535,1.1764836203468303,3613.9980676922532,False,-0.059273613661299365,-0.06450391781078363,-0.2655542112325833,0.22145533452988045,-1.1991321491366138,0.2304765650379612,0.7667808736225994,0.49678066564144907,1.1835261490989488,3608.3310604601584,False,-0.06031178337792137,-0.06486187273884991,-0.2728990753191849,0.2235600382465983,-1.2206970327056532,0.22220075167487174,0.7611696045518929,0.49111510433415656,1.179721742989752,3604.9316329284525,False,-0.061618655474880976,-0.06783019133092938,102,0.7555445194600263,False,False,0.8203114330813042,False,False,0.8232975292663921,False,False,3604.9316329284525,5.667007232094875,3.3994275317058964,0.010414548052925854,0.7665115435931037,0.013586942218908486,low,-5.9273613661299365,-6.450391781078363,-0.11854722732259873,-0.12900783562156726,-6.031178337792137,-6.486187273884991,-0.12062356675584274,-0.12972374547769983,-6.161865547488097,-6.783019133092938,-0.12323731094976195,-0.13566038266185876
2ae6828e-ff19-45db-8b59-61616353491f,Deceptive Landscape,-0.38953292058868205,0.2175107731928924,-1.7908672516337267,0.07331460001323635,0.6773731876904733,0.44226145879972856,1.0374732554068868,3612.221268770632,False,-0.0885002413600299,-0.09629201343462596,-0.31208425555430624,0.2259987759719947,-1.380911264727288,0.1673062459258594,0.7319198573170047,0.46999094216203235,1.1398234082355063,3607.8611554542567,False,-0.07072094478795679,-0.07588087547728695,-0.2748963886933961,0.22810788690867978,-1.2051156688126594,0.22815865175371342,0.7596508275623749,0.48578562800403313,1.1879095357086398,3604.9747821985843,False,-0.06203038367044584,-0.06827645155073803,95,0.5391774096873768,False,False,0.7803724897380995,False,False,0.8232975292663921,False,False,3604.9747821985843,4.360113316375191,2.8863732556724244,0.08227763987190162,0.7229812908566177,0.11380327667181502,low,-8.85002413600299,-9.629201343462595,-0.1770004827200598,-0.1925840268692519,-7.072094478795679,-7.588087547728694,-0.14144188957591358,-0.1517617509545739,-6.203038367044584,-6.827645155073803,-0.12406076734089168,-0.13655290310147605
bf220c06-3cce-4bdd-aa58-83940c223e9c,Commercial District,-0.16257833670968563,0.21781725402023125,-0.7463978803744586,0.4554270993058197,0.8499495053697633,0.5546044319433957,1.3025755296380983,3614.911678226748,False,-0.03720392635980821,-0.04056416506391414,-0.28709276788925503,0.22229736991478072,-1.2914807224184168,0.1965370355088092,0.7504421086774302,0.4853933853863707,1.1602205045047176,3608.123118180746,False,-0.06501773366174712,-0.0699576748730264,-0.27647247611780784,0.2231890111127986,-1.2387369554591559,0.21544292809562815,0.7584544944565378,0.4897192859287842,1.1746591091880674,3604.9087150935375,False,-0.06229062215620783,-0.06868105577516664,95,0.8622992302965494,False,False,0.8019984861985728,False,False,0.8232975292663921,False,False,3604.9087150935375,6.788560046001749,3.214403087208666,0.0995073966923331,0.7862820361679105,0.12655433052661438,low,-3.720392635980821,-4.056416506391414,-0.07440785271961642,-0.08112833012782827,-6.501773366174712,-6.99576748730264,-0.13003546732349425,-0.1399153497460528,-6.229062215620782,-6.868105577516665,-0.12458124431241566,-0.1373621115503333
f46a9329-7b91-441d-8653-50c1152c9120,"Kellan, Planar Trailblazer",-0.09013688702577335,0.20668944921363433,-0.43609815289897946,0.662765517260069,0.9138060885117719,0.6094196260101373,1.3702242785782779,3615.2778503674954,False,-0.02065723064211901,-0.022520658983755826,-0.2510379685379175,0.21327855945128754,-1.1770426862586445,0.23917846910571816,0.7779928317478374,0.512187789376568,1.1817400937803564,3608.400212122194,False,-0.05694453626262481,-0.06139551984844155,-0.2766974887185753,0.2140582874504324,-1.2926268448384541,0.19614015037257593,0.7582838518372661,0.49845013128776033,1.153564547112559,3604.7678053458485,False,-0.06235453604354603,-0.06876607379422439,107,0.9187714246411036,False,False,0.8265908750959274,False,False,0.8107251371076528,False,False,3604.7678053458485,6.8776382453015685,3.632406776345306,0.15552223667450582,0.8166942573656252,0.1904289582936056,low,-2.065723064211901,-2.252065898375583,-0.04131446128423802,-0.04504131796751165,-5.694453626262481,-6.139551984844155,-0.11388907252524962,-0.1227910396968831,-6.235453604354603,-6.876607379422439,-0.12470907208709206,-0.13753214758844878
bdb41396-5008-4a5f-92ca-54ecac42e926,Cave of the Frost Dragon,-0.2751327713076641,0.34206227968697944,-0.8043353144913774,0.42120334780082436,0.7594712805355587,0.38845620673925363,1.4848433773269294,3614.820826561805,False,-0.06277040755453653,-0.06836983614925934,-0.3041130197791862,0.3528712373068176,-0.861824335982259,0.3887841909663826,0.7377774782907393,0.3694497121420111,1.4733144717238682,3609.0436313979867,False,-0.06887418496469683,-0.07399552874494408,-0.28048514087715853,0.3546546306788839,-0.7908684015777566,0.4290207892284543,0.7554171687953343,0.3769630085113693,1.5138225396817613,3605.813493501272,False,-0.06322677937499374,-0.06967225123892956,37,0.8520746160894617,False,False,0.9146018098042583,False,False,0.9142445210655071,False,False,3605.813493501272,5.7771951638183054,3.2301378967144956,0.021693802244819427,0.7508886425405441,0.028890838156002702,low,-6.277040755453653,-6.836983614925934,-0.12554081510907306,-0.1367396722985187,-6.8874184964696825,-7.399552874494408,-0.13774836992939365,-0.14799105748988817,-6.322677937499374,-6.967225123892956,-0.12645355874998748,-0.13934450247785912
0f7585c8-9e21-4eef-afc1-2852de23db2f,Polluted Delta,-0.3088247700123113,0.15149014204976813,-2.0385799751303617,0.041491965466294044,0.7343094317859264,0.5456675080030587,0.9881664817886638,3611.295550539562,False,-0.07035815713186483,-0.07672386723473446,-0.2920946450497411,0.15354563576205257,-1.9023311447444582,0.05712787647193952,0.7466978613726781,0.5526424276867892,1.0088941207650597,3606.1541524358836,False,-0.06618297257986082,-0.07132470762849641,-0.2847037201010949,0.154034751337222,-1.8483083695691802,0.06455774565216761,0.7522370940364619,0.5562086236476281,1.0173532404684675,3603.011231791373,False,-0.06416498046925471,-0.07077210359411884,206,0.4336811642568359,True,False,0.7628416482230934,False,False,0.7105541981065335,False,False,3603.011231791373,5.141398103678512,3.1429206445104683,0.017927662250535437,0.7444147957316888,0.02408289350685763,low,-7.035815713186483,-7.672386723473446,-0.14071631426372966,-0.1534477344694689,-6.6182972579860815,-7.132470762849641,-0.13236594515972164,-0.14264941525699282,-6.416498046925471,-7.077210359411884,-0.12832996093850943,-0.14154420718823768
e419cd0b-2449-4cc5-9ead-b9e45e271700,"Phlage, Titan of Fire's Fury",-0.0632990489354996,0.26114261054145166,-0.24239264823253356,0.808475930416755,0.9386627256236295,0.5626269026728549,1.5660248528632812,3615.409233574069,False,-0.014512048616899741,-0.015819846019078154,-0.2836175597207252,0.269900845644891,-1.0508213082588165,0.29334066736571196,0.7530545880490831,0.44369263615526117,1.2781172513833028,3608.679110672266,False,-0.06428738172650154,-0.06913589225315381,-0.28895547257804494,0.2709273560280363,-1.0665422525591806,0.2861785891644001,0.7490455577277298,0.44044350650819974,1.273873355517844,3605.2985282434697,False,-0.0651199380892479,-0.07174270146741768,64,0.9362038985902353,False,False,0.8585974814893607,False,False,0.84832149739301,False,False,3605.2985282434697,6.730122901803043,3.3805824287960604,0.18961716789589966,0.8135876238001475,0.23306299450602003,low,-1.4512048616899742,-1.5819846019078154,-0.029024097233799482,-0.03163969203815631,-6.428738172650155,-6.913589225315381,-0.1285747634530031,-0.13827178450630762,-6.511993808924791,-7.174270146741768,-0.1302398761784958,-0.14348540293483536
01978fe5-00a9-4add-ae2a-b4c2572ffb9a,Vendilion Clique,-0.39576593323213294,0.24311090851741776,-1.6279233854443769,0.10354113208493711,0.6731642428769895,0.4180044026211889,1.0840797251095273,3612.786218580946,False,-0.08987788124553336,-0.09777201389502377,-0.31391686284994813,0.2469212322946881,-1.2713238952059989,0.20361344487385513,0.7305797639541501,0.45028143610190624,1.1853626392417074,3608.153994953749,False,-0.0711179208632387,-0.07649082145765757,-0.2899017560155898,0.24955268351964371,-1.161685588497268,0.2453632017401406,0.7483370835840266,0.45885316791272296,1.220452270634784,3605.0776789985775,False,-0.065369793765712,-0.07203601037391943,79,0.6111675672624164,False,False,0.8121158941197176,False,False,0.8252844693988077,False,False,3605.0776789985775,4.6322236271967085,3.0763159551715944,0.07517284070703711,0.7173603634717222,0.10479090361674322,low,-8.987788124553337,-9.777201389502377,-0.17975576249106673,-0.19554402779004754,-7.11179208632387,-7.649082145765757,-0.1422358417264774,-0.15298164291531513,-6.5369793765712005,-7.203601037391944,-0.130739587531424,-0.14407202074783887
fd6ddbca-b943-49d6-b341-509bb72dd5a6,Primeval Titan,-0.13783721117190859,0.33764538758082085,-0.4082306948111798,0.6831043151351958,0.8712405084237518,0.4494987657826394,1.6886809960353266,3615.3013872680667,False,-0.03156694330920084,-0.03440709692282712,-0.2364552579716484,0.35046079885996667,-0.6746981652179839,0.4998675504879304,0.7894212018176227,0.39718289021348874,1.5690148020832742,3609.330757776789,False,-0.053677505934936025,-0.057892435035753476,-0.2918833964763101,0.3520699643767514,-0.8290494106562427,0.4070764483774644,0.7468556168929047,0.37458350384732914,1.4891027147629647,3605.751908070908,False,-0.06576310541747014,-0.07248075497908812,39,0.9254734283166913,False,False,0.9261193606096347,False,False,0.9060129904095918,False,False,3605.751908070908,5.9706294912775775,3.5788497058811117,0.12438489153084709,0.8025057757114263,0.15499563404460126,low,-3.1566943309200837,-3.440709692282712,-0.06313388661840168,-0.06881419384565424,-5.367750593493603,-5.789243503575348,-0.10735501186987205,-0.11578487007150695,-6.576310541747015,-7.248075497908813,-0.1315262108349403,-0.14496150995817625
bfa4e927-1d6f-4a64-9801-7d168a5ef3f6,Astrologian's Planisphere,-0.33683394707630854,0.2608969410371251,-1.291061312322469,0.19668241789576169,0.7140273963958889,0.42818841791078616,1.1906793866388905,3613.7874879330266,False,-0.07668417907630919,-0.08347598348654206,-0.3041000984017435,0.2647206845935724,-1.1487583558822787,0.25065563554099024,0.7377870114535956,0.439133136267248,1.239554998961316,3608.4564132704077,False,-0.06889912163349439,-0.07403752872675268,-0.2929255699851467,0.2657281420755207,-1.1023505741514439,0.2703092903455404,0.7460776692027026,0.4431917632470409,1.2559617182521132,3605.2156251192455,False,-0.06602379870034204,-0.0727324794786996,65,0.7195825262322765,False,False,0.8273558002976363,False,False,0.8369038408420719,False,False,3605.2156251192455,5.331074662618903,3.240788151162178,0.03205027280681372,0.7326306923507291,0.04374683335198088,low,-7.668417907630919,-8.347598348654206,-0.15336835815261837,-0.16695196697308412,-6.889912163349439,-7.403752872675268,-0.13779824326698878,-0.14807505745350535,-6.602379870034205,-7.27324794786996,-0.13204759740068409,-0.1454649589573992
aeb4612c-758b-4492-ba03-eb6741b4176e,Sear,-0.2404441979862083,0.383394381882897,-0.6271458564555831,0.5305636305161758,0.7862785201487825,0.37087240903716,1.6669719725238838,3615.073340571381,False,-0.054929167470076604,-0.0598323523858868,-0.23109808397982357,0.3829720887068309,-0.6034332286725248,0.5462205224915744,0.7936616167274184,0.3746648530413801,1.6812325916165132,3609.420769877063,False,-0.05247794297084633,-0.05660859990735517,-0.2940832215573863,0.38630648402603,-0.7612691831948916,0.44649630317934863,0.7452144709537439,0.3495027215880201,1.588956461327608,3605.857289457197,False,-0.06626706999714051,-0.0730239605705012,30,0.8632715278190844,False,False,0.9261193606096347,False,False,0.9250325825036135,False,False,3605.857289457197,5.652570694318001,3.563480419865755,0.04844714577367448,0.775051535943315,0.06250828948388507,low,-5.49291674700766,-5.98323523858868,-0.10985833494015321,-0.1196647047717736,-5.247794297084632,-5.660859990735517,-0.10495588594169265,-0.11321719981471035,-6.626706999714051,-7.30239605705012,-0.13253413999428101,-0.1460479211410024
1785cb18-c291-4fd5-b8c7-ace893c32e49,Mesmeric Fiend,-0.34137092789102114,0.16945644733727983,-2.0145053980245975,0.043956498705823875,0.7107952055355582,0.5099178907921917,0.9908062324062173,3611.3773615311256,False,-0.07773014724399185,-0.08465866978894082,-0.3361813759051345,0.17359587639452198,-1.9365746634506067,0.05279735756969878,0.7144935021572556,0.508429206399747,1.0040748214286581,3606.005658010379,False,-0.07609856362307386,-0.08193740078422596,-0.29816674826753437,0.17441184134027604,-1.7095556470034252,0.08734807325702756,0.7421775726046481,0.5272850645187712,1.0446484953637796,3603.495724290233,False,-0.06722413231699456,-0.07411684201362406,165,0.4336811642568359,True,False,0.7628416482230934,False,False,0.7166441943257827,False,False,3603.495724290233,5.3717035207464505,2.509933720146364,0.03138236706908992,0.722488760099154,0.04343647791113459,low,-7.773014724399186,-8.465866978894082,-0.1554602944879837,-0.16931733957788164,-7.6098563623073865,-8.193740078422596,-0.15219712724614773,-0.1638748015684519,-6.7224132316994565,-7.411684201362406,-0.13444826463398912,-0.14823368402724812
5f608efc-0dbc-4cc3-aadd-ed473bfc29ab,Portal to Phyrexia,-0.42612451426337117,0.1929870278397023,-2.20804744771403,0.02724096579687877,0.6530350248831238,0.4473656146481892,0.9532577600079266,3610.538541923058,False,-0.09660956460360232,-0.1051494174681264,-0.30928025544045007,0.20269899175139572,-1.5258105270684972,0.12705705824095648,0.7339750407009176,0.4933332946653257,1.0919987890486442,3607.4425631074055,False,-0.07009426672104618,-0.0757241669289202,-0.3016972529082992,0.20360288546330785,-1.481792619106419,0.1383954836231857,0.7395619312241919,0.4962085839909047,1.1022619675722534,3604.228903835522,False,-0.0680153137937308,-0.07506770530556345,123,0.41496513490710435,True,False,0.7803239175511554,False,False,0.7748948686229261,False,False,3604.228903835522,3.0959788156524155,3.2136592718834436,0.08652690634106808,0.7088573322694112,0.12206533303965644,low,-9.660956460360232,-10.514941746812639,-0.19321912920720463,-0.2102988349362528,-7.009426672104619,-7.57241669289202,-0.14018853344209237,-0.1514483338578404,-6.801531379373079,-7.506770530556345,-0.1360306275874616,-0.1501354106111269
ff590af2-2d6c-4f16-a9b8-1a6dab6e9ad5,Echo of Eons,-0.35519032330270917,0.24428893985370925,-1.4539762770897955,0.14595288339379084,0.701040006261572,0.43431002985103756,1.1315812590093486,3613.331546782614,False,-0.08082096072011949,-0.08794894421342253,-0.3144338410431031,0.253777462901819,-1.2390140458010281,0.21534029648377706,0.7302021677607343,0.4440413153314735,1.200778367671597,3608.237158095969,False,-0.07123106121125503,-0.07669851696711705,-0.30185369361721154,0.2551203263136679,-1.1831816695236015,0.2367371560694832,0.7394462426808214,0.448480743748035,1.2191844431161931,3605.0271712883705,False,-0.06803300995292742,-0.07500277832868524,80,0.6488138646109055,False,False,0.8203114330813042,False,False,0.8232975292663921,False,False,3605.0271712883705,5.0943886866452885,3.2099868075983977,0.03840623641924934,0.7235628055677092,0.05307934034712537,low,-8.082096072011948,-8.794894421342253,-0.16164192144023898,-0.17589788842684506,-7.1231061211255025,-7.669851696711705,-0.14246212242251005,-0.1533970339342341,-6.803300995292743,-7.500277832868524,-0.13606601990585485,-0.15000555665737048
ebeafbc2-0399-4335-8f63-76a3e085e8c6,Evolved Sleeper,-0.36443567045336056,0.1921813739028682,-1.8963110891149766,0.05791892080345401,0.6945885171196969,0.4765840584801322,1.0123150355744683,3611.8530704222458,False,-0.08283426165508562,-0.09024109604572844,-0.31675475071960885,0.19424884937421028,-1.6306647464840183,0.10296107913369915,0.728509399624605,0.49783703448951655,1.0660636083163446,3607.116415838869,False,-0.07171242691675876,-0.07714260526413391,-0.30307835638630704,0.19521859736987981,-1.5525076015788897,0.12054081526778784,0.7385412246816991,0.5037340608414946,1.0827998004406805,3604.018695045239,False,-0.0682755303906416,-0.07525751652328433,126,0.4858954417810549,False,False,0.7776596220707381,False,False,0.7748948686229261,False,False,3604.018695045239,4.7366545833765485,3.0977207936302875,0.0439527075620022,0.7205463804753337,0.06099913725610176,low,-8.283426165508562,-9.024109604572844,-0.16566852331017123,-0.18048219209145688,-7.171242691675876,-7.714260526413391,-0.14342485383351752,-0.15428521052826782,-6.82755303906416,-7.525751652328433,-0.1365510607812832,-0.15051503304656866
553fb946-2706-475b-89f9-e4355ec9ea2b,March of Otherworldly Light,-0.2019649175656869,0.24811744515065762,-0.8139891874311911,0.4156511452324133,0.8171235941242105,0.5024419791663617,1.3288916845329735,3614.7954370450007,False,-0.046249700697763255,-0.0503338664332274,-0.28290922837200866,0.2540935090913154,-1.1134059637483205,0.26553411482576483,0.7535881891819877,0.45797874410731093,1.2400033105936492,3608.52234081237,False,-0.0642400643282606,-0.06897248356266128,-0.3048981721855819,0.2549983782914826,-1.1956867107486466,0.23181883923882785,0.7371984378755089,0.447224312019987,1.2151878200704853,3604.9795498989733,False,-0.0687976773059838,-0.0756511928762631,82,0.8478266479205495,False,False,0.8504265085917619,False,False,0.8232975292663921,False,False,3604.9795498989733,6.273096232630451,3.542790913396857,0.07992515624870167,0.7693034070605691,0.10389289260278678,low,-4.624970069776325,-5.03338664332274,-0.09249940139552651,-0.1006677328664548,-6.42400643282606,-6.897248356266128,-0.1284801286565212,-0.13794496712532256,-6.879767730598379,-7.56511928762631,-0.1375953546119676,-0.1513023857525262
9e7fb3c0-5159-4d1f-8490-ce4c9a60f567,"Urza, Lord High Artificer",-0.3497018201244051,0.15368132345585442,-2.275499795685052,0.022875964922331602,0.7048982448560982,0.5215671685414891,0.9526702706205373,3610.225844721228,False,-0.07971019509450801,-0.0867228419193864,-0.2553319109180805,0.15718336384615228,-1.624420706303206,0.10428605083354321,0.7746593373943677,0.5692638158547653,1.054163416501747,3607.12594955864,False,-0.058043103072971204,-0.06268367849153128,-0.3056317788450045,0.1586754507155445,-1.9261440724873486,0.05408638685982763,0.7366578225159272,0.5397573122261599,1.005386560185273,3602.6938187460682,False,-0.06897513110494688,-0.0760303704941741,201,0.412385637924194,True,False,0.7776596220707381,False,False,0.6686376194670945,False,False,3602.6938187460682,3.099895162587927,4.432130812571813,0.06976109253826945,0.7387384682554643,0.09443273301173923,low,-7.971019509450801,-8.67228419193864,-0.15942039018901602,-0.1734456838387728,-5.80431030729712,-6.268367849153128,-0.11608620614594241,-0.12536735698306256,-6.897513110494688,-7.60303704941741,-0.13795026220989376,-0.1520607409883482
4720b4f2-e6af-4223-9250-a0ed21ed5693,Pest Infestation,-0.28839972799108293,0.16564857855160517,-1.741033521161406,0.08167770287692938,0.7494619514353824,0.5416848295605218,1.0369373222156562,3612.4088995520947,False,-0.0658628391134028,-0.07169018448419984,-0.2805674118699767,0.16877367105021363,-1.6623885119291038,0.09643490083073893,0.7553550224313221,0.5426103483645265,1.051511847556802,3606.9998141081774,False,-0.06369038959758444,-0.06856319115094911,-0.30902154928306064,0.1701937010499776,-1.8157049724908212,0.06941564088897624,0.7341649491274975,0.5259226115806872,1.024862138761052,3603.1133574562023,False,-0.06968188234780778,-0.07677639448002288,172,0.5391774096873768,False,False,0.7761883269753548,False,False,0.7166441943257827,False,False,3603.1133574562023,5.40908544391732,3.886456651975095,0.021190073303824608,0.746327307664734,0.028392466798687257,low,-6.58628391134028,-7.169018448419983,-0.1317256782268056,-0.14338036896839967,-6.369038959758444,-6.8563191150949105,-0.12738077919516888,-0.13712638230189822,-6.968188234780778,-7.677639448002288,-0.13936376469561557,-0.15355278896004576
9b76bcd4-580a-4435-afe9-290940b1837f,Spell Queller,-0.4133813463379706,0.39562952814428104,-1.0448698009902226,0.296083148814263,0.6614100084443322,0.3045819124814384,1.4362743857844515,3614.3625662403565,False,-0.09375638263907989,-0.10194218767591379,-0.34821779159386956,0.4026315772358478,-0.8648546494650505,0.3871185715369888,0.7059451105597454,0.32065943058700813,1.5541676045856572,3609.02997325139,False,-0.07874654696158313,-0.08437938253697908,-0.31050404333967413,0.40528031857410396,-0.7661463661302853,0.44358921708426613,0.7330773603250008,0.331259418875468,1.6223007878399358,3605.846161762066,False,-0.06993736292196938,-0.07699369870918432,28,0.7960042095188636,False,False,0.9146018098042583,False,False,0.9250325825036135,False,False,3605.846161762066,5.332592988966553,3.1838114893239435,0.07166735188066864,0.7001441597763595,0.10236085080472666,low,-9.37563826390799,-10.194218767591378,-0.18751276527815977,-0.20388437535182757,-7.874654696158314,-8.437938253697908,-0.15749309392316627,-0.16875876507395815,-6.993736292196938,-7.699369870918432,-0.13987472584393876,-0.15398739741836864
7a4e1580-dd26-4f4b-ac98-3e6fa7b879d5,Patchwork Automaton,-0.4803459310838928,0.47621516772711986,-1.008674153275059,0.31313093143345727,0.6185693724168324,0.24323489417871172,1.5730804981090667,3614.435839154666,False,-0.1085182716949242,-0.11787661697735768,-0.32146531176417803,0.4814214978374543,-0.6677419126653056,0.5042983510086212,0.7250857815377892,0.28222477600062895,1.8628746846346864,3609.3350847146803,False,-0.07277595129807178,-0.07820672173795462,-0.3120605820406862,0.4816122034878366,-0.6479499061293356,0.5170173507053072,0.7319371846368141,0.28478507646302637,1.8811801829918564,3606.0143241098685,False,-0.07027994922207458,-0.07744721474166,19,0.8057819199874549,False,False,0.9261193606096347,False,False,0.9312862544381997,False,False,3606.0143241098685,5.100754439985849,3.320760604811767,0.11336781221998171,0.6918641128638119,0.163858494915601,low,-10.85182716949242,-11.787661697735768,-0.2170365433898484,-0.23575323395471537,-7.277595129807178,-7.820672173795462,-0.14555190259614356,-0.15641344347590924,-7.027994922207458,-7.744721474166,-0.14055989844414915,-0.15489442948332
1163fe84-c5d5-42c8-b7cd-d206a9b0bd3f,Tireless Provisioner,-0.28739070755348894,0.2113932100790522,-1.359507750726794,0.17398574811714962,0.7502185555118751,0.4957312175155516,1.135348876867267,3613.608281304236,False,-0.06556699181292112,-0.07140913180534186,-0.32035879020673985,0.21737555434744654,-1.473757208663344,0.14054697349100503,0.7258885486436986,0.4740630843826797,1.1114853748593347,3607.6051600517394,False,-0.07253848361975378,-0.0778868446226289,-0.3122684404448674,0.2185440450103903,-1.4288581527353954,0.1530450072627248,0.7317850611522747,0.47682069097789137,1.1230833431900469,3604.389147252009,False,-0.07033634825083608,-0.07745158731612006,103,0.6866774792552591,False,False,0.7803239175511554,False,False,0.7779245756363491,False,False,3604.389147252009,6.003121252496385,3.216012799730379,0.024330006868176546,0.7359640551026162,0.03305868907522146,low,-6.556699181292112,-7.140913180534186,-0.13113398362584225,-0.14281826361068373,-7.253848361975377,-7.78868446226289,-0.14507696723950755,-0.1557736892452578,-7.033634825083608,-7.7451587316120065,-0.14067269650167216,-0.15490317463224013
5da578b8-19e6-4068-9336-e7cd33c585f1,Retrofitter Foundry,-0.4428725944028007,0.17948531671516207,-2.4674586339874613,0.013607594284361776,0.6421890203516034,0.4517330752075318,0.9129434183465254,3609.284856230168,False,-0.10039655668833777,-0.10920567117191377,-0.3229302985218702,0.18515249283462656,-1.7441315187168625,0.08113615917186344,0.7240243181743726,0.5036724190260321,1.0407780801687525,3606.7107037029255,False,-0.07319829900967696,-0.07895599889339977,-0.31246151022999846,0.18640073701796503,-1.6762890277621805,0.0936815930525161,0.7316437892058669,0.50772924550136,1.0543072691330428,3603.600017538458,False,-0.07045668707377567,-0.07770592939369658,146,0.3946202342464915,True,False,0.7731116881090416,False,False,0.7166441943257827,False,False,3603.600017538458,2.574152527242404,3.110686164467552,0.08945476885426351,0.6992857092439477,0.12792306159234976,low,-10.039655668833777,-10.920567117191377,-0.20079311337667555,-0.21841134234382753,-7.319829900967696,-7.895599889339977,-0.14639659801935392,-0.15791199778679954,-7.045668707377567,-7.770592939369658,-0.14091337414755134,-0.15541185878739316
4dea7bcc-3ff8-40b0-8264-0cd678d6ff31,Scourge of the Skyclaves,-0.3448373586125394,0.34059743736405884,-1.0124484825290936,0.31132366714834736,0.7083355487762243,0.36334287334966,1.3808974565389927,3614.425874139762,False,-0.07850034200824972,-0.08539992518561346,-0.3541437524415506,0.34427414061105377,-1.028667886042731,0.30363576555076066,0.7017740783668663,0.3573923546587419,1.37800053819819,3608.710120183273,False,-0.08009077441698849,-0.0857672876574525,-0.31893364607026925,0.3461506546363783,-0.9213723614225149,0.35685605351532557,0.7269237819556551,0.3688412555901605,1.4326439267950735,3605.5769272897396,False,-0.07183343512002366,-0.07907603921221651,38,0.8048561472401073,False,False,0.8635797843000993,False,False,0.8947904410224979,False,False,3605.5769272897396,5.715753956489152,3.1331928935333053,0.025149703588788763,0.7123444696995819,0.03530553637820082,low,-7.850034200824972,-8.539992518561345,-0.15700068401649944,-0.1707998503712269,-8.00907744169885,-8.576728765745251,-0.16018154883397698,-0.171534575314905,-7.183343512002366,-7.907603921221651,-0.14366687024004732,-0.15815207842443302
07246783-d475-4f61-99ac-e2b574072349,Voice of Resurgence,-0.18540849336457693,0.2603113461555007,-0.7122566730296132,0.47630584849644997,0.8307648525993279,0.49876575024935377,1.3837562823215872,3614.9552595414734,False,-0.04245230786304895,-0.04622918060717601,-0.2810883485027771,0.2684316033121745,-1.0471507267938318,0.29503006655775654,0.7549616328037982,0.4460990390361827,1.2776693449894374,3608.6749679031127,False,-0.06378434053931072,-0.0685364513943964,-0.3189497669654823,0.269715659071749,-1.182540784110114,0.23699119283230474,0.7269120633879955,0.42844519072754095,1.2332992861974188,3605.020111964272,False,-0.07187299081367753,-0.07907818302888792,69,0.8622992302965494,False,False,0.8585974814893607,False,False,0.8232975292663921,False,False,3605.020111964272,6.280291638360723,3.654855938840683,0.10385278921133234,0.7708795162637072,0.13471987129024418,low,-4.245230786304895,-4.622918060717601,-0.0849046157260979,-0.09245836121435203,-6.3784340539310715,-6.8536451394396405,-0.12756868107862143,-0.1370729027887928,-7.187299081367753,-7.907818302888792,-0.14374598162735505,-0.15815636605777583
1b6ef5f5-4058-4f89-a573-9e2da87a9f2e,Steel Seraph,-0.33866011828662834,0.3326494333600626,-1.018069127206538,0.30864510581085824,0.7127246500022345,0.371334127798384,1.3679766783962655,3614.4106123466927,False,-0.07713155350641704,-0.08389984867312827,-0.3136709277788729,0.3409438053708305,-0.9200077046060595,0.357568733026973,0.7307594612363506,0.3745908983294251,1.4255802598727838,3608.9250078935856,False,-0.0710705983087847,-0.07625746663746913,-0.3194772330419618,0.3410048249557934,-0.9368701251760225,0.34882536814034926,0.7265287430371027,0.37237767291487567,1.4174964098337224,3605.5455369833567,False,-0.07196760319501835,-0.07920609011811247,42,0.8048561472401073,False,False,0.9087451152849259,False,False,0.8947904410224979,False,False,3605.5455369833567,5.485604453107044,3.3794709102289744,0.0180348112341161,0.7233376180918959,0.0249327710643481,low,-7.713155350641704,-8.389984867312828,-0.15426310701283408,-0.16779969734625655,-7.1070598308784705,-7.625746663746913,-0.1421411966175694,-0.15251493327493826,-7.196760319501835,-7.920609011811247,-0.1439352063900367,-0.15841218023622494
74b4c336-5d4c-4bc5-b82a-35084a6ad808,Spellseeker,-0.47149208918617697,0.26348831237218995,-1.7894231624216093,0.073546691818697,0.624070404541652,0.37234695619633795,1.045970333162647,3612.1928309162604,False,-0.10666628885114529,-0.11588435400117253,-0.34592154277250553,0.2682545311980984,-1.2895273053824103,0.19721482983782457,0.7075679987522742,0.418239759355439,1.1970465783307351,3608.094704526655,False,-0.07829382800329564,-0.08415742621647804,-0.320981797645758,0.27078867290461955,-1.185359026294346,0.235875524704785,0.7254364555213075,0.4266771688536335,1.2333869478257564,3605.011714444864,False,-0.07231766781528251,-0.07967782546317076,66,0.5391774096873768,False,False,0.8019984861985728,False,False,0.8232975292663921,False,False,3605.011714444864,4.098126389605568,3.08299008179074,0.10136605097965556,0.6856916196050779,0.1478303775070739,low,-10.666628885114529,-11.588435400117254,-0.21333257770229058,-0.23176870800234506,-7.829382800329563,-8.415742621647803,-0.15658765600659127,-0.16831485243295607,-7.231766781528251,-7.967782546317076,-0.14463533563056502,-0.15935565092634152
85a89077-b384-4fca-9d26-7297962c1541,Kappa Cannoneer,-0.4018720300461064,0.18432552632962232,-2.180229933685115,0.02924042180005083,0.6690663606034798,0.46619556679861834,0.9602189011903586,3610.619913877255,False,-0.09140432299402233,-0.09932566827339462,-0.29222479971576465,0.18871548754566725,-1.5484939975848522,0.12150340577317315,0.7466006814862557,0.5157633950913745,1.080752497949158,3607.353984254966,False,-0.06635943137732941,-0.07154495644282166,-0.32201577808864645,0.19048009108386285,-1.6905482155973575,0.09092312212339544,0.7246867560678195,0.49889643163157293,1.052665164797029,3603.538150471384,False,-0.07263588084206192,-0.08002034962113586,143,0.41496513490710435,True,False,0.7803239175511554,False,False,0.7166441943257827,False,False,3603.538150471384,3.26592962228915,3.8158337835816383,0.0775343208827759,0.7134512660525183,0.1086750063697672,low,-9.140432299402233,-9.932566827339462,-0.18280864598804467,-0.19865133654678924,-6.635943137732942,-7.154495644282166,-0.13271886275465883,-0.14308991288564332,-7.263588084206192,-8.002034962113585,-0.14527176168412384,-0.1600406992422717
1e2fee55-227b-4373-a3f7-b463f220033f,Tinker,-0.4103583711543865,0.16112580943482951,-2.5468196100536207,0.010870961201642873,0.6634124596412412,0.48376067986252397,0.9097806207241036,3608.9172449210746,False,-0.09311869636567609,-0.10143270715279656,-0.29612337958601853,0.17270049348416175,-1.714664351049905,0.0864067830799972,0.7436956654961522,0.5301388387610474,1.043279990898873,3606.8325329376485,False,-0.06716098884442334,-0.07275051875574867,-0.32212326252092555,0.17385015766876305,-1.8528787482302285,0.06389973979285568,0.7246088677092314,0.5153703185626499,1.0187975369385323,3602.9885354138337,False,-0.07257637119954642,-0.08018674891722677,182,0.3912931389713562,True,False,0.7761883269753548,False,False,0.7105541981065335,False,False,3602.9885354138337,2.084711983426132,3.843997523814778,0.080283205854911,0.710572330948875,0.11298386154116562,low,-9.311869636567609,-10.143270715279657,-0.18623739273135217,-0.20286541430559313,-6.716098884442334,-7.275051875574867,-0.13432197768884668,-0.14550103751149734,-7.257637119954643,-8.018674891722677,-0.14515274239909284,-0.16037349783445354
e2312c49-1627-47ad-8113-78a999a97d8d,Contaminated Landscape,-0.41944998661406585,0.20760268132920146,-2.020445901413634,0.04333715627636311,0.6574083037625327,0.43764323082543827,0.9875296758064454,3611.315426493531,False,-0.095205692625196,-0.10351901503425831,-0.3250816704311512,0.20974483962193938,-1.5498911487744063,0.12116764446180958,0.7224683469311662,0.4789392309605351,1.089826179556508,3607.3512029676976,False,-0.07366208184608737,-0.07920706825378065,-0.3231899158195198,0.21251525909416735,-1.5207845177663761,0.12831392089175073,0.7238363733353769,0.4772476102874217,1.0978349269214138,3604.095635782136,False,-0.07283245503342262,-0.08020562328641029,109,0.4336811642568359,True,False,0.7803239175511554,False,False,0.7748948686229261,False,False,3604.095635782136,3.964223525833404,3.255567185561631,0.0664280695728442,0.7012376746763586,0.09472974994320245,low,-9.5205692625196,-10.35190150342583,-0.190411385250392,-0.20703803006851662,-7.3662081846087375,-7.9207068253780655,-0.14732416369217474,-0.1584141365075613,-7.283245503342261,-8.020562328641029,-0.14566491006684523,-0.16041124657282058
39b41cb3-ca3d-4389-8f66-e1f77f5fb683,Fact or Fiction,-0.3782597554903948,0.3343383897758372,-1.1313680003783158,0.25790023414007446,0.6850525313963844,0.35573720837110395,1.3192237408098881,3614.1960529721628,False,-0.08588466959832661,-0.09349952656915023,-0.352138812177859,0.33680592039258567,-1.0455244128945271,0.2957806635084872,0.7031825049063403,0.3633900818129033,1.360702066329202,3608.698428748994,False,-0.07956594800620101,-0.08535935585360943,-0.32381652635030855,0.3410936354225497,-0.9493478995852909,0.3424436992798856,0.7233829519154312,0.3707007847901331,1.411604497730244,3605.5407025098007,False,-0.07285528372619617,-0.08027766152283711,39,0.7752566964578506,False,False,0.8585974814893607,False,False,0.8859266282352715,False,False,3605.5407025098007,5.497624223168714,3.15772623919338,0.03833042051904678,0.7038726627393853,0.05445646996698171,low,-8.58846695983266,-9.349952656915022,-0.17176933919665321,-0.18699905313830045,-7.956594800620101,-8.535935585360942,-0.15913189601240202,-0.17071871170721886,-7.285528372619616,-8.02776615228371,-0.14571056745239233,-0.16055532304567421
6aa5cc65-f8f1-4f6f-8b4e-2fedccbda684,"Rofellos, Llanowar Emissary",-0.21034422931860522,0.2282200420566448,-0.9216729057757216,0.35669921730636034,0.8103052671266281,0.5180645079523691,1.2673993602231546,3614.6139650250598,False,-0.048112642474389095,-0.05241057687783318,-0.33864201039283015,0.25146240370630124,-1.3466904213178184,0.17807995853199765,0.7127375560613545,0.43539207950361436,1.1667525610467504,3607.9589358470103,False,-0.0766295071194939,-0.08213335649149117,-0.32538536820795677,0.2531620516704782,-1.285284923474574,0.1986927366503809,0.7222489682144912,0.4397350073673563,1.1862680099315226,3604.7756212549625,False,-0.07326087414154198,-0.08061821903946953,87,0.8143262135672359,False,False,0.7839301935032851,False,False,0.8107251371076528,False,False,3604.7756212549625,6.655029178049517,3.1833145920477364,0.09756771106527362,0.7484305971341579,0.13036307098998035,low,-4.81126424743891,-5.241057687783318,-0.09622528494877819,-0.10482115375566636,-7.6629507119493905,-8.213335649149117,-0.1532590142389878,-0.16426671298298234,-7.326087414154197,-8.061821903946953,-0.14652174828308395,-0.16123643807893906
054f2276-2dd5-43da-bb26-c57c560861fe,Steam Vents,-0.40370556295243765,0.155088194843018,-2.6030708743568325,0.009239285146118091,0.6678407293757526,0.4927869123510191,0.9050793124461817,3608.6348179692013,False,-0.09161280195923621,-0.09984387688880031,-0.3431617294838999,0.15992440722863305,-2.145774590824682,0.03189096678476036,0.7095234514187967,0.5186045835240266,0.9707271090671307,3605.1425002090505,False,-0.07764908256735158,-0.08379018165607499,-0.334369173714256,0.16068117775643947,-2.080947988949227,0.03743866696586225,0.7157894827820223,0.5224090997142006,0.9807535587371159,3602.073909508361,False,-0.07526941252937773,-0.0830714330585326,197,0.38516269952879795,True,False,0.6647273389198488,True,False,0.6244000967008481,True,False,3602.073909508361,3.492317760150854,3.068590700689583,0.047948753406269695,0.6977178878588571,0.06872226474429928,low,-9.161280195923622,-9.98438768888003,-0.18322560391847242,-0.19968775377760062,-7.764908256735158,-8.3790181656075,-0.15529816513470315,-0.16758036331214998,-7.526941252937773,-8.307143305853259,-0.15053882505875546,-0.1661428661170652
1b406cc5-75c9-430a-83a2-de0f2a8aeae6,"Mole Man, Moloid Master",-0.503792493045988,0.5702402401526677,-0.8834741177001295,0.3769801606516744,0.6042347527609049,0.19760931309227595,1.8475831464154948,3614.6159885601382,False,-0.11379150094259895,-0.12339284864193162,-0.34028138060577506,0.5751625405187542,-0.5916264649274036,0.5541007479894255,0.7115700725725992,0.23047797828056113,2.1968778620776317,3609.4147352814316,False,-0.07703822970455794,-0.08256095974852945,-0.33441232956910105,0.5759716345346683,-0.5806055533260336,0.5615063286532203,0.7157585929415473,0.23146728492585078,2.213316510511536,3606.081865413238,False,-0.07530553796633085,-0.08284827128302485,20,0.8163823608917753,False,False,0.9261193606096347,False,False,0.9312862544381997,False,False,3606.081865413238,5.201253278706645,3.332869868193484,0.11152384018064243,0.6771878060916837,0.16468672232048925,low,-11.379150094259895,-12.339284864193163,-0.2275830018851979,-0.24678569728386324,-7.703822970455794,-8.256095974852945,-0.15407645940911588,-0.1651219194970589,-7.530553796633085,-8.284827128302485,-0.1506110759326617,-0.1656965425660497
d2e27911-87cb-49a0-a34f-6afe4bddd592,Phyrexian Metamorph,-0.38591566315116604,0.1563289331771579,-2.468613169091557,0.013563775554029685,0.6798278578019584,0.5004135751409109,0.9235679030359217,3609.337826617246,False,-0.08759958077435435,-0.09552837109685935,-0.33653328471248695,0.15865972340771214,-2.121100916378685,0.03391331085897723,0.7142421098372306,0.5233492045555184,0.9747636702686938,3605.267559320905,False,-0.07611789761087659,-0.08207761022301013,-0.3350251677378857,0.1593702124880854,-2.102181847582919,0.03553734930385832,0.7153200831376539,0.5234096854347063,0.9775952481947164,3601.9989552550733,False,-0.07536635503751754,-0.08316631133287111,196,0.3946202342464915,True,False,0.6801242485846493,True,False,0.6244000967008481,True,False,3601.9989552550733,4.070267296340717,3.2686040658318234,0.035492225335695515,0.7031300169256144,0.050477471422543906,low,-8.759958077435435,-9.552837109685935,-0.1751991615487087,-0.1910567421937187,-7.611789761087659,-8.207761022301014,-0.15223579522175318,-0.16415522044602027,-7.536635503751754,-8.31663113328711,-0.15073271007503508,-0.16633262266574222
b3da28c7-6e92-439d-a163-91682d4f11dc,Shattered Landscape,-0.3126250023967945,0.21655656288692654,-1.4436182317874588,0.14884639357227908,0.7315241809552192,0.47851110249345064,1.118318100737336,3613.3788110698683,False,-0.07121370527869093,-0.07758922672611868,-0.32836358512134284,0.21711461144971192,-1.5123974518748518,0.13043278276959272,0.720101154037486,0.4705240414675524,1.1020598871606824,3607.4925742891382,False,-0.07428268214913981,-0.07977804744087935,-0.3408473339786452,0.21790697716372706,-1.5641873354176512,0.11777358050875693,0.7111674710275906,0.46396553421697534,1.0900791859493137,3603.985848541396,False,-0.07663355790646144,-0.08443735959415732,93,0.6488138646109055,False,False,0.7803239175511554,False,False,0.7748948686229261,False,False,3603.985848541396,5.886236780730087,3.5067257477421663,0.020356709927628613,0.7209309353400984,0.02823669914792234,low,-7.121370527869093,-7.758922672611868,-0.14242741055738187,-0.15517845345223735,-7.428268214913982,-7.977804744087935,-0.14856536429827963,-0.1595560948817587,-7.663355790646144,-8.443735959415733,-0.15326711581292288,-0.16887471918831465
07a3d9e8-8597-498b-869c-cff79e0df516,"Karn, Scion of Urza",-0.38211630408076735,0.19248068781392927,-1.9852189246650993,0.04712011967951344,0.682415680861352,0.4679571944041465,0.9951576064097716,3611.4596469783105,False,-0.08693880798794228,-0.09453146132089085,-0.3072698347283861,0.19674007598596435,-1.5618060183645912,0.11833369358183181,0.735452123606409,0.5001334162462635,1.081491075275092,3607.315208000783,False,-0.06970294203676351,-0.07501324213498939,-0.3429434093366591,0.19780675387815783,-1.7337295244625495,0.08296608536652493,0.7096783715936636,0.4815984290472868,1.0457745721973333,3603.390652985722,False,-0.07725560079135671,-0.08507320843566396,128,0.4426636595244432,True,False,0.7803239175511554,False,False,0.7166441943257827,False,False,3603.390652985722,4.144438977527443,3.9245550150608324,0.05303644274505703,0.7091820586871416,0.07478537012518285,low,-8.693880798794227,-9.453146132089085,-0.17387761597588455,-0.1890629226417817,-6.970294203676351,-7.501324213498939,-0.13940588407352703,-0.15002648426997878,-7.725560079135671,-8.507320843566395,-0.15451120158271342,-0.17014641687132792
54e0c2cd-fa5f-427d-8e15-6066f002a8e3,Chainsaw,-0.1194153604599083,0.2319441480574794,-0.5148453257390021,0.6066611092608882,0.887439117079128,0.5632532719384499,1.398213247500216,3615.2023894828108,False,-0.027362186395805982,-0.029821525584823205,-0.32321023273983573,0.23773612269126493,-1.3595335411420477,0.17397758142968867,0.7238216673588486,0.4542202650828579,1.1534443670023653,3607.9306960743115,False,-0.07316182563298573,-0.0785067716800052,-0.34642797537390513,0.2389495525744875,-1.449795455322786,0.14711556723882518,0.7072097539710739,0.44274154528213855,1.1296559842675424,3604.328645493968,False,-0.0779020470243107,-0.08575436121640623,84,0.9032208925826171,False,False,0.7839301935032851,False,False,0.7779245756363491,False,False,3604.328645493968,7.271693408499232,3.60205058034353,0.18022936310805415,0.7728235128030168,0.23320895407848752,low,-2.7362186395805983,-2.9821525584823205,-0.054724372791611964,-0.05964305116964641,-7.3161825632985735,-7.850677168000519,-0.14632365126597147,-0.1570135433600104,-7.790204702431069,-8.575436121640623,-0.1558040940486214,-0.17150872243281245
61a28870-cf78-4323-9d82-cee764067764,Lightning Greaves,-0.4255367614760524,0.2541035598934113,-1.6746587952351084,0.09400119629896607,0.6534189608578826,0.3970949973568933,1.075199489418054,3612.651375857771,False,-0.09640476973517034,-0.10492220600414548,-0.3393688280901906,0.2640341850715838,-1.2853215503067619,0.1986799425067972,0.7122197140032183,0.42448617952388396,1.194990427211977,3608.128790865694,False,-0.07675300120561679,-0.08243252982053295,-0.34859635653516186,0.2657057364160123,-1.3119639840570423,0.18953228689531443,0.7056779150690244,0.4192115474693898,1.1878998153134777,3604.7125908554876,False,-0.07836870397875273,-0.08636862361909653,69,0.5707309339508879,False,False,0.8019984861985728,False,False,0.8078829866104972,False,False,3604.7125908554876,4.5225849920771,3.4162000102064667,0.058800753145335616,0.6904388633100419,0.08516431543763073,low,-9.640476973517034,-10.492220600414548,-0.19280953947034069,-0.20984441200829096,-7.675300120561679,-8.243252982053296,-0.15350600241123358,-0.1648650596410659,-7.836870397875273,-8.636862361909653,-0.15673740795750546,-0.17273724723819306
af7091c9-5f98-4078-a42b-c9e057346d9b,Hallowed Fountain,-0.4057388835218062,0.17145813157707074,-2.3664021052243056,0.017961923844419206,0.6664841747062846,0.476257396757322,0.9326913516899371,3609.824405231112,False,-0.09204797584888637,-0.10028643630424516,-0.36159130481694635,0.17585782778568473,-2.056157006884062,0.03976738484977709,0.696566993250108,0.49348014829174175,0.9832322085601833,3605.528330363609,False,-0.08172847073225384,-0.08778418864514775,-0.3504365128712724,0.17687562848783006,-1.9812594638802046,0.04756218375648984,0.704380551424414,0.4980211441593905,0.9962467799683808,3602.486083113234,False,-0.07881070334004535,-0.08683244688540898,158,0.4019067836597793,True,False,0.6801242485846493,True,False,0.6588711023833289,True,False,3602.486083113234,4.296074867503194,3.0422472503746576,0.0378963767181294,0.6891439064602688,0.054990512667783764,low,-9.204797584888636,-10.028643630424517,-0.18409595169777274,-0.20057287260849033,-8.172847073225384,-8.778418864514775,-0.16345694146450768,-0.1755683772902955,-7.8810703340045345,-8.683244688540897,-0.1576214066800907,-0.17366489377081795
f9287151-95df-4f5a-b32a-4b0aea825452,Karn Liberated,-0.42236676621052116,0.47152374891695953,-0.8957486599151224,0.3703870154387162,0.6554935824031487,0.26013532201176087,1.6517243150558687,3614.665327001973,False,-0.09571921326276761,-0.1040817609732908,-0.35631083364519883,0.4771820357419408,-0.7466979201997686,0.4552459254718825,0.7002549236128128,0.27483410340399766,1.7841925436858055,3609.2276758008506,False,-0.08052551910624466,-0.08627125625407017,-0.35271610583888735,0.4824970194441625,-0.7310223516929016,0.46476550044566767,0.7027766792552704,0.2729653912123307,1.8093687947454138,3605.9036177588027,False,-0.07928335548175827,-0.08728058228653518,19,0.8163823608917753,False,False,0.9216293679463289,False,False,0.9309266930848659,False,False,3605.9036177588027,5.437651201122208,3.324058042047909,0.04728309685212173,0.6861750617570773,0.06890821233147802,low,-9.571921326276762,-10.408176097329081,-0.19143842652553522,-0.2081635219465816,-8.052551910624466,-8.627125625407018,-0.1610510382124893,-0.17254251250814034,-7.928335548175827,-8.728058228653518,-0.15856671096351654,-0.17456116457307036
5a10b543-d5d4-42a8-9ee8-dada59a2ad7e,"Saheeli, Sublime Artificer",-0.4082748495872829,0.18643084527652257,-2.1899533254902717,0.028527622004251414,0.6647961347667203,0.4613126315306377,0.9580355502826056,3610.57232035532,False,-0.0928270060842417,-0.10086720415529676,-0.3292293970035695,0.19049126751556827,-1.7283175302335714,0.08393131185863599,0.719477951728828,0.4952996820441798,1.0451218561003166,3606.753056510516,False,-0.07466065962149167,-0.08033632204909175,-0.3557569648959405,0.1920868578534245,-1.8520630139486562,0.06401677481197642,0.7006428803601576,0.4808272570709588,1.0209497040367095,3602.9531709255807,False,-0.0801424591079734,-0.08823027512793019,138,0.41496513490710435,True,False,0.7761883269753548,False,False,0.7105541981065335,False,False,3602.9531709255807,3.8192638448035723,3.7998855849355095,0.05468181696210772,0.6949723222852353,0.07868200676294679,low,-9.28270060842417,-10.086720415529676,-0.1856540121684834,-0.20173440831059353,-7.466065962149167,-8.033632204909175,-0.14932131924298334,-0.1606726440981835,-8.014245910797339,-8.823027512793018,-0.1602849182159468,-0.17646055025586038
a7a8b6b8-b95f-4014-b17a-a6d44d965995,City of Traitors,-0.3531589890496058,0.19792083354215112,-1.7843446934271003,0.07436767205308513,0.702465500176225,0.476597088709837,1.0353772413374143,3612.2650869649233,False,-0.08032603200872528,-0.0874927820924522,-0.35355831959629114,0.20076005877052872,-1.761098904640254,0.07822166440301791,0.7021850402458476,0.47376302252374314,1.0407393724366747,3606.6669588437107,False,-0.07991862438224946,-0.08594948480538789,-0.35814822504131893,0.2019137534045923,-1.7737683491211513,0.0761014755062419,0.6989694625502679,0.47052829589386524,1.0383186597730394,3603.27332756767,False,-0.08049296659245617,-0.08877053634754506,118,0.5391774096873768,False,False,0.7731116881090416,False,False,0.7166441943257827,False,False,3603.27332756767,5.5981281212125396,3.393631276040651,0.0034960376259570713,0.7012066676574468,0.004985744983909586,low,-8.032603200872527,-8.74927820924522,-0.16065206401745055,-0.1749855641849044,-7.991862438224946,-8.59494848053879,-0.15983724876449892,-0.17189896961077578,-8.049296659245616,-8.877053634754507,-0.16098593318491233,-0.17754107269509012
907b3d1d-8c85-4707-80b5-c4d832df9846,Tishana's Tidebinder,-0.41656672720152355,0.23509484298484734,-1.7719092512308858,0.07640962249152365,0.6593065176487499,0.4158824547058999,1.045211403596043,3612.2906403271763,False,-0.094488131019848,-0.10278840075090673,-0.3760466893907956,0.24446893849398457,-1.5382186862158305,0.12399515357149862,0.6865702767460028,0.4251956730487704,1.108616043834988,3607.3927000684403,False,-0.08496144384735946,-0.0910135467798402,-0.3623883281061489,0.24425803688582498,-1.4836290863810646,0.1379073485655418,0.6960120343209714,0.4312212064997778,1.1233973297643622,3604.2155129389257,False,-0.08146849508398882,-0.08969729941496135,84,0.5391774096873768,False,False,0.7803239175511554,False,False,0.7748948686229261,False,False,3604.2155129389257,4.897940258736071,3.17718712951455,0.03670551667222144,0.6806296095719081,0.053928768534339706,low,-9.4488131019848,-10.278840075090672,-0.188976262039696,-0.20557680150181346,-8.496144384735945,-9.10135467798402,-0.16992288769471892,-0.1820270935596804,-8.146849508398882,-8.969729941496135,-0.16293699016797764,-0.1793945988299227
99ff731b-8399-40c8-b539-ba6ba5783771,Wasteland,-0.18821028812083754,0.17946005048632874,-1.048758693708132,0.29428919298445644,0.8284404777228385,0.5827762324943815,1.1776623459609972,3614.3643274180927,False,-0.04307286929156928,-0.04693447655489452,-0.3458922250956922,0.18837298091968216,-1.8362093300587123,0.06632670331851503,0.7075887433062746,0.48914159666127066,1.0235928268445222,3606.3971397010755,False,-0.07821911372263914,-0.08388205509048818,-0.36315055167728294,0.1895115215909997,-1.9162452426561578,0.055333887084996175,0.6954817196774551,0.4797005931390918,1.0083265047480567,3602.746752006588,False,-0.08160085322746234,-0.08985145637036068,144,0.7960042095188636,False,False,0.7731116881090416,False,False,0.6686376194670945,False,False,3602.746752006588,7.967187717017168,3.650387694487563,0.13295875804538337,0.7438369802355228,0.17874717388114306,low,-4.307286929156929,-4.693447655489452,-0.08614573858313856,-0.09386895310978904,-7.821911372263914,-8.388205509048818,-0.15643822744527827,-0.16776411018097637,-8.160085322746234,-8.985145637036068,-0.16320170645492468,-0.17970291274072137
64bc9b1d-5818-4d9e-b771-e49af4ff9a5c,The Tabernacle at Pendrell Vale,-0.3518608108258523,0.3469188838986556,-1.0142451943568467,0.3104657682534423,0.7033780177685724,0.3563571490823961,1.3883280780362666,3614.4136825313744,False,-0.08010124047209505,-0.08710489456373344,-0.31816578426236153,0.35232064700312976,-0.9030574477218622,0.36649540631431043,0.7274821733213443,0.36468757443738203,1.4511882213612877,3608.953061888614,False,-0.07208235504601607,-0.07739925102096296,-0.3645059706001696,0.35378357252478027,-1.0303077895869184,0.30286554357421913,0.694539689161298,0.3471765729312667,1.3894525651527014,3605.3525240408535,False,-0.08196068207330152,-0.09019204310119017,39,0.8048561472401073,False,False,0.9087451152849259,False,False,0.8559801591695092,False,False,3605.3525240408535,5.460620642760659,3.600537847760279,0.032942484160046304,0.708466626750405,0.04649828646290215,low,-8.010124047209505,-8.710489456373343,-0.1602024809441901,-0.17420978912746687,-7.208235504601607,-7.739925102096295,-0.14416471009203213,-0.1547985020419259,-8.196068207330152,-9.019204310119017,-0.16392136414660305,-0.18038408620238033
1f123ad6-fe84-4fed-9c0f-6b41921e9c26,Deceiver Exarch,-0.3472938811645279,0.4800975694041926,-0.7233818775536068,0.46944530199430023,0.7065976420038204,0.2757432452147124,1.8106707466091714,3614.9556791853447,False,-0.0789690717522089,-0.08597827260031093,-0.38219257895013165,0.48632340503372906,-0.7858815245045108,0.4319368993873538,0.6823636316794897,0.2630564968862572,1.770038494963123,3609.1817389403122,False,-0.08622520936910531,-0.09229581141875393,-0.36484306569760416,0.48604790750495885,-0.7506319028724178,0.45287421573148035,0.6943056026940249,0.2678047886597048,1.800043503123685,3605.887357541296,False,-0.08192256889761233,-0.09019894061005468,20,0.8622992302965494,False,False,0.9193975000055795,False,False,0.9250325825036135,False,False,3605.887357541296,5.773940245032463,3.2943813990164017,0.0242340103243307,0.6944222921257782,0.03489808809297453,low,-7.896907175220889,-8.597827260031094,-0.1579381435044178,-0.17195654520062187,-8.622520936910531,-9.229581141875393,-0.17245041873821063,-0.18459162283750785,-8.192256889761234,-9.019894061005468,-0.16384513779522467,-0.18039788122010936
3b6e5956-f795-451b-bb24-56462d1ced27,Umezawa's Jitte,-0.24407636502616506,0.1638907363378221,-1.4892627275958976,0.13641819852452175,0.7834278054936139,0.5681884095846895,1.0802035312004332,3613.235409907892,False,-0.05580882820647663,-0.06077113982794863,-0.37545656760111845,0.16888072620217567,-2.223205548936593,0.026201942843965147,0.6869755563968704,0.49338632508032265,0.9565230957910297,3604.801235972629,False,-0.08485916982492064,-0.09082590205834845,-0.36538944154805875,0.16973866043235125,-2.152658920586235,0.03134549421387061,0.6939263544953408,0.49754104862140464,0.9678272512337133,3601.764967367201,False,-0.08217007045282139,-0.09035198789821414,177,0.6488138646109055,False,False,0.6241677098901697,True,False,0.6244000967008481,True,False,3601.764967367201,8.434173935263061,3.0362686054281767,0.09645224909674355,0.721443238795275,0.1336934687444121,low,-5.5808828206476635,-6.077113982794863,-0.11161765641295326,-0.12154227965589726,-8.485916982492064,-9.082590205834846,-0.1697183396498413,-0.1816518041166969,-8.21700704528214,-9.035198789821413,-0.16434014090564278,-0.18070397579642827
6171e136-1167-4329-acb2-6853d3a814e5,Goblin Welder,-0.48295628194227563,0.33595666053170015,-1.4375553119796085,0.15056026819943566,0.6169567949367455,0.31936158060425723,1.191864362953204,3613.370882155945,False,-0.10910174772636098,-0.11854194265880946,-0.33020436975917583,0.3435295643292845,-0.9612109234437359,0.3364461251162747,0.7187768221742794,0.36658593299642933,1.4093288192266449,3608.8520299729157,False,-0.0747388640218546,-0.08039045590855126,-0.3709903077536109,0.34340118389866336,-1.0803407942329315,0.2799904500482816,0.6900506296671012,0.35202375206787384,1.352664042431297,3605.2580140793216,False,-0.08335212208978833,-0.09185936831485664,40,0.6488138646109055,False,False,0.886994329851997,False,False,0.8449933834629035,False,False,3605.2580140793216,4.518852183029139,3.5940158935941326,0.10182002723753392,0.6752614155927086,0.15078608800439414,low,-10.910174772636099,-11.854194265880945,-0.21820349545272197,-0.23708388531761893,-7.47388640218546,-8.039045590855126,-0.1494777280437092,-0.16078091181710252,-8.335212208978833,-9.185936831485664,-0.16670424417957666,-0.18371873662971328
162018eb-5483-4fa2-9c5a-abb639eecf91,"Kiki-Jiki, Mirror Breaker",-0.15330672550750768,0.3131550039415347,-0.4895554073155723,0.6244485378784618,0.8578665518994895,0.4643621510502379,1.5848298988267475,3615.229117156353,False,-0.03509256720550127,-0.03825537931923506,-0.36717088218857324,0.32734980686465953,-1.121646857547643,0.2620126201575358,0.6926912663306768,0.36466487288486704,1.315786702061339,3608.5343677278743,False,-0.08288477758594263,-0.08880327269221938,-0.3735425216367747,0.3278458867620879,-1.139384499607427,0.25454281814718505,0.688291718383643,0.36199659991862315,1.308701489743291,3605.1478276416765,False,-0.08382743169125294,-0.09232917018366466,47,0.9187714246411036,False,False,0.8462587436237491,False,False,0.8279014377031148,False,False,3605.1478276416765,6.694749428478644,3.3865400861977832,0.16957483351584646,0.7462831788712698,0.22722585516710042,low,-3.509256720550127,-3.825537931923506,-0.07018513441100253,-0.07651075863847012,-8.288477758594263,-8.880327269221938,-0.16576955517188527,-0.17760654538443876,-8.382743169125293,-9.232917018366466,-0.16765486338250588,-0.1846583403673293
2616aa0e-8413-4e63-877c-bffd5263f552,Porcelain Legionnaire,-0.3362749567781874,0.1877637407943164,-1.790947258270466,0.07330175900471447,0.7144266423599811,0.494458582011274,1.032251124528199,3612.234272297431,False,-0.07658835535417394,-0.08339061560690808,-0.3847520056761429,0.19126491290986647,-2.011618335127976,0.044260185119089406,0.6806194050260213,0.46783891783179754,0.9901757994928613,3605.703752649025,False,-0.08689028089280672,-0.09306645958660464,-0.38000061707233346,0.19146040389032865,-1.9847478086905292,0.047172536811582226,0.6838609872205305,0.4698870141057362,0.9952729822344105,3602.4645273677643,False,-0.08536269494837852,-0.09397538080196327,138,0.5391774096873768,False,False,0.7380385868608158,True,False,0.6588711023833289,True,False,3602.4645273677643,6.530519648405971,3.2392252812605875,0.03380723733395985,0.6929690115355109,0.04878607379433649,low,-7.658835535417394,-8.339061560690809,-0.15317671070834787,-0.16678123121381616,-8.689028089280672,-9.306645958660464,-0.17378056178561344,-0.1861329191732093,-8.536269494837851,-9.397538080196327,-0.17072538989675703,-0.18795076160392654
a1176dcf-40ee-4342-aa74-791b8352e99a,Scrawling Crawler,-0.3226733351348838,0.21939262720345404,-1.4707574235648868,0.14135673050013414,0.7242103898212077,0.4711009463572246,1.113308501671496,3613.2751954202176,False,-0.07357011027105681,-0.0800443757202664,-0.3535118762489368,0.22132034142060178,-1.597285970100306,0.11020197673666977,0.7022176528268916,0.45507194782988214,1.083586088514615,3607.201067440689,False,-0.07999139014269069,-0.08590640008597905,-0.3898993892152788,0.22252059885373607,-1.7521945888324777,0.07974035379840468,0.6771249971484881,0.43777956875562296,1.0473267701062645,3603.326347606262,False,-0.08758223758368718,-0.09645271410460832,97,0.6488138646109055,False,False,0.7803239175511554,False,False,0.7166441943257827,False,False,3603.326347606262,6.074127979528839,3.8747198344267417,0.047085392672719606,0.7011843465988624,0.06715123191370455,low,-7.357011027105681,-8.00443757202664,-0.14714022054211362,-0.1600887514405328,-7.999139014269069,-8.590640008597905,-0.15998278028538138,-0.1718128001719581,-8.758223758368718,-9.645271410460833,-0.17516447516737435,-0.19290542820921663
924a24e7-91b8-4ceb-a136-7a765d98c994,Mystic Forge,-0.4957218510735507,0.3577019271804191,-1.3858517760333915,0.16579216865647417,0.6091310466585088,0.3021542506239466,1.2279841545736785,3613.521854674571,False,-0.11188462308023665,-0.12154483034180658,-0.3534930697028388,0.36150807493433407,-0.9778289731620762,0.32815891871222813,0.7022308592397335,0.34574668491757204,1.4262701601495875,3608.8190956840126,False,-0.07992250468680129,-0.085817156445958,-0.3907140820505896,0.3656779782109754,-1.0684648935166934,0.28531085817357493,0.6765735729158865,0.33040274827572674,1.3854358111639156,3605.28307863128,False,-0.08769448405822636,-0.09659440091294741,35,0.6676518248535761,False,False,0.8801221079753435,False,False,0.84832149739301,False,False,3605.28307863128,4.702758990558323,3.5360170527324044,0.09309981258122468,0.6626451596047097,0.14049723480476622,low,-11.188462308023665,-12.154483034180657,-0.2237692461604733,-0.24308966068361315,-7.992250468680129,-8.5817156445958,-0.15984500937360258,-0.171634312891916,-8.769448405822637,-9.65944009129474,-0.17538896811645271,-0.19318880182589482
febaaeae-5c0d-45fa-8169-b27b4996f18e,Chrome Host Seedshark,-0.42966445860352936,0.2443849249200173,-1.7581463289691486,0.07872261461018801,0.6507274040772414,0.4030644067983885,1.050566974594985,3612.350938884056,False,-0.09734764830999015,-0.10592179386125722,-0.38112637214514977,0.25625206336458434,-1.4873104518300002,0.13693283531171213,0.6830915604193876,0.41338313998799986,1.1287690154217203,3607.558221305801,False,-0.08605712521587806,-0.09220526453132272,-0.4012068418844428,0.25865199790710836,-1.5511453425097115,0.12086685711457622,0.6695115636814132,0.4032636317718136,1.1115451495927866,3604.01651412448,False,-0.08999713147008306,-0.09910901921609988,74,0.5391774096873768,False,False,0.7803239175511554,False,False,0.7748948686229261,False,False,3604.01651412448,4.7927175782551785,3.5417071813208167,0.03236415634214618,0.6677768427260141,0.048465526612196476,low,-9.734764830999016,-10.592179386125721,-0.1946952966199803,-0.21184358772251444,-8.605712521587806,-9.220526453132273,-0.17211425043175613,-0.18441052906264543,-8.999713147008306,-9.910901921609987,-0.17999426294016613,-0.19821803843219976
70719e7b-6f02-4c1a-9f11-79b2b0d9846a,Dust Animus,-0.22146573344838985,0.2709743748619197,-0.8172940100378201,0.4137604290612178,0.8013433809517938,0.47115153413833316,1.3629398774423005,3614.7943797446615,False,-0.050646790346379485,-0.05515584290888387,-0.38873153092012785,0.28466945180431436,-1.3655540784451548,0.17207896840519687,0.6779162451360934,0.38802571861842744,1.1843813782646386,3607.903903863639,False,-0.08777949603307209,-0.09381814281921153,-0.401414691472658,0.28543865920544453,-1.4063080754024273,0.1596326632249493,0.6693724204395304,0.3825582064698831,1.1712189927373808,3604.4411285454025,False,-0.09008642067086593,-0.09904806252339599,64,0.8478266479205495,False,False,0.7839301935032851,False,False,0.7783695672186082,False,False,3604.4411285454025,6.890475881022667,3.462775318236254,0.13197096051226342,0.7162106821758059,0.18426276484922485,low,-5.064679034637948,-5.515584290888387,-0.10129358069275897,-0.11031168581776774,-8.777949603307208,-9.381814281921152,-0.17555899206614417,-0.18763628563842305,-9.008642067086594,-9.904806252339599,-0.18017284134173187,-0.19809612504679197
205df311-a72d-40f1-b2ea-9b30274bc9bd,Knight of the Reliquary,-0.48667522821982045,0.3191951687921642,-1.524694844415727,0.12733522828047528,0.6146666269062706,0.3288025833087755,1.1490635457615301,3613.0571521309353,False,-0.11005467690533771,-0.11943570344942517,-0.4071215713773352,0.322900234027454,-1.2608277370982655,0.20737091812817843,0.6655632719392691,0.3534525506083275,1.2532784618249373,3608.149384752592,False,-0.09191189370466353,-0.09823759949418032,-0.4081045897601657,0.3251286100816512,-1.2552097142656142,0.20940264000625997,0.6649093324779317,0.3515664053991081,1.2575274930332418,3604.818305009287,False,-0.09161649747993976,-0.10074318692260903,50,0.6488138646109055,False,False,0.8136258964205589,False,False,0.8232975292663921,False,False,3604.818305009287,4.907767378343124,3.331079743305054,0.05089664503299851,0.6483797437744904,0.07849820343971235,low,-11.005467690533772,-11.943570344942517,-0.22010935381067542,-0.23887140689885034,-9.191189370466352,-9.823759949418031,-0.18382378740932706,-0.19647519898836063,-9.161649747993977,-10.074318692260903,-0.18323299495987952,-0.20148637384521806
aaae15dd-11b6-4421-99e9-365c7fe4a5d6,Embercleave,-0.14190572312448943,0.19991387832364405,-0.7098342762114583,0.47780691095598227,0.8677030569629882,0.5864095019682181,1.28392973261153,3614.9625860374663,False,-0.032507472536917624,-0.03542404937879523,-0.41155371251573114,0.21144699282496784,-1.946368245853504,0.0516105211167099,0.6626199290552621,0.4378014339902897,1.002886551511247,3605.9756754574805,False,-0.09276921436655802,-0.09908620307239424,-0.4090989718982345,0.21260828638793547,-1.9241910973863574,0.05433063462572159,0.6642484871351363,0.4378796346011995,1.0076423240445187,3602.714622649991,False,-0.09171999865002865,-0.10088578371679258,111,0.8622992302965494,False,False,0.7628416482230934,False,False,0.6686376194670945,False,False,3602.714622649991,8.98691057998576,3.2610528074897047,0.2050831279077261,0.7315238243844622,0.28035057925870355,low,-3.2507472536917623,-3.542404937879523,-0.06501494507383525,-0.07084809875759046,-9.276921436655803,-9.908620307239424,-0.18553842873311605,-0.19817240614478848,-9.171999865002865,-10.088578371679258,-0.1834399973000573,-0.20177156743358515
85d22d5d-3875-42ff-b51e-c6e21db201f5,Generous Ent,-0.39509267349982896,0.49997657763050035,-0.7902223647600866,0.42939791703328856,0.6736176098546854,0.25282777187176375,1.794742250611971,3614.827806943802,False,-0.08971502712190597,-0.09753252123392286,-0.3222982190981677,0.5060028602736841,-0.6369494016769881,0.524157802411152,0.7244821037113187,0.26872577981109746,1.953196745645102,3609.3719886071335,False,-0.07297682849024657,-0.07829229842280655,-0.413579575487934,0.5135439739517944,-0.805344033745309,0.4206211781382788,0.6612789106947079,0.2416836197821223,1.809348097830528,3605.7749908550927,False,-0.0927332339105554,-0.10194993387537465,19,0.854950479585682,False,False,0.9261193606096347,False,False,0.9079428020007507,False,False,3605.7749908550927,5.455818336668472,3.5969977520408065,0.06320319301661081,0.6864595414202374,0.09207125723075794,low,-8.971502712190597,-9.753252123392286,-0.17943005424381195,-0.19506504246784573,-7.297682849024658,-7.829229842280655,-0.14595365698049315,-0.1565845968456131,-9.27332339105554,-10.194993387537465,-0.1854664678211108,-0.2038998677507493
635245e9-c27f-4a51-a6f1-bae62e696542,Lightstall Inquisitor,-0.15313965378812983,0.34893391958463765,-0.4388786678303545,0.6607494545217222,0.858009889112776,0.4329858908407128,1.700242399090424,3615.2745436278483,False,-0.03506775899643448,-0.03821317297560489,-0.4159046490576688,0.35773697477194233,-1.1625989997897432,0.24499223679619886,0.6597431746187536,0.3272374844261134,1.3301075737682135,3608.4225291806138,False,-0.09374000370493493,-0.10008811209194612,-0.42391724419844634,0.3580021926749274,-1.1841191279612386,0.23636590931331158,0.654478041522742,0.32445723404174265,1.3201786303224674,3605.0238165446763,False,-0.09497529299156839,-0.104396740151255,37,0.9187714246411036,False,False,0.8273558002976363,False,False,0.8232975292663921,False,False,3605.0238165446763,6.852014447234524,3.3987126359374997,0.20353184759003395,0.7240770350847573,0.2810914277459572,low,-3.506775899643448,-3.821317297560489,-0.07013551799286896,-0.07642634595120978,-9.374000370493492,-10.008811209194612,-0.18748000740986986,-0.20017622418389225,-9.497529299156838,-10.4396740151255,-0.18995058598313677,-0.20879348030251
ac095763-6f4e-4d4e-9c99-414646368f8d,Emeritus of Abundance // Regrowth,-0.3160474351160774,0.4762261563572877,-0.6636498875525086,0.5069144197963473,0.7290248679681895,0.28666221672475384,1.8540192153273825,3615.0192068749884,False,-0.07202469998718523,-0.07837450204158691,-0.38448170166473095,0.4924918980407873,-0.7806863487384494,0.4349869915509528,0.6808034040481612,0.25930097616594794,1.7874721561670344,3609.164639701017,False,-0.08681308676670056,-0.09283107951585123,-0.42460948861285536,0.49931453813478077,-0.8503847899142081,0.3951111896713282,0.6540251395316673,0.24579289611227995,1.740281716457819,3605.7009110616373,False,-0.09514743660678253,-0.10459709120042976,21,0.8623406809907492,False,False,0.9193975000055795,False,False,0.9056328642981989,False,False,3605.7009110616373,5.854567173971191,3.4637286393799513,0.07499972843652225,0.6879511371826728,0.10901897588782887,low,-7.202469998718524,-7.837450204158691,-0.14404939997437047,-0.15674900408317383,-8.681308676670056,-9.283107951585123,-0.17362617353340112,-0.18566215903170247,-9.514743660678253,-10.459709120042977,-0.19029487321356506,-0.20919418240085952
f252ae53-443c-4a27-b8f0-639a9a2b8598,Pestermite,-0.26446767292130013,0.3441210839989122,-0.7685308608470387,0.44217186341581693,0.7676144631996462,0.3910401661450296,1.5068323285612193,3614.8805146304103,False,-0.060346193267267596,-0.06574932192092448,-0.4205367422028906,0.3668851103510167,-1.1462355117124892,0.25169771795121787,0.6566942496856853,0.3199368781295918,1.3479138137853761,3608.478143298891,False,-0.09468482196104312,-0.10114750631445285,-0.4250365990858176,0.3670503477247064,-1.1579790121997153,0.24687260137990086,0.6537458581912311,0.3183973077437788,1.3422966737084163,3605.103930184311,False,-0.09514394697017785,-0.10470211198390633,38,0.8622992302965494,False,False,0.8273558002976363,False,False,0.8252844693988077,False,False,3605.103930184311,6.402371331519134,3.374213114580016,0.11386860500841511,0.692684857025521,0.16438731676246215,low,-6.03461932672676,-6.574932192092447,-0.12069238653453519,-0.13149864384184895,-9.468482196104313,-10.114750631445284,-0.18936964392208624,-0.2022950126289057,-9.514394697017785,-10.470211198390633,-0.1902878939403557,-0.20940422396781266
c3b92caa-3401-4b11-9515-152f3e057c05,"Koma, World-Eater",-0.5475899480235044,0.46058567994784205,-1.1888992034783081,0.23447933362552542,0.5783419663215776,0.23449104470382764,1.4264059867666623,3613.9623240825804,False,-0.12330561470149565,-0.1336557942146716,-0.41551542323527585,0.46344832864416136,-0.896573355763057,0.3699466208951808,0.6600000136794175,0.2661023825691243,1.636963990518489,3608.942097922506,False,-0.09373938022700574,-0.10008440034871802,-0.4261249178108566,0.46154575552969346,-0.9232560644433051,0.35587377814978394,0.6530347613525348,0.2642777623960093,1.61365979365202,3605.543472073801,False,-0.09554822130550171,-0.10498767167989204,25,0.7555445194600263,False,False,0.9096937761823165,False,False,0.8947904410224979,False,False,3605.543472073801,5.020226160074344,3.398625848705251,0.08165804735783988,0.6304589137845099,0.12952160017480616,low,-12.330561470149565,-13.36557942146716,-0.2466112294029913,-0.2673115884293432,-9.373938022700575,-10.008440034871802,-0.1874787604540115,-0.20016880069743603,-9.554822130550171,-10.498767167989204,-0.19109644261100342,-0.20997534335978407
b50e1800-a45c-43bd-8886-8a06145d9346,Recurring Nightmare,-0.49097018244585133,0.21186729047565084,-2.3173477196201593,0.020484797794527315,0.6120323230362106,0.40404457547305933,0.9270847504945076,3609.9260410482193,False,-0.11115299058958658,-0.12059608285105522,-0.4509238811236741,0.21838496955309072,-2.0648118872212575,0.038940802672319405,0.6370393310505549,0.41521516574043577,0.9773706328420307,3605.4166821037034,False,-0.10170655302343036,-0.10903095341948033,-0.432973333194317,0.2193586603665004,-1.9738146306642883,0.048402824612868246,0.6485777870721884,0.4219298092749378,0.9969742280269919,3602.448270153171,False,-0.09721114618175318,-0.10703985679171463,111,0.4019067836597793,True,False,0.6801242485846493,True,False,0.6588711023833289,True,False,3602.448270153171,4.509358944515952,2.9684119505322997,0.036545464035977804,0.6325498137196512,0.05777483961472623,low,-11.115299058958659,-12.059608285105522,-0.22230598117917316,-0.24119216570211044,-10.170655302343036,-10.903095341948033,-0.20341310604686072,-0.21806190683896065,-9.721114618175317,-10.703985679171463,-0.19442229236350636,-0.21407971358342925
4a08ca06-58db-4ce6-b490-be4bea8956a1,Sensei's Divining Top,-0.4625340009830893,0.20648301725743465,-2.2400583211471607,0.025087136879341526,0.6296859972046838,0.4201091523979352,0.9438129419758051,3610.3865550405635,False,-0.10463738326631981,-0.11383966625660358,-0.40287942841357993,0.20894168529783944,-1.9281907669084255,0.05383140222635598,0.6683926836315908,0.4437894096764987,1.0066684102667036,3606.027501788985,False,-0.09089982582657428,-0.09757330655576213,-0.4500676079838725,0.21047842065865577,-2.1383076069055624,0.03249178558167173,0.6375850443251969,0.42206104775813136,0.9631656152740322,3601.8123289770415,False,-0.10071860350687348,-0.11104249936204752,109,0.41496513490710435,True,False,0.7628416482230934,False,False,0.6244000967008481,True,False,3601.8123289770415,4.3590532515786435,4.215172811943376,0.038706686426907,0.6452212417204904,0.05998978943051401,low,-10.463738326631981,-11.383966625660358,-0.20927476653263963,-0.22767933251320716,-9.089982582657429,-9.757330655576213,-0.18179965165314857,-0.19514661311152426,-10.071860350687349,-11.104249936204752,-0.20143720701374696,-0.22208499872409504
1a55c370-d396-4c73-8ee2-83dc4c124005,The Goose Mother,-0.4320310505545104,0.23226808822035966,-1.860053414417523,0.06287796922307558,0.6491892186869681,0.4117756966608804,1.0234859538261682,3611.9463921519678,False,-0.09796874531905159,-0.10650450237246867,-0.4217881967219574,0.2440879599236041,-1.7280172149989323,0.083985138047255,0.6558729407218684,0.4064881107895332,1.0582580472910308,3606.7564726000915,False,-0.09512266392102699,-0.10143694827700672,-0.45147818521175725,0.24466572457982236,-1.8452857914082779,0.06499597626213725,0.6366863153931336,0.3941502861876933,1.02846421381475,3602.9807288886936,False,-0.10108773898179907,-0.11106181112587044,87,0.5114586033145294,False,False,0.7761883269753548,False,False,0.7105541981065335,False,False,3602.9807288886936,5.189919551876301,3.7757437113978085,0.01918662532873483,0.6472494916006567,0.029643322362889846,low,-9.796874531905159,-10.650450237246867,-0.19593749063810317,-0.21300900474493734,-9.512266392102699,-10.143694827700672,-0.19024532784205397,-0.20287389655401344,-10.108773898179907,-11.106181112587043,-0.20217547796359814,-0.22212362225174087
60aed76e-2265-471d-8e41-1d8605603b78,Hildibrand Manderville // Gentleman's Rise,-0.6297267680374452,0.5139354380625006,-1.2253032606808931,0.22046098031599115,0.532737341992246,0.1945550297489738,1.458759899032938,3613.9376449786446,False,-0.1407617061114842,-0.15251665139801868,-0.5664611311151542,0.5193660295677108,-1.090678055294919,0.2754145700385121,0.5675303044643332,0.20506699485376578,1.5706605868733925,3608.5750799345788,False,-0.12648928999819056,-0.13391666910691197,-0.4519676389528364,0.523133421291411,-0.863962462648832,0.3876085116223976,0.6363747631455968,0.22825105333579326,1.7742430242932352,3605.680850875694,False,-0.10110830108636608,-0.11108747039891448,17,0.7427037566054527,False,False,0.8566390332277293,False,False,0.9053129787574345,False,False,3605.680850875694,5.362565044065832,2.8942290588847754,0.10363742115335084,0.5788808032007253,0.17903067536584877,low,-14.07617061114842,-15.251665139801867,-0.2815234122229684,-0.30503330279603735,-12.648928999819056,-13.391666910691196,-0.2529785799963811,-0.26783333821382393,-10.110830108636607,-11.108747039891448,-0.20221660217273216,-0.22217494079782896
70e64028-ae96-4950-aa6c-9d347409fad3,Force Spike,-0.6297267680374452,0.5139354380625006,-1.2253032606808931,0.22046098031599115,0.532737341992246,0.1945550297489738,1.458759899032938,3613.9376449786446,False,-0.1407617061114842,-0.15251665139801868,-0.5664611311151542,0.5193660295677108,-1.090678055294919,0.2754145700385121,0.5675303044643332,0.20506699485376578,1.5706605868733925,3608.5750799345788,False,-0.12648928999819056,-0.13391666910691197,-0.4519676389528364,0.523133421291411,-0.863962462648832,0.3876085116223976,0.6363747631455968,0.22825105333579326,1.7742430242932352,3605.680850875694,False,-0.10110830108636608,-0.11108747039891448,17,0.7427037566054527,False,False,0.8566390332277293,False,False,0.9053129787574345,False,False,3605.680850875694,5.362565044065832,2.8942290588847754,0.10363742115335084,0.5788808032007253,0.17903067536584877,low,-14.07617061114842,-15.251665139801867,-0.2815234122229684,-0.30503330279603735,-12.648928999819056,-13.391666910691196,-0.2529785799963811,-0.26783333821382393,-10.110830108636607,-11.108747039891448,-0.20221660217273216,-0.22217494079782896
40f0ecf7-f49e-46ff-aa5b-9ff5361b72c5,Genemorph Imago,-0.6193331430502871,0.5177193552952037,-1.1962719506539274,0.2315904509431952,0.5383032892194954,0.1951351117795299,1.4849733015343747,3613.9600407991074,False,-0.13865310051089935,-0.15015493052499995,-0.4764946572306036,0.5262073077781451,-0.9055264915315451,0.3651865318609321,0.6209562457684956,0.22138301445211678,1.7417174488890315,3608.931126712846,False,-0.1070881649209325,-0.11398138418871939,-0.46811086828800086,0.5253946190505944,-0.8909700467315269,0.3729452396839932,0.6261840958502757,0.22360273153083673,1.753585563160942,3605.6111683500053,False,-0.10467574602689426,-0.11498344637682056,20,0.7555445194600263,False,False,0.9087451152849259,False,False,0.9034156199394728,False,False,3605.6111683500053,5.028914086261466,3.31995836284068,0.08788080663078024,0.595147876946089,0.1476621358068641,low,-13.865310051089935,-15.015493052499995,-0.2773062010217987,-0.3003098610499999,-10.70881649209325,-11.39813841887194,-0.214176329841865,-0.22796276837743878,-10.467574602689426,-11.498344637682056,-0.20935149205378853,-0.22996689275364113
98fb1eaa-2871-491a-a4f5-3e358778ba40,Mindslaver,-0.5099256954085154,0.46245495662343344,-1.1026494323505247,0.27017943452919535,0.6005402000486988,0.24260093936884936,1.486591654644019,3614.262417906885,False,-0.1149258588180372,-0.12484671880290515,-0.40067135176864355,0.46445723049686877,-0.8626657643805262,0.38832126076104956,0.6698701765144223,0.26954834322732507,1.6647331161854986,3609.04548604012,False,-0.09034241603504399,-0.09666450272795585,-0.4794182418578027,0.46957780220913464,-1.0209559302044806,0.30727531857750123,0.6191434788141993,0.24664857365546083,1.5541895972754662,3605.403253100732,False,-0.10702246010703943,-0.11773215191086728,20,0.7752566964578506,False,False,0.9146018098042583,False,False,0.8611455356772829,False,False,3605.403253100732,5.216931866764753,3.6422329393881228,0.06932997646572348,0.6298512851257735,0.110073565146222,low,-11.49258588180372,-12.484671880290515,-0.2298517176360744,-0.2496934376058103,-9.034241603504398,-9.666450272795585,-0.18068483207008798,-0.1933290054559117,-10.702246010703943,-11.773215191086727,-0.21404492021407887,-0.23546430382173456
31b770cc-09e7-4c0b-b2a4-462ab4f7200d,Expressive Iteration,-0.4676218032079191,0.1824357804545634,-2.5632132142213337,0.010370833902716413,0.6264904155242811,0.438149136223798,0.8957914287506663,3608.791512552411,False,-0.10582670939727484,-0.11511906388138854,-0.47465835819731367,0.1889055441708414,-2.5126756352266963,0.011981944554695027,0.6220975546938465,0.42959463476568444,0.900861733916089,3603.370953265683,False,-0.10673927388130007,-0.11428215039594775,-0.49037803599106117,0.18998253258188674,-2.5811743286435935,0.00984648457016561,0.6123948431284144,0.42200260167792664,0.8886851464875496,3599.6721900320745,False,-0.10955354715546763,-0.12070804143502312,137,0.3912931389713562,True,False,0.5119106125689838,True,False,0.42423822014659385,True,False,3599.6721900320745,5.420559286727894,3.698763233608588,0.014095572395866673,0.6203276044488474,0.022722787596064498,low,-10.582670939727484,-11.511906388138854,-0.21165341879454969,-0.23023812776277708,-10.673927388130007,-11.428215039594775,-0.21347854776260014,-0.2285643007918955,-10.955354715546763,-12.070804143502311,-0.21910709431093525,-0.24141608287004623
18adbda4-8d36-47cd-afbc-c785aaa8ed80,Blightsteel Colossus,-0.5787832729030342,0.2402798106249847,-2.4087886177268834,0.016005565268152323,0.5605800246914101,0.3500316494006274,0.8977758571864123,3609.513091267703,False,-0.1300239117375291,-0.1411113236494937,-0.4766334027885595,0.24634001147901857,-1.934859870821901,0.053007493740058004,0.6208700968242401,0.38309977090170877,1.0062122361055736,3605.958596944215,False,-0.10719043715884634,-0.11489101193156143,-0.4966741921891061,0.2471189236646821,-2.009858997536942,0.04444611445668544,0.6085512222571461,0.3749257462674009,0.98775449218294,3602.3043134681393,False,-0.11094791189780019,-0.12231330812937297,83,0.4019067836597793,True,False,0.7628416482230934,False,False,0.6587901853913153,True,False,3602.3043134681393,3.554494323488143,3.6542834760757614,0.06029007213283,0.5966671145909321,0.1010447377750392,low,-13.002391173752912,-14.11113236494937,-0.2600478234750582,-0.2822226472989874,-10.719043715884634,-11.489101193156143,-0.21438087431769268,-0.22978202386312285,-11.09479118978002,-12.231330812937296,-0.22189582379560038,-0.24462661625874593
76ae81ea-13e3-4ab8-b956-4c7b139a5e9c,Corpse Dance,-0.6288330292022409,0.5064364831074561,-1.2416819288842873,0.21435394000815944,0.5332136828742132,0.19761224319619713,1.4387612174514977,3613.8712606443023,False,-0.1406183819062924,-0.15231841228627263,-0.4717340612871355,0.5118317899590685,-0.9216583857068752,0.35670679346743617,0.6239194151830618,0.2287960303245982,1.7014081760513935,3608.912957518294,False,-0.10601890235644296,-0.11308048055553171,-0.4973799553334476,0.5163957108440889,-0.9631760002817248,0.33545920694130105,0.6081218807575577,0.22101702403737428,1.6732295779784518,3605.4851184183926,False,-0.1109931216738668,-0.12200582838014856,19,0.7391275759039528,False,False,0.9087451152849259,False,False,0.8790094259851743,False,False,3605.4851184183926,4.958303126008104,3.4278390999015755,0.0907057323088486,0.588418326271611,0.1541517798801176,low,-14.061838190629238,-15.231841228627264,-0.2812367638125848,-0.30463682457254526,-10.601890235644296,-11.308048055553172,-0.2120378047128859,-0.22616096111106343,-11.09931216738668,-12.200582838014856,-0.2219862433477336,-0.24401165676029712
0463e989-ba32-4a46-a82f-e0d6daf3cd51,Sulfuric Vortex,-0.2195152798860201,0.33747681125692863,-0.6504603355366488,0.5153949147952179,0.8029078892582683,0.4143808377944139,1.5557212588893945,3615.040718550456,False,-0.050195225507694306,-0.05466869071412178,-0.48731000325653145,0.3464484278740534,-1.4065874284575666,0.15954976302919033,0.6142765756860972,0.3115021863841059,1.2113420962360562,3607.7745013828653,False,-0.10941277865892532,-0.11633628176393068,-0.500690425230283,0.3486607450452002,-1.436038993048597,0.15099124602558067,0.6061120401716034,0.30603203727931594,1.200435773022295,3604.341460068394,False,-0.11170476184228685,-0.12264939942480496,39,0.8632715278190844,False,False,0.7803724897380995,False,False,0.7779245756363491,False,False,3604.341460068394,7.266217167590639,3.433041314471211,0.19679584908666492,0.6744321683719896,0.29179487325124187,low,-5.01952255076943,-5.466869071412178,-0.10039045101538861,-0.10933738142824356,-10.941277865892532,-11.633628176393069,-0.21882555731785064,-0.23267256352786136,-11.170476184228685,-12.264939942480495,-0.2234095236845737,-0.24529879884960992
1e0c695d-62f9-4805-9e2f-7032e8464136,No More Lies,-0.5323269872190972,0.281119238502082,-1.893598567126009,0.05827831385679819,0.5872368858109864,0.33846970287987244,1.018842032603954,3611.8511701660263,False,-0.1198148870491034,-0.130207282254099,-0.498330821134818,0.2853538301355322,-1.7463610735420296,0.08074822953744672,0.6075439132863788,0.34727985406961914,1.0628592538435344,3606.7093728008663,False,-0.11175869204272042,-0.11897985988694176,-0.5011524210403667,0.2878653108583202,-1.740926753369811,0.0816964185074859,0.6058320836229585,0.3446008699664155,1.0650945645688767,3603.3797133613807,False,-0.11175638395829356,-0.12284741427271578,56,0.4858954417810549,False,False,0.7731116881090416,False,False,0.7166441943257827,False,False,3603.3797133613807,5.141797365160073,3.3296594394855674,0.02030702747539237,0.6002042942401079,0.033833525801580944,low,-11.98148870491034,-13.0207282254099,-0.2396297740982068,-0.260414564508198,-11.175869204272042,-11.897985988694176,-0.22351738408544083,-0.23795971977388353,-11.175638395829356,-12.284741427271578,-0.2235127679165871,-0.24569482854543157
0c3d7e2c-a104-4757-9984-fb31088f92c4,Cryptic Coat,-0.5218364522976984,0.21866851067775633,-2.38642706569996,0.017012981587199508,0.5934297412576597,0.3865760234178998,0.910969218151533,3609.725582455647,False,-0.11750970869142865,-0.12786153636422387,-0.44438458622827526,0.22379720194800967,-1.9856574718548547,0.047071370241291995,0.6412187694929482,0.4135292199645443,0.9942743837673752,3605.8110605407046,False,-0.09998227453761226,-0.1069727128887013,-0.5029370132815304,0.22620419767847447,-2.2233761284854783,0.02619044799147419,0.604751884531218,0.3881756868310723,0.9421631860297761,3601.450980947394,False,-0.11211775304942066,-0.12348164997889943,95,0.4019067836597793,True,False,0.7628416482230934,True,False,0.5752643275914676,True,False,3601.450980947394,3.91452191494227,4.360079593310729,0.04778902823528852,0.613133465093942,0.07794229308290401,low,-11.750970869142865,-12.786153636422387,-0.2350194173828573,-0.25572307272844774,-9.998227453761226,-10.69727128887013,-0.1999645490752245,-0.2139454257774026,-11.211775304942066,-12.348164997889944,-0.22423550609884133,-0.24696329995779887
90107d10-e2aa-4cb7-a000-039f0c581b47,Simic Signet,-0.6013369549609785,0.28795661980442483,-2.088290088171601,0.036771675018907754,0.5480783899222812,0.3116944400793912,0.9637320493214069,3610.977445021736,False,-0.1348320954048338,-0.1462149520851419,-0.4751898635524201,0.2915707548425741,-1.6297583199281638,0.10315258604341722,0.621766994367202,0.3511054957284116,1.1010770266708212,3607.0666509463026,False,-0.10683746482881334,-0.11413918257895123,-0.5059605744199135,0.2954666530213192,-1.7124117704863508,0.08682081143796595,0.602926141748149,0.33787637179009256,1.0758962826472742,3603.436903027371,False,-0.11291133298772582,-0.12426107965767047,58,0.4336811642568359,True,False,0.7776596220707381,False,False,0.7166441943257827,False,False,3603.436903027371,3.9107940754333868,3.629747918931571,0.07368860444492076,0.5909238420125441,0.12470067918389473,low,-13.48320954048338,-14.62149520851419,-0.2696641908096676,-0.2924299041702838,-10.683746482881334,-11.413918257895123,-0.2136749296576267,-0.22827836515790245,-11.291133298772582,-12.426107965767047,-0.22582266597545164,-0.24852215931534094
61237530-ad49-469c-a952-67c92315708e,Jennifer Walters // The Sensational She-Hulk,-0.43393905049119486,0.44810389541279455,-0.9683893733872788,0.3328499446158786,0.6479517466225417,0.2692209972643174,1.559467761494873,3614.52930236067,False,-0.09827626040805712,-0.10685265166514851,-0.4856291219123289,0.455557651461358,-1.0660102411945147,0.28641901243149803,0.6153099699856388,0.2519506311554293,1.5027005783929313,3608.648733257528,False,-0.1089822069820348,-0.11595051631302716,-0.5183088346472364,0.45874089666158524,-1.1298509429160284,0.25853903811760004,0.5955268311782416,0.24233335708509912,1.4634890174391313,3605.16117621228,False,-0.11543559523147003,-0.12678171892997164,21,0.811278266477493,False,False,0.8566390332277293,False,False,0.8279014377031148,False,False,3605.16117621228,5.880569103142079,3.4875570452477405,0.05242491544430017,0.619596182595474,0.0846114242097061,low,-9.827626040805711,-10.685265166514851,-0.19655252081611424,-0.21370530333029703,-10.89822069820348,-11.595051631302717,-0.2179644139640696,-0.23190103262605433,-11.543559523147003,-12.678171892997165,-0.23087119046294005,-0.2535634378599433
ecc1027a-8c07-44a0-bdde-fa2844cff694,Vivi Ornitier,-0.6421073952714317,0.5288552191350303,-1.2141458986102682,0.22469201558457197,0.5261823805429893,0.18662320810005392,1.4835662745945857,3613.8592815483566,False,-0.14356710657760177,-0.15532858780500597,-0.5171836575564204,0.5316605652759152,-0.9727703939975654,0.3306674301016881,0.5961972814425548,0.2102961790469613,1.690240878414234,3608.770018359829,False,-0.11599443653269466,-0.1231929045432496,-0.5255682318348338,0.5356427965958704,-0.9811916358717736,0.3264982480350387,0.5912193192615206,0.20691894899061963,1.68926183499947,3605.404569416116,False,-0.11716369708941075,-0.12855855033489877,20,0.7493478719745474,False,False,0.8801221079753435,False,False,0.8773525197113934,False,False,3605.404569416116,5.089263188527639,3.3654489437130906,0.07001490089956552,0.5711996604156883,0.12257517948909924,low,-14.356710657760177,-15.532858780500597,-0.28713421315520354,-0.31065717561001194,-11.599443653269466,-12.31929045432496,-0.23198887306538932,-0.2463858090864992,-11.716369708941075,-12.855855033489878,-0.2343273941788215,-0.25711710066979754
af09af65-0a3b-42df-b0fd-372e2158beac,Academy Ruins,-0.6632328723233274,0.3226344707295043,-2.055678895140066,0.03981347751569659,0.5151831181353317,0.27373455077936026,0.9696022824154773,3611.131100105328,False,-0.14788945555626512,-0.16025185652234347,-0.5373098128081616,0.32528231175618594,-1.6518261011711575,0.09857000619116596,0.5843180648565679,0.3088612463566993,1.1054400801174469,3606.9947979771127,False,-0.12027067528745994,-0.12807011308587002,-0.5280103918331519,0.3263187694490333,-1.6180815854529635,0.10564501643967202,0.5897772287144477,0.31111421607827755,1.1180369187069765,3603.7583751284255,False,-0.11761808166506843,-0.1293948001970383,45,0.4336811642568359,True,False,0.7761883269753548,False,False,0.749630063460226,False,False,3603.7583751284255,4.136302128215448,3.236422848687198,0.07459411057911602,0.5630928039021157,0.13247214324565043,low,-14.788945555626512,-16.02518565223435,-0.29577891111253024,-0.32050371304468694,-12.027067528745993,-12.807011308587002,-0.24054135057491988,-0.25614022617174004,-11.761808166506842,-12.939480019703831,-0.23523616333013686,-0.2587896003940766
99fd1cd5-4740-4a0f-b773-3d3b66861d77,The Warring Triad,-0.6062480907178783,0.5842329287289204,-1.0376821656335855,0.2994180506026771,0.545393301358038,0.17354043863856308,1.7140319311151109,3614.2835385815342,False,-0.13594208280415285,-0.14715441387124206,-0.4883966127366084,0.5887961081714108,-0.8294834255161652,0.40683091177693353,0.6136094594486212,0.19350789143141933,1.9457427081637624,3609.043531089117,False,-0.10973666288974523,-0.11667527699396513,-0.5306208042586227,0.5967297886410706,-0.8892145395774568,0.3738877902288187,0.5882396746066325,0.18264494719384794,1.894527716740319,3605.5825149794027,False,-0.11825496832045132,-0.12965633175689428,19,0.7960042095188636,False,False,0.9193975000055795,False,False,0.9034156199394728,False,False,3605.5825149794027,5.240007492417135,3.4610161097143646,0.06821615809058323,0.5824141451377639,0.11712654759517804,low,-13.594208280415284,-14.715441387124207,-0.2718841656083057,-0.2943088277424841,-10.973666288974524,-11.667527699396512,-0.21947332577949047,-0.23335055398793025,-11.825496832045133,-12.965633175689428,-0.23650993664090264,-0.25931266351378857
20c4aae1-7665-4df7-bd51-a1d95bf8a17d,Murktide Regent,-0.5152627691324195,0.29291458964296624,-1.7590887833906588,0.07856242976523511,0.5973436105315589,0.3364265719568522,1.0606159524421928,3612.300030076804,False,-0.11622314811004494,-0.1261942034264722,-0.5131773909353464,0.3000062750652315,-1.7105555236261787,0.08716319536404879,0.5985905976410791,0.33247530575070366,1.0777062157301165,3606.78949861385,False,-0.11508060663439272,-0.1222877731348011,-0.5371040444032191,0.3022130679749021,-1.7772363319769615,0.07552936404215867,0.5844383114238003,0.3232136699364989,1.0567874184498762,3603.202999181723,False,-0.11959724385836654,-0.13119593108824662,54,0.5391774096873768,False,False,0.7761883269753548,False,False,0.7166441943257827,False,False,3603.202999181723,5.510531462954077,3.586499432126857,0.01415228621727882,0.5934575065321461,0.023847177028692997,low,-11.622314811004495,-12.619420342647219,-0.2324462962200899,-0.2523884068529444,-11.508060663439272,-12.22877731348011,-0.23016121326878544,-0.2445755462696022,-11.959724385836653,-13.119593108824661,-0.23919448771673307,-0.26239186217649324
c14098d6-28ae-492f-8ffc-7d115d83ce6a,Summon: Good King Mog XII,-0.5337767854448067,0.3676100638371482,-1.452018967797548,0.14649633125928133,0.5863861276787004,0.28527760773801636,1.2053125846799486,3613.2735213313426,False,-0.12028923911728659,-0.13047518026293892,-0.49876220625715434,0.36837940304416555,-1.3539361922397084,0.1757567356085744,0.6072818844027655,0.29499825549864467,1.2501473491780302,3607.8795793568815,False,-0.11199086035308696,-0.11891007046880153,-0.5430487660254274,0.368515008950314,-1.4736137004901348,0.14058563042750724,0.5809742948655398,0.28214386358608307,1.1963086030100003,3604.1750657617195,False,-0.12091928609946082,-0.13251878931483868,36,0.6488138646109055,False,False,0.7839301935032851,False,False,0.7748948686229261,False,False,3604.1750657617195,5.393941974461086,3.7045135951620978,0.026307589537225784,0.5915474356490019,0.044472493585173016,low,-12.02892391172866,-13.047518026293892,-0.24057847823457318,-0.26095036052587783,-11.199086035308696,-11.891007046880153,-0.22398172070617392,-0.23782014093760306,-12.091928609946082,-13.251878931483867,-0.24183857219892163,-0.26503757862967736
c375a022-5b57-496d-a802-e4ea8376e9e4,"Eiganjo, Seat of the Empire",-0.2626129477167214,0.46240977467642036,-0.5679225701932654,0.5700875455518584,0.7690394982076044,0.3106973144763519,1.903530292175792,3615.1485194414736,False,-0.05993176450143346,-0.06528663505348065,-0.5267994931316334,0.4694180542302382,-1.1222395227117767,0.26176061237190396,0.5904918217574612,0.23530826007521824,1.481803449870339,3608.5536067726243,False,-0.11785305371336707,-0.12515836085935828,-0.5523725428896187,0.4735204100200941,-1.1665231977354016,0.24340297507067543,0.5755825947404077,0.22753014439606695,1.4560502488470586,3605.1078549772465,False,-0.12268171966463529,-0.1346681856295856,20,0.886782971312673,False,False,0.8462587436237491,False,False,0.8252844693988077,False,False,3605.1078549772465,6.594912668849247,3.4457517953778733,0.19345690346719668,0.6450379715684912,0.29991552744837924,low,-5.993176450143347,-6.528663505348065,-0.11986352900286693,-0.1305732701069613,-11.785305371336708,-12.515836085935828,-0.23570610742673415,-0.25031672171871655,-12.268171966463528,-13.46681856295856,-0.24536343932927057,-0.2693363712591712
a76fa8d4-923d-4afc-ba47-ba10fc0fe46e,"Comet, Stellar Pup",-0.3873595749771767,0.3592839651596236,-1.0781432308148782,0.28096984159488925,0.678846954657674,0.33569369840150676,1.3727787862637149,3614.2931901686397,False,-0.08797886410783634,-0.09569065983948866,-0.5431863230809948,0.36462887229675556,-1.4896964128471952,0.13630407824160912,0.5808943832485071,0.2842620051454556,1.1870678401673755,3607.5366547346534,False,-0.12149156078770774,-0.12879525892295196,-0.5561883308446454,0.3657781517748182,-1.5205619257080403,0.12836980756161614,0.5733904785932799,0.2799586099565599,1.1743758871800565,3604.0913348626136,False,-0.12361191377299172,-0.13549798271709407,36,0.7808620180991297,False,False,0.7803239175511554,False,False,0.7748948686229261,False,False,3604.0913348626136,6.756535433986301,3.4453198720398177,0.10545647606439412,0.6110439388331536,0.17258411279845648,low,-8.797886410783635,-9.569065983948866,-0.17595772821567268,-0.1913813196789773,-12.149156078770774,-12.879525892295195,-0.2429831215754155,-0.2575905178459039,-12.361191377299171,-13.549798271709406,-0.24722382754598343,-0.27099596543418814
6982a82c-dd32-40d2-8dd2-ec92d0fc6c2d,Phyrexian Revoker,-0.5138232798755016,0.22460253006479786,-2.2877003198818087,0.022154979068784202,0.5982040994252797,0.38518010888407117,0.9290410805634635,3610.16433618386,False,-0.11583731816712803,-0.12596082726477498,-0.5840397324095165,0.22713824630493715,-2.5712963004276816,0.010131859986776065,0.5576410894554918,0.3572817134200563,0.8703596432978024,3603.076559375642,False,-0.13022504011625227,-0.13822774298815765,-0.5600235314775225,0.22837007524818642,-2.4522631998474584,0.014196078233087526,0.5711956226137149,0.3650836115241176,0.8936704606679292,3600.341023139664,False,-0.12441361251612598,-0.13673759984400347,90,0.4104825288577517,True,False,0.5083371575336822,True,False,0.5138398571483909,True,False,3600.341023139664,7.087776808218223,2.7355362359780884,0.0405630099697879,0.5756802704981622,0.07046100422146984,low,-11.583731816712802,-12.596082726477498,-0.23167463633425606,-0.25192165452954995,-13.022504011625227,-13.822774298815766,-0.26045008023250454,-0.2764554859763153,-12.441361251612598,-13.673759984400347,-0.24882722503225196,-0.27347519968800693
02902fcc-eefc-4e81-aafd-59fa203a71d7,Eternal Witness,-0.3370072299111265,0.48070826225064295,-0.7010639433016648,0.4832631109729991,0.7139036784239137,0.2782610926306666,1.8315836297806096,3614.967417246974,False,-0.07673205931182817,-0.08347975307546202,-0.5245452291082348,0.5018589605674232,-1.045204470425638,0.295928477760967,0.5918244477083947,0.2213104544821144,1.5826463224476954,3608.6687588934255,False,-0.1174983424138509,-0.12466768178580467,-0.5676085495727216,0.5022248435040609,-1.1301881157699678,0.25839696635521214,0.5668794831713483,0.2118304172938796,1.5170264617606442,3605.132473135879,False,-0.1260749549582654,-0.13827482888709663,21,0.8622992302965494,False,False,0.8585974814893607,False,False,0.8279014377031148,False,False,3605.132473135879,6.29865835354849,3.536285757546466,0.14702419525256538,0.6242025364345523,0.23553924675213314,low,-7.6732059311828165,-8.347975307546202,-0.15346411862365633,-0.16695950615092403,-11.74983424138509,-12.466768178580468,-0.2349966848277018,-0.24933536357160935,-12.60749549582654,-13.827482888709664,-0.2521499099165308,-0.27654965777419327
69c1b656-1d67-499c-bf0f-417682a86c7d,Shadowy Backstreet,-0.6437638386659565,0.2361273724292179,-2.726341431927519,0.006404071500029292,0.5253115106868584,0.33069013548755005,0.834473586136042,3607.8497064292405,False,-0.14383329378366608,-0.15605958326279978,-0.5846761467463985,0.24038171528734575,-2.4322821145006497,0.015004015761385854,0.5572863115761667,0.3479055275189957,0.8926792146273426,3603.740725932792,False,-0.130490994045553,-0.13866367507009963,-0.5732569149372897,0.23992698481568625,-2.3892973746895128,0.016880632605464428,0.5636865666013068,0.35221489053620253,0.9021269512002934,3600.6021061540932,False,-0.12735474952259193,-0.14001102399743642,86,0.38516269952879795,True,False,0.5409539580881172,True,False,0.5138398571483909,True,False,3600.6021061540932,4.1089804964485666,3.1386197786987395,0.03837505591444834,0.5487614629547773,0.06993030397546479,low,-14.383329378366607,-15.605958326279978,-0.28766658756733215,-0.31211916652559957,-13.049099404555301,-13.866367507009963,-0.260981988091106,-0.27732735014019927,-12.735474952259192,-14.001102399743642,-0.25470949904518386,-0.28002204799487285
ea7e7daf-7c06-4c74-8bcf-e42c1f611861,Virtue of Loyalty // Ardenvale Fealty,-0.5255344169148584,0.3649685822603323,-1.4399442649559198,0.14988316825623757,0.5912393116335076,0.2891317425561421,1.2090126131792238,3613.3382006459647,False,-0.11843945934423655,-0.12854710938579544,-0.6261970718926725,0.37948145878027084,-1.650138781234253,0.09891455441215166,0.5346210654644543,0.25411185596105823,1.12477901732436,3606.9906643096347,False,-0.13926567373337673,-0.14686892075600144,-0.5764362419315779,0.3793344249196323,-1.5195990768665528,0.12861177006416352,0.5618972685727581,0.26715354398312546,1.181824263762973,3604.0711844069674,False,-0.12797899022477854,-0.14015882398944807,36,0.6488138646109055,False,False,0.7761883269753548,False,False,0.7748948686229261,False,False,3604.0711844069674,6.347536336329995,2.9194799026672626,0.05661824616905331,0.5625858818902401,0.100639294357727,low,-11.843945934423655,-12.854710938579544,-0.2368789186884731,-0.2570942187715909,-13.926567373337672,-14.686892075600145,-0.27853134746675345,-0.2937378415120029,-12.797899022477853,-14.015882398944807,-0.2559579804495571,-0.28031764797889613
87d5e94b-0b35-4efd-9158-1767dcaea38c,Witherbloom Command,-0.7156487980966707,0.3229430728859508,-2.216021516428086,0.02669002859475169,0.4888748278230405,0.25959898060447945,0.9206453612510198,3610.306169087328,False,-0.15901912843697075,-0.17198839685010475,-0.5861921524983619,0.3302920828084995,-1.7747690090356512,0.07593603543200743,0.5564421023969978,0.29125251620676285,1.0630906038256622,3606.5120679738484,False,-0.13088026579696435,-0.13872370466958517,-0.5772320904894346,0.3343320454976269,-1.7265233717882773,0.08425329834100816,0.561450261340525,0.2915560822772639,1.0811861426357416,3603.3492967981165,False,-0.12825359958734417,-0.14083972546056045,47,0.41496513490710435,True,False,0.7731116881090416,False,False,0.7166441943257827,False,False,3603.3492967981165,3.794101113479428,3.162771175731905,0.07257543351748452,0.5355890638535211,0.13550581670826137,low,-15.901912843697074,-17.198839685010476,-0.3180382568739415,-0.3439767937002095,-13.088026579696436,-13.872370466958516,-0.2617605315939287,-0.27744740933917034,-12.825359958734417,-14.083972546056046,-0.25650719917468834,-0.2816794509211209
97d08a15-e61c-4421-a541-c68a4f87cb74,Forensic Gadgeteer,-0.6535071327748111,0.2468356806312802,-2.6475391689867203,0.008107996641925611,0.5202180997337533,0.3206820751254759,0.8439101910660487,3608.143775406603,False,-0.14612699718304567,-0.15824689875391024,-0.5632083279238199,0.2499189441977625,-2.2535639694370246,0.024223612162878255,0.5693793745500362,0.34887225386713777,0.9292595457776182,3604.5158447225604,False,-0.12606959262695194,-0.13419915281867195,-0.5787055747385229,0.2504043280714361,-2.3110845535123024,0.02082818500615294,0.5606235824225463,0.3431807310998254,0.9158404673858729,3600.895424710876,False,-0.12868697662236755,-0.14142948049622178,81,0.38516269952879795,True,False,0.6033734903120672,True,False,0.5276028217453779,True,False,3600.895424710876,3.6279306840424397,3.620420011684473,0.04916127481628285,0.5500736855687786,0.08937216250482857,low,-14.612699718304567,-15.824689875391023,-0.29225399436609134,-0.3164937975078205,-12.606959262695195,-13.419915281867196,-0.2521391852539039,-0.2683983056373439,-12.868697662236755,-14.142948049622179,-0.2573739532447351,-0.28285896099244356
1fdcc0c3-4029-4fc3-a486-5d7f45c910bd,Everflowing Chalice,-0.6912986683544453,0.210246093571682,-3.288045245505366,0.0010088562449790867,0.5009251108787003,0.33174754307353377,0.7563762624557521,3604.2198621509897,False,-0.15410925801603442,-0.1669750878572832,-0.5789105618878913,0.21367923863778224,-2.7092503959602263,0.0067435424755565125,0.5605086735703383,0.36871847385335765,0.8520592143493412,3602.201830277738,False,-0.12948294355613754,-0.13790482842906787,-0.5889735418554085,0.2144462731636052,-2.7464853231842796,0.006023758115771521,0.5548965706147722,0.3644783093515025,0.8447970597424126,3598.6419389287403,False,-0.13091336269025547,-0.1439647134205398,111,0.20252785241034799,True,False,0.423507730325124,True,False,0.4133182244190176,True,False,3598.6419389287403,2.018031873251857,3.559891348997553,0.059583562691638,0.5387767850212702,0.11059044180844896,low,-15.410925801603442,-16.69750878572832,-0.30821851603206885,-0.3339501757145664,-12.948294355613754,-13.790482842906787,-0.2589658871122751,-0.27580965685813574,-13.091336269025547,-14.39647134205398,-0.26182672538051094,-0.2879294268410796
a0b6a71e-56cb-4d25-8f2b-7a4f1b60900d,"Uro, Titan of Nature's Wrath",-0.6669585133975335,0.39403894355569025,-1.692620803870547,0.09052766855424911,0.5132673017877313,0.23709963086975128,1.111108111463819,3612.4591341286887,False,-0.14878019204878074,-0.16100870740047263,-0.5752722180098597,0.4143097426770021,-1.3885075796017299,0.16498253834340226,0.5625517112544985,0.24974389313688683,1.267155820550566,3607.7859297204895,False,-0.1284986044983793,-0.13584476423415204,-0.5927732739421185,0.41530484852372157,-1.4273208609271997,0.15348743029508757,0.5527921130301129,0.24493295056667755,1.2476031482138619,3604.3265333904187,False,-0.13151390928052323,-0.1440734531114426,33,0.5694880142315732,False,False,0.7803724897380995,False,False,0.7779245756363491,False,False,3604.3265333904187,4.673204408199126,3.459396330070831,0.049284409466767265,0.5428703753574475,0.09078485712969038,low,-14.878019204878074,-16.100870740047263,-0.29756038409756147,-0.32201741480094526,-12.84986044983793,-13.584476423415204,-0.2569972089967586,-0.2716895284683041,-13.151390928052322,-14.40734531114426,-0.26302781856104646,-0.2881469062228852
9cbb7b4e-bd32-44a0-9396-16738c5e4381,The Last Ride,-0.5772128755630264,0.4330436081447948,-1.3329208992042814,0.18255776335723062,0.5614610496696267,0.24027327741366153,1.3119998765130887,3613.5826686482014,False,-0.12969702894851975,-0.14052978190715265,-0.624808112124004,0.43672909761598044,-1.4306537291302788,0.1525294805490341,0.5353641485526607,0.22745630079681128,1.2600871927990724,3607.60964779992,False,-0.1390759055425148,-0.14658436611453934,-0.6092806459432054,0.43826026081081076,-1.390225627155872,0.16446037379523315,0.5437418713441048,0.2303234261611967,1.283652416866483,3604.385501258259,False,-0.13504356201869452,-0.1478627445862445,27,0.7079420241818186,False,False,0.7803239175511554,False,False,0.7783695672186082,False,False,3604.385501258259,5.9730208482815215,3.224146541660957,0.026096901116966054,0.5468556898554641,0.04772173281010125,low,-12.969702894851975,-14.052978190715265,-0.2593940578970395,-0.2810595638143053,-13.907590554251481,-14.658436611453935,-0.2781518110850296,-0.2931687322290787,-13.504356201869452,-14.78627445862445,-0.27008712403738905,-0.295725489172489
0596155d-8f83-40ca-be31-9a0df1ced65e,Wall of Omens,-0.6528082924369366,0.3767917403278262,-1.7325440623219694,0.08317673898416397,0.5205817761874266,0.24874671638833254,1.089483268898208,3612.275981895149,False,-0.14588313577823944,-0.1578391689325207,-0.6618341842141945,0.3782070116083682,-1.7499257388160774,0.08013112867198414,0.5159042028054139,0.24582879835729163,1.082693111022137,3606.5288855317667,False,-0.14695003708316962,-0.15447664018122198,-0.6124047219749548,0.38014067323324263,-1.6109949950007114,0.1071808133308551,0.5420458310552126,0.257308264141027,1.1418742571101452,3603.689932076759,False,-0.13575959109796748,-0.14852782542035242,37,0.5391774096873768,False,False,0.7731116881090416,False,False,0.752522131491372,False,False,3603.689932076759,5.747096363382298,2.838953455007868,0.02614162824979871,0.5261772700160177,0.049682169374216635,low,-14.588313577823945,-15.78391689325207,-0.2917662715564789,-0.3156783378650414,-14.695003708316962,-15.447664018122198,-0.29390007416633923,-0.30895328036244396,-13.575959109796749,-14.852782542035243,-0.27151918219593496,-0.29705565084070484
9503a1e6-f0bf-44d0-a28b-56fbfcff1ff2,Guardian of Ghirapur,-0.648509955672841,0.29650726629693724,-2.1871637878290326,0.028730569386849453,0.5228242279285407,0.29239074670738396,0.9348625987218072,3610.332262260812,False,-0.14523783829672646,-0.15699191533162432,-0.6224969528060033,0.3017320748259341,-2.063078488308261,0.03910517162887126,0.5366028913076512,0.29703900481325113,0.9693766081015553,3605.2493607737306,False,-0.13888123193143026,-0.14610285342144264,-0.6130302956917437,0.3038237143454371,-2.017717073245801,0.04362073566918777,0.5417068474706749,0.298637511911216,0.9826170420407789,3602.105830614592,False,-0.13612116131109686,-0.14875233382796033,63,0.41496513490710435,True,False,0.6801242485846493,True,False,0.6587901853913153,True,False,3602.105830614592,5.082901487081472,3.1435301591386633,0.018882619542134216,0.5337113222356223,0.035379836918276834,low,-14.523783829672645,-15.699191533162432,-0.2904756765934529,-0.31398383066324864,-13.888123193143025,-14.610285342144264,-0.2777624638628605,-0.29220570684288527,-13.612116131109687,-14.875233382796033,-0.2722423226221937,-0.29750466765592065
29148d7e-b398-4e19-a29e-d9a660ad5016,Mirage Mirror,-0.6066465171789144,0.29499779214908883,-2.0564442627161137,0.039739713551085847,0.5451760455182169,0.3057944331745214,0.9719500695987322,3611.1202403200273,False,-0.1359537129081521,-0.14742207586914252,-0.5707734459624348,0.29923710611087917,-1.9074287055527823,0.05646509511319821,0.5650882044426528,0.3143405979991603,1.015855670036851,3606.0556721288594,False,-0.12750855818353676,-0.1355066239057806,-0.623593495247238,0.299678394803623,-2.08087571897158,0.03744528316047065,0.536014805952445,0.2979102092676831,0.9644243911831744,3601.9940542291924,False,-0.1379956038511621,-0.15165887057974237,57,0.4336811642568359,True,False,0.7628416482230934,False,False,0.6244000967008481,True,False,3601.9940542291924,5.064568191167837,4.061617899666999,0.029073398490207847,0.5487596853044382,0.052980201113131425,low,-13.595371290815212,-14.742207586914253,-0.2719074258163042,-0.29484415173828504,-12.750855818353676,-13.550662390578061,-0.2550171163670735,-0.2710132478115612,-13.79956038511621,-15.165887057974237,-0.2759912077023242,-0.30331774115948473
2c76f7e0-37e7-4e87-93a3-a25ba0674645,"Gix, Yawgmoth Praetor",-0.6474725582817777,0.5103148696351191,-1.2687707076705956,0.20452285539562276,0.5233668858458651,0.19249411391887108,1.422967651444359,3613.7706755173276,False,-0.14460263799821896,-0.1565434750623662,-0.7292141256568209,0.5122597537111775,-1.4235241405827221,0.15458426911354256,0.4822878588533828,0.17671036494742534,1.3162871281861923,3607.637819211942,False,-0.1607968751169009,-0.16853171823434493,-0.632034754491538,0.518728475075492,-1.2184308069834728,0.22306030401895338,0.5315092092254016,0.19229155066745135,1.4691339193575397,3604.8758258367143,False,-0.1397548238099073,-0.15292339686701623,18,0.7195825262322765,False,False,0.7803239175511554,False,False,0.8232975292663921,False,False,3604.8758258367143,6.132856305385758,2.7619933752275756,0.049221350372018746,0.5123879846415499,0.09606265534593364,low,-14.460263799821895,-15.654347506236622,-0.2892052759964379,-0.3130869501247324,-16.079687511690093,-16.853171823434494,-0.3215937502338018,-0.33706343646868986,-13.97548238099073,-15.292339686701622,-0.2795096476198146,-0.30584679373403245
00f9955f-a522-47bf-b064-92dd21a76b18,Solemn Simulacrum,-0.749464407209001,0.3642516722250123,-2.0575455498417807,0.03963377812957827,0.4726196166249183,0.23144854805733114,0.965092690766653,3611.0208741507386,False,-0.1659456908538898,-0.17936638793591364,-0.6491965705675353,0.3681502570123709,-1.7634011064827817,0.07783286332778465,0.5224653722382671,0.25391109972478915,1.0750615687299199,3606.536232649301,False,-0.14419029185228155,-0.15204630638864447,-0.6580635638166987,0.36882351261112895,-1.7842234600442397,0.07438736166705957,0.517853153783709,0.2513377445504659,1.0669781785595984,3603.114130520137,False,-0.14526041678172644,-0.1589175518500388,37,0.4336811642568359,True,False,0.7731116881090416,False,False,0.7166441943257827,False,False,3603.114130520137,4.484641501437636,3.4221021291637044,0.04984575561334875,0.5043127142156315,0.09883898265558293,low,-16.59456908538898,-17.936638793591364,-0.3318913817077796,-0.3587327758718273,-14.419029185228155,-15.204630638864447,-0.2883805837045631,-0.30409261277728894,-14.526041678172644,-15.89175518500388,-0.2905208335634529,-0.3178351037000776
0fb4c734-c698-46f2-bc78-5f036f472e5b,Unholy Annex // Ritual Chamber,-0.5746366920754591,0.409756010520379,-1.4023874630800073,0.16079957504336995,0.5629093410859216,0.2521431057494453,1.2566947858437865,3613.4284549326185,False,-0.12907053439593272,-0.13994290045622326,-0.6715804497681116,0.4099604958151565,-1.6381589363452098,0.10138854320125627,0.5109004868252308,0.22875515911655964,1.141042276144943,3606.9911509822914,False,-0.14883155967362377,-0.156886496864863,-0.6662030175545602,0.4107875963756057,-1.6217700423101729,0.10485259513519324,0.5136552196172687,0.22961605145759745,1.1490559260348028,3603.6959973027742,False,-0.14691369637799637,-0.16086375101924433,28,0.6579958070793114,False,False,0.7776596220707381,False,False,0.749630063460226,False,False,3603.6959973027742,6.4373039503270775,3.2951536795171705,0.052008854260690796,0.529155015842807,0.09828661300291022,low,-12.907053439593271,-13.994290045622327,-0.25814106879186544,-0.2798858009124465,-14.883155967362377,-15.6886496864863,-0.29766311934724754,-0.313772993729726,-14.691369637799637,-16.086375101924432,-0.29382739275599273,-0.32172750203848866
a3b1b58d-b7f1-404f-aec6-b19cef4bebbd,Unruly Krasis,-0.7335142397509158,0.2813246848895311,-2.607358255955917,0.009124383893087413,0.4802184186374669,0.27667531117568733,0.8335031001455473,3608.4544403630334,False,-0.1626002234300431,-0.176045484215674,-0.6798695420345091,0.28952254838958064,-2.3482438442745357,0.018862168289719736,0.5066830888990126,0.28726971331543094,0.8936819326106605,3604.119977303324,False,-0.15059100204288467,-0.15824795877531395,-0.6858736161131052,0.28874540922079034,-2.3753576479848,0.017531953466635407,0.5036500405339258,0.2859853714673872,0.8869802047156528,3600.6468569544363,False,-0.15101563876083537,-0.16514516603415225,62,0.38516269952879795,True,False,0.5838743499576536,True,False,0.5138398571483909,True,False,3600.6468569544363,4.334463059709378,3.4731203488877327,0.026464670261545697,0.49685051602346847,0.0532648541322953,low,-16.26002234300431,-17.6045484215674,-0.3252004468600862,-0.352090968431348,-15.059100204288466,-15.824795877531395,-0.30118200408576934,-0.3164959175506279,-15.101563876083537,-16.514516603415224,-0.30203127752167075,-0.3302903320683045
23b95b26-0bbf-4fa1-80c1-f621f1a1b947,Damn,-0.7637062289616551,0.37852230434733913,-2.017599016466052,0.0436330393977207,0.46593635615346146,0.22188191667709223,0.9784334444050665,3611.224749212037,False,-0.16885510313597063,-0.1824520711323701,-0.7050395108476076,0.3886204010682676,-1.8142112686558516,0.06964520595023499,0.4940890519932357,0.23067730412630055,1.058292198377312,3606.3702269846563,False,-0.15583991774968783,-0.16445665503375173,-0.7005524638489661,0.3853929460189152,-1.8177615109088756,0.06910059173034776,0.49631103413214867,0.23318511915722065,1.0563480358077357,3603.0070837433414,False,-0.15408058224053423,-0.16895766480949065,38,0.4336811642568359,True,False,0.7731116881090416,False,False,0.7166441943257827,False,False,3603.0070837433414,4.854522227380585,3.3631432413149014,0.030374677978687203,0.4854454807596153,0.06257072973706032,low,-16.885510313597063,-18.24520711323701,-0.33771020627194126,-0.3649041422647402,-15.583991774968784,-16.445665503375174,-0.31167983549937567,-0.32891331006750346,-15.408058224053423,-16.895766480949064,-0.30816116448106845,-0.3379153296189813
ff37b863-f8c4-4584-8cc2-ac0e096e583f,Bazaar of Baghdad,-0.9049849475152532,0.6388588990865036,-1.4165646730589179,0.15661024318194272,0.404547974509404,0.11565445267777891,1.4150692851889288,3613.065353042378,False,-0.19743734622831244,-0.21217767575876129,-0.7370615707173426,0.6431851978678096,-1.1459554311273608,0.25181359371315426,0.4785179428288017,0.13564629427424615,1.6880624924862582,3608.267923959519,False,-0.16261387252029766,-0.17076274511909945,-0.7371449727950135,0.6418541249481707,-1.1484618453679603,0.2507779553189222,0.4784780351023838,0.1359893020559408,1.6835238258760998,3604.9125590764224,False,-0.16176639854394328,-0.17684706243714238,19,0.6488138646109055,False,False,0.8273558002976363,False,False,0.8252844693988077,False,False,3604.9125590764224,4.797429082858798,3.3553648830966267,0.07396996831939773,0.45384798414686317,0.16298401866529252,low,-19.743734622831244,-21.217767575876127,-0.3948746924566249,-0.42435535151752257,-16.261387252029767,-17.076274511909943,-0.3252277450405953,-0.3415254902381989,-16.176639854394328,-17.68470624371424,-0.32353279708788657,-0.35369412487428475
13f5bcdc-70bb-4d67-99e1-282f166ee4bf,Increasing Confusion,-0.9049849475152532,0.6388588990865036,-1.4165646730589179,0.15661024318194272,0.404547974509404,0.11565445267777891,1.4150692851889288,3613.065353042378,False,-0.19743734622831244,-0.21217767575876129,-0.7370615707173426,0.6431851978678096,-1.1459554311273608,0.25181359371315426,0.4785179428288017,0.13564629427424615,1.6880624924862582,3608.267923959519,False,-0.16261387252029766,-0.17076274511909945,-0.7371449727950135,0.6418541249481707,-1.1484618453679603,0.2507779553189222,0.4784780351023838,0.1359893020559408,1.6835238258760998,3604.9125590764224,False,-0.16176639854394328,-0.17684706243714238,19,0.6488138646109055,False,False,0.8273558002976363,False,False,0.8252844693988077,False,False,3604.9125590764224,4.797429082858798,3.3553648830966267,0.07396996831939773,0.45384798414686317,0.16298401866529252,low,-19.743734622831244,-21.217767575876127,-0.3948746924566249,-0.42435535151752257,-16.261387252029767,-17.076274511909943,-0.3252277450405953,-0.3415254902381989,-16.176639854394328,-17.68470624371424,-0.32353279708788657,-0.35369412487428475
d21433ba-0a14-42bc-ad0b-a4ef823a3295,Monument to Endurance,-0.9049849475152532,0.6388588990865036,-1.4165646730589179,0.15661024318194272,0.404547974509404,0.11565445267777891,1.4150692851889288,3613.065353042378,False,-0.19743734622831244,-0.21217767575876129,-0.7370615707173426,0.6431851978678096,-1.1459554311273608,0.25181359371315426,0.4785179428288017,0.13564629427424615,1.6880624924862582,3608.267923959519,False,-0.16261387252029766,-0.17076274511909945,-0.7371449727950135,0.6418541249481707,-1.1484618453679603,0.2507779553189222,0.4784780351023838,0.1359893020559408,1.6835238258760998,3604.9125590764224,False,-0.16176639854394328,-0.17684706243714238,19,0.6488138646109055,False,False,0.8273558002976363,False,False,0.8252844693988077,False,False,3604.9125590764224,4.797429082858798,3.3553648830966267,0.07396996831939773,0.45384798414686317,0.16298401866529252,low,-19.743734622831244,-21.217767575876127,-0.3948746924566249,-0.42435535151752257,-16.261387252029767,-17.076274511909943,-0.3252277450405953,-0.3415254902381989,-16.176639854394328,-17.68470624371424,-0.32353279708788657,-0.35369412487428475
3b214b6f-4734-4200-8467-92d7e3469b5d,Tezzeret the Seeker,-0.8819398497065531,0.2725874125211097,-3.2354386490177864,0.0012145598345448155,0.41397907508523624,0.24263156533815267,0.7063329718438707,3604.576558631008,False,-0.19259373028396076,-0.20807356187858045,-0.7631078382730246,0.2798153115647539,-2.727183991489432,0.006387740980006832,0.4662152515663652,0.2694032775580993,0.8068077818623204,3602.0794132844558,False,-0.16780211399575987,-0.17812398278230213,-0.7623728541109124,0.28176691641428125,-2.705686188473587,0.006816342531647967,0.4665580383483983,0.26857206291924024,0.8104953314260426,3598.852881837528,False,-0.16676963786532206,-0.18360401235532947,64,0.20252785241034799,True,False,0.423507730325124,True,False,0.4133182244190176,True,False,3598.852881837528,2.4971453465523155,3.2265314469277655,0.05257896326316208,0.4489174549999999,0.1171239003463612,low,-19.259373028396077,-20.807356187858044,-0.3851874605679215,-0.4161471237571609,-16.780211399575986,-17.812398278230212,-0.33560422799151973,-0.35624796556460425,-16.676963786532205,-18.360401235532947,-0.3335392757306441,-0.36720802471065894
c4fffacd-81c7-44b8-9b59-2c7210022c14,Augur of Autumn,-0.7316416780123427,0.2565883365015872,-2.8514221963000916,0.00435241363447934,0.4811184997400724,0.29096426572249273,0.7955444639133364,3606.787946887944,False,-0.1626846698836477,-0.175753924357684,-0.8176251479509936,0.266717748839493,-3.0655070819566226,0.00217301231265805,0.44147885750706795,0.2617430620299959,0.7446370502206853,3599.744408607493,False,-0.17934062269320994,-0.1863990096058023,-0.7962217859501062,0.26785023364492283,-2.9726380116047317,0.002952524381834377,0.45102983622861303,0.2668127322790062,0.7624370525004961,3597.0159353527038,False,-0.17408335665053706,-0.1890596384923674,78,0.38124016703785185,True,False,0.2931535526103554,True,False,0.4133182244190176,True,False,3597.0159353527038,7.04353828045123,2.728473254789151,0.03963964223300448,0.45787573115858454,0.08657292696580014,low,-16.268466988364768,-17.5753924357684,-0.3253693397672954,-0.351507848715368,-17.934062269320993,-18.63990096058023,-0.3586812453864199,-0.3727980192116046,-17.408335665053706,-18.90596384923674,-0.3481667133010741,-0.3781192769847348
059e8447-6b1c-4651-a734-a8fea2cbf7b2,Bloodchief's Thirst,-0.7464671501197739,0.4095641546049426,-1.822589066271684,0.06836565285328931,0.4740383041448977,0.21241510142681533,1.0578923639946196,3612.0618040861077,False,-0.1651709210132086,-0.17863841398605207,-0.7086840841519553,0.4171893368850804,-1.698710924500859,0.08937366404752789,0.49229158571281345,0.2173219934533616,1.1151701745071931,3606.8266189510414,False,-0.15647750416270279,-0.16427464507412232,-0.7997501690295437,0.41872464971522466,-1.9099667754775247,0.05613749128959115,0.44944123443209805,0.19780956926578538,1.021171139281112,3602.694062524269,False,-0.17415991966038466,-0.18998890568445032,27,0.5251149784486845,False,False,0.7761883269753548,False,False,0.6686376194670945,False,False,3602.694062524269,5.235185135066331,4.132556426772226,0.042850351280715404,0.47192370809660306,0.09079931892708368,low,-16.51709210132086,-17.863841398605206,-0.3303418420264172,-0.35727682797210414,-15.647750416270279,-16.427464507412232,-0.31295500832540557,-0.32854929014824463,-17.415991966038465,-18.99889056844503,-0.3483198393207693,-0.37997781136890063
6be9b1d5-9ab8-4adb-ba54-2c0117e842fa,Mox Opal,-0.9001662076590293,0.24526882083713156,-3.670120827370782,0.00024243584481754786,0.40650209036465074,0.2513539694369437,0.6574153168974911,3601.1843725311755,False,-0.1965031778830462,-0.21212236741011758,-0.7879538786105402,0.2497853940846904,-3.1545234319961173,0.0016076046825555224,0.4547743675099738,0.27872399528513925,0.7420233953395965,3599.3120976620685,False,-0.17312704193817144,-0.1833309919152789,-0.8223038789427163,0.2509746551413114,-3.276441911952096,0.0010512393462789418,0.43941812126872626,0.26868537246179075,0.7186408531666374,3595.1176498477507,False,-0.17911982874140192,-0.19698857353245225,82,0.08085235424665221,True,False,0.2931535526103554,True,False,0.3173054482209385,True,False,3595.1176498477507,1.8722748691070592,4.194447814317755,0.04827227714532306,0.4335648597144503,0.11133807563905344,low,-19.65031778830462,-21.212236741011758,-0.3930063557660924,-0.42424473482023517,-17.312704193817144,-18.33309919152789,-0.3462540838763429,-0.3666619838305578,-17.911982874140193,-19.698857353245224,-0.35823965748280384,-0.3939771470649045
ec59ed99-ce40-489a-b776-8874bec60393,Trash for Treasure,-0.9882748379583575,0.3596467529110615,-2.747904242034828,0.005997752302574435,0.37221827428337806,0.18393322889657235,0.7532431444913211,3607.317493880303,False,-0.21337382940097988,-0.22944310753099834,-0.8564592380592487,0.36657148738170164,-2.3364044055271527,0.019470174564057377,0.424663054237573,0.2070201073811257,0.8711168780449855,3603.958390110887,False,-0.18670117222851498,-0.19638285274728118,-0.850209240517647,0.36755987304199794,-2.3131176792535806,0.02071616995231983,0.42732550878291664,0.20791486380922183,0.8782781909432645,3600.7308437136417,False,-0.1844980509727554,-0.20205631173534488,38,0.38516269952879795,True,False,0.5838743499576536,True,False,0.5276028217453779,True,False,3600.7308437136417,3.359103769415924,3.2275463972455327,0.05510723449953858,0.4080689457679559,0.1350439308627879,low,-21.33738294009799,-22.944310753099835,-0.42674765880195975,-0.45888621506199667,-18.6701172228515,-19.63828527472812,-0.37340234445702997,-0.39276570549456236,-18.44980509727554,-20.20563117353449,-0.3689961019455108,-0.40411262347068977
ab9f6a1b-8467-4584-affd-8c71d3e34d2f,"Akal Pakal, First Among Equals",-0.9372231943969626,0.3001445229226053,-3.122573036718825,0.001792776173053873,0.3917140403125028,0.217510868556912,0.705435504882816,3605.05845953638,False,-0.20361642294190374,-0.21939289926274852,-0.8188504577002652,0.3035491348135455,-2.6975878491738827,0.006984385357685704,0.4409382404381893,0.24321565454734392,0.7993997435838559,3602.07455558069,False,-0.17924102091992578,-0.18866765471434843,-0.8571983328590079,0.3068946244222757,-2.793135704063472,0.005219978823206093,0.4243493039424244,0.2325356350361171,0.7743859633748242,3598.1649359385883,False,-0.1859203327216334,-0.20367550585430505,54,0.23915634148538664,True,False,0.423507730325124,True,False,0.4133182244190176,True,False,3598.1649359385883,2.983903955690039,3.909619642101461,0.04922420012568651,0.4190005282310388,0.11748004312429904,low,-20.361642294190375,-21.939289926274853,-0.4072328458838075,-0.43878579852549704,-17.924102091992577,-18.866765471434842,-0.35848204183985155,-0.37733530942869686,-18.59203327216334,-20.367550585430504,-0.3718406654432668,-0.4073510117086101
bf4b9a8a-b42a-46fb-b0d0-9cf800f63c8a,"Emry, Lurker of the Loch",-0.9538456136482951,0.24307885519954833,-3.924017220112642,8.70845065683523e-05,0.38525662294115365,0.2392418844928566,0.62038746198078,3598.8296438129146,False,-0.20725643705033436,-0.22328124657526938,-0.8480870449465823,0.24665386548925208,-3.438369162649663,0.0005852292706035596,0.4282333400420798,0.2640732845657615,0.6944428090298848,3597.131755751076,False,-0.1854767293718085,-0.19559379622395295,-0.8957374400222224,0.24873279750064026,-3.601203576781694,0.0003167474251918443,0.40830638612096054,0.25076131635626225,0.6648318304020404,3592.520289724983,False,-0.1939159755405379,-0.21265691172077195,87,0.058085365881090985,True,False,0.2931535526103554,True,False,0.21127053260296014,True,False,3592.520289724983,1.697888061838512,4.61146602609324,0.042976717100926154,0.40726544970139805,0.10552507494175149,low,-20.725643705033438,-22.32812465752694,-0.4145128741006687,-0.44656249315053875,-18.547672937180852,-19.559379622395294,-0.370953458743617,-0.3911875924479059,-19.391597554053792,-21.265691172077194,-0.3878319510810758,-0.4253138234415439
a55c4d47-5252-40af-961d-c08bc688028a,Goblin Engineer,-1.0634653833845296,0.405133952413866,-2.6249722518890315,0.008665602895748852,0.34525728599403716,0.15605794004934534,0.7638354927296659,3608.092553741777,False,-0.2273357730036697,-0.24401202073547795,-0.9283856885805974,0.4113130625384313,-2.257126683142608,0.024000160001401614,0.3951911573123272,0.1764779585478214,0.8849606608268674,3604.3753144111997,False,-0.20068644180640816,-0.21001479616613583,-0.9883768569800296,0.4115284342417009,-2.4017219096931983,0.016318108308339272,0.372180302876123,0.16613200627939578,0.8337838141556357,3600.3009340371345,False,-0.2111064183148105,-0.23059460252762237,30,0.38516269952879795,True,False,0.6033734903120672,True,False,0.5138398571483909,True,False,3600.3009340371345,3.7172393305772857,4.074380374065186,0.049933871318290024,0.37087624872749575,0.13463755495159607,low,-22.73357730036697,-24.401202073547797,-0.4546715460073394,-0.4880240414709559,-20.068644180640817,-21.001479616613583,-0.4013728836128163,-0.42002959233227166,-21.11064183148105,-23.059460252762236,-0.422212836629621,-0.46118920505524474
d2705b43-a94a-44c0-8740-82e0b296820c,Abhorrent Oculus,-1.1988216043750999,0.6196810308912454,-1.9345785083188938,0.053042039449876774,0.3015493470575199,0.08951076112264045,1.015877952218827,3611.27748464154,False,-0.2517437646249738,-0.268727096355033,-1.1076909123076804,0.6264272130156959,-1.7682675485554389,0.07701618632613956,0.33032082087813613,0.09676322636328846,1.1276168520462049,3606.327365388068,False,-0.2343383579926932,-0.240465709296463,-1.0401689861294774,0.6241832293948762,-1.6664481471856987,0.0956241878485677,0.3533949580665271,0.10397881362440825,1.2010907994965423,3603.361550127437,False,-0.2208478342880202,-0.239007052510524,17,0.47172053750757076,False,False,0.7731116881090416,False,False,0.7166441943257827,False,False,3603.361550127437,4.950119253472167,2.965815260630734,0.0518456110090072,0.32842170866739434,0.15786292331093527,low,-25.174376462497378,-26.8727096355033,-0.5034875292499476,-0.537454192710066,-23.43383579926932,-24.0465709296463,-0.4686767159853864,-0.480931418592926,-22.08478342880202,-23.9007052510524,-0.4416956685760404,-0.478014105021048
bb142d99-b210-47c8-897c-be62f90d2192,Mishra's Research Desk,-1.094996168711937,0.45051386903045604,-2.430549299333362,0.015075954918465556,0.33454088866866566,0.13834518837271592,0.8089736080282258,3608.6913413367297,False,-0.23352748781053803,-0.24995929896679742,-1.0687478097739687,0.44709148128824955,-2.3904454781703253,0.016827947493954644,0.3434382983592531,0.1429804869255808,0.8249367960349056,3603.2214535641997,False,-0.2275746043267238,-0.23425441835376318,-1.098830299021238,0.4503682872950217,-2.439848297536611,0.014693430775601908,0.3332606711364673,0.13785510046066088,0.8056479198462598,3599.583726802763,False,-0.23193624267269358,-0.2508135901391697,30,0.4019067836597793,True,False,0.5612120489233874,True,False,0.5138398571483909,True,False,3599.583726802763,5.469887772530001,3.6377267614366247,0.010177627222785812,0.337079952721462,0.030193510888486007,low,-23.352748781053805,-24.99592989667974,-0.46705497562107606,-0.49991859793359483,-22.75746043267238,-23.42544183537632,-0.4551492086534476,-0.46850883670752635,-23.193624267269357,-25.08135901391697,-0.46387248534538716,-0.5016271802783394
